2026-07-22 10:30:08.975 +05:30 [WRN] Redis unavailable, falling back to in-memory cache and basic SignalR: It was not possible to connect to the redis server(s). Error connecting right now. To allow this multiplexer to continue retrying until it's able to connect, use abortConnect=false in your connection string or AbortOnConnectFail=false; in your code.
2026-07-22 10:30:59.242 +05:30 [WRN] Redis unavailable, falling back to in-memory cache and basic SignalR: It was not possible to connect to the redis server(s). Error connecting right now. To allow this multiplexer to continue retrying until it's able to connect, use abortConnect=false in your connection string or AbortOnConnectFail=false; in your code.
2026-07-22 10:31:03.803 +05:30 [WRN] Entity 'ApplicationRole' has a global query filter defined and is the required end of a relationship with the entity 'ApplicationRoleClaim'. This may lead to unexpected results when the required entity is filtered out. Either configure the navigation as optional, or define matching query filters for both entities in the navigation. See https://go.microsoft.com/fwlink/?linkid=2131316 for more information.
2026-07-22 10:31:03.806 +05:30 [WRN] Entity 'ApplicationUser' has a global query filter defined and is the required end of a relationship with the entity 'ApplicationUserClaim'. This may lead to unexpected results when the required entity is filtered out. Either configure the navigation as optional, or define matching query filters for both entities in the navigation. See https://go.microsoft.com/fwlink/?linkid=2131316 for more information.
2026-07-22 10:31:03.806 +05:30 [WRN] Entity 'ApplicationUser' has a global query filter defined and is the required end of a relationship with the entity 'ApplicationUserLogin'. This may lead to unexpected results when the required entity is filtered out. Either configure the navigation as optional, or define matching query filters for both entities in the navigation. See https://go.microsoft.com/fwlink/?linkid=2131316 for more information.
2026-07-22 10:31:03.807 +05:30 [WRN] Entity 'ApplicationRole' has a global query filter defined and is the required end of a relationship with the entity 'ApplicationUserRole'. This may lead to unexpected results when the required entity is filtered out. Either configure the navigation as optional, or define matching query filters for both entities in the navigation. See https://go.microsoft.com/fwlink/?linkid=2131316 for more information.
2026-07-22 10:31:03.807 +05:30 [WRN] Entity 'ApplicationUser' has a global query filter defined and is the required end of a relationship with the entity 'ApplicationUserToken'. This may lead to unexpected results when the required entity is filtered out. Either configure the navigation as optional, or define matching query filters for both entities in the navigation. See https://go.microsoft.com/fwlink/?linkid=2131316 for more information.
2026-07-22 10:31:03.948 +05:30 [WRN] The foreign key property 'HomeworkSubmission.StudentId1' was created in shadow state because a conflicting property with the simple name 'StudentId' exists in the entity type, but is either not mapped, is already used for another relationship, or is incompatible with the associated primary key type. See https://aka.ms/efcore-relationships for information on mapping relationships in EF Core.
2026-07-22 10:31:03.948 +05:30 [WRN] The foreign key property 'ApplicationRoleClaim.RoleId1' was created in shadow state because a conflicting property with the simple name 'RoleId' exists in the entity type, but is either not mapped, is already used for another relationship, or is incompatible with the associated primary key type. See https://aka.ms/efcore-relationships for information on mapping relationships in EF Core.
2026-07-22 10:31:03.949 +05:30 [WRN] The foreign key property 'ApplicationUserClaim.UserId1' was created in shadow state because a conflicting property with the simple name 'UserId' exists in the entity type, but is either not mapped, is already used for another relationship, or is incompatible with the associated primary key type. See https://aka.ms/efcore-relationships for information on mapping relationships in EF Core.
2026-07-22 10:31:03.949 +05:30 [WRN] The foreign key property 'ApplicationUserLogin.UserId1' was created in shadow state because a conflicting property with the simple name 'UserId' exists in the entity type, but is either not mapped, is already used for another relationship, or is incompatible with the associated primary key type. See https://aka.ms/efcore-relationships for information on mapping relationships in EF Core.
2026-07-22 10:31:03.950 +05:30 [WRN] The foreign key property 'ApplicationUserRole.RoleId1' was created in shadow state because a conflicting property with the simple name 'RoleId' exists in the entity type, but is either not mapped, is already used for another relationship, or is incompatible with the associated primary key type. See https://aka.ms/efcore-relationships for information on mapping relationships in EF Core.
2026-07-22 10:31:03.950 +05:30 [WRN] The foreign key property 'ApplicationUserRole.UserId1' was created in shadow state because a conflicting property with the simple name 'UserId' exists in the entity type, but is either not mapped, is already used for another relationship, or is incompatible with the associated primary key type. See https://aka.ms/efcore-relationships for information on mapping relationships in EF Core.
2026-07-22 10:31:03.951 +05:30 [WRN] The foreign key property 'ApplicationUserToken.UserId1' was created in shadow state because a conflicting property with the simple name 'UserId' exists in the entity type, but is either not mapped, is already used for another relationship, or is incompatible with the associated primary key type. See https://aka.ms/efcore-relationships for information on mapping relationships in EF Core.
2026-07-22 10:31:04.829 +05:30 [INF] Database ensured/created successfully
2026-07-22 10:32:06.643 +05:30 [INF] [3cf25950-69b9-4607-8d7c-a3a03b2a12eb] POST /api/auth/login from 127.0.0.1 by Anonymous
2026-07-22 10:32:06.688 +05:30 [WRN] Failed to determine the https port for redirect.
2026-07-22 10:32:07.515 +05:30 [ERR] Failed executing DbCommand (74ms) [Parameters=[@__normalizedEmail_0='?' (Size = 256)], CommandType='"Text"', CommandTimeout='30']
SELECT `a`.`Id`, `a`.`AccessFailedCount`, `a`.`Address`, `a`.`BloodGroup`, `a`.`City`, `a`.`ConcurrencyStamp`, `a`.`Country`, `a`.`CreatedAt`, `a`.`CreatedBy`, `a`.`DateOfBirth`, `a`.`DeletedAt`, `a`.`DeletedBy`, `a`.`Email`, `a`.`EmailConfirmed`, `a`.`FailedLoginAttempts`, `a`.`FirstName`, `a`.`Gender`, `a`.`IsActive`, `a`.`IsDeleted`, `a`.`LastName`, `a`.`LockoutEnabled`, `a`.`LockoutEnd`, `a`.`MiddleName`, `a`.`Nationality`, `a`.`NormalizedEmail`, `a`.`NormalizedUserName`, `a`.`PasswordHash`, `a`.`PasswordResetToken`, `a`.`PasswordResetTokenExpiry`, `a`.`PhoneNumber`, `a`.`PhoneNumber2`, `a`.`PhoneNumberConfirmed`, `a`.`PostalCode`, `a`.`ProfilePictureUrl`, `a`.`RefreshToken`, `a`.`RefreshTokenExpiry`, `a`.`Religion`, `a`.`SecurityStamp`, `a`.`State`, `a`.`TwoFactorEnabled`, `a`.`UpdatedAt`, `a`.`UpdatedBy`, `a`.`UserName`
FROM `AspNetUsers` AS `a`
WHERE NOT (`a`.`IsDeleted`) AND (`a`.`NormalizedEmail` = @__normalizedEmail_0)
LIMIT 2
2026-07-22 10:32:07.569 +05:30 [ERR] An exception occurred while iterating over the results of a query for context type 'SchoolCRM.Infrastructure.Data.ApplicationDbContext'.
MySqlConnector.MySqlException (0x80004005): Table 'schoolcrm.AspNetUsers' doesn't exist
   at MySqlConnector.Core.ServerSession.ReceiveReplyAsync(IOBehavior ioBehavior, CancellationToken cancellationToken) in /_/src/MySqlConnector/Core/ServerSession.cs:line 894
   at MySqlConnector.Core.ResultSet.ReadResultSetHeaderAsync(IOBehavior ioBehavior) in /_/src/MySqlConnector/Core/ResultSet.cs:line 37
   at MySqlConnector.MySqlDataReader.ActivateResultSet(CancellationToken cancellationToken) in /_/src/MySqlConnector/MySqlDataReader.cs:line 130
   at MySqlConnector.MySqlDataReader.InitAsync(CommandListPosition commandListPosition, ICommandPayloadCreator payloadCreator, IDictionary`2 cachedProcedures, IMySqlCommand command, CommandBehavior behavior, Activity activity, IOBehavior ioBehavior, CancellationToken cancellationToken) in /_/src/MySqlConnector/MySqlDataReader.cs:line 483
   at MySqlConnector.Core.CommandExecutor.ExecuteReaderAsync(CommandListPosition commandListPosition, ICommandPayloadCreator payloadCreator, CommandBehavior behavior, Activity activity, IOBehavior ioBehavior, CancellationToken cancellationToken) in /_/src/MySqlConnector/Core/CommandExecutor.cs:line 56
   at MySqlConnector.MySqlCommand.ExecuteReaderAsync(CommandBehavior behavior, IOBehavior ioBehavior, CancellationToken cancellationToken) in /_/src/MySqlConnector/MySqlCommand.cs:line 357
   at MySqlConnector.MySqlCommand.ExecuteDbDataReaderAsync(CommandBehavior behavior, CancellationToken cancellationToken) in /_/src/MySqlConnector/MySqlCommand.cs:line 350
   at Microsoft.EntityFrameworkCore.Storage.RelationalCommand.ExecuteReaderAsync(RelationalCommandParameterObject parameterObject, CancellationToken cancellationToken)
   at Microsoft.EntityFrameworkCore.Storage.RelationalCommand.ExecuteReaderAsync(RelationalCommandParameterObject parameterObject, CancellationToken cancellationToken)
   at Microsoft.EntityFrameworkCore.Query.Internal.SingleQueryingEnumerable`1.AsyncEnumerator.InitializeReaderAsync(AsyncEnumerator enumerator, CancellationToken cancellationToken)
   at Microsoft.EntityFrameworkCore.Storage.ExecutionStrategy.<>c__DisplayClass30_0`2.<<ExecuteAsync>b__0>d.MoveNext()
--- End of stack trace from previous location ---
   at Microsoft.EntityFrameworkCore.Storage.ExecutionStrategy.ExecuteImplementationAsync[TState,TResult](Func`4 operation, Func`4 verifySucceeded, TState state, CancellationToken cancellationToken)
   at Microsoft.EntityFrameworkCore.Storage.ExecutionStrategy.ExecuteImplementationAsync[TState,TResult](Func`4 operation, Func`4 verifySucceeded, TState state, CancellationToken cancellationToken)
   at Microsoft.EntityFrameworkCore.Storage.ExecutionStrategy.ExecuteAsync[TState,TResult](TState state, Func`4 operation, Func`4 verifySucceeded, CancellationToken cancellationToken)
   at Microsoft.EntityFrameworkCore.Query.Internal.SingleQueryingEnumerable`1.AsyncEnumerator.MoveNextAsync()
MySqlConnector.MySqlException (0x80004005): Table 'schoolcrm.AspNetUsers' doesn't exist
   at MySqlConnector.Core.ServerSession.ReceiveReplyAsync(IOBehavior ioBehavior, CancellationToken cancellationToken) in /_/src/MySqlConnector/Core/ServerSession.cs:line 894
   at MySqlConnector.Core.ResultSet.ReadResultSetHeaderAsync(IOBehavior ioBehavior) in /_/src/MySqlConnector/Core/ResultSet.cs:line 37
   at MySqlConnector.MySqlDataReader.ActivateResultSet(CancellationToken cancellationToken) in /_/src/MySqlConnector/MySqlDataReader.cs:line 130
   at MySqlConnector.MySqlDataReader.InitAsync(CommandListPosition commandListPosition, ICommandPayloadCreator payloadCreator, IDictionary`2 cachedProcedures, IMySqlCommand command, CommandBehavior behavior, Activity activity, IOBehavior ioBehavior, CancellationToken cancellationToken) in /_/src/MySqlConnector/MySqlDataReader.cs:line 483
   at MySqlConnector.Core.CommandExecutor.ExecuteReaderAsync(CommandListPosition commandListPosition, ICommandPayloadCreator payloadCreator, CommandBehavior behavior, Activity activity, IOBehavior ioBehavior, CancellationToken cancellationToken) in /_/src/MySqlConnector/Core/CommandExecutor.cs:line 56
   at MySqlConnector.MySqlCommand.ExecuteReaderAsync(CommandBehavior behavior, IOBehavior ioBehavior, CancellationToken cancellationToken) in /_/src/MySqlConnector/MySqlCommand.cs:line 357
   at MySqlConnector.MySqlCommand.ExecuteDbDataReaderAsync(CommandBehavior behavior, CancellationToken cancellationToken) in /_/src/MySqlConnector/MySqlCommand.cs:line 350
   at Microsoft.EntityFrameworkCore.Storage.RelationalCommand.ExecuteReaderAsync(RelationalCommandParameterObject parameterObject, CancellationToken cancellationToken)
   at Microsoft.EntityFrameworkCore.Storage.RelationalCommand.ExecuteReaderAsync(RelationalCommandParameterObject parameterObject, CancellationToken cancellationToken)
   at Microsoft.EntityFrameworkCore.Query.Internal.SingleQueryingEnumerable`1.AsyncEnumerator.InitializeReaderAsync(AsyncEnumerator enumerator, CancellationToken cancellationToken)
   at Microsoft.EntityFrameworkCore.Storage.ExecutionStrategy.<>c__DisplayClass30_0`2.<<ExecuteAsync>b__0>d.MoveNext()
--- End of stack trace from previous location ---
   at Microsoft.EntityFrameworkCore.Storage.ExecutionStrategy.ExecuteImplementationAsync[TState,TResult](Func`4 operation, Func`4 verifySucceeded, TState state, CancellationToken cancellationToken)
   at Microsoft.EntityFrameworkCore.Storage.ExecutionStrategy.ExecuteImplementationAsync[TState,TResult](Func`4 operation, Func`4 verifySucceeded, TState state, CancellationToken cancellationToken)
   at Microsoft.EntityFrameworkCore.Storage.ExecutionStrategy.ExecuteAsync[TState,TResult](TState state, Func`4 operation, Func`4 verifySucceeded, CancellationToken cancellationToken)
   at Microsoft.EntityFrameworkCore.Query.Internal.SingleQueryingEnumerable`1.AsyncEnumerator.MoveNextAsync()
2026-07-22 10:32:07.595 +05:30 [ERR] An unhandled exception occurred: Table 'schoolcrm.AspNetUsers' doesn't exist
MySqlConnector.MySqlException (0x80004005): Table 'schoolcrm.AspNetUsers' doesn't exist
   at MySqlConnector.Core.ServerSession.ReceiveReplyAsync(IOBehavior ioBehavior, CancellationToken cancellationToken) in /_/src/MySqlConnector/Core/ServerSession.cs:line 894
   at MySqlConnector.Core.ResultSet.ReadResultSetHeaderAsync(IOBehavior ioBehavior) in /_/src/MySqlConnector/Core/ResultSet.cs:line 37
   at MySqlConnector.MySqlDataReader.ActivateResultSet(CancellationToken cancellationToken) in /_/src/MySqlConnector/MySqlDataReader.cs:line 130
   at MySqlConnector.MySqlDataReader.InitAsync(CommandListPosition commandListPosition, ICommandPayloadCreator payloadCreator, IDictionary`2 cachedProcedures, IMySqlCommand command, CommandBehavior behavior, Activity activity, IOBehavior ioBehavior, CancellationToken cancellationToken) in /_/src/MySqlConnector/MySqlDataReader.cs:line 483
   at MySqlConnector.Core.CommandExecutor.ExecuteReaderAsync(CommandListPosition commandListPosition, ICommandPayloadCreator payloadCreator, CommandBehavior behavior, Activity activity, IOBehavior ioBehavior, CancellationToken cancellationToken) in /_/src/MySqlConnector/Core/CommandExecutor.cs:line 56
   at MySqlConnector.MySqlCommand.ExecuteReaderAsync(CommandBehavior behavior, IOBehavior ioBehavior, CancellationToken cancellationToken) in /_/src/MySqlConnector/MySqlCommand.cs:line 357
   at MySqlConnector.MySqlCommand.ExecuteDbDataReaderAsync(CommandBehavior behavior, CancellationToken cancellationToken) in /_/src/MySqlConnector/MySqlCommand.cs:line 350
   at Microsoft.EntityFrameworkCore.Storage.RelationalCommand.ExecuteReaderAsync(RelationalCommandParameterObject parameterObject, CancellationToken cancellationToken)
   at Microsoft.EntityFrameworkCore.Storage.RelationalCommand.ExecuteReaderAsync(RelationalCommandParameterObject parameterObject, CancellationToken cancellationToken)
   at Microsoft.EntityFrameworkCore.Query.Internal.SingleQueryingEnumerable`1.AsyncEnumerator.InitializeReaderAsync(AsyncEnumerator enumerator, CancellationToken cancellationToken)
   at Microsoft.EntityFrameworkCore.Storage.ExecutionStrategy.<>c__DisplayClass30_0`2.<<ExecuteAsync>b__0>d.MoveNext()
--- End of stack trace from previous location ---
   at Microsoft.EntityFrameworkCore.Storage.ExecutionStrategy.ExecuteImplementationAsync[TState,TResult](Func`4 operation, Func`4 verifySucceeded, TState state, CancellationToken cancellationToken)
   at Microsoft.EntityFrameworkCore.Storage.ExecutionStrategy.ExecuteImplementationAsync[TState,TResult](Func`4 operation, Func`4 verifySucceeded, TState state, CancellationToken cancellationToken)
   at Microsoft.EntityFrameworkCore.Storage.ExecutionStrategy.ExecuteAsync[TState,TResult](TState state, Func`4 operation, Func`4 verifySucceeded, CancellationToken cancellationToken)
   at Microsoft.EntityFrameworkCore.Query.Internal.SingleQueryingEnumerable`1.AsyncEnumerator.MoveNextAsync()
   at Microsoft.EntityFrameworkCore.Query.ShapedQueryCompilingExpressionVisitor.SingleOrDefaultAsync[TSource](IAsyncEnumerable`1 asyncEnumerable, CancellationToken cancellationToken)
   at Microsoft.EntityFrameworkCore.Query.ShapedQueryCompilingExpressionVisitor.SingleOrDefaultAsync[TSource](IAsyncEnumerable`1 asyncEnumerable, CancellationToken cancellationToken)
   at Microsoft.AspNetCore.Identity.UserManager`1.FindByEmailAsync(String email)
   at SchoolCRM.Infrastructure.Services.AuthService.LoginAsync(LoginDto dto, String ipAddress) in /var/www/html/school-crm/src/SchoolCRM.Infrastructure/Services/AuthService.cs:line 42
   at SchoolCRM.API.Controllers.AuthController.LoginAsync(LoginDto dto) in /var/www/html/school-crm/src/SchoolCRM.API/Controllers/AuthController.cs:line 28
   at lambda_method55(Closure, Object)
   at Microsoft.AspNetCore.Mvc.Infrastructure.ActionMethodExecutor.AwaitableObjectResultExecutor.Execute(ActionContext actionContext, IActionResultTypeMapper mapper, ObjectMethodExecutor executor, Object controller, Object[] arguments)
   at Microsoft.AspNetCore.Mvc.Infrastructure.ControllerActionInvoker.<InvokeActionMethodAsync>g__Awaited|12_0(ControllerActionInvoker invoker, ValueTask`1 actionResultValueTask)
   at Microsoft.AspNetCore.Mvc.Infrastructure.ControllerActionInvoker.<InvokeNextActionFilterAsync>g__Awaited|10_0(ControllerActionInvoker invoker, Task lastTask, State next, Scope scope, Object state, Boolean isCompleted)
   at Microsoft.AspNetCore.Mvc.Infrastructure.ControllerActionInvoker.Rethrow(ActionExecutedContextSealed context)
   at Microsoft.AspNetCore.Mvc.Infrastructure.ControllerActionInvoker.Next(State& next, Scope& scope, Object& state, Boolean& isCompleted)
   at Microsoft.AspNetCore.Mvc.Infrastructure.ControllerActionInvoker.<InvokeInnerFilterAsync>g__Awaited|13_0(ControllerActionInvoker invoker, Task lastTask, State next, Scope scope, Object state, Boolean isCompleted)
   at Microsoft.AspNetCore.Mvc.Infrastructure.ResourceInvoker.<InvokeFilterPipelineAsync>g__Awaited|20_0(ResourceInvoker invoker, Task lastTask, State next, Scope scope, Object state, Boolean isCompleted)
   at Microsoft.AspNetCore.Mvc.Infrastructure.ResourceInvoker.<InvokeAsync>g__Awaited|17_0(ResourceInvoker invoker, Task task, IDisposable scope)
   at Microsoft.AspNetCore.Mvc.Infrastructure.ResourceInvoker.<InvokeAsync>g__Awaited|17_0(ResourceInvoker invoker, Task task, IDisposable scope)
   at Microsoft.AspNetCore.Authorization.AuthorizationMiddleware.Invoke(HttpContext context)
   at Microsoft.AspNetCore.Authentication.AuthenticationMiddleware.Invoke(HttpContext context)
   at Swashbuckle.AspNetCore.SwaggerUI.SwaggerUIMiddleware.Invoke(HttpContext httpContext)
   at Swashbuckle.AspNetCore.Swagger.SwaggerMiddleware.Invoke(HttpContext httpContext, ISwaggerProvider swaggerProvider)
   at SchoolCRM.API.Middleware.RequestLoggingMiddleware.InvokeAsync(HttpContext context) in /var/www/html/school-crm/src/SchoolCRM.API/Middleware/RequestLoggingMiddleware.cs:line 33
   at SchoolCRM.API.Middleware.GlobalExceptionMiddleware.InvokeAsync(HttpContext context) in /var/www/html/school-crm/src/SchoolCRM.API/Middleware/GlobalExceptionMiddleware.cs:line 23
2026-07-22 10:38:35.883 +05:30 [INF] [dd706691-c979-48ee-957c-19d63babc59f] GET /swagger/v1/swagger.json from 127.0.0.1 by Anonymous
2026-07-22 10:38:36.367 +05:30 [ERR] An unhandled exception occurred: Failed to generate Operation for action - SchoolCRM.API.Controllers.ExamsController.GetExamsAsync (SchoolCRM.API). See inner exception
Swashbuckle.AspNetCore.SwaggerGen.SwaggerGeneratorException: Failed to generate Operation for action - SchoolCRM.API.Controllers.ExamsController.GetExamsAsync (SchoolCRM.API). See inner exception
 ---> Swashbuckle.AspNetCore.SwaggerGen.SwaggerGeneratorException: Failed to generate schema for type - SchoolCRM.Shared.Models.ApiResponse`1[SchoolCRM.Shared.Models.PagedResult`1[SchoolCRM.Application.DTOs.Exam.ExamDto]]. See inner exception
 ---> System.InvalidOperationException: Can't use schemaId "$ExamDto" for type "$SchoolCRM.Application.DTOs.Exam.ExamDto". The same schemaId is already used for type "$SchoolCRM.Application.DTOs.Dashboard.ExamDto"
   at Swashbuckle.AspNetCore.SwaggerGen.SchemaRepository.RegisterType(Type type, String schemaId)
   at Swashbuckle.AspNetCore.SwaggerGen.SchemaGenerator.GenerateReferencedSchema(DataContract dataContract, SchemaRepository schemaRepository, Func`1 definitionFactory)
   at Swashbuckle.AspNetCore.SwaggerGen.SchemaGenerator.GenerateConcreteSchema(DataContract dataContract, SchemaRepository schemaRepository)
   at Swashbuckle.AspNetCore.SwaggerGen.SchemaGenerator.GenerateSchemaForType(Type modelType, SchemaRepository schemaRepository)
   at Swashbuckle.AspNetCore.SwaggerGen.SchemaGenerator.GenerateSchema(Type modelType, SchemaRepository schemaRepository, MemberInfo memberInfo, ParameterInfo parameterInfo, ApiParameterRouteInfo routeInfo)
   at Swashbuckle.AspNetCore.SwaggerGen.SchemaGenerator.CreateArraySchema(DataContract dataContract, SchemaRepository schemaRepository)
   at Swashbuckle.AspNetCore.SwaggerGen.SchemaGenerator.<>c__DisplayClass13_0.<GenerateConcreteSchema>b__1()
   at Swashbuckle.AspNetCore.SwaggerGen.SchemaGenerator.GenerateConcreteSchema(DataContract dataContract, SchemaRepository schemaRepository)
   at Swashbuckle.AspNetCore.SwaggerGen.SchemaGenerator.GenerateSchemaForMember(Type modelType, SchemaRepository schemaRepository, MemberInfo memberInfo, DataProperty dataProperty)
   at Swashbuckle.AspNetCore.SwaggerGen.SchemaGenerator.CreateObjectSchema(DataContract dataContract, SchemaRepository schemaRepository)
   at Swashbuckle.AspNetCore.SwaggerGen.SchemaGenerator.<>c__DisplayClass13_0.<GenerateConcreteSchema>b__3()
   at Swashbuckle.AspNetCore.SwaggerGen.SchemaGenerator.GenerateReferencedSchema(DataContract dataContract, SchemaRepository schemaRepository, Func`1 definitionFactory)
   at Swashbuckle.AspNetCore.SwaggerGen.SchemaGenerator.GenerateConcreteSchema(DataContract dataContract, SchemaRepository schemaRepository)
   at Swashbuckle.AspNetCore.SwaggerGen.SchemaGenerator.GenerateSchemaForMember(Type modelType, SchemaRepository schemaRepository, MemberInfo memberInfo, DataProperty dataProperty)
   at Swashbuckle.AspNetCore.SwaggerGen.SchemaGenerator.CreateObjectSchema(DataContract dataContract, SchemaRepository schemaRepository)
   at Swashbuckle.AspNetCore.SwaggerGen.SchemaGenerator.<>c__DisplayClass13_0.<GenerateConcreteSchema>b__3()
   at Swashbuckle.AspNetCore.SwaggerGen.SchemaGenerator.GenerateReferencedSchema(DataContract dataContract, SchemaRepository schemaRepository, Func`1 definitionFactory)
   at Swashbuckle.AspNetCore.SwaggerGen.SchemaGenerator.GenerateConcreteSchema(DataContract dataContract, SchemaRepository schemaRepository)
   at Swashbuckle.AspNetCore.SwaggerGen.SchemaGenerator.GenerateSchemaForType(Type modelType, SchemaRepository schemaRepository)
   at Swashbuckle.AspNetCore.SwaggerGen.SchemaGenerator.GenerateSchema(Type modelType, SchemaRepository schemaRepository, MemberInfo memberInfo, ParameterInfo parameterInfo, ApiParameterRouteInfo routeInfo)
   at Swashbuckle.AspNetCore.SwaggerGen.SwaggerGenerator.GenerateSchema(Type type, SchemaRepository schemaRepository, PropertyInfo propertyInfo, ParameterInfo parameterInfo, ApiParameterRouteInfo routeInfo)
   --- End of inner exception stack trace ---
   at Swashbuckle.AspNetCore.SwaggerGen.SwaggerGenerator.GenerateSchema(Type type, SchemaRepository schemaRepository, PropertyInfo propertyInfo, ParameterInfo parameterInfo, ApiParameterRouteInfo routeInfo)
   at Swashbuckle.AspNetCore.SwaggerGen.SwaggerGenerator.CreateResponseMediaType(Type modelType, SchemaRepository schemaRespository)
   at Swashbuckle.AspNetCore.SwaggerGen.SwaggerGenerator.<>c__DisplayClass40_0.<GenerateResponse>b__2(String contentType)
   at System.Linq.Enumerable.ToDictionary[TSource,TKey,TElement](IEnumerable`1 source, Func`2 keySelector, Func`2 elementSelector, IEqualityComparer`1 comparer)
   at Swashbuckle.AspNetCore.SwaggerGen.SwaggerGenerator.GenerateResponse(ApiDescription apiDescription, SchemaRepository schemaRepository, String statusCode, ApiResponseType apiResponseType)
   at Swashbuckle.AspNetCore.SwaggerGen.SwaggerGenerator.GenerateResponses(ApiDescription apiDescription, SchemaRepository schemaRepository)
   at Swashbuckle.AspNetCore.SwaggerGen.SwaggerGenerator.GenerateOperationAsync(ApiDescription apiDescription, SchemaRepository schemaRepository, Func`3 parametersGenerator, Func`3 bodyGenerator, Func`3 applyFilters)
   --- End of inner exception stack trace ---
   at Swashbuckle.AspNetCore.SwaggerGen.SwaggerGenerator.GenerateOperationAsync(ApiDescription apiDescription, SchemaRepository schemaRepository, Func`3 parametersGenerator, Func`3 bodyGenerator, Func`3 applyFilters)
   at Swashbuckle.AspNetCore.SwaggerGen.SwaggerGenerator.GenerateOperationAsync(ApiDescription apiDescription, SchemaRepository schemaRepository)
   at Swashbuckle.AspNetCore.SwaggerGen.SwaggerGenerator.GenerateOperationsAsync(IEnumerable`1 apiDescriptions, SchemaRepository schemaRepository)
   at Swashbuckle.AspNetCore.SwaggerGen.SwaggerGenerator.GeneratePathsAsync(IEnumerable`1 apiDescriptions, SchemaRepository schemaRepository, Func`3 operationsGenerator)
   at Swashbuckle.AspNetCore.SwaggerGen.SwaggerGenerator.GeneratePathsAsync(IEnumerable`1 apiDescriptions, SchemaRepository schemaRepository)
   at Swashbuckle.AspNetCore.SwaggerGen.SwaggerGenerator.GetSwaggerAsync(String documentName, String host, String basePath)
   at Swashbuckle.AspNetCore.Swagger.SwaggerMiddleware.Invoke(HttpContext httpContext, ISwaggerProvider swaggerProvider)
   at SchoolCRM.API.Middleware.RequestLoggingMiddleware.InvokeAsync(HttpContext context) in /var/www/html/school-crm/src/SchoolCRM.API/Middleware/RequestLoggingMiddleware.cs:line 33
   at SchoolCRM.API.Middleware.GlobalExceptionMiddleware.InvokeAsync(HttpContext context) in /var/www/html/school-crm/src/SchoolCRM.API/Middleware/GlobalExceptionMiddleware.cs:line 23
n'. This may lead to unexpected results when the required entity is filtered out. Either configure the navigation as optional, or define matching query filters for both entities in the navigation. See https://go.microsoft.com/fwlink/?linkid=2131316 for more information.
2026-07-22 10:37:13.550 +05:30 [WRN] Entity 'ApplicationRole' has a global query filter defined and is the required end of a relationship with the entity 'ApplicationUserRole'. This may lead to unexpected results when the required entity is filtered out. Either configure the navigation as optional, or define matching query filters for both entities in the navigation. See https://go.microsoft.com/fwlink/?linkid=2131316 for more information.
2026-07-22 10:37:13.551 +05:30 [WRN] Entity 'ApplicationUser' has a global query filter defined and is the required end of a relationship with the entity 'ApplicationUserToken'. This may lead to unexpected results when the required entity is filtered out. Either configure the navigation as optional, or define matching query filters for both entities in the navigation. See https://go.microsoft.com/fwlink/?linkid=2131316 for more information.
2026-07-22 10:37:13.595 +05:30 [WRN] The foreign key property 'HomeworkSubmission.StudentId1' was created in shadow state because a conflicting property with the simple name 'StudentId' exists in the entity type, but is either not mapped, is already used for another relationship, or is incompatible with the associated primary key type. See https://aka.ms/efcore-relationships for information on mapping relationships in EF Core.
2026-07-22 10:37:13.596 +05:30 [WRN] The foreign key property 'ApplicationRoleClaim.RoleId1' was created in shadow state because a conflicting property with the simple name 'RoleId' exists in the entity type, but is either not mapped, is already used for another relationship, or is incompatible with the associated primary key type. See https://aka.ms/efcore-relationships for information on mapping relationships in EF Core.
2026-07-22 10:37:13.596 +05:30 [WRN] The foreign key property 'ApplicationUserClaim.UserId1' was created in shadow state because a conflicting property with the simple name 'UserId' exists in the entity type, but is either not mapped, is already used for another relationship, or is incompatible with the associated primary key type. See https://aka.ms/efcore-relationships for information on mapping relationships in EF Core.
2026-07-22 10:37:13.596 +05:30 [WRN] The foreign key property 'ApplicationUserLogin.UserId1' was created in shadow state because a conflicting property with the simple name 'UserId' exists in the entity type, but is either not mapped, is already used for another relationship, or is incompatible with the associated primary key type. See https://aka.ms/efcore-relationships for information on mapping relationships in EF Core.
2026-07-22 10:37:13.596 +05:30 [WRN] The foreign key property 'ApplicationUserRole.RoleId1' was created in shadow state because a conflicting property with the simple name 'RoleId' exists in the entity type, but is either not mapped, is already used for another relationship, or is incompatible with the associated primary key type. See https://aka.ms/efcore-relationships for information on mapping relationships in EF Core.
2026-07-22 10:37:13.596 +05:30 [WRN] The foreign key property 'ApplicationUserRole.UserId1' was created in shadow state because a conflicting property with the simple name 'UserId' exists in the entity type, but is either not mapped, is already used for another relationship, or is incompatible with the associated primary key type. See https://aka.ms/efcore-relationships for information on mapping relationships in EF Core.
2026-07-22 10:37:13.596 +05:30 [WRN] The foreign key property 'ApplicationUserToken.UserId1' was created in shadow state because a conflicting property with the simple name 'UserId' exists in the entity type, but is either not mapped, is already used for another relationship, or is incompatible with the associated primary key type. See https://aka.ms/efcore-relationships for information on mapping relationships in EF Core.
2026-07-22 10:38:24.970 +05:30 [WRN] Redis unavailable, falling back to in-memory cache and basic SignalR: It was not possible to connect to the redis server(s). Error connecting right now. To allow this multiplexer to continue retrying until it's able to connect, use abortConnect=false in your connection string or AbortOnConnectFail=false; in your code.
2026-07-22 10:40:03.755 +05:30 [WRN] Redis unavailable, falling back to in-memory cache and basic SignalR: It was not possible to connect to the redis server(s). Error connecting right now. To allow this multiplexer to continue retrying until it's able to connect, use abortConnect=false in your connection string or AbortOnConnectFail=false; in your code.
2026-07-22 10:40:08.103 +05:30 [WRN] Entity 'ApplicationRole' has a global query filter defined and is the required end of a relationship with the entity 'ApplicationRoleClaim'. This may lead to unexpected results when the required entity is filtered out. Either configure the navigation as optional, or define matching query filters for both entities in the navigation. See https://go.microsoft.com/fwlink/?linkid=2131316 for more information.
2026-07-22 10:40:08.105 +05:30 [WRN] Entity 'ApplicationUser' has a global query filter defined and is the required end of a relationship with the entity 'ApplicationUserClaim'. This may lead to unexpected results when the required entity is filtered out. Either configure the navigation as optional, or define matching query filters for both entities in the navigation. See https://go.microsoft.com/fwlink/?linkid=2131316 for more information.
2026-07-22 10:40:08.106 +05:30 [WRN] Entity 'ApplicationUser' has a global query filter defined and is the required end of a relationship with the entity 'ApplicationUserLogin'. This may lead to unexpected results when the required entity is filtered out. Either configure the navigation as optional, or define matching query filters for both entities in the navigation. See https://go.microsoft.com/fwlink/?linkid=2131316 for more information.
2026-07-22 10:40:08.106 +05:30 [WRN] Entity 'ApplicationRole' has a global query filter defined and is the required end of a relationship with the entity 'ApplicationUserRole'. This may lead to unexpected results when the required entity is filtered out. Either configure the navigation as optional, or define matching query filters for both entities in the navigation. See https://go.microsoft.com/fwlink/?linkid=2131316 for more information.
2026-07-22 10:40:08.107 +05:30 [WRN] Entity 'ApplicationUser' has a global query filter defined and is the required end of a relationship with the entity 'ApplicationUserToken'. This may lead to unexpected results when the required entity is filtered out. Either configure the navigation as optional, or define matching query filters for both entities in the navigation. See https://go.microsoft.com/fwlink/?linkid=2131316 for more information.
2026-07-22 10:40:08.248 +05:30 [WRN] The foreign key property 'HomeworkSubmission.StudentId1' was created in shadow state because a conflicting property with the simple name 'StudentId' exists in the entity type, but is either not mapped, is already used for another relationship, or is incompatible with the associated primary key type. See https://aka.ms/efcore-relationships for information on mapping relationships in EF Core.
2026-07-22 10:40:08.251 +05:30 [WRN] The foreign key property 'ApplicationRoleClaim.RoleId1' was created in shadow state because a conflicting property with the simple name 'RoleId' exists in the entity type, but is either not mapped, is already used for another relationship, or is incompatible with the associated primary key type. See https://aka.ms/efcore-relationships for information on mapping relationships in EF Core.
2026-07-22 10:40:08.251 +05:30 [WRN] The foreign key property 'ApplicationUserClaim.UserId1' was created in shadow state because a conflicting property with the simple name 'UserId' exists in the entity type, but is either not mapped, is already used for another relationship, or is incompatible with the associated primary key type. See https://aka.ms/efcore-relationships for information on mapping relationships in EF Core.
2026-07-22 10:40:08.252 +05:30 [WRN] The foreign key property 'ApplicationUserLogin.UserId1' was created in shadow state because a conflicting property with the simple name 'UserId' exists in the entity type, but is either not mapped, is already used for another relationship, or is incompatible with the associated primary key type. See https://aka.ms/efcore-relationships for information on mapping relationships in EF Core.
2026-07-22 10:40:08.252 +05:30 [WRN] The foreign key property 'ApplicationUserRole.RoleId1' was created in shadow state because a conflicting property with the simple name 'RoleId' exists in the entity type, but is either not mapped, is already used for another relationship, or is incompatible with the associated primary key type. See https://aka.ms/efcore-relationships for information on mapping relationships in EF Core.
2026-07-22 10:40:08.252 +05:30 [WRN] The foreign key property 'ApplicationUserRole.UserId1' was created in shadow state because a conflicting property with the simple name 'UserId' exists in the entity type, but is either not mapped, is already used for another relationship, or is incompatible with the associated primary key type. See https://aka.ms/efcore-relationships for information on mapping relationships in EF Core.
2026-07-22 10:40:08.253 +05:30 [WRN] The foreign key property 'ApplicationUserToken.UserId1' was created in shadow state because a conflicting property with the simple name 'UserId' exists in the entity type, but is either not mapped, is already used for another relationship, or is incompatible with the associated primary key type. See https://aka.ms/efcore-relationships for information on mapping relationships in EF Core.
2026-07-22 10:40:38.867 +05:30 [INF] Database migrated successfully
2026-07-22 10:40:59.706 +05:30 [INF] [261a494c-26e5-49ed-a31d-889f63f4b391] POST /api/auth/login from 127.0.0.1 by Anonymous
2026-07-22 10:40:59.753 +05:30 [WRN] Failed to determine the https port for redirect.
2026-07-22 10:41:00.701 +05:30 [ERR] An unhandled exception occurred: Invalid email or password.
System.UnauthorizedAccessException: Invalid email or password.
   at SchoolCRM.Infrastructure.Services.AuthService.LoginAsync(LoginDto dto, String ipAddress) in /var/www/html/school-crm/src/SchoolCRM.Infrastructure/Services/AuthService.cs:line 44
   at SchoolCRM.API.Controllers.AuthController.LoginAsync(LoginDto dto) in /var/www/html/school-crm/src/SchoolCRM.API/Controllers/AuthController.cs:line 28
   at lambda_method55(Closure, Object)
   at Microsoft.AspNetCore.Mvc.Infrastructure.ActionMethodExecutor.AwaitableObjectResultExecutor.Execute(ActionContext actionContext, IActionResultTypeMapper mapper, ObjectMethodExecutor executor, Object controller, Object[] arguments)
   at Microsoft.AspNetCore.Mvc.Infrastructure.ControllerActionInvoker.<InvokeActionMethodAsync>g__Awaited|12_0(ControllerActionInvoker invoker, ValueTask`1 actionResultValueTask)
   at Microsoft.AspNetCore.Mvc.Infrastructure.ControllerActionInvoker.<InvokeNextActionFilterAsync>g__Awaited|10_0(ControllerActionInvoker invoker, Task lastTask, State next, Scope scope, Object state, Boolean isCompleted)
   at Microsoft.AspNetCore.Mvc.Infrastructure.ControllerActionInvoker.Rethrow(ActionExecutedContextSealed context)
   at Microsoft.AspNetCore.Mvc.Infrastructure.ControllerActionInvoker.Next(State& next, Scope& scope, Object& state, Boolean& isCompleted)
   at Microsoft.AspNetCore.Mvc.Infrastructure.ControllerActionInvoker.<InvokeInnerFilterAsync>g__Awaited|13_0(ControllerActionInvoker invoker, Task lastTask, State next, Scope scope, Object state, Boolean isCompleted)
   at Microsoft.AspNetCore.Mvc.Infrastructure.ResourceInvoker.<InvokeFilterPipelineAsync>g__Awaited|20_0(ResourceInvoker invoker, Task lastTask, State next, Scope scope, Object state, Boolean isCompleted)
   at Microsoft.AspNetCore.Mvc.Infrastructure.ResourceInvoker.<InvokeAsync>g__Awaited|17_0(ResourceInvoker invoker, Task task, IDisposable scope)
   at Microsoft.AspNetCore.Mvc.Infrastructure.ResourceInvoker.<InvokeAsync>g__Awaited|17_0(ResourceInvoker invoker, Task task, IDisposable scope)
   at Microsoft.AspNetCore.Authorization.AuthorizationMiddleware.Invoke(HttpContext context)
   at Microsoft.AspNetCore.Authentication.AuthenticationMiddleware.Invoke(HttpContext context)
   at Swashbuckle.AspNetCore.SwaggerUI.SwaggerUIMiddleware.Invoke(HttpContext httpContext)
   at Swashbuckle.AspNetCore.Swagger.SwaggerMiddleware.Invoke(HttpContext httpContext, ISwaggerProvider swaggerProvider)
   at SchoolCRM.API.Middleware.RequestLoggingMiddleware.InvokeAsync(HttpContext context) in /var/www/html/school-crm/src/SchoolCRM.API/Middleware/RequestLoggingMiddleware.cs:line 33
   at SchoolCRM.API.Middleware.GlobalExceptionMiddleware.InvokeAsync(HttpContext context) in /var/www/html/school-crm/src/SchoolCRM.API/Middleware/GlobalExceptionMiddleware.cs:line 23
2026-07-22 10:41:00.833 +05:30 [INF] [bda5c433-9ed5-4d3d-89a3-5b183917ede2] POST /api/auth/refresh-token from 127.0.0.1 by Anonymous
2026-07-22 10:41:00.839 +05:30 [INF] [bda5c433-9ed5-4d3d-89a3-5b183917ede2] POST /api/auth/refresh-token responded 404 in 4ms
2026-07-22 10:41:18.825 +05:30 [INF] [cfe44c85-b058-4b93-b970-009aa7e1d54c] POST /api/auth/login from 127.0.0.1 by Anonymous
2026-07-22 10:41:19.046 +05:30 [ERR] An unhandled exception occurred: Invalid email or password.
System.UnauthorizedAccessException: Invalid email or password.
   at SchoolCRM.Infrastructure.Services.AuthService.LoginAsync(LoginDto dto, String ipAddress) in /var/www/html/school-crm/src/SchoolCRM.Infrastructure/Services/AuthService.cs:line 44
   at SchoolCRM.API.Controllers.AuthController.LoginAsync(LoginDto dto) in /var/www/html/school-crm/src/SchoolCRM.API/Controllers/AuthController.cs:line 28
   at lambda_method55(Closure, Object)
   at Microsoft.AspNetCore.Mvc.Infrastructure.ActionMethodExecutor.AwaitableObjectResultExecutor.Execute(ActionContext actionContext, IActionResultTypeMapper mapper, ObjectMethodExecutor executor, Object controller, Object[] arguments)
   at Microsoft.AspNetCore.Mvc.Infrastructure.ControllerActionInvoker.<InvokeActionMethodAsync>g__Awaited|12_0(ControllerActionInvoker invoker, ValueTask`1 actionResultValueTask)
   at Microsoft.AspNetCore.Mvc.Infrastructure.ControllerActionInvoker.<InvokeNextActionFilterAsync>g__Awaited|10_0(ControllerActionInvoker invoker, Task lastTask, State next, Scope scope, Object state, Boolean isCompleted)
   at Microsoft.AspNetCore.Mvc.Infrastructure.ControllerActionInvoker.Rethrow(ActionExecutedContextSealed context)
   at Microsoft.AspNetCore.Mvc.Infrastructure.ControllerActionInvoker.Next(State& next, Scope& scope, Object& state, Boolean& isCompleted)
   at Microsoft.AspNetCore.Mvc.Infrastructure.ControllerActionInvoker.<InvokeInnerFilterAsync>g__Awaited|13_0(ControllerActionInvoker invoker, Task lastTask, State next, Scope scope, Object state, Boolean isCompleted)
   at Microsoft.AspNetCore.Mvc.Infrastructure.ResourceInvoker.<InvokeFilterPipelineAsync>g__Awaited|20_0(ResourceInvoker invoker, Task lastTask, State next, Scope scope, Object state, Boolean isCompleted)
   at Microsoft.AspNetCore.Mvc.Infrastructure.ResourceInvoker.<InvokeAsync>g__Awaited|17_0(ResourceInvoker invoker, Task task, IDisposable scope)
   at Microsoft.AspNetCore.Mvc.Infrastructure.ResourceInvoker.<InvokeAsync>g__Awaited|17_0(ResourceInvoker invoker, Task task, IDisposable scope)
   at Microsoft.AspNetCore.Authorization.AuthorizationMiddleware.Invoke(HttpContext context)
   at Microsoft.AspNetCore.Authentication.AuthenticationMiddleware.Invoke(HttpContext context)
   at Swashbuckle.AspNetCore.SwaggerUI.SwaggerUIMiddleware.Invoke(HttpContext httpContext)
   at Swashbuckle.AspNetCore.Swagger.SwaggerMiddleware.Invoke(HttpContext httpContext, ISwaggerProvider swaggerProvider)
   at SchoolCRM.API.Middleware.RequestLoggingMiddleware.InvokeAsync(HttpContext context) in /var/www/html/school-crm/src/SchoolCRM.API/Middleware/RequestLoggingMiddleware.cs:line 33
   at SchoolCRM.API.Middleware.GlobalExceptionMiddleware.InvokeAsync(HttpContext context) in /var/www/html/school-crm/src/SchoolCRM.API/Middleware/GlobalExceptionMiddleware.cs:line 23
2026-07-22 10:45:58.780 +05:30 [WRN] Redis unavailable, falling back to in-memory cache and basic SignalR: It was not possible to connect to the redis server(s). Error connecting right now. To allow this multiplexer to continue retrying until it's able to connect, use abortConnect=false in your connection string or AbortOnConnectFail=false; in your code.
2026-07-22 10:46:07.616 +05:30 [WRN] Entity 'ApplicationRole' has a global query filter defined and is the required end of a relationship with the entity 'ApplicationRoleClaim'. This may lead to unexpected results when the required entity is filtered out. Either configure the navigation as optional, or define matching query filters for both entities in the navigation. See https://go.microsoft.com/fwlink/?linkid=2131316 for more information.
2026-07-22 10:46:07.619 +05:30 [WRN] Entity 'ApplicationUser' has a global query filter defined and is the required end of a relationship with the entity 'ApplicationUserClaim'. This may lead to unexpected results when the required entity is filtered out. Either configure the navigation as optional, or define matching query filters for both entities in the navigation. See https://go.microsoft.com/fwlink/?linkid=2131316 for more information.
2026-07-22 10:46:07.619 +05:30 [WRN] Entity 'ApplicationUser' has a global query filter defined and is the required end of a relationship with the entity 'ApplicationUserLogin'. This may lead to unexpected results when the required entity is filtered out. Either configure the navigation as optional, or define matching query filters for both entities in the navigation. See https://go.microsoft.com/fwlink/?linkid=2131316 for more information.
2026-07-22 10:46:07.619 +05:30 [WRN] Entity 'ApplicationRole' has a global query filter defined and is the required end of a relationship with the entity 'ApplicationUserRole'. This may lead to unexpected results when the required entity is filtered out. Either configure the navigation as optional, or define matching query filters for both entities in the navigation. See https://go.microsoft.com/fwlink/?linkid=2131316 for more information.
2026-07-22 10:46:07.619 +05:30 [WRN] Entity 'ApplicationUser' has a global query filter defined and is the required end of a relationship with the entity 'ApplicationUserToken'. This may lead to unexpected results when the required entity is filtered out. Either configure the navigation as optional, or define matching query filters for both entities in the navigation. See https://go.microsoft.com/fwlink/?linkid=2131316 for more information.
2026-07-22 10:46:35.930 +05:30 [WRN] Redis unavailable, falling back to in-memory cache and basic SignalR: It was not possible to connect to the redis server(s). Error connecting right now. To allow this multiplexer to continue retrying until it's able to connect, use abortConnect=false in your connection string or AbortOnConnectFail=false; in your code.
2026-07-22 10:46:44.569 +05:30 [WRN] Entity 'ApplicationRole' has a global query filter defined and is the required end of a relationship with the entity 'ApplicationRoleClaim'. This may lead to unexpected results when the required entity is filtered out. Either configure the navigation as optional, or define matching query filters for both entities in the navigation. See https://go.microsoft.com/fwlink/?linkid=2131316 for more information.
2026-07-22 10:46:44.575 +05:30 [WRN] Entity 'ApplicationUser' has a global query filter defined and is the required end of a relationship with the entity 'ApplicationUserClaim'. This may lead to unexpected results when the required entity is filtered out. Either configure the navigation as optional, or define matching query filters for both entities in the navigation. See https://go.microsoft.com/fwlink/?linkid=2131316 for more information.
2026-07-22 10:46:44.575 +05:30 [WRN] Entity 'ApplicationUser' has a global query filter defined and is the required end of a relationship with the entity 'ApplicationUserLogin'. This may lead to unexpected results when the required entity is filtered out. Either configure the navigation as optional, or define matching query filters for both entities in the navigation. See https://go.microsoft.com/fwlink/?linkid=2131316 for more information.
2026-07-22 10:46:44.576 +05:30 [WRN] Entity 'ApplicationRole' has a global query filter defined and is the required end of a relationship with the entity 'ApplicationUserRole'. This may lead to unexpected results when the required entity is filtered out. Either configure the navigation as optional, or define matching query filters for both entities in the navigation. See https://go.microsoft.com/fwlink/?linkid=2131316 for more information.
2026-07-22 10:46:44.576 +05:30 [WRN] Entity 'ApplicationUser' has a global query filter defined and is the required end of a relationship with the entity 'ApplicationUserToken'. This may lead to unexpected results when the required entity is filtered out. Either configure the navigation as optional, or define matching query filters for both entities in the navigation. See https://go.microsoft.com/fwlink/?linkid=2131316 for more information.
2026-07-22 10:46:44.708 +05:30 [WRN] The foreign key property 'HomeworkSubmission.StudentId1' was created in shadow state because a conflicting property with the simple name 'StudentId' exists in the entity type, but is either not mapped, is already used for another relationship, or is incompatible with the associated primary key type. See https://aka.ms/efcore-relationships for information on mapping relationships in EF Core.
2026-07-22 10:46:44.708 +05:30 [WRN] The foreign key property 'ApplicationRoleClaim.RoleId1' was created in shadow state because a conflicting property with the simple name 'RoleId' exists in the entity type, but is either not mapped, is already used for another relationship, or is incompatible with the associated primary key type. See https://aka.ms/efcore-relationships for information on mapping relationships in EF Core.
2026-07-22 10:46:44.708 +05:30 [WRN] The foreign key property 'ApplicationUserClaim.UserId1' was created in shadow state because a conflicting property with the simple name 'UserId' exists in the entity type, but is either not mapped, is already used for another relationship, or is incompatible with the associated primary key type. See https://aka.ms/efcore-relationships for information on mapping relationships in EF Core.
2026-07-22 10:46:44.709 +05:30 [WRN] The foreign key property 'ApplicationUserLogin.UserId1' was created in shadow state because a conflicting property with the simple name 'UserId' exists in the entity type, but is either not mapped, is already used for another relationship, or is incompatible with the associated primary key type. See https://aka.ms/efcore-relationships for information on mapping relationships in EF Core.
2026-07-22 10:46:44.709 +05:30 [WRN] The foreign key property 'ApplicationUserRole.RoleId1' was created in shadow state because a conflicting property with the simple name 'RoleId' exists in the entity type, but is either not mapped, is already used for another relationship, or is incompatible with the associated primary key type. See https://aka.ms/efcore-relationships for information on mapping relationships in EF Core.
2026-07-22 10:46:44.709 +05:30 [WRN] The foreign key property 'ApplicationUserRole.UserId1' was created in shadow state because a conflicting property with the simple name 'UserId' exists in the entity type, but is either not mapped, is already used for another relationship, or is incompatible with the associated primary key type. See https://aka.ms/efcore-relationships for information on mapping relationships in EF Core.
2026-07-22 10:46:44.709 +05:30 [WRN] The foreign key property 'ApplicationUserToken.UserId1' was created in shadow state because a conflicting property with the simple name 'UserId' exists in the entity type, but is either not mapped, is already used for another relationship, or is incompatible with the associated primary key type. See https://aka.ms/efcore-relationships for information on mapping relationships in EF Core.
2026-07-22 10:46:46.096 +05:30 [INF] Database migrated successfully
2026-07-22 10:46:47.871 +05:30 [INF] Roles seeded successfully
2026-07-22 10:46:49.036 +05:30 [ERR] Failed executing DbCommand (12ms) [Parameters=[@p0='?' (DbType = Guid), @p1='?' (DbType = Guid), @p2='?' (DbType = Guid), @p3='?' (DbType = Guid), @p46='?' (DbType = Guid), @p4='?' (DbType = Int32), @p5='?' (Size = 500), @p6='?' (DbType = Int32), @p7='?' (Size = 100), @p8='?' (Size = 4000), @p47='?' (Size = 4000), @p9='?' (Size = 100), @p10='?' (DbType = DateTime), @p11='?' (Size = 4000), @p12='?' (DbType = DateTime), @p13='?' (DbType = DateTime), @p14='?' (Size = 4000), @p15='?' (Size = 256), @p16='?' (DbType = Boolean), @p17='?' (DbType = Int32), @p18='?' (Size = 100), @p19='?' (DbType = Int32), @p20='?' (DbType = Boolean), @p21='?' (DbType = Boolean), @p22='?' (Size = 100), @p23='?' (DbType = Boolean), @p24='?' (DbType = DateTimeOffset), @p25='?' (Size = 100), @p26='?' (Size = 100), @p27='?' (Size = 256), @p28='?' (Size = 256), @p29='?' (Size = 4000), @p30='?' (Size = 4000), @p31='?' (DbType = DateTime), @p32='?' (Size = 255), @p33='?' (Size = 4000), @p34='?' (DbType = Boolean), @p35='?' (Size = 20), @p36='?' (Size = 500), @p37='?' (Size = 4000), @p38='?' (DbType = DateTime), @p39='?' (Size = 100), @p40='?' (Size = 4000), @p41='?' (Size = 100), @p42='?' (DbType = Boolean), @p43='?' (DbType = DateTime), @p44='?' (Size = 4000), @p45='?' (Size = 256)], CommandType='"Text"', CommandTimeout='30']
INSERT INTO `AspNetUserRoles` (`RoleId`, `UserId`, `RoleId1`, `UserId1`)
VALUES (@p0, @p1, @p2, @p3);
UPDATE `AspNetUsers` SET `AccessFailedCount` = @p4, `Address` = @p5, `BloodGroup` = @p6, `City` = @p7, `ConcurrencyStamp` = @p8, `Country` = @p9, `CreatedAt` = @p10, `CreatedBy` = @p11, `DateOfBirth` = @p12, `DeletedAt` = @p13, `DeletedBy` = @p14, `Email` = @p15, `EmailConfirmed` = @p16, `FailedLoginAttempts` = @p17, `FirstName` = @p18, `Gender` = @p19, `IsActive` = @p20, `IsDeleted` = @p21, `LastName` = @p22, `LockoutEnabled` = @p23, `LockoutEnd` = @p24, `MiddleName` = @p25, `Nationality` = @p26, `NormalizedEmail` = @p27, `NormalizedUserName` = @p28, `PasswordHash` = @p29, `PasswordResetToken` = @p30, `PasswordResetTokenExpiry` = @p31, `PhoneNumber` = @p32, `PhoneNumber2` = @p33, `PhoneNumberConfirmed` = @p34, `PostalCode` = @p35, `ProfilePictureUrl` = @p36, `RefreshToken` = @p37, `RefreshTokenExpiry` = @p38, `Religion` = @p39, `SecurityStamp` = @p40, `State` = @p41, `TwoFactorEnabled` = @p42, `UpdatedAt` = @p43, `UpdatedBy` = @p44, `UserName` = @p45
WHERE `Id` = @p46 AND `ConcurrencyStamp` = @p47;
SELECT ROW_COUNT();
2026-07-22 10:46:49.111 +05:30 [ERR] An exception occurred in the database while saving changes for context type 'SchoolCRM.Infrastructure.Data.ApplicationDbContext'.
Microsoft.EntityFrameworkCore.DbUpdateException: An error occurred while saving the entity changes. See the inner exception for details.
 ---> MySqlConnector.MySqlException (0x80004005): Cannot add or update a child row: a foreign key constraint fails (`schoolcrm`.`AspNetUserRoles`, CONSTRAINT `FK_AspNetUserRoles_AspNetRoles_RoleId1` FOREIGN KEY (`RoleId1`) REFERENCES `AspNetRoles` (`Id`) ON DELETE CASCADE)
   at MySqlConnector.Core.ServerSession.ReceiveReplyAsync(IOBehavior ioBehavior, CancellationToken cancellationToken) in /_/src/MySqlConnector/Core/ServerSession.cs:line 894
   at MySqlConnector.Core.ResultSet.ReadResultSetHeaderAsync(IOBehavior ioBehavior) in /_/src/MySqlConnector/Core/ResultSet.cs:line 37
   at MySqlConnector.MySqlDataReader.ActivateResultSet(CancellationToken cancellationToken) in /_/src/MySqlConnector/MySqlDataReader.cs:line 130
   at MySqlConnector.MySqlDataReader.InitAsync(CommandListPosition commandListPosition, ICommandPayloadCreator payloadCreator, IDictionary`2 cachedProcedures, IMySqlCommand command, CommandBehavior behavior, Activity activity, IOBehavior ioBehavior, CancellationToken cancellationToken) in /_/src/MySqlConnector/MySqlDataReader.cs:line 483
   at MySqlConnector.Core.CommandExecutor.ExecuteReaderAsync(CommandListPosition commandListPosition, ICommandPayloadCreator payloadCreator, CommandBehavior behavior, Activity activity, IOBehavior ioBehavior, CancellationToken cancellationToken) in /_/src/MySqlConnector/Core/CommandExecutor.cs:line 56
   at MySqlConnector.MySqlCommand.ExecuteReaderAsync(CommandBehavior behavior, IOBehavior ioBehavior, CancellationToken cancellationToken) in /_/src/MySqlConnector/MySqlCommand.cs:line 357
   at MySqlConnector.MySqlCommand.ExecuteDbDataReaderAsync(CommandBehavior behavior, CancellationToken cancellationToken) in /_/src/MySqlConnector/MySqlCommand.cs:line 350
   at Microsoft.EntityFrameworkCore.Storage.RelationalCommand.ExecuteReaderAsync(RelationalCommandParameterObject parameterObject, CancellationToken cancellationToken)
   at Microsoft.EntityFrameworkCore.Storage.RelationalCommand.ExecuteReaderAsync(RelationalCommandParameterObject parameterObject, CancellationToken cancellationToken)
   at Microsoft.EntityFrameworkCore.Update.ReaderModificationCommandBatch.ExecuteAsync(IRelationalConnection connection, CancellationToken cancellationToken)
   --- End of inner exception stack trace ---
   at Microsoft.EntityFrameworkCore.Update.ReaderModificationCommandBatch.ExecuteAsync(IRelationalConnection connection, CancellationToken cancellationToken)
   at Microsoft.EntityFrameworkCore.Update.Internal.BatchExecutor.ExecuteAsync(IEnumerable`1 commandBatches, IRelationalConnection connection, CancellationToken cancellationToken)
   at Microsoft.EntityFrameworkCore.Update.Internal.BatchExecutor.ExecuteAsync(IEnumerable`1 commandBatches, IRelationalConnection connection, CancellationToken cancellationToken)
   at Microsoft.EntityFrameworkCore.Update.Internal.BatchExecutor.ExecuteAsync(IEnumerable`1 commandBatches, IRelationalConnection connection, CancellationToken cancellationToken)
   at Microsoft.EntityFrameworkCore.ChangeTracking.Internal.StateManager.SaveChangesAsync(IList`1 entriesToSave, CancellationToken cancellationToken)
   at Microsoft.EntityFrameworkCore.ChangeTracking.Internal.StateManager.SaveChangesAsync(StateManager stateManager, Boolean acceptAllChangesOnSuccess, CancellationToken cancellationToken)
   at Microsoft.EntityFrameworkCore.Storage.ExecutionStrategy.<>c__DisplayClass30_0`2.<<ExecuteAsync>b__0>d.MoveNext()
--- End of stack trace from previous location ---
   at Microsoft.EntityFrameworkCore.Storage.ExecutionStrategy.ExecuteImplementationAsync[TState,TResult](Func`4 operation, Func`4 verifySucceeded, TState state, CancellationToken cancellationToken)
   at Microsoft.EntityFrameworkCore.Storage.ExecutionStrategy.ExecuteImplementationAsync[TState,TResult](Func`4 operation, Func`4 verifySucceeded, TState state, CancellationToken cancellationToken)
   at Microsoft.EntityFrameworkCore.Storage.ExecutionStrategy.ExecuteAsync[TState,TResult](TState state, Func`4 operation, Func`4 verifySucceeded, CancellationToken cancellationToken)
   at Microsoft.EntityFrameworkCore.DbContext.SaveChangesAsync(Boolean acceptAllChangesOnSuccess, CancellationToken cancellationToken)
Microsoft.EntityFrameworkCore.DbUpdateException: An error occurred while saving the entity changes. See the inner exception for details.
 ---> MySqlConnector.MySqlException (0x80004005): Cannot add or update a child row: a foreign key constraint fails (`schoolcrm`.`AspNetUserRoles`, CONSTRAINT `FK_AspNetUserRoles_AspNetRoles_RoleId1` FOREIGN KEY (`RoleId1`) REFERENCES `AspNetRoles` (`Id`) ON DELETE CASCADE)
   at MySqlConnector.Core.ServerSession.ReceiveReplyAsync(IOBehavior ioBehavior, CancellationToken cancellationToken) in /_/src/MySqlConnector/Core/ServerSession.cs:line 894
   at MySqlConnector.Core.ResultSet.ReadResultSetHeaderAsync(IOBehavior ioBehavior) in /_/src/MySqlConnector/Core/ResultSet.cs:line 37
   at MySqlConnector.MySqlDataReader.ActivateResultSet(CancellationToken cancellationToken) in /_/src/MySqlConnector/MySqlDataReader.cs:line 130
   at MySqlConnector.MySqlDataReader.InitAsync(CommandListPosition commandListPosition, ICommandPayloadCreator payloadCreator, IDictionary`2 cachedProcedures, IMySqlCommand command, CommandBehavior behavior, Activity activity, IOBehavior ioBehavior, CancellationToken cancellationToken) in /_/src/MySqlConnector/MySqlDataReader.cs:line 483
   at MySqlConnector.Core.CommandExecutor.ExecuteReaderAsync(CommandListPosition commandListPosition, ICommandPayloadCreator payloadCreator, CommandBehavior behavior, Activity activity, IOBehavior ioBehavior, CancellationToken cancellationToken) in /_/src/MySqlConnector/Core/CommandExecutor.cs:line 56
   at MySqlConnector.MySqlCommand.ExecuteReaderAsync(CommandBehavior behavior, IOBehavior ioBehavior, CancellationToken cancellationToken) in /_/src/MySqlConnector/MySqlCommand.cs:line 357
   at MySqlConnector.MySqlCommand.ExecuteDbDataReaderAsync(CommandBehavior behavior, CancellationToken cancellationToken) in /_/src/MySqlConnector/MySqlCommand.cs:line 350
   at Microsoft.EntityFrameworkCore.Storage.RelationalCommand.ExecuteReaderAsync(RelationalCommandParameterObject parameterObject, CancellationToken cancellationToken)
   at Microsoft.EntityFrameworkCore.Storage.RelationalCommand.ExecuteReaderAsync(RelationalCommandParameterObject parameterObject, CancellationToken cancellationToken)
   at Microsoft.EntityFrameworkCore.Update.ReaderModificationCommandBatch.ExecuteAsync(IRelationalConnection connection, CancellationToken cancellationToken)
   --- End of inner exception stack trace ---
   at Microsoft.EntityFrameworkCore.Update.ReaderModificationCommandBatch.ExecuteAsync(IRelationalConnection connection, CancellationToken cancellationToken)
   at Microsoft.EntityFrameworkCore.Update.Internal.BatchExecutor.ExecuteAsync(IEnumerable`1 commandBatches, IRelationalConnection connection, CancellationToken cancellationToken)
   at Microsoft.EntityFrameworkCore.Update.Internal.BatchExecutor.ExecuteAsync(IEnumerable`1 commandBatches, IRelationalConnection connection, CancellationToken cancellationToken)
   at Microsoft.EntityFrameworkCore.Update.Internal.BatchExecutor.ExecuteAsync(IEnumerable`1 commandBatches, IRelationalConnection connection, CancellationToken cancellationToken)
   at Microsoft.EntityFrameworkCore.ChangeTracking.Internal.StateManager.SaveChangesAsync(IList`1 entriesToSave, CancellationToken cancellationToken)
   at Microsoft.EntityFrameworkCore.ChangeTracking.Internal.StateManager.SaveChangesAsync(StateManager stateManager, Boolean acceptAllChangesOnSuccess, CancellationToken cancellationToken)
   at Microsoft.EntityFrameworkCore.Storage.ExecutionStrategy.<>c__DisplayClass30_0`2.<<ExecuteAsync>b__0>d.MoveNext()
--- End of stack trace from previous location ---
   at Microsoft.EntityFrameworkCore.Storage.ExecutionStrategy.ExecuteImplementationAsync[TState,TResult](Func`4 operation, Func`4 verifySucceeded, TState state, CancellationToken cancellationToken)
   at Microsoft.EntityFrameworkCore.Storage.ExecutionStrategy.ExecuteImplementationAsync[TState,TResult](Func`4 operation, Func`4 verifySucceeded, TState state, CancellationToken cancellationToken)
   at Microsoft.EntityFrameworkCore.Storage.ExecutionStrategy.ExecuteAsync[TState,TResult](TState state, Func`4 operation, Func`4 verifySucceeded, CancellationToken cancellationToken)
   at Microsoft.EntityFrameworkCore.DbContext.SaveChangesAsync(Boolean acceptAllChangesOnSuccess, CancellationToken cancellationToken)
2026-07-22 10:48:27.082 +05:30 [WRN] Redis unavailable, falling back to in-memory cache and basic SignalR: It was not possible to connect to the redis server(s). Error connecting right now. To allow this multiplexer to continue retrying until it's able to connect, use abortConnect=false in your connection string or AbortOnConnectFail=false; in your code.
2026-07-22 10:49:46.483 +05:30 [WRN] Redis unavailable, falling back to in-memory cache and basic SignalR: It was not possible to connect to the redis server(s). Error connecting right now. To allow this multiplexer to continue retrying until it's able to connect, use abortConnect=false in your connection string or AbortOnConnectFail=false; in your code.
2026-07-22 10:49:52.302 +05:30 [WRN] Entity 'ApplicationRole' has a global query filter defined and is the required end of a relationship with the entity 'ApplicationRoleClaim'. This may lead to unexpected results when the required entity is filtered out. Either configure the navigation as optional, or define matching query filters for both entities in the navigation. See https://go.microsoft.com/fwlink/?linkid=2131316 for more information.
2026-07-22 10:49:52.305 +05:30 [WRN] Entity 'ApplicationUser' has a global query filter defined and is the required end of a relationship with the entity 'ApplicationUserClaim'. This may lead to unexpected results when the required entity is filtered out. Either configure the navigation as optional, or define matching query filters for both entities in the navigation. See https://go.microsoft.com/fwlink/?linkid=2131316 for more information.
2026-07-22 10:49:52.305 +05:30 [WRN] Entity 'ApplicationUser' has a global query filter defined and is the required end of a relationship with the entity 'ApplicationUserLogin'. This may lead to unexpected results when the required entity is filtered out. Either configure the navigation as optional, or define matching query filters for both entities in the navigation. See https://go.microsoft.com/fwlink/?linkid=2131316 for more information.
2026-07-22 10:49:52.306 +05:30 [WRN] Entity 'ApplicationRole' has a global query filter defined and is the required end of a relationship with the entity 'ApplicationUserRole'. This may lead to unexpected results when the required entity is filtered out. Either configure the navigation as optional, or define matching query filters for both entities in the navigation. See https://go.microsoft.com/fwlink/?linkid=2131316 for more information.
2026-07-22 10:49:52.306 +05:30 [WRN] Entity 'ApplicationUser' has a global query filter defined and is the required end of a relationship with the entity 'ApplicationUserToken'. This may lead to unexpected results when the required entity is filtered out. Either configure the navigation as optional, or define matching query filters for both entities in the navigation. See https://go.microsoft.com/fwlink/?linkid=2131316 for more information.
2026-07-22 10:49:52.323 +05:30 [WRN] Sensitive data logging is enabled. Log entries and exception messages may include sensitive application data; this mode should only be enabled during development.
2026-07-22 10:49:52.475 +05:30 [WRN] The foreign key property 'HomeworkSubmission.StudentId1' was created in shadow state because a conflicting property with the simple name 'StudentId' exists in the entity type, but is either not mapped, is already used for another relationship, or is incompatible with the associated primary key type. See https://aka.ms/efcore-relationships for information on mapping relationships in EF Core.
2026-07-22 10:49:56.586 +05:30 [WRN] Entity 'ApplicationRole' has a global query filter defined and is the required end of a relationship with the entity 'ApplicationRoleClaim'. This may lead to unexpected results when the required entity is filtered out. Either configure the navigation as optional, or define matching query filters for both entities in the navigation. See https://go.microsoft.com/fwlink/?linkid=2131316 for more information.
2026-07-22 10:49:56.586 +05:30 [WRN] Entity 'ApplicationUser' has a global query filter defined and is the required end of a relationship with the entity 'ApplicationUserClaim'. This may lead to unexpected results when the required entity is filtered out. Either configure the navigation as optional, or define matching query filters for both entities in the navigation. See https://go.microsoft.com/fwlink/?linkid=2131316 for more information.
2026-07-22 10:49:56.587 +05:30 [WRN] Entity 'ApplicationUser' has a global query filter defined and is the required end of a relationship with the entity 'ApplicationUserLogin'. This may lead to unexpected results when the required entity is filtered out. Either configure the navigation as optional, or define matching query filters for both entities in the navigation. See https://go.microsoft.com/fwlink/?linkid=2131316 for more information.
2026-07-22 10:49:56.587 +05:30 [WRN] Entity 'ApplicationRole' has a global query filter defined and is the required end of a relationship with the entity 'ApplicationUserRole'. This may lead to unexpected results when the required entity is filtered out. Either configure the navigation as optional, or define matching query filters for both entities in the navigation. See https://go.microsoft.com/fwlink/?linkid=2131316 for more information.
2026-07-22 10:49:56.587 +05:30 [WRN] Entity 'ApplicationUser' has a global query filter defined and is the required end of a relationship with the entity 'ApplicationUserToken'. This may lead to unexpected results when the required entity is filtered out. Either configure the navigation as optional, or define matching query filters for both entities in the navigation. See https://go.microsoft.com/fwlink/?linkid=2131316 for more information.
2026-07-22 10:49:56.640 +05:30 [WRN] The foreign key property 'HomeworkSubmission.StudentId1' was created in shadow state because a conflicting property with the simple name 'StudentId' exists in the entity type, but is either not mapped, is already used for another relationship, or is incompatible with the associated primary key type. See https://aka.ms/efcore-relationships for information on mapping relationships in EF Core.
2026-07-22 10:51:04.185 +05:30 [WRN] Redis unavailable, falling back to in-memory cache and basic SignalR: It was not possible to connect to the redis server(s). Error connecting right now. To allow this multiplexer to continue retrying until it's able to connect, use abortConnect=false in your connection string or AbortOnConnectFail=false; in your code.
2026-07-22 10:51:12.621 +05:30 [WRN] Entity 'ApplicationRole' has a global query filter defined and is the required end of a relationship with the entity 'ApplicationRoleClaim'. This may lead to unexpected results when the required entity is filtered out. Either configure the navigation as optional, or define matching query filters for both entities in the navigation. See https://go.microsoft.com/fwlink/?linkid=2131316 for more information.
2026-07-22 10:51:12.625 +05:30 [WRN] Entity 'ApplicationUser' has a global query filter defined and is the required end of a relationship with the entity 'ApplicationUserClaim'. This may lead to unexpected results when the required entity is filtered out. Either configure the navigation as optional, or define matching query filters for both entities in the navigation. See https://go.microsoft.com/fwlink/?linkid=2131316 for more information.
2026-07-22 10:51:12.626 +05:30 [WRN] Entity 'ApplicationUser' has a global query filter defined and is the required end of a relationship with the entity 'ApplicationUserLogin'. This may lead to unexpected results when the required entity is filtered out. Either configure the navigation as optional, or define matching query filters for both entities in the navigation. See https://go.microsoft.com/fwlink/?linkid=2131316 for more information.
2026-07-22 10:51:12.627 +05:30 [WRN] Entity 'ApplicationRole' has a global query filter defined and is the required end of a relationship with the entity 'ApplicationUserRole'. This may lead to unexpected results when the required entity is filtered out. Either configure the navigation as optional, or define matching query filters for both entities in the navigation. See https://go.microsoft.com/fwlink/?linkid=2131316 for more information.
2026-07-22 10:51:12.627 +05:30 [WRN] Entity 'ApplicationUser' has a global query filter defined and is the required end of a relationship with the entity 'ApplicationUserToken'. This may lead to unexpected results when the required entity is filtered out. Either configure the navigation as optional, or define matching query filters for both entities in the navigation. See https://go.microsoft.com/fwlink/?linkid=2131316 for more information.
2026-07-22 10:51:12.767 +05:30 [WRN] The foreign key property 'HomeworkSubmission.StudentId1' was created in shadow state because a conflicting property with the simple name 'StudentId' exists in the entity type, but is either not mapped, is already used for another relationship, or is incompatible with the associated primary key type. See https://aka.ms/efcore-relationships for information on mapping relationships in EF Core.
2026-07-22 10:51:54.220 +05:30 [WRN] Redis unavailable, falling back to in-memory cache and basic SignalR: It was not possible to connect to the redis server(s). Error connecting right now. To allow this multiplexer to continue retrying until it's able to connect, use abortConnect=false in your connection string or AbortOnConnectFail=false; in your code.
2026-07-22 10:52:00.179 +05:30 [WRN] Entity 'ApplicationRole' has a global query filter defined and is the required end of a relationship with the entity 'ApplicationRoleClaim'. This may lead to unexpected results when the required entity is filtered out. Either configure the navigation as optional, or define matching query filters for both entities in the navigation. See https://go.microsoft.com/fwlink/?linkid=2131316 for more information.
2026-07-22 10:52:00.183 +05:30 [WRN] Entity 'ApplicationUser' has a global query filter defined and is the required end of a relationship with the entity 'ApplicationUserClaim'. This may lead to unexpected results when the required entity is filtered out. Either configure the navigation as optional, or define matching query filters for both entities in the navigation. See https://go.microsoft.com/fwlink/?linkid=2131316 for more information.
2026-07-22 10:52:00.184 +05:30 [WRN] Entity 'ApplicationUser' has a global query filter defined and is the required end of a relationship with the entity 'ApplicationUserLogin'. This may lead to unexpected results when the required entity is filtered out. Either configure the navigation as optional, or define matching query filters for both entities in the navigation. See https://go.microsoft.com/fwlink/?linkid=2131316 for more information.
2026-07-22 10:52:00.184 +05:30 [WRN] Entity 'ApplicationRole' has a global query filter defined and is the required end of a relationship with the entity 'ApplicationUserRole'. This may lead to unexpected results when the required entity is filtered out. Either configure the navigation as optional, or define matching query filters for both entities in the navigation. See https://go.microsoft.com/fwlink/?linkid=2131316 for more information.
2026-07-22 10:52:00.184 +05:30 [WRN] Entity 'ApplicationUser' has a global query filter defined and is the required end of a relationship with the entity 'ApplicationUserToken'. This may lead to unexpected results when the required entity is filtered out. Either configure the navigation as optional, or define matching query filters for both entities in the navigation. See https://go.microsoft.com/fwlink/?linkid=2131316 for more information.
2026-07-22 10:52:00.331 +05:30 [WRN] The foreign key property 'HomeworkSubmission.StudentId1' was created in shadow state because a conflicting property with the simple name 'StudentId' exists in the entity type, but is either not mapped, is already used for another relationship, or is incompatible with the associated primary key type. See https://aka.ms/efcore-relationships for information on mapping relationships in EF Core.
2026-07-22 10:52:03.707 +05:30 [ERR] Failed executing DbCommand (9ms) [Parameters=[], CommandType='"Text"', CommandTimeout='30']
CREATE TABLE `AccountHeads` (
    `Id` char(36) COLLATE ascii_general_ci NOT NULL,
    `Name` varchar(200) CHARACTER SET utf8mb4 NOT NULL,
    `Code` varchar(50) CHARACTER SET utf8mb4 NOT NULL,
    `Type` int NOT NULL,
    `Description` longtext CHARACTER SET utf8mb4 NULL,
    `IsActive` tinyint(1) NOT NULL,
    `SchoolId` char(36) COLLATE ascii_general_ci NOT NULL,
    `CreatedBy` longtext CHARACTER SET utf8mb4 NULL,
    `UpdatedBy` longtext CHARACTER SET utf8mb4 NULL,
    `DeletedBy` longtext CHARACTER SET utf8mb4 NULL,
    `CreatedAt` datetime(6) NOT NULL,
    `UpdatedAt` datetime(6) NULL,
    `DeletedAt` datetime(6) NULL,
    `IsDeleted` tinyint(1) NOT NULL,
    CONSTRAINT `PK_AccountHeads` PRIMARY KEY (`Id`)
) CHARACTER SET=utf8mb4;
2026-07-22 10:52:27.816 +05:30 [WRN] Redis unavailable, falling back to in-memory cache and basic SignalR: It was not possible to connect to the redis server(s). Error connecting right now. To allow this multiplexer to continue retrying until it's able to connect, use abortConnect=false in your connection string or AbortOnConnectFail=false; in your code.
2026-07-22 10:52:38.349 +05:30 [WRN] Entity 'ApplicationRole' has a global query filter defined and is the required end of a relationship with the entity 'ApplicationRoleClaim'. This may lead to unexpected results when the required entity is filtered out. Either configure the navigation as optional, or define matching query filters for both entities in the navigation. See https://go.microsoft.com/fwlink/?linkid=2131316 for more information.
2026-07-22 10:52:38.353 +05:30 [WRN] Entity 'ApplicationUser' has a global query filter defined and is the required end of a relationship with the entity 'ApplicationUserClaim'. This may lead to unexpected results when the required entity is filtered out. Either configure the navigation as optional, or define matching query filters for both entities in the navigation. See https://go.microsoft.com/fwlink/?linkid=2131316 for more information.
2026-07-22 10:52:38.354 +05:30 [WRN] Entity 'ApplicationUser' has a global query filter defined and is the required end of a relationship with the entity 'ApplicationUserLogin'. This may lead to unexpected results when the required entity is filtered out. Either configure the navigation as optional, or define matching query filters for both entities in the navigation. See https://go.microsoft.com/fwlink/?linkid=2131316 for more information.
2026-07-22 10:52:38.354 +05:30 [WRN] Entity 'ApplicationRole' has a global query filter defined and is the required end of a relationship with the entity 'ApplicationUserRole'. This may lead to unexpected results when the required entity is filtered out. Either configure the navigation as optional, or define matching query filters for both entities in the navigation. See https://go.microsoft.com/fwlink/?linkid=2131316 for more information.
2026-07-22 10:52:38.355 +05:30 [WRN] Entity 'ApplicationUser' has a global query filter defined and is the required end of a relationship with the entity 'ApplicationUserToken'. This may lead to unexpected results when the required entity is filtered out. Either configure the navigation as optional, or define matching query filters for both entities in the navigation. See https://go.microsoft.com/fwlink/?linkid=2131316 for more information.
2026-07-22 10:52:38.530 +05:30 [WRN] The foreign key property 'HomeworkSubmission.StudentId1' was created in shadow state because a conflicting property with the simple name 'StudentId' exists in the entity type, but is either not mapped, is already used for another relationship, or is incompatible with the associated primary key type. See https://aka.ms/efcore-relationships for information on mapping relationships in EF Core.
2026-07-22 10:52:42.336 +05:30 [ERR] Failed executing DbCommand (8ms) [Parameters=[], CommandType='"Text"', CommandTimeout='30']
CREATE TABLE `AccountHeads` (
    `Id` char(36) COLLATE ascii_general_ci NOT NULL,
    `Name` varchar(200) CHARACTER SET utf8mb4 NOT NULL,
    `Code` varchar(50) CHARACTER SET utf8mb4 NOT NULL,
    `Type` int NOT NULL,
    `Description` longtext CHARACTER SET utf8mb4 NULL,
    `IsActive` tinyint(1) NOT NULL,
    `SchoolId` char(36) COLLATE ascii_general_ci NOT NULL,
    `CreatedBy` longtext CHARACTER SET utf8mb4 NULL,
    `UpdatedBy` longtext CHARACTER SET utf8mb4 NULL,
    `DeletedBy` longtext CHARACTER SET utf8mb4 NULL,
    `CreatedAt` datetime(6) NOT NULL,
    `UpdatedAt` datetime(6) NULL,
    `DeletedAt` datetime(6) NULL,
    `IsDeleted` tinyint(1) NOT NULL,
    CONSTRAINT `PK_AccountHeads` PRIMARY KEY (`Id`)
) CHARACTER SET=utf8mb4;
2026-07-22 10:53:50.015 +05:30 [WRN] Redis unavailable, falling back to in-memory cache and basic SignalR: It was not possible to connect to the redis server(s). Error connecting right now. To allow this multiplexer to continue retrying until it's able to connect, use abortConnect=false in your connection string or AbortOnConnectFail=false; in your code.
2026-07-22 10:53:56.375 +05:30 [WRN] Entity 'ApplicationRole' has a global query filter defined and is the required end of a relationship with the entity 'ApplicationRoleClaim'. This may lead to unexpected results when the required entity is filtered out. Either configure the navigation as optional, or define matching query filters for both entities in the navigation. See https://go.microsoft.com/fwlink/?linkid=2131316 for more information.
2026-07-22 10:53:56.379 +05:30 [WRN] Entity 'ApplicationUser' has a global query filter defined and is the required end of a relationship with the entity 'ApplicationUserClaim'. This may lead to unexpected results when the required entity is filtered out. Either configure the navigation as optional, or define matching query filters for both entities in the navigation. See https://go.microsoft.com/fwlink/?linkid=2131316 for more information.
2026-07-22 10:53:56.380 +05:30 [WRN] Entity 'ApplicationUser' has a global query filter defined and is the required end of a relationship with the entity 'ApplicationUserLogin'. This may lead to unexpected results when the required entity is filtered out. Either configure the navigation as optional, or define matching query filters for both entities in the navigation. See https://go.microsoft.com/fwlink/?linkid=2131316 for more information.
2026-07-22 10:53:56.381 +05:30 [WRN] Entity 'ApplicationRole' has a global query filter defined and is the required end of a relationship with the entity 'ApplicationUserRole'. This may lead to unexpected results when the required entity is filtered out. Either configure the navigation as optional, or define matching query filters for both entities in the navigation. See https://go.microsoft.com/fwlink/?linkid=2131316 for more information.
2026-07-22 10:53:56.381 +05:30 [WRN] Entity 'ApplicationUser' has a global query filter defined and is the required end of a relationship with the entity 'ApplicationUserToken'. This may lead to unexpected results when the required entity is filtered out. Either configure the navigation as optional, or define matching query filters for both entities in the navigation. See https://go.microsoft.com/fwlink/?linkid=2131316 for more information.
2026-07-22 10:53:56.569 +05:30 [WRN] The foreign key property 'HomeworkSubmission.StudentId1' was created in shadow state because a conflicting property with the simple name 'StudentId' exists in the entity type, but is either not mapped, is already used for another relationship, or is incompatible with the associated primary key type. See https://aka.ms/efcore-relationships for information on mapping relationships in EF Core.
2026-07-22 10:54:32.030 +05:30 [WRN] Redis unavailable, falling back to in-memory cache and basic SignalR: It was not possible to connect to the redis server(s). Error connecting right now. To allow this multiplexer to continue retrying until it's able to connect, use abortConnect=false in your connection string or AbortOnConnectFail=false; in your code.
2026-07-22 10:54:42.196 +05:30 [WRN] Entity 'ApplicationRole' has a global query filter defined and is the required end of a relationship with the entity 'ApplicationRoleClaim'. This may lead to unexpected results when the required entity is filtered out. Either configure the navigation as optional, or define matching query filters for both entities in the navigation. See https://go.microsoft.com/fwlink/?linkid=2131316 for more information.
2026-07-22 10:54:42.200 +05:30 [WRN] Entity 'ApplicationUser' has a global query filter defined and is the required end of a relationship with the entity 'ApplicationUserClaim'. This may lead to unexpected results when the required entity is filtered out. Either configure the navigation as optional, or define matching query filters for both entities in the navigation. See https://go.microsoft.com/fwlink/?linkid=2131316 for more information.
2026-07-22 10:54:42.200 +05:30 [WRN] Entity 'ApplicationUser' has a global query filter defined and is the required end of a relationship with the entity 'ApplicationUserLogin'. This may lead to unexpected results when the required entity is filtered out. Either configure the navigation as optional, or define matching query filters for both entities in the navigation. See https://go.microsoft.com/fwlink/?linkid=2131316 for more information.
2026-07-22 10:54:42.201 +05:30 [WRN] Entity 'ApplicationRole' has a global query filter defined and is the required end of a relationship with the entity 'ApplicationUserRole'. This may lead to unexpected results when the required entity is filtered out. Either configure the navigation as optional, or define matching query filters for both entities in the navigation. See https://go.microsoft.com/fwlink/?linkid=2131316 for more information.
2026-07-22 10:54:42.201 +05:30 [WRN] Entity 'ApplicationUser' has a global query filter defined and is the required end of a relationship with the entity 'ApplicationUserToken'. This may lead to unexpected results when the required entity is filtered out. Either configure the navigation as optional, or define matching query filters for both entities in the navigation. See https://go.microsoft.com/fwlink/?linkid=2131316 for more information.
2026-07-22 10:54:42.346 +05:30 [WRN] The foreign key property 'HomeworkSubmission.StudentId1' was created in shadow state because a conflicting property with the simple name 'StudentId' exists in the entity type, but is either not mapped, is already used for another relationship, or is incompatible with the associated primary key type. See https://aka.ms/efcore-relationships for information on mapping relationships in EF Core.
2026-07-22 10:54:45.652 +05:30 [ERR] Failed executing DbCommand (8ms) [Parameters=[], CommandType='"Text"', CommandTimeout='30']
CREATE TABLE `AccountHeads` (
    `Id` char(36) COLLATE ascii_general_ci NOT NULL,
    `Name` varchar(200) CHARACTER SET utf8mb4 NOT NULL,
    `Code` varchar(50) CHARACTER SET utf8mb4 NOT NULL,
    `Type` int NOT NULL,
    `Description` longtext CHARACTER SET utf8mb4 NULL,
    `IsActive` tinyint(1) NOT NULL,
    `SchoolId` char(36) COLLATE ascii_general_ci NOT NULL,
    `CreatedBy` longtext CHARACTER SET utf8mb4 NULL,
    `UpdatedBy` longtext CHARACTER SET utf8mb4 NULL,
    `DeletedBy` longtext CHARACTER SET utf8mb4 NULL,
    `CreatedAt` datetime(6) NOT NULL,
    `UpdatedAt` datetime(6) NULL,
    `DeletedAt` datetime(6) NULL,
    `IsDeleted` tinyint(1) NOT NULL,
    CONSTRAINT `PK_AccountHeads` PRIMARY KEY (`Id`)
) CHARACTER SET=utf8mb4;
2026-07-22 10:55:36.479 +05:30 [WRN] Redis unavailable, falling back to in-memory cache and basic SignalR: It was not possible to connect to the redis server(s). Error connecting right now. To allow this multiplexer to continue retrying until it's able to connect, use abortConnect=false in your connection string or AbortOnConnectFail=false; in your code.
2026-07-22 10:55:44.593 +05:30 [WRN] Entity 'ApplicationRole' has a global query filter defined and is the required end of a relationship with the entity 'ApplicationRoleClaim'. This may lead to unexpected results when the required entity is filtered out. Either configure the navigation as optional, or define matching query filters for both entities in the navigation. See https://go.microsoft.com/fwlink/?linkid=2131316 for more information.
2026-07-22 10:55:44.598 +05:30 [WRN] Entity 'ApplicationUser' has a global query filter defined and is the required end of a relationship with the entity 'ApplicationUserClaim'. This may lead to unexpected results when the required entity is filtered out. Either configure the navigation as optional, or define matching query filters for both entities in the navigation. See https://go.microsoft.com/fwlink/?linkid=2131316 for more information.
2026-07-22 10:55:44.598 +05:30 [WRN] Entity 'ApplicationUser' has a global query filter defined and is the required end of a relationship with the entity 'ApplicationUserLogin'. This may lead to unexpected results when the required entity is filtered out. Either configure the navigation as optional, or define matching query filters for both entities in the navigation. See https://go.microsoft.com/fwlink/?linkid=2131316 for more information.
2026-07-22 10:55:44.598 +05:30 [WRN] Entity 'ApplicationRole' has a global query filter defined and is the required end of a relationship with the entity 'ApplicationUserRole'. This may lead to unexpected results when the required entity is filtered out. Either configure the navigation as optional, or define matching query filters for both entities in the navigation. See https://go.microsoft.com/fwlink/?linkid=2131316 for more information.
2026-07-22 10:55:44.599 +05:30 [WRN] Entity 'ApplicationUser' has a global query filter defined and is the required end of a relationship with the entity 'ApplicationUserToken'. This may lead to unexpected results when the required entity is filtered out. Either configure the navigation as optional, or define matching query filters for both entities in the navigation. See https://go.microsoft.com/fwlink/?linkid=2131316 for more information.
2026-07-22 10:55:44.746 +05:30 [WRN] The foreign key property 'HomeworkSubmission.StudentId1' was created in shadow state because a conflicting property with the simple name 'StudentId' exists in the entity type, but is either not mapped, is already used for another relationship, or is incompatible with the associated primary key type. See https://aka.ms/efcore-relationships for information on mapping relationships in EF Core.
2026-07-22 10:56:28.550 +05:30 [WRN] Redis unavailable, falling back to in-memory cache and basic SignalR: It was not possible to connect to the redis server(s). Error connecting right now. To allow this multiplexer to continue retrying until it's able to connect, use abortConnect=false in your connection string or AbortOnConnectFail=false; in your code.
2026-07-22 10:56:36.797 +05:30 [WRN] Entity 'ApplicationRole' has a global query filter defined and is the required end of a relationship with the entity 'ApplicationRoleClaim'. This may lead to unexpected results when the required entity is filtered out. Either configure the navigation as optional, or define matching query filters for both entities in the navigation. See https://go.microsoft.com/fwlink/?linkid=2131316 for more information.
2026-07-22 10:56:36.801 +05:30 [WRN] Entity 'ApplicationUser' has a global query filter defined and is the required end of a relationship with the entity 'ApplicationUserClaim'. This may lead to unexpected results when the required entity is filtered out. Either configure the navigation as optional, or define matching query filters for both entities in the navigation. See https://go.microsoft.com/fwlink/?linkid=2131316 for more information.
2026-07-22 10:56:36.801 +05:30 [WRN] Entity 'ApplicationUser' has a global query filter defined and is the required end of a relationship with the entity 'ApplicationUserLogin'. This may lead to unexpected results when the required entity is filtered out. Either configure the navigation as optional, or define matching query filters for both entities in the navigation. See https://go.microsoft.com/fwlink/?linkid=2131316 for more information.
2026-07-22 10:56:36.802 +05:30 [WRN] Entity 'ApplicationRole' has a global query filter defined and is the required end of a relationship with the entity 'ApplicationUserRole'. This may lead to unexpected results when the required entity is filtered out. Either configure the navigation as optional, or define matching query filters for both entities in the navigation. See https://go.microsoft.com/fwlink/?linkid=2131316 for more information.
2026-07-22 10:56:36.802 +05:30 [WRN] Entity 'ApplicationUser' has a global query filter defined and is the required end of a relationship with the entity 'ApplicationUserToken'. This may lead to unexpected results when the required entity is filtered out. Either configure the navigation as optional, or define matching query filters for both entities in the navigation. See https://go.microsoft.com/fwlink/?linkid=2131316 for more information.
2026-07-22 10:56:36.951 +05:30 [WRN] The foreign key property 'HomeworkSubmission.StudentId1' was created in shadow state because a conflicting property with the simple name 'StudentId' exists in the entity type, but is either not mapped, is already used for another relationship, or is incompatible with the associated primary key type. See https://aka.ms/efcore-relationships for information on mapping relationships in EF Core.
2026-07-22 10:56:39.754 +05:30 [ERR] Failed executing DbCommand (7ms) [Parameters=[], CommandType='"Text"', CommandTimeout='30']
CREATE TABLE `AccountHeads` (
    `Id` char(36) COLLATE ascii_general_ci NOT NULL,
    `Name` varchar(200) CHARACTER SET utf8mb4 NOT NULL,
    `Code` varchar(50) CHARACTER SET utf8mb4 NOT NULL,
    `Type` int NOT NULL,
    `Description` longtext CHARACTER SET utf8mb4 NULL,
    `IsActive` tinyint(1) NOT NULL,
    `SchoolId` char(36) COLLATE ascii_general_ci NOT NULL,
    `CreatedBy` longtext CHARACTER SET utf8mb4 NULL,
    `UpdatedBy` longtext CHARACTER SET utf8mb4 NULL,
    `DeletedBy` longtext CHARACTER SET utf8mb4 NULL,
    `CreatedAt` datetime(6) NOT NULL,
    `UpdatedAt` datetime(6) NULL,
    `DeletedAt` datetime(6) NULL,
    `IsDeleted` tinyint(1) NOT NULL,
    CONSTRAINT `PK_AccountHeads` PRIMARY KEY (`Id`)
) CHARACTER SET=utf8mb4;
2026-07-22 10:59:34.585 +05:30 [WRN] Redis unavailable, falling back to in-memory cache and basic SignalR: It was not possible to connect to the redis server(s). Error connecting right now. To allow this multiplexer to continue retrying until it's able to connect, use abortConnect=false in your connection string or AbortOnConnectFail=false; in your code.
2026-07-22 10:59:44.842 +05:30 [WRN] Entity 'ApplicationRole' has a global query filter defined and is the required end of a relationship with the entity 'ApplicationRoleClaim'. This may lead to unexpected results when the required entity is filtered out. Either configure the navigation as optional, or define matching query filters for both entities in the navigation. See https://go.microsoft.com/fwlink/?linkid=2131316 for more information.
2026-07-22 10:59:44.846 +05:30 [WRN] Entity 'ApplicationUser' has a global query filter defined and is the required end of a relationship with the entity 'ApplicationUserClaim'. This may lead to unexpected results when the required entity is filtered out. Either configure the navigation as optional, or define matching query filters for both entities in the navigation. See https://go.microsoft.com/fwlink/?linkid=2131316 for more information.
2026-07-22 10:59:44.846 +05:30 [WRN] Entity 'ApplicationUser' has a global query filter defined and is the required end of a relationship with the entity 'ApplicationUserLogin'. This may lead to unexpected results when the required entity is filtered out. Either configure the navigation as optional, or define matching query filters for both entities in the navigation. See https://go.microsoft.com/fwlink/?linkid=2131316 for more information.
2026-07-22 10:59:44.847 +05:30 [WRN] Entity 'ApplicationRole' has a global query filter defined and is the required end of a relationship with the entity 'ApplicationUserRole'. This may lead to unexpected results when the required entity is filtered out. Either configure the navigation as optional, or define matching query filters for both entities in the navigation. See https://go.microsoft.com/fwlink/?linkid=2131316 for more information.
2026-07-22 10:59:44.847 +05:30 [WRN] Entity 'ApplicationUser' has a global query filter defined and is the required end of a relationship with the entity 'ApplicationUserToken'. This may lead to unexpected results when the required entity is filtered out. Either configure the navigation as optional, or define matching query filters for both entities in the navigation. See https://go.microsoft.com/fwlink/?linkid=2131316 for more information.
2026-07-22 10:59:45.032 +05:30 [WRN] The foreign key property 'HomeworkSubmission.StudentId1' was created in shadow state because a conflicting property with the simple name 'StudentId' exists in the entity type, but is either not mapped, is already used for another relationship, or is incompatible with the associated primary key type. See https://aka.ms/efcore-relationships for information on mapping relationships in EF Core.
2026-07-22 11:00:38.788 +05:30 [WRN] Redis unavailable, falling back to in-memory cache and basic SignalR: It was not possible to connect to the redis server(s). Error connecting right now. To allow this multiplexer to continue retrying until it's able to connect, use abortConnect=false in your connection string or AbortOnConnectFail=false; in your code.
2026-07-22 11:00:51.287 +05:30 [WRN] Entity 'ApplicationRole' has a global query filter defined and is the required end of a relationship with the entity 'ApplicationRoleClaim'. This may lead to unexpected results when the required entity is filtered out. Either configure the navigation as optional, or define matching query filters for both entities in the navigation. See https://go.microsoft.com/fwlink/?linkid=2131316 for more information.
2026-07-22 11:00:51.291 +05:30 [WRN] Entity 'ApplicationUser' has a global query filter defined and is the required end of a relationship with the entity 'ApplicationUserClaim'. This may lead to unexpected results when the required entity is filtered out. Either configure the navigation as optional, or define matching query filters for both entities in the navigation. See https://go.microsoft.com/fwlink/?linkid=2131316 for more information.
2026-07-22 11:00:51.291 +05:30 [WRN] Entity 'ApplicationUser' has a global query filter defined and is the required end of a relationship with the entity 'ApplicationUserLogin'. This may lead to unexpected results when the required entity is filtered out. Either configure the navigation as optional, or define matching query filters for both entities in the navigation. See https://go.microsoft.com/fwlink/?linkid=2131316 for more information.
2026-07-22 11:00:51.292 +05:30 [WRN] Entity 'ApplicationRole' has a global query filter defined and is the required end of a relationship with the entity 'ApplicationUserRole'. This may lead to unexpected results when the required entity is filtered out. Either configure the navigation as optional, or define matching query filters for both entities in the navigation. See https://go.microsoft.com/fwlink/?linkid=2131316 for more information.
2026-07-22 11:00:51.292 +05:30 [WRN] Entity 'ApplicationUser' has a global query filter defined and is the required end of a relationship with the entity 'ApplicationUserToken'. This may lead to unexpected results when the required entity is filtered out. Either configure the navigation as optional, or define matching query filters for both entities in the navigation. See https://go.microsoft.com/fwlink/?linkid=2131316 for more information.
2026-07-22 11:00:51.546 +05:30 [WRN] The foreign key property 'HomeworkSubmission.StudentId1' was created in shadow state because a conflicting property with the simple name 'StudentId' exists in the entity type, but is either not mapped, is already used for another relationship, or is incompatible with the associated primary key type. See https://aka.ms/efcore-relationships for information on mapping relationships in EF Core.
2026-07-22 11:00:55.332 +05:30 [ERR] Failed executing DbCommand (6ms) [Parameters=[], CommandType='"Text"', CommandTimeout='30']
CREATE TABLE `AccountHeads` (
    `Id` char(36) COLLATE ascii_general_ci NOT NULL,
    `Name` varchar(200) CHARACTER SET utf8mb4 NOT NULL,
    `Code` varchar(50) CHARACTER SET utf8mb4 NOT NULL,
    `Type` int NOT NULL,
    `Description` longtext CHARACTER SET utf8mb4 NULL,
    `IsActive` tinyint(1) NOT NULL,
    `SchoolId` char(36) COLLATE ascii_general_ci NOT NULL,
    `CreatedBy` longtext CHARACTER SET utf8mb4 NULL,
    `UpdatedBy` longtext CHARACTER SET utf8mb4 NULL,
    `DeletedBy` longtext CHARACTER SET utf8mb4 NULL,
    `CreatedAt` datetime(6) NOT NULL,
    `UpdatedAt` datetime(6) NULL,
    `DeletedAt` datetime(6) NULL,
    `IsDeleted` tinyint(1) NOT NULL,
    CONSTRAINT `PK_AccountHeads` PRIMARY KEY (`Id`)
) CHARACTER SET=utf8mb4;
2026-07-22 11:05:52.563 +05:30 [WRN] Redis unavailable, falling back to in-memory cache and basic SignalR: It was not possible to connect to the redis server(s). Error connecting right now. To allow this multiplexer to continue retrying until it's able to connect, use abortConnect=false in your connection string or AbortOnConnectFail=false; in your code.
2026-07-22 11:06:00.883 +05:30 [WRN] Entity 'ApplicationRole' has a global query filter defined and is the required end of a relationship with the entity 'ApplicationRoleClaim'. This may lead to unexpected results when the required entity is filtered out. Either configure the navigation as optional, or define matching query filters for both entities in the navigation. See https://go.microsoft.com/fwlink/?linkid=2131316 for more information.
2026-07-22 11:06:00.887 +05:30 [WRN] Entity 'ApplicationUser' has a global query filter defined and is the required end of a relationship with the entity 'ApplicationUserClaim'. This may lead to unexpected results when the required entity is filtered out. Either configure the navigation as optional, or define matching query filters for both entities in the navigation. See https://go.microsoft.com/fwlink/?linkid=2131316 for more information.
2026-07-22 11:06:00.887 +05:30 [WRN] Entity 'ApplicationUser' has a global query filter defined and is the required end of a relationship with the entity 'ApplicationUserLogin'. This may lead to unexpected results when the required entity is filtered out. Either configure the navigation as optional, or define matching query filters for both entities in the navigation. See https://go.microsoft.com/fwlink/?linkid=2131316 for more information.
2026-07-22 11:06:00.887 +05:30 [WRN] Entity 'ApplicationRole' has a global query filter defined and is the required end of a relationship with the entity 'ApplicationUserRole'. This may lead to unexpected results when the required entity is filtered out. Either configure the navigation as optional, or define matching query filters for both entities in the navigation. See https://go.microsoft.com/fwlink/?linkid=2131316 for more information.
2026-07-22 11:06:00.887 +05:30 [WRN] Entity 'ApplicationUser' has a global query filter defined and is the required end of a relationship with the entity 'ApplicationUserToken'. This may lead to unexpected results when the required entity is filtered out. Either configure the navigation as optional, or define matching query filters for both entities in the navigation. See https://go.microsoft.com/fwlink/?linkid=2131316 for more information.
2026-07-22 11:06:01.026 +05:30 [WRN] The foreign key property 'HomeworkSubmission.StudentId1' was created in shadow state because a conflicting property with the simple name 'StudentId' exists in the entity type, but is either not mapped, is already used for another relationship, or is incompatible with the associated primary key type. See https://aka.ms/efcore-relationships for information on mapping relationships in EF Core.
2026-07-22 11:06:32.370 +05:30 [INF] Database migrated successfully
2026-07-22 11:06:33.996 +05:30 [INF] Roles seeded successfully
2026-07-22 11:06:35.106 +05:30 [INF] Seeded user admin@schoolcrm.com with role SuperAdmin
2026-07-22 11:09:22.811 +05:30 [WRN] Redis unavailable, falling back to in-memory cache and basic SignalR: It was not possible to connect to the redis server(s). Error connecting right now. To allow this multiplexer to continue retrying until it's able to connect, use abortConnect=false in your connection string or AbortOnConnectFail=false; in your code.
2026-07-22 11:09:28.720 +05:30 [WRN] Entity 'ApplicationRole' has a global query filter defined and is the required end of a relationship with the entity 'ApplicationRoleClaim'. This may lead to unexpected results when the required entity is filtered out. Either configure the navigation as optional, or define matching query filters for both entities in the navigation. See https://go.microsoft.com/fwlink/?linkid=2131316 for more information.
2026-07-22 11:09:28.722 +05:30 [WRN] Entity 'ApplicationUser' has a global query filter defined and is the required end of a relationship with the entity 'ApplicationUserClaim'. This may lead to unexpected results when the required entity is filtered out. Either configure the navigation as optional, or define matching query filters for both entities in the navigation. See https://go.microsoft.com/fwlink/?linkid=2131316 for more information.
2026-07-22 11:09:28.723 +05:30 [WRN] Entity 'ApplicationUser' has a global query filter defined and is the required end of a relationship with the entity 'ApplicationUserLogin'. This may lead to unexpected results when the required entity is filtered out. Either configure the navigation as optional, or define matching query filters for both entities in the navigation. See https://go.microsoft.com/fwlink/?linkid=2131316 for more information.
2026-07-22 11:09:28.723 +05:30 [WRN] Entity 'ApplicationRole' has a global query filter defined and is the required end of a relationship with the entity 'ApplicationUserRole'. This may lead to unexpected results when the required entity is filtered out. Either configure the navigation as optional, or define matching query filters for both entities in the navigation. See https://go.microsoft.com/fwlink/?linkid=2131316 for more information.
2026-07-22 11:09:28.723 +05:30 [WRN] Entity 'ApplicationUser' has a global query filter defined and is the required end of a relationship with the entity 'ApplicationUserToken'. This may lead to unexpected results when the required entity is filtered out. Either configure the navigation as optional, or define matching query filters for both entities in the navigation. See https://go.microsoft.com/fwlink/?linkid=2131316 for more information.
2026-07-22 11:09:28.855 +05:30 [WRN] The foreign key property 'HomeworkSubmission.StudentId1' was created in shadow state because a conflicting property with the simple name 'StudentId' exists in the entity type, but is either not mapped, is already used for another relationship, or is incompatible with the associated primary key type. See https://aka.ms/efcore-relationships for information on mapping relationships in EF Core.
2026-07-22 11:09:30.062 +05:30 [INF] Database migrated successfully
2026-07-22 11:09:31.198 +05:30 [INF] Roles seeded successfully
2026-07-22 11:09:32.732 +05:30 [INF] Seeded user student@schoolcrm.com with role Student
2026-07-22 11:09:33.076 +05:30 [INF] Seeded user parent@schoolcrm.com with role Parent
2026-07-22 11:12:28.201 +05:30 [WRN] Redis unavailable, falling back to in-memory cache and basic SignalR: It was not possible to connect to the redis server(s). Error connecting right now. To allow this multiplexer to continue retrying until it's able to connect, use abortConnect=false in your connection string or AbortOnConnectFail=false; in your code.
2026-07-22 11:12:36.367 +05:30 [WRN] Entity 'ApplicationRole' has a global query filter defined and is the required end of a relationship with the entity 'ApplicationRoleClaim'. This may lead to unexpected results when the required entity is filtered out. Either configure the navigation as optional, or define matching query filters for both entities in the navigation. See https://go.microsoft.com/fwlink/?linkid=2131316 for more information.
2026-07-22 11:12:36.371 +05:30 [WRN] Entity 'ApplicationUser' has a global query filter defined and is the required end of a relationship with the entity 'ApplicationUserClaim'. This may lead to unexpected results when the required entity is filtered out. Either configure the navigation as optional, or define matching query filters for both entities in the navigation. See https://go.microsoft.com/fwlink/?linkid=2131316 for more information.
2026-07-22 11:12:36.372 +05:30 [WRN] Entity 'ApplicationUser' has a global query filter defined and is the required end of a relationship with the entity 'ApplicationUserLogin'. This may lead to unexpected results when the required entity is filtered out. Either configure the navigation as optional, or define matching query filters for both entities in the navigation. See https://go.microsoft.com/fwlink/?linkid=2131316 for more information.
2026-07-22 11:12:36.372 +05:30 [WRN] Entity 'ApplicationRole' has a global query filter defined and is the required end of a relationship with the entity 'ApplicationUserRole'. This may lead to unexpected results when the required entity is filtered out. Either configure the navigation as optional, or define matching query filters for both entities in the navigation. See https://go.microsoft.com/fwlink/?linkid=2131316 for more information.
2026-07-22 11:12:36.373 +05:30 [WRN] Entity 'ApplicationUser' has a global query filter defined and is the required end of a relationship with the entity 'ApplicationUserToken'. This may lead to unexpected results when the required entity is filtered out. Either configure the navigation as optional, or define matching query filters for both entities in the navigation. See https://go.microsoft.com/fwlink/?linkid=2131316 for more information.
2026-07-22 11:12:36.529 +05:30 [WRN] The foreign key property 'HomeworkSubmission.StudentId1' was created in shadow state because a conflicting property with the simple name 'StudentId' exists in the entity type, but is either not mapped, is already used for another relationship, or is incompatible with the associated primary key type. See https://aka.ms/efcore-relationships for information on mapping relationships in EF Core.
2026-07-22 11:12:38.009 +05:30 [INF] Database migrated successfully
2026-07-22 11:12:39.013 +05:30 [INF] Roles seeded successfully
2026-07-22 11:12:42.317 +05:30 [INF] [baaa0947-7bc1-48e3-a830-bf21cdf6d17c] POST /api/auth/login from 127.0.0.1 by Anonymous
2026-07-22 11:12:42.355 +05:30 [WRN] Failed to determine the https port for redirect.
2026-07-22 11:12:43.637 +05:30 [INF] [baaa0947-7bc1-48e3-a830-bf21cdf6d17c] POST /api/auth/login responded 200 in 1313ms
2026-07-22 11:18:27.100 +05:30 [WRN] Redis unavailable, falling back to in-memory cache and basic SignalR: It was not possible to connect to the redis server(s). Error connecting right now. To allow this multiplexer to continue retrying until it's able to connect, use abortConnect=false in your connection string or AbortOnConnectFail=false; in your code.
2026-07-22 11:18:35.912 +05:30 [WRN] Entity 'ApplicationRole' has a global query filter defined and is the required end of a relationship with the entity 'ApplicationRoleClaim'. This may lead to unexpected results when the required entity is filtered out. Either configure the navigation as optional, or define matching query filters for both entities in the navigation. See https://go.microsoft.com/fwlink/?linkid=2131316 for more information.
2026-07-22 11:18:35.917 +05:30 [WRN] Entity 'ApplicationUser' has a global query filter defined and is the required end of a relationship with the entity 'ApplicationUserClaim'. This may lead to unexpected results when the required entity is filtered out. Either configure the navigation as optional, or define matching query filters for both entities in the navigation. See https://go.microsoft.com/fwlink/?linkid=2131316 for more information.
2026-07-22 11:18:35.918 +05:30 [WRN] Entity 'ApplicationUser' has a global query filter defined and is the required end of a relationship with the entity 'ApplicationUserLogin'. This may lead to unexpected results when the required entity is filtered out. Either configure the navigation as optional, or define matching query filters for both entities in the navigation. See https://go.microsoft.com/fwlink/?linkid=2131316 for more information.
2026-07-22 11:18:35.918 +05:30 [WRN] Entity 'ApplicationRole' has a global query filter defined and is the required end of a relationship with the entity 'ApplicationUserRole'. This may lead to unexpected results when the required entity is filtered out. Either configure the navigation as optional, or define matching query filters for both entities in the navigation. See https://go.microsoft.com/fwlink/?linkid=2131316 for more information.
2026-07-22 11:18:35.918 +05:30 [WRN] Entity 'ApplicationUser' has a global query filter defined and is the required end of a relationship with the entity 'ApplicationUserToken'. This may lead to unexpected results when the required entity is filtered out. Either configure the navigation as optional, or define matching query filters for both entities in the navigation. See https://go.microsoft.com/fwlink/?linkid=2131316 for more information.
2026-07-22 11:18:36.061 +05:30 [WRN] The foreign key property 'HomeworkSubmission.StudentId1' was created in shadow state because a conflicting property with the simple name 'StudentId' exists in the entity type, but is either not mapped, is already used for another relationship, or is incompatible with the associated primary key type. See https://aka.ms/efcore-relationships for information on mapping relationships in EF Core.
2026-07-22 11:18:37.414 +05:30 [INF] Database migrated successfully
2026-07-22 11:18:38.494 +05:30 [INF] Roles seeded successfully
2026-07-22 11:18:45.989 +05:30 [INF] [ac52f2d9-5a0b-48e4-9444-33b31f4b1241] POST /api/auth/login from 127.0.0.1 by Anonymous
2026-07-22 11:18:46.030 +05:30 [WRN] Failed to determine the https port for redirect.
2026-07-22 11:18:47.275 +05:30 [INF] [ac52f2d9-5a0b-48e4-9444-33b31f4b1241] POST /api/auth/login responded 200 in 1280ms
2026-07-22 11:36:09.970 +05:30 [WRN] Redis unavailable, falling back to in-memory cache and basic SignalR: It was not possible to connect to the redis server(s). Error connecting right now. To allow this multiplexer to continue retrying until it's able to connect, use abortConnect=false in your connection string or AbortOnConnectFail=false; in your code.
2026-07-22 11:36:19.382 +05:30 [WRN] Entity 'ApplicationRole' has a global query filter defined and is the required end of a relationship with the entity 'ApplicationRoleClaim'. This may lead to unexpected results when the required entity is filtered out. Either configure the navigation as optional, or define matching query filters for both entities in the navigation. See https://go.microsoft.com/fwlink/?linkid=2131316 for more information.
2026-07-22 11:36:19.386 +05:30 [WRN] Entity 'ApplicationUser' has a global query filter defined and is the required end of a relationship with the entity 'ApplicationUserClaim'. This may lead to unexpected results when the required entity is filtered out. Either configure the navigation as optional, or define matching query filters for both entities in the navigation. See https://go.microsoft.com/fwlink/?linkid=2131316 for more information.
2026-07-22 11:36:19.387 +05:30 [WRN] Entity 'ApplicationUser' has a global query filter defined and is the required end of a relationship with the entity 'ApplicationUserLogin'. This may lead to unexpected results when the required entity is filtered out. Either configure the navigation as optional, or define matching query filters for both entities in the navigation. See https://go.microsoft.com/fwlink/?linkid=2131316 for more information.
2026-07-22 11:36:19.388 +05:30 [WRN] Entity 'ApplicationRole' has a global query filter defined and is the required end of a relationship with the entity 'ApplicationUserRole'. This may lead to unexpected results when the required entity is filtered out. Either configure the navigation as optional, or define matching query filters for both entities in the navigation. See https://go.microsoft.com/fwlink/?linkid=2131316 for more information.
2026-07-22 11:36:19.388 +05:30 [WRN] Entity 'ApplicationUser' has a global query filter defined and is the required end of a relationship with the entity 'ApplicationUserToken'. This may lead to unexpected results when the required entity is filtered out. Either configure the navigation as optional, or define matching query filters for both entities in the navigation. See https://go.microsoft.com/fwlink/?linkid=2131316 for more information.
2026-07-22 11:36:19.576 +05:30 [WRN] The foreign key property 'HomeworkSubmission.StudentId1' was created in shadow state because a conflicting property with the simple name 'StudentId' exists in the entity type, but is either not mapped, is already used for another relationship, or is incompatible with the associated primary key type. See https://aka.ms/efcore-relationships for information on mapping relationships in EF Core.
2026-07-22 11:36:21.324 +05:30 [INF] Database migrated successfully
2026-07-22 11:36:22.217 +05:30 [INF] Roles seeded successfully
2026-07-22 11:38:06.013 +05:30 [INF] [373c963a-a3c9-4969-bdc0-1736497dcb46] POST /api/auth/login from 127.0.0.1 by Anonymous
2026-07-22 11:38:06.052 +05:30 [WRN] Failed to determine the https port for redirect.
2026-07-22 11:38:07.469 +05:30 [INF] [373c963a-a3c9-4969-bdc0-1736497dcb46] POST /api/auth/login responded 200 in 1449ms
2026-07-22 11:38:15.820 +05:30 [INF] [7b659b03-d4ae-4053-92b7-57546a20e1df] POST /api/auth/login from 127.0.0.1 by Anonymous
2026-07-22 11:38:16.512 +05:30 [INF] [7b659b03-d4ae-4053-92b7-57546a20e1df] POST /api/auth/login responded 200 in 691ms
2026-07-22 11:39:05.949 +05:30 [INF] [35680c4d-9d98-45ed-8c02-284d1beab7b1] POST /api/auth/login from 127.0.0.1 by Anonymous
2026-07-22 11:39:06.302 +05:30 [ERR] An unhandled exception occurred: Invalid email or password.
System.UnauthorizedAccessException: Invalid email or password.
   at SchoolCRM.Infrastructure.Services.AuthService.LoginAsync(LoginDto dto, String ipAddress) in /var/www/html/school-crm/src/SchoolCRM.Infrastructure/Services/AuthService.cs:line 57
   at SchoolCRM.API.Controllers.AuthController.LoginAsync(LoginDto dto) in /var/www/html/school-crm/src/SchoolCRM.API/Controllers/AuthController.cs:line 28
   at lambda_method460(Closure, Object)
   at Microsoft.AspNetCore.Mvc.Infrastructure.ActionMethodExecutor.AwaitableObjectResultExecutor.Execute(ActionContext actionContext, IActionResultTypeMapper mapper, ObjectMethodExecutor executor, Object controller, Object[] arguments)
   at Microsoft.AspNetCore.Mvc.Infrastructure.ControllerActionInvoker.<InvokeActionMethodAsync>g__Awaited|12_0(ControllerActionInvoker invoker, ValueTask`1 actionResultValueTask)
   at Microsoft.AspNetCore.Mvc.Infrastructure.ControllerActionInvoker.<InvokeNextActionFilterAsync>g__Awaited|10_0(ControllerActionInvoker invoker, Task lastTask, State next, Scope scope, Object state, Boolean isCompleted)
   at Microsoft.AspNetCore.Mvc.Infrastructure.ControllerActionInvoker.Rethrow(ActionExecutedContextSealed context)
   at Microsoft.AspNetCore.Mvc.Infrastructure.ControllerActionInvoker.Next(State& next, Scope& scope, Object& state, Boolean& isCompleted)
   at Microsoft.AspNetCore.Mvc.Infrastructure.ControllerActionInvoker.<InvokeInnerFilterAsync>g__Awaited|13_0(ControllerActionInvoker invoker, Task lastTask, State next, Scope scope, Object state, Boolean isCompleted)
   at Microsoft.AspNetCore.Mvc.Infrastructure.ResourceInvoker.<InvokeFilterPipelineAsync>g__Awaited|20_0(ResourceInvoker invoker, Task lastTask, State next, Scope scope, Object state, Boolean isCompleted)
   at Microsoft.AspNetCore.Mvc.Infrastructure.ResourceInvoker.<InvokeAsync>g__Awaited|17_0(ResourceInvoker invoker, Task task, IDisposable scope)
   at Microsoft.AspNetCore.Mvc.Infrastructure.ResourceInvoker.<InvokeAsync>g__Awaited|17_0(ResourceInvoker invoker, Task task, IDisposable scope)
   at Microsoft.AspNetCore.Authorization.AuthorizationMiddleware.Invoke(HttpContext context)
   at Microsoft.AspNetCore.Authentication.AuthenticationMiddleware.Invoke(HttpContext context)
   at Swashbuckle.AspNetCore.SwaggerUI.SwaggerUIMiddleware.Invoke(HttpContext httpContext)
   at Swashbuckle.AspNetCore.Swagger.SwaggerMiddleware.Invoke(HttpContext httpContext, ISwaggerProvider swaggerProvider)
   at SchoolCRM.API.Middleware.RequestLoggingMiddleware.InvokeAsync(HttpContext context) in /var/www/html/school-crm/src/SchoolCRM.API/Middleware/RequestLoggingMiddleware.cs:line 33
   at SchoolCRM.API.Middleware.GlobalExceptionMiddleware.InvokeAsync(HttpContext context) in /var/www/html/school-crm/src/SchoolCRM.API/Middleware/GlobalExceptionMiddleware.cs:line 23
2026-07-22 11:39:23.125 +05:30 [INF] [f5d9058d-0d7e-4c0e-8f82-6bb1082c2898] POST /api/auth/login from 127.0.0.1 by Anonymous
2026-07-22 11:39:23.349 +05:30 [ERR] An unhandled exception occurred: Invalid email or password.
System.UnauthorizedAccessException: Invalid email or password.
   at SchoolCRM.Infrastructure.Services.AuthService.LoginAsync(LoginDto dto, String ipAddress) in /var/www/html/school-crm/src/SchoolCRM.Infrastructure/Services/AuthService.cs:line 57
   at SchoolCRM.API.Controllers.AuthController.LoginAsync(LoginDto dto) in /var/www/html/school-crm/src/SchoolCRM.API/Controllers/AuthController.cs:line 28
   at lambda_method460(Closure, Object)
   at Microsoft.AspNetCore.Mvc.Infrastructure.ActionMethodExecutor.AwaitableObjectResultExecutor.Execute(ActionContext actionContext, IActionResultTypeMapper mapper, ObjectMethodExecutor executor, Object controller, Object[] arguments)
   at Microsoft.AspNetCore.Mvc.Infrastructure.ControllerActionInvoker.<InvokeActionMethodAsync>g__Awaited|12_0(ControllerActionInvoker invoker, ValueTask`1 actionResultValueTask)
   at Microsoft.AspNetCore.Mvc.Infrastructure.ControllerActionInvoker.<InvokeNextActionFilterAsync>g__Awaited|10_0(ControllerActionInvoker invoker, Task lastTask, State next, Scope scope, Object state, Boolean isCompleted)
   at Microsoft.AspNetCore.Mvc.Infrastructure.ControllerActionInvoker.Rethrow(ActionExecutedContextSealed context)
   at Microsoft.AspNetCore.Mvc.Infrastructure.ControllerActionInvoker.Next(State& next, Scope& scope, Object& state, Boolean& isCompleted)
   at Microsoft.AspNetCore.Mvc.Infrastructure.ControllerActionInvoker.<InvokeInnerFilterAsync>g__Awaited|13_0(ControllerActionInvoker invoker, Task lastTask, State next, Scope scope, Object state, Boolean isCompleted)
   at Microsoft.AspNetCore.Mvc.Infrastructure.ResourceInvoker.<InvokeFilterPipelineAsync>g__Awaited|20_0(ResourceInvoker invoker, Task lastTask, State next, Scope scope, Object state, Boolean isCompleted)
   at Microsoft.AspNetCore.Mvc.Infrastructure.ResourceInvoker.<InvokeAsync>g__Awaited|17_0(ResourceInvoker invoker, Task task, IDisposable scope)
   at Microsoft.AspNetCore.Mvc.Infrastructure.ResourceInvoker.<InvokeAsync>g__Awaited|17_0(ResourceInvoker invoker, Task task, IDisposable scope)
   at Microsoft.AspNetCore.Authorization.AuthorizationMiddleware.Invoke(HttpContext context)
   at Microsoft.AspNetCore.Authentication.AuthenticationMiddleware.Invoke(HttpContext context)
   at Swashbuckle.AspNetCore.SwaggerUI.SwaggerUIMiddleware.Invoke(HttpContext httpContext)
   at Swashbuckle.AspNetCore.Swagger.SwaggerMiddleware.Invoke(HttpContext httpContext, ISwaggerProvider swaggerProvider)
   at SchoolCRM.API.Middleware.RequestLoggingMiddleware.InvokeAsync(HttpContext context) in /var/www/html/school-crm/src/SchoolCRM.API/Middleware/RequestLoggingMiddleware.cs:line 33
   at SchoolCRM.API.Middleware.GlobalExceptionMiddleware.InvokeAsync(HttpContext context) in /var/www/html/school-crm/src/SchoolCRM.API/Middleware/GlobalExceptionMiddleware.cs:line 23
2026-07-22 11:39:41.568 +05:30 [INF] [cc28b6fe-82f7-490a-a649-ac7d3663c2d4] POST /api/auth/login from 127.0.0.1 by Anonymous
2026-07-22 11:39:41.933 +05:30 [ERR] An unhandled exception occurred: Invalid email or password.
System.UnauthorizedAccessException: Invalid email or password.
   at SchoolCRM.Infrastructure.Services.AuthService.LoginAsync(LoginDto dto, String ipAddress) in /var/www/html/school-crm/src/SchoolCRM.Infrastructure/Services/AuthService.cs:line 57
   at SchoolCRM.API.Controllers.AuthController.LoginAsync(LoginDto dto) in /var/www/html/school-crm/src/SchoolCRM.API/Controllers/AuthController.cs:line 28
   at lambda_method460(Closure, Object)
   at Microsoft.AspNetCore.Mvc.Infrastructure.ActionMethodExecutor.AwaitableObjectResultExecutor.Execute(ActionContext actionContext, IActionResultTypeMapper mapper, ObjectMethodExecutor executor, Object controller, Object[] arguments)
   at Microsoft.AspNetCore.Mvc.Infrastructure.ControllerActionInvoker.<InvokeActionMethodAsync>g__Awaited|12_0(ControllerActionInvoker invoker, ValueTask`1 actionResultValueTask)
   at Microsoft.AspNetCore.Mvc.Infrastructure.ControllerActionInvoker.<InvokeNextActionFilterAsync>g__Awaited|10_0(ControllerActionInvoker invoker, Task lastTask, State next, Scope scope, Object state, Boolean isCompleted)
   at Microsoft.AspNetCore.Mvc.Infrastructure.ControllerActionInvoker.Rethrow(ActionExecutedContextSealed context)
   at Microsoft.AspNetCore.Mvc.Infrastructure.ControllerActionInvoker.Next(State& next, Scope& scope, Object& state, Boolean& isCompleted)
   at Microsoft.AspNetCore.Mvc.Infrastructure.ControllerActionInvoker.<InvokeInnerFilterAsync>g__Awaited|13_0(ControllerActionInvoker invoker, Task lastTask, State next, Scope scope, Object state, Boolean isCompleted)
   at Microsoft.AspNetCore.Mvc.Infrastructure.ResourceInvoker.<InvokeFilterPipelineAsync>g__Awaited|20_0(ResourceInvoker invoker, Task lastTask, State next, Scope scope, Object state, Boolean isCompleted)
   at Microsoft.AspNetCore.Mvc.Infrastructure.ResourceInvoker.<InvokeAsync>g__Awaited|17_0(ResourceInvoker invoker, Task task, IDisposable scope)
   at Microsoft.AspNetCore.Mvc.Infrastructure.ResourceInvoker.<InvokeAsync>g__Awaited|17_0(ResourceInvoker invoker, Task task, IDisposable scope)
   at Microsoft.AspNetCore.Authorization.AuthorizationMiddleware.Invoke(HttpContext context)
   at Microsoft.AspNetCore.Authentication.AuthenticationMiddleware.Invoke(HttpContext context)
   at Swashbuckle.AspNetCore.SwaggerUI.SwaggerUIMiddleware.Invoke(HttpContext httpContext)
   at Swashbuckle.AspNetCore.Swagger.SwaggerMiddleware.Invoke(HttpContext httpContext, ISwaggerProvider swaggerProvider)
   at SchoolCRM.API.Middleware.RequestLoggingMiddleware.InvokeAsync(HttpContext context) in /var/www/html/school-crm/src/SchoolCRM.API/Middleware/RequestLoggingMiddleware.cs:line 33
   at SchoolCRM.API.Middleware.GlobalExceptionMiddleware.InvokeAsync(HttpContext context) in /var/www/html/school-crm/src/SchoolCRM.API/Middleware/GlobalExceptionMiddleware.cs:line 23
2026-07-22 11:40:19.882 +05:30 [INF] [814deb0e-a06c-4515-9400-dc61a3eb13ef] POST /api/auth/login from 127.0.0.1 by Anonymous
2026-07-22 11:40:20.249 +05:30 [ERR] An unhandled exception occurred: Invalid email or password.
System.UnauthorizedAccessException: Invalid email or password.
   at SchoolCRM.Infrastructure.Services.AuthService.LoginAsync(LoginDto dto, String ipAddress) in /var/www/html/school-crm/src/SchoolCRM.Infrastructure/Services/AuthService.cs:line 57
   at SchoolCRM.API.Controllers.AuthController.LoginAsync(LoginDto dto) in /var/www/html/school-crm/src/SchoolCRM.API/Controllers/AuthController.cs:line 28
   at lambda_method460(Closure, Object)
   at Microsoft.AspNetCore.Mvc.Infrastructure.ActionMethodExecutor.AwaitableObjectResultExecutor.Execute(ActionContext actionContext, IActionResultTypeMapper mapper, ObjectMethodExecutor executor, Object controller, Object[] arguments)
   at Microsoft.AspNetCore.Mvc.Infrastructure.ControllerActionInvoker.<InvokeActionMethodAsync>g__Awaited|12_0(ControllerActionInvoker invoker, ValueTask`1 actionResultValueTask)
   at Microsoft.AspNetCore.Mvc.Infrastructure.ControllerActionInvoker.<InvokeNextActionFilterAsync>g__Awaited|10_0(ControllerActionInvoker invoker, Task lastTask, State next, Scope scope, Object state, Boolean isCompleted)
   at Microsoft.AspNetCore.Mvc.Infrastructure.ControllerActionInvoker.Rethrow(ActionExecutedContextSealed context)
   at Microsoft.AspNetCore.Mvc.Infrastructure.ControllerActionInvoker.Next(State& next, Scope& scope, Object& state, Boolean& isCompleted)
   at Microsoft.AspNetCore.Mvc.Infrastructure.ControllerActionInvoker.<InvokeInnerFilterAsync>g__Awaited|13_0(ControllerActionInvoker invoker, Task lastTask, State next, Scope scope, Object state, Boolean isCompleted)
   at Microsoft.AspNetCore.Mvc.Infrastructure.ResourceInvoker.<InvokeFilterPipelineAsync>g__Awaited|20_0(ResourceInvoker invoker, Task lastTask, State next, Scope scope, Object state, Boolean isCompleted)
   at Microsoft.AspNetCore.Mvc.Infrastructure.ResourceInvoker.<InvokeAsync>g__Awaited|17_0(ResourceInvoker invoker, Task task, IDisposable scope)
   at Microsoft.AspNetCore.Mvc.Infrastructure.ResourceInvoker.<InvokeAsync>g__Awaited|17_0(ResourceInvoker invoker, Task task, IDisposable scope)
   at Microsoft.AspNetCore.Authorization.AuthorizationMiddleware.Invoke(HttpContext context)
   at Microsoft.AspNetCore.Authentication.AuthenticationMiddleware.Invoke(HttpContext context)
   at Swashbuckle.AspNetCore.SwaggerUI.SwaggerUIMiddleware.Invoke(HttpContext httpContext)
   at Swashbuckle.AspNetCore.Swagger.SwaggerMiddleware.Invoke(HttpContext httpContext, ISwaggerProvider swaggerProvider)
   at SchoolCRM.API.Middleware.RequestLoggingMiddleware.InvokeAsync(HttpContext context) in /var/www/html/school-crm/src/SchoolCRM.API/Middleware/RequestLoggingMiddleware.cs:line 33
   at SchoolCRM.API.Middleware.GlobalExceptionMiddleware.InvokeAsync(HttpContext context) in /var/www/html/school-crm/src/SchoolCRM.API/Middleware/GlobalExceptionMiddleware.cs:line 23
2026-07-22 11:41:01.650 +05:30 [INF] [81617811-251e-48fb-9140-5ddd4a2fec60] POST /api/auth/login from 127.0.0.1 by Anonymous
2026-07-22 11:41:01.903 +05:30 [ERR] An unhandled exception occurred: Invalid email or password.
System.UnauthorizedAccessException: Invalid email or password.
   at SchoolCRM.Infrastructure.Services.AuthService.LoginAsync(LoginDto dto, String ipAddress) in /var/www/html/school-crm/src/SchoolCRM.Infrastructure/Services/AuthService.cs:line 57
   at SchoolCRM.API.Controllers.AuthController.LoginAsync(LoginDto dto) in /var/www/html/school-crm/src/SchoolCRM.API/Controllers/AuthController.cs:line 28
   at lambda_method460(Closure, Object)
   at Microsoft.AspNetCore.Mvc.Infrastructure.ActionMethodExecutor.AwaitableObjectResultExecutor.Execute(ActionContext actionContext, IActionResultTypeMapper mapper, ObjectMethodExecutor executor, Object controller, Object[] arguments)
   at Microsoft.AspNetCore.Mvc.Infrastructure.ControllerActionInvoker.<InvokeActionMethodAsync>g__Awaited|12_0(ControllerActionInvoker invoker, ValueTask`1 actionResultValueTask)
   at Microsoft.AspNetCore.Mvc.Infrastructure.ControllerActionInvoker.<InvokeNextActionFilterAsync>g__Awaited|10_0(ControllerActionInvoker invoker, Task lastTask, State next, Scope scope, Object state, Boolean isCompleted)
   at Microsoft.AspNetCore.Mvc.Infrastructure.ControllerActionInvoker.Rethrow(ActionExecutedContextSealed context)
   at Microsoft.AspNetCore.Mvc.Infrastructure.ControllerActionInvoker.Next(State& next, Scope& scope, Object& state, Boolean& isCompleted)
   at Microsoft.AspNetCore.Mvc.Infrastructure.ControllerActionInvoker.<InvokeInnerFilterAsync>g__Awaited|13_0(ControllerActionInvoker invoker, Task lastTask, State next, Scope scope, Object state, Boolean isCompleted)
   at Microsoft.AspNetCore.Mvc.Infrastructure.ResourceInvoker.<InvokeFilterPipelineAsync>g__Awaited|20_0(ResourceInvoker invoker, Task lastTask, State next, Scope scope, Object state, Boolean isCompleted)
   at Microsoft.AspNetCore.Mvc.Infrastructure.ResourceInvoker.<InvokeAsync>g__Awaited|17_0(ResourceInvoker invoker, Task task, IDisposable scope)
   at Microsoft.AspNetCore.Mvc.Infrastructure.ResourceInvoker.<InvokeAsync>g__Awaited|17_0(ResourceInvoker invoker, Task task, IDisposable scope)
   at Microsoft.AspNetCore.Authorization.AuthorizationMiddleware.Invoke(HttpContext context)
   at Microsoft.AspNetCore.Authentication.AuthenticationMiddleware.Invoke(HttpContext context)
   at Swashbuckle.AspNetCore.SwaggerUI.SwaggerUIMiddleware.Invoke(HttpContext httpContext)
   at Swashbuckle.AspNetCore.Swagger.SwaggerMiddleware.Invoke(HttpContext httpContext, ISwaggerProvider swaggerProvider)
   at SchoolCRM.API.Middleware.RequestLoggingMiddleware.InvokeAsync(HttpContext context) in /var/www/html/school-crm/src/SchoolCRM.API/Middleware/RequestLoggingMiddleware.cs:line 33
   at SchoolCRM.API.Middleware.GlobalExceptionMiddleware.InvokeAsync(HttpContext context) in /var/www/html/school-crm/src/SchoolCRM.API/Middleware/GlobalExceptionMiddleware.cs:line 23
2026-07-22 11:45:59.193 +05:30 [WRN] Redis unavailable, falling back to in-memory cache and basic SignalR: It was not possible to connect to the redis server(s). Error connecting right now. To allow this multiplexer to continue retrying until it's able to connect, use abortConnect=false in your connection string or AbortOnConnectFail=false; in your code.
2026-07-22 11:46:05.217 +05:30 [WRN] Entity 'ApplicationRole' has a global query filter defined and is the required end of a relationship with the entity 'ApplicationRoleClaim'. This may lead to unexpected results when the required entity is filtered out. Either configure the navigation as optional, or define matching query filters for both entities in the navigation. See https://go.microsoft.com/fwlink/?linkid=2131316 for more information.
2026-07-22 11:46:05.224 +05:30 [WRN] Entity 'ApplicationUser' has a global query filter defined and is the required end of a relationship with the entity 'ApplicationUserClaim'. This may lead to unexpected results when the required entity is filtered out. Either configure the navigation as optional, or define matching query filters for both entities in the navigation. See https://go.microsoft.com/fwlink/?linkid=2131316 for more information.
2026-07-22 11:46:05.225 +05:30 [WRN] Entity 'ApplicationUser' has a global query filter defined and is the required end of a relationship with the entity 'ApplicationUserLogin'. This may lead to unexpected results when the required entity is filtered out. Either configure the navigation as optional, or define matching query filters for both entities in the navigation. See https://go.microsoft.com/fwlink/?linkid=2131316 for more information.
2026-07-22 11:46:05.225 +05:30 [WRN] Entity 'ApplicationRole' has a global query filter defined and is the required end of a relationship with the entity 'ApplicationUserRole'. This may lead to unexpected results when the required entity is filtered out. Either configure the navigation as optional, or define matching query filters for both entities in the navigation. See https://go.microsoft.com/fwlink/?linkid=2131316 for more information.
2026-07-22 11:46:05.225 +05:30 [WRN] Entity 'ApplicationUser' has a global query filter defined and is the required end of a relationship with the entity 'ApplicationUserToken'. This may lead to unexpected results when the required entity is filtered out. Either configure the navigation as optional, or define matching query filters for both entities in the navigation. See https://go.microsoft.com/fwlink/?linkid=2131316 for more information.
2026-07-22 11:46:05.400 +05:30 [WRN] The foreign key property 'HomeworkSubmission.StudentId1' was created in shadow state because a conflicting property with the simple name 'StudentId' exists in the entity type, but is either not mapped, is already used for another relationship, or is incompatible with the associated primary key type. See https://aka.ms/efcore-relationships for information on mapping relationships in EF Core.
2026-07-22 11:46:36.780 +05:30 [INF] Database migrated successfully
2026-07-22 11:46:38.475 +05:30 [INF] Roles seeded successfully
2026-07-22 11:46:39.549 +05:30 [INF] Seeded user admin@schoolcrm.com with role SuperAdmin
2026-07-22 11:46:39.919 +05:30 [INF] Seeded user teacher@schoolcrm.com with role Teacher
2026-07-22 11:46:40.259 +05:30 [INF] Seeded user student@schoolcrm.com with role Student
2026-07-22 11:46:40.589 +05:30 [INF] Seeded user parent@schoolcrm.com with role Parent
2026-07-22 11:46:51.487 +05:30 [INF] [eb764833-c4c7-4f60-92f8-39b6d375184c] POST /api/auth/login from 127.0.0.1 by Anonymous
2026-07-22 11:46:51.528 +05:30 [WRN] Failed to determine the https port for redirect.
2026-07-22 11:46:52.339 +05:30 [INF] [eb764833-c4c7-4f60-92f8-39b6d375184c] POST /api/auth/login responded 200 in 843ms
2026-07-22 12:00:06.132 +05:30 [INF] [8231fa40-0bb7-4c91-8ab1-e2848da75a46] POST /api/auth/login from 127.0.0.1 by Anonymous
2026-07-22 12:00:06.828 +05:30 [INF] [8231fa40-0bb7-4c91-8ab1-e2848da75a46] POST /api/auth/login responded 200 in 695ms
2026-07-22 12:00:08.350 +05:30 [INF] [a77a0f55-a180-4e98-ba2b-01187bc1fb02] GET /api/dashboard/attendance-chart from 127.0.0.1 by Anonymous
2026-07-22 12:00:08.351 +05:30 [INF] [2e451820-b69b-4e08-a953-58ce1756b8ec] GET /api/dashboard/stats from 127.0.0.1 by Anonymous
2026-07-22 12:00:08.351 +05:30 [INF] [47c4173c-39ac-4ca6-a91f-db910bc70758] GET /api/dashboard/fee-chart from 127.0.0.1 by Anonymous
2026-07-22 12:00:08.701 +05:30 [INF] [47c4173c-39ac-4ca6-a91f-db910bc70758] GET /api/dashboard/fee-chart responded 200 in 345ms
2026-07-22 12:00:08.737 +05:30 [INF] [2f42b8d3-0ee4-44e1-ae67-094aa708c04d] GET /api/dashboard/fee-chart from 127.0.0.1 by Anonymous
2026-07-22 12:00:08.802 +05:30 [INF] [2f42b8d3-0ee4-44e1-ae67-094aa708c04d] GET /api/dashboard/fee-chart responded 200 in 64ms
2026-07-22 12:00:09.334 +05:30 [WRN] The query uses a row limiting operator ('Skip'/'Take') without an 'OrderBy' operator. This may lead to unpredictable results. If the 'Distinct' operator is used after 'OrderBy', then make sure to use the 'OrderBy' operator after 'Distinct' as the ordering would otherwise get erased.
2026-07-22 12:00:09.335 +05:30 [WRN] The query uses a row limiting operator ('Skip'/'Take') without an 'OrderBy' operator. This may lead to unpredictable results. If the 'Distinct' operator is used after 'OrderBy', then make sure to use the 'OrderBy' operator after 'Distinct' as the ordering would otherwise get erased.
2026-07-22 12:00:09.391 +05:30 [INF] [2e451820-b69b-4e08-a953-58ce1756b8ec] GET /api/dashboard/stats responded 200 in 1036ms
2026-07-22 12:00:09.413 +05:30 [INF] [4db173d0-7517-42f5-b9e4-e45b00c9c7f8] GET /api/dashboard/stats from 127.0.0.1 by Anonymous
2026-07-22 12:00:09.481 +05:30 [INF] [4db173d0-7517-42f5-b9e4-e45b00c9c7f8] GET /api/dashboard/stats responded 200 in 67ms
2026-07-22 12:00:10.156 +05:30 [INF] [a77a0f55-a180-4e98-ba2b-01187bc1fb02] GET /api/dashboard/attendance-chart responded 200 in 1803ms
2026-07-22 12:00:10.167 +05:30 [INF] [b68c8767-ee71-4668-9384-e3b55b9a296e] GET /api/dashboard/attendance-chart from 127.0.0.1 by Anonymous
2026-07-22 12:00:11.014 +05:30 [INF] [b68c8767-ee71-4668-9384-e3b55b9a296e] GET /api/dashboard/attendance-chart responded 200 in 845ms
2026-07-22 12:00:19.969 +05:30 [INF] [e523e236-a110-405b-9f82-8923c2ecdc7d] GET /api/students from 127.0.0.1 by Anonymous
2026-07-22 12:00:20.133 +05:30 [INF] [e523e236-a110-405b-9f82-8923c2ecdc7d] GET /api/students responded 200 in 162ms
2026-07-22 12:00:20.138 +05:30 [INF] [04e6a0b4-1b25-4942-b456-b1e8835fa611] GET /api/students from 127.0.0.1 by Anonymous
2026-07-22 12:00:20.160 +05:30 [INF] [04e6a0b4-1b25-4942-b456-b1e8835fa611] GET /api/students responded 200 in 22ms
2026-07-22 12:00:23.126 +05:30 [INF] [5e1812d8-8703-40ef-980a-2418fb21e07f] GET /api/teachers from 127.0.0.1 by Anonymous
2026-07-22 12:00:23.239 +05:30 [INF] [5e1812d8-8703-40ef-980a-2418fb21e07f] GET /api/teachers responded 200 in 112ms
2026-07-22 12:00:23.246 +05:30 [INF] [8c0fa1d6-b6bf-46aa-bf73-1060c6caef56] GET /api/teachers from 127.0.0.1 by Anonymous
2026-07-22 12:00:23.269 +05:30 [INF] [8c0fa1d6-b6bf-46aa-bf73-1060c6caef56] GET /api/teachers responded 200 in 21ms
2026-07-22 12:00:41.417 +05:30 [INF] [7b7d46c4-657f-42bd-b13d-f9bda2f8a5c8] GET /api/dashboard/stats from 127.0.0.1 by Anonymous
2026-07-22 12:00:41.425 +05:30 [INF] [0b134398-fb96-436e-9331-3431e021a297] GET /api/dashboard/attendance-chart from 127.0.0.1 by Anonymous
2026-07-22 12:00:41.487 +05:30 [INF] [7b7d46c4-657f-42bd-b13d-f9bda2f8a5c8] GET /api/dashboard/stats responded 200 in 69ms
2026-07-22 12:00:41.494 +05:30 [INF] [3c4c9e48-cfb7-4c00-80dd-d7c7a8fe5aa4] GET /api/dashboard/stats from 127.0.0.1 by Anonymous
2026-07-22 12:00:41.532 +05:30 [INF] [3c4c9e48-cfb7-4c00-80dd-d7c7a8fe5aa4] GET /api/dashboard/stats responded 200 in 37ms
2026-07-22 12:00:42.190 +05:30 [INF] [0b134398-fb96-436e-9331-3431e021a297] GET /api/dashboard/attendance-chart responded 200 in 765ms
2026-07-22 12:00:42.196 +05:30 [INF] [8430ae60-88a6-4695-9a1b-2ce05c55a1d0] GET /api/dashboard/attendance-chart from 127.0.0.1 by Anonymous
2026-07-22 12:00:42.780 +05:30 [INF] [8430ae60-88a6-4695-9a1b-2ce05c55a1d0] GET /api/dashboard/attendance-chart responded 200 in 584ms
2026-07-22 12:00:45.994 +05:30 [INF] [57b8d446-02dd-494d-bdf1-4a49e12056f8] GET /api/dashboard/stats from 127.0.0.1 by Anonymous
2026-07-22 12:00:46.003 +05:30 [INF] [c7b04873-73c5-4fe2-9479-1c6ed6fabd57] GET /api/dashboard/fee-chart from 127.0.0.1 by Anonymous
2026-07-22 12:00:46.003 +05:30 [INF] [de018db9-e0a2-46a2-a32f-e152791353de] GET /api/dashboard/attendance-chart from 127.0.0.1 by Anonymous
2026-07-22 12:00:46.054 +05:30 [INF] [c7b04873-73c5-4fe2-9479-1c6ed6fabd57] GET /api/dashboard/fee-chart responded 200 in 50ms
2026-07-22 12:00:46.066 +05:30 [INF] [9be0e7fc-bc9f-4206-878c-16e91731b674] GET /api/dashboard/fee-chart from 127.0.0.1 by Anonymous
2026-07-22 12:00:46.081 +05:30 [INF] [57b8d446-02dd-494d-bdf1-4a49e12056f8] GET /api/dashboard/stats responded 200 in 87ms
2026-07-22 12:00:46.091 +05:30 [INF] [5e6ce540-0ea3-4fda-bc67-8c843286038a] GET /api/dashboard/stats from 127.0.0.1 by Anonymous
2026-07-22 12:00:46.094 +05:30 [INF] [9be0e7fc-bc9f-4206-878c-16e91731b674] GET /api/dashboard/fee-chart responded 200 in 26ms
2026-07-22 12:00:46.146 +05:30 [INF] [5e6ce540-0ea3-4fda-bc67-8c843286038a] GET /api/dashboard/stats responded 200 in 54ms
2026-07-22 12:00:46.975 +05:30 [INF] [de018db9-e0a2-46a2-a32f-e152791353de] GET /api/dashboard/attendance-chart responded 200 in 972ms
2026-07-22 12:00:46.985 +05:30 [INF] [8f559f2f-591e-440a-b065-fd0580b343df] GET /api/dashboard/attendance-chart from 127.0.0.1 by Anonymous
2026-07-22 12:00:47.715 +05:30 [INF] [8f559f2f-591e-440a-b065-fd0580b343df] GET /api/dashboard/attendance-chart responded 200 in 729ms
2026-07-22 12:00:49.975 +05:30 [INF] [d8e9a23b-cda5-4721-84eb-9c257d33bba2] GET /api/students from 127.0.0.1 by Anonymous
2026-07-22 12:00:50.004 +05:30 [INF] [d8e9a23b-cda5-4721-84eb-9c257d33bba2] GET /api/students responded 200 in 28ms
2026-07-22 12:00:50.013 +05:30 [INF] [87bb07bf-35ea-4552-a21b-e354a50c4201] GET /api/students from 127.0.0.1 by Anonymous
2026-07-22 12:00:50.034 +05:30 [INF] [87bb07bf-35ea-4552-a21b-e354a50c4201] GET /api/students responded 200 in 20ms
2026-07-22 12:00:51.308 +05:30 [INF] [db79eafb-7e1e-4386-b578-8660b0b1b3d7] GET /api/dashboard/stats from 127.0.0.1 by Anonymous
2026-07-22 12:00:51.321 +05:30 [INF] [20b99019-d200-47b9-ac39-5d51f8de1ea2] GET /api/dashboard/attendance-chart from 127.0.0.1 by Anonymous
2026-07-22 12:00:51.354 +05:30 [INF] [db79eafb-7e1e-4386-b578-8660b0b1b3d7] GET /api/dashboard/stats responded 200 in 45ms
2026-07-22 12:00:51.363 +05:30 [INF] [26b8c67e-a3b3-4527-a733-cc460e21fdb7] GET /api/dashboard/stats from 127.0.0.1 by Anonymous
2026-07-22 12:00:51.396 +05:30 [INF] [26b8c67e-a3b3-4527-a733-cc460e21fdb7] GET /api/dashboard/stats responded 200 in 32ms
2026-07-22 12:00:51.953 +05:30 [INF] [20b99019-d200-47b9-ac39-5d51f8de1ea2] GET /api/dashboard/attendance-chart responded 200 in 631ms
2026-07-22 12:00:51.958 +05:30 [INF] [b613829e-e81e-4b93-a1ab-4cbcfd6308bb] GET /api/dashboard/attendance-chart from 127.0.0.1 by Anonymous
2026-07-22 12:00:52.523 +05:30 [INF] [b613829e-e81e-4b93-a1ab-4cbcfd6308bb] GET /api/dashboard/attendance-chart responded 200 in 564ms
2026-07-22 12:01:39.028 +05:30 [INF] [ce82908b-109f-43de-962d-6bb2ee26e749] GET /api/dashboard/stats from 127.0.0.1 by Anonymous
2026-07-22 12:01:39.060 +05:30 [INF] [c9a0632a-2f1f-44d1-a997-d9da90690394] GET /api/dashboard/attendance-chart from 127.0.0.1 by Anonymous
2026-07-22 12:01:39.132 +05:30 [INF] [ce82908b-109f-43de-962d-6bb2ee26e749] GET /api/dashboard/stats responded 200 in 103ms
2026-07-22 12:01:39.165 +05:30 [INF] [b440140b-d71c-43d9-a397-af16f57f4578] GET /api/dashboard/stats from 127.0.0.1 by Anonymous
2026-07-22 12:01:39.255 +05:30 [INF] [b440140b-d71c-43d9-a397-af16f57f4578] GET /api/dashboard/stats responded 200 in 88ms
2026-07-22 12:01:40.486 +05:30 [INF] [c9a0632a-2f1f-44d1-a997-d9da90690394] GET /api/dashboard/attendance-chart responded 200 in 1426ms
2026-07-22 12:01:40.502 +05:30 [INF] [64b1b9df-e2fc-4b25-9d95-81c13ea087b6] GET /api/dashboard/attendance-chart from 127.0.0.1 by Anonymous
2026-07-22 12:01:41.673 +05:30 [INF] [64b1b9df-e2fc-4b25-9d95-81c13ea087b6] GET /api/dashboard/attendance-chart responded 200 in 1170ms
2026-07-22 12:03:03.321 +05:30 [INF] [01cce30b-15ea-4099-bff6-fae59cac66dd] GET /api/dashboard/stats from 127.0.0.1 by Anonymous
2026-07-22 12:03:03.328 +05:30 [INF] [c7068c3c-2fba-4f97-bba2-81c290ea3554] GET /api/dashboard/attendance-chart from 127.0.0.1 by Anonymous
2026-07-22 12:03:03.341 +05:30 [INF] [1176ae92-d84f-4d7f-9639-9730995f3834] GET /api/dashboard/fee-chart from 127.0.0.1 by Anonymous
2026-07-22 12:03:03.381 +05:30 [INF] [1176ae92-d84f-4d7f-9639-9730995f3834] GET /api/dashboard/fee-chart responded 200 in 38ms
2026-07-22 12:03:03.399 +05:30 [INF] [b98a5d9d-bc02-4a25-86f9-62b0d9143790] GET /api/dashboard/fee-chart from 127.0.0.1 by Anonymous
2026-07-22 12:03:03.447 +05:30 [INF] [b98a5d9d-bc02-4a25-86f9-62b0d9143790] GET /api/dashboard/fee-chart responded 200 in 47ms
2026-07-22 12:03:03.464 +05:30 [INF] [01cce30b-15ea-4099-bff6-fae59cac66dd] GET /api/dashboard/stats responded 200 in 142ms
2026-07-22 12:03:03.500 +05:30 [INF] [b39af66f-d612-4301-a8d6-1ff158f14073] GET /api/dashboard/stats from 127.0.0.1 by Anonymous
2026-07-22 12:03:03.613 +05:30 [INF] [b39af66f-d612-4301-a8d6-1ff158f14073] GET /api/dashboard/stats responded 200 in 111ms
2026-07-22 12:03:04.372 +05:30 [INF] [c7068c3c-2fba-4f97-bba2-81c290ea3554] GET /api/dashboard/attendance-chart responded 200 in 1043ms
2026-07-22 12:03:04.380 +05:30 [INF] [cb15bdfc-9ea0-45af-b4b6-8763aaec7fbe] GET /api/dashboard/attendance-chart from 127.0.0.1 by Anonymous
2026-07-22 12:03:05.029 +05:30 [INF] [cb15bdfc-9ea0-45af-b4b6-8763aaec7fbe] GET /api/dashboard/attendance-chart responded 200 in 648ms
2026-07-22 12:03:07.441 +05:30 [INF] [6688b7e9-3f9d-47dd-9484-eed9d82fa665] GET /api/students from 127.0.0.1 by Anonymous
2026-07-22 12:03:07.492 +05:30 [INF] [6688b7e9-3f9d-47dd-9484-eed9d82fa665] GET /api/students responded 200 in 50ms
2026-07-22 12:03:07.520 +05:30 [INF] [9c93b90e-3ac8-45f7-8978-71bd2f5ed627] GET /api/students from 127.0.0.1 by Anonymous
2026-07-22 12:03:07.564 +05:30 [INF] [9c93b90e-3ac8-45f7-8978-71bd2f5ed627] GET /api/students responded 200 in 43ms
2026-07-22 12:03:10.337 +05:30 [INF] [9e5098f0-5f61-47e4-a194-ac144beeb507] GET /api/dashboard/attendance-chart from 127.0.0.1 by Anonymous
2026-07-22 12:03:10.337 +05:30 [INF] [94e1fd5a-8d31-4484-8153-931d6276b3d5] GET /api/dashboard/stats from 127.0.0.1 by Anonymous
2026-07-22 12:03:10.432 +05:30 [INF] [94e1fd5a-8d31-4484-8153-931d6276b3d5] GET /api/dashboard/stats responded 200 in 93ms
2026-07-22 12:03:10.447 +05:30 [INF] [329f067d-6023-4ed6-b884-7c382b58aa91] GET /api/dashboard/stats from 127.0.0.1 by Anonymous
2026-07-22 12:03:10.522 +05:30 [INF] [329f067d-6023-4ed6-b884-7c382b58aa91] GET /api/dashboard/stats responded 200 in 75ms
2026-07-22 12:03:11.226 +05:30 [INF] [9e5098f0-5f61-47e4-a194-ac144beeb507] GET /api/dashboard/attendance-chart responded 200 in 888ms
2026-07-22 12:03:11.233 +05:30 [INF] [13348e4c-fd8d-45da-9eae-e0d6789aa858] GET /api/dashboard/attendance-chart from 127.0.0.1 by Anonymous
2026-07-22 12:03:11.924 +05:30 [INF] [13348e4c-fd8d-45da-9eae-e0d6789aa858] GET /api/dashboard/attendance-chart responded 200 in 691ms
2026-07-22 12:03:16.739 +05:30 [INF] [5bd70ae8-e1c3-4346-9033-6f8dfd50029d] GET /api/teachers from 127.0.0.1 by Anonymous
2026-07-22 12:03:16.770 +05:30 [INF] [5bd70ae8-e1c3-4346-9033-6f8dfd50029d] GET /api/teachers responded 200 in 29ms
2026-07-22 12:03:16.778 +05:30 [INF] [e623042a-ce4c-4d9a-92b7-fd6030b7eb6f] GET /api/teachers from 127.0.0.1 by Anonymous
2026-07-22 12:03:16.812 +05:30 [INF] [e623042a-ce4c-4d9a-92b7-fd6030b7eb6f] GET /api/teachers responded 200 in 33ms
2026-07-22 12:04:00.927 +05:30 [INF] [e58a9159-bda6-4fac-9a45-79285a609616] POST /api/teachers from 127.0.0.1 by Anonymous
2026-07-22 12:04:01.004 +05:30 [INF] [e58a9159-bda6-4fac-9a45-79285a609616] POST /api/teachers responded 400 in 76ms
2026-07-22 12:04:13.502 +05:30 [INF] [64a12f6e-a3c8-4d36-94b9-9101d6a6d3c2] POST /api/teachers from 127.0.0.1 by Anonymous
2026-07-22 12:04:13.519 +05:30 [INF] [64a12f6e-a3c8-4d36-94b9-9101d6a6d3c2] POST /api/teachers responded 400 in 17ms
2026-07-22 12:09:06.193 +05:30 [INF] [f35a37d1-3db4-4227-a669-26593e9eddff] POST /api/auth/register from 127.0.0.1 by Anonymous
2026-07-22 12:09:06.660 +05:30 [INF] [f35a37d1-3db4-4227-a669-26593e9eddff] POST /api/auth/register responded 400 in 466ms
2026-07-22 12:09:20.506 +05:30 [INF] [96d9a90d-b143-4111-bf59-13147a7aa0d1] POST /api/auth/register from 127.0.0.1 by Anonymous
2026-07-22 12:09:20.947 +05:30 [INF] [96d9a90d-b143-4111-bf59-13147a7aa0d1] POST /api/auth/register responded 201 in 440ms
2026-07-22 12:11:24.254 +05:30 [INF] [afc83f09-76a9-4b2e-bbf6-d5d0aa19ebd0] POST /api/teachers from 127.0.0.1 by Anonymous
2026-07-22 12:11:24.285 +05:30 [INF] [afc83f09-76a9-4b2e-bbf6-d5d0aa19ebd0] POST /api/teachers responded 400 in 30ms
2026-07-22 12:11:26.437 +05:30 [INF] [b656292d-6370-45ca-8596-77b4b9be524e] POST /api/teachers from 127.0.0.1 by Anonymous
2026-07-22 12:11:26.467 +05:30 [INF] [b656292d-6370-45ca-8596-77b4b9be524e] POST /api/teachers responded 400 in 28ms
2026-07-22 12:11:34.531 +05:30 [INF] [46f2ad40-73a5-4096-9754-228cc0cebc4e] GET /api/teachers from 127.0.0.1 by Anonymous
2026-07-22 12:11:34.576 +05:30 [INF] [46f2ad40-73a5-4096-9754-228cc0cebc4e] GET /api/teachers responded 200 in 44ms
2026-07-22 12:11:34.599 +05:30 [INF] [baed01b5-39f5-46c6-b0ac-21a68135fe36] GET /api/teachers from 127.0.0.1 by Anonymous
2026-07-22 12:11:34.631 +05:30 [INF] [baed01b5-39f5-46c6-b0ac-21a68135fe36] GET /api/teachers responded 200 in 31ms
2026-07-22 12:11:40.604 +05:30 [INF] [4b4bff33-a385-4db5-9435-7a40d9ec84af] GET /api/students from 127.0.0.1 by Anonymous
2026-07-22 12:11:40.636 +05:30 [INF] [4b4bff33-a385-4db5-9435-7a40d9ec84af] GET /api/students responded 200 in 32ms
2026-07-22 12:11:40.661 +05:30 [INF] [f30838a6-606b-4617-a23c-69ad0b855be6] GET /api/students from 127.0.0.1 by Anonymous
2026-07-22 12:11:40.689 +05:30 [INF] [f30838a6-606b-4617-a23c-69ad0b855be6] GET /api/students responded 200 in 28ms
2026-07-22 12:12:10.803 +05:30 [INF] [316e6b42-7578-47b3-97e0-0a85713865a8] POST /api/students from 127.0.0.1 by Anonymous
2026-07-22 12:12:10.872 +05:30 [INF] [316e6b42-7578-47b3-97e0-0a85713865a8] POST /api/students responded 400 in 69ms
2026-07-22 12:13:48.302 +05:30 [INF] [d8a3a7e0-3d73-4fed-9440-6dd82a1ba166] POST /api/auth/register from 127.0.0.1 by Anonymous
2026-07-22 12:13:48.679 +05:30 [INF] [d8a3a7e0-3d73-4fed-9440-6dd82a1ba166] POST /api/auth/register responded 201 in 376ms
2026-07-22 12:14:26.944 +05:30 [INF] [f917da94-3c34-4e56-a073-6c0b15e0cf3c] GET /swagger/v1/swagger.json from 127.0.0.1 by Anonymous
2026-07-22 12:14:27.310 +05:30 [ERR] An unhandled exception occurred: Failed to generate Operation for action - SchoolCRM.API.Controllers.ExamsController.GetExamsAsync (SchoolCRM.API). See inner exception
Swashbuckle.AspNetCore.SwaggerGen.SwaggerGeneratorException: Failed to generate Operation for action - SchoolCRM.API.Controllers.ExamsController.GetExamsAsync (SchoolCRM.API). See inner exception
 ---> Swashbuckle.AspNetCore.SwaggerGen.SwaggerGeneratorException: Failed to generate schema for type - SchoolCRM.Shared.Models.ApiResponse`1[SchoolCRM.Shared.Models.PagedResult`1[SchoolCRM.Application.DTOs.Exam.ExamDto]]. See inner exception
 ---> System.InvalidOperationException: Can't use schemaId "$ExamDto" for type "$SchoolCRM.Application.DTOs.Exam.ExamDto". The same schemaId is already used for type "$SchoolCRM.Application.DTOs.Dashboard.ExamDto"
   at Swashbuckle.AspNetCore.SwaggerGen.SchemaRepository.RegisterType(Type type, String schemaId)
   at Swashbuckle.AspNetCore.SwaggerGen.SchemaGenerator.GenerateReferencedSchema(DataContract dataContract, SchemaRepository schemaRepository, Func`1 definitionFactory)
   at Swashbuckle.AspNetCore.SwaggerGen.SchemaGenerator.GenerateConcreteSchema(DataContract dataContract, SchemaRepository schemaRepository)
   at Swashbuckle.AspNetCore.SwaggerGen.SchemaGenerator.GenerateSchemaForType(Type modelType, SchemaRepository schemaRepository)
   at Swashbuckle.AspNetCore.SwaggerGen.SchemaGenerator.GenerateSchema(Type modelType, SchemaRepository schemaRepository, MemberInfo memberInfo, ParameterInfo parameterInfo, ApiParameterRouteInfo routeInfo)
   at Swashbuckle.AspNetCore.SwaggerGen.SchemaGenerator.CreateArraySchema(DataContract dataContract, SchemaRepository schemaRepository)
   at Swashbuckle.AspNetCore.SwaggerGen.SchemaGenerator.<>c__DisplayClass13_0.<GenerateConcreteSchema>b__1()
   at Swashbuckle.AspNetCore.SwaggerGen.SchemaGenerator.GenerateConcreteSchema(DataContract dataContract, SchemaRepository schemaRepository)
   at Swashbuckle.AspNetCore.SwaggerGen.SchemaGenerator.GenerateSchemaForMember(Type modelType, SchemaRepository schemaRepository, MemberInfo memberInfo, DataProperty dataProperty)
   at Swashbuckle.AspNetCore.SwaggerGen.SchemaGenerator.CreateObjectSchema(DataContract dataContract, SchemaRepository schemaRepository)
   at Swashbuckle.AspNetCore.SwaggerGen.SchemaGenerator.<>c__DisplayClass13_0.<GenerateConcreteSchema>b__3()
   at Swashbuckle.AspNetCore.SwaggerGen.SchemaGenerator.GenerateReferencedSchema(DataContract dataContract, SchemaRepository schemaRepository, Func`1 definitionFactory)
   at Swashbuckle.AspNetCore.SwaggerGen.SchemaGenerator.GenerateConcreteSchema(DataContract dataContract, SchemaRepository schemaRepository)
   at Swashbuckle.AspNetCore.SwaggerGen.SchemaGenerator.GenerateSchemaForMember(Type modelType, SchemaRepository schemaRepository, MemberInfo memberInfo, DataProperty dataProperty)
   at Swashbuckle.AspNetCore.SwaggerGen.SchemaGenerator.CreateObjectSchema(DataContract dataContract, SchemaRepository schemaRepository)
   at Swashbuckle.AspNetCore.SwaggerGen.SchemaGenerator.<>c__DisplayClass13_0.<GenerateConcreteSchema>b__3()
   at Swashbuckle.AspNetCore.SwaggerGen.SchemaGenerator.GenerateReferencedSchema(DataContract dataContract, SchemaRepository schemaRepository, Func`1 definitionFactory)
   at Swashbuckle.AspNetCore.SwaggerGen.SchemaGenerator.GenerateConcreteSchema(DataContract dataContract, SchemaRepository schemaRepository)
   at Swashbuckle.AspNetCore.SwaggerGen.SchemaGenerator.GenerateSchemaForType(Type modelType, SchemaRepository schemaRepository)
   at Swashbuckle.AspNetCore.SwaggerGen.SchemaGenerator.GenerateSchema(Type modelType, SchemaRepository schemaRepository, MemberInfo memberInfo, ParameterInfo parameterInfo, ApiParameterRouteInfo routeInfo)
   at Swashbuckle.AspNetCore.SwaggerGen.SwaggerGenerator.GenerateSchema(Type type, SchemaRepository schemaRepository, PropertyInfo propertyInfo, ParameterInfo parameterInfo, ApiParameterRouteInfo routeInfo)
   --- End of inner exception stack trace ---
   at Swashbuckle.AspNetCore.SwaggerGen.SwaggerGenerator.GenerateSchema(Type type, SchemaRepository schemaRepository, PropertyInfo propertyInfo, ParameterInfo parameterInfo, ApiParameterRouteInfo routeInfo)
   at Swashbuckle.AspNetCore.SwaggerGen.SwaggerGenerator.CreateResponseMediaType(Type modelType, SchemaRepository schemaRespository)
   at Swashbuckle.AspNetCore.SwaggerGen.SwaggerGenerator.<>c__DisplayClass40_0.<GenerateResponse>b__2(String contentType)
   at System.Linq.Enumerable.ToDictionary[TSource,TKey,TElement](IEnumerable`1 source, Func`2 keySelector, Func`2 elementSelector, IEqualityComparer`1 comparer)
   at Swashbuckle.AspNetCore.SwaggerGen.SwaggerGenerator.GenerateResponse(ApiDescription apiDescription, SchemaRepository schemaRepository, String statusCode, ApiResponseType apiResponseType)
   at Swashbuckle.AspNetCore.SwaggerGen.SwaggerGenerator.GenerateResponses(ApiDescription apiDescription, SchemaRepository schemaRepository)
   at Swashbuckle.AspNetCore.SwaggerGen.SwaggerGenerator.GenerateOperationAsync(ApiDescription apiDescription, SchemaRepository schemaRepository, Func`3 parametersGenerator, Func`3 bodyGenerator, Func`3 applyFilters)
   --- End of inner exception stack trace ---
   at Swashbuckle.AspNetCore.SwaggerGen.SwaggerGenerator.GenerateOperationAsync(ApiDescription apiDescription, SchemaRepository schemaRepository, Func`3 parametersGenerator, Func`3 bodyGenerator, Func`3 applyFilters)
   at Swashbuckle.AspNetCore.SwaggerGen.SwaggerGenerator.GenerateOperationAsync(ApiDescription apiDescription, SchemaRepository schemaRepository)
   at Swashbuckle.AspNetCore.SwaggerGen.SwaggerGenerator.GenerateOperationsAsync(IEnumerable`1 apiDescriptions, SchemaRepository schemaRepository)
   at Swashbuckle.AspNetCore.SwaggerGen.SwaggerGenerator.GeneratePathsAsync(IEnumerable`1 apiDescriptions, SchemaRepository schemaRepository, Func`3 operationsGenerator)
   at Swashbuckle.AspNetCore.SwaggerGen.SwaggerGenerator.GeneratePathsAsync(IEnumerable`1 apiDescriptions, SchemaRepository schemaRepository)
   at Swashbuckle.AspNetCore.SwaggerGen.SwaggerGenerator.GetSwaggerAsync(String documentName, String host, String basePath)
   at Swashbuckle.AspNetCore.Swagger.SwaggerMiddleware.Invoke(HttpContext httpContext, ISwaggerProvider swaggerProvider)
   at SchoolCRM.API.Middleware.RequestLoggingMiddleware.InvokeAsync(HttpContext context) in /var/www/html/school-crm/src/SchoolCRM.API/Middleware/RequestLoggingMiddleware.cs:line 33
   at SchoolCRM.API.Middleware.GlobalExceptionMiddleware.InvokeAsync(HttpContext context) in /var/www/html/school-crm/src/SchoolCRM.API/Middleware/GlobalExceptionMiddleware.cs:line 23
2026-07-22 12:14:36.131 +05:30 [INF] [41ab190d-d6f3-4018-8461-eaebd65abc50] GET /swagger/v1/swagger.json from 127.0.0.1 by Anonymous
2026-07-22 12:14:36.262 +05:30 [ERR] An unhandled exception occurred: Failed to generate Operation for action - SchoolCRM.API.Controllers.ExamsController.GetExamsAsync (SchoolCRM.API). See inner exception
Swashbuckle.AspNetCore.SwaggerGen.SwaggerGeneratorException: Failed to generate Operation for action - SchoolCRM.API.Controllers.ExamsController.GetExamsAsync (SchoolCRM.API). See inner exception
 ---> Swashbuckle.AspNetCore.SwaggerGen.SwaggerGeneratorException: Failed to generate schema for type - SchoolCRM.Shared.Models.ApiResponse`1[SchoolCRM.Shared.Models.PagedResult`1[SchoolCRM.Application.DTOs.Exam.ExamDto]]. See inner exception
 ---> System.InvalidOperationException: Can't use schemaId "$ExamDto" for type "$SchoolCRM.Application.DTOs.Exam.ExamDto". The same schemaId is already used for type "$SchoolCRM.Application.DTOs.Dashboard.ExamDto"
   at Swashbuckle.AspNetCore.SwaggerGen.SchemaRepository.RegisterType(Type type, String schemaId)
   at Swashbuckle.AspNetCore.SwaggerGen.SchemaGenerator.GenerateReferencedSchema(DataContract dataContract, SchemaRepository schemaRepository, Func`1 definitionFactory)
   at Swashbuckle.AspNetCore.SwaggerGen.SchemaGenerator.GenerateConcreteSchema(DataContract dataContract, SchemaRepository schemaRepository)
   at Swashbuckle.AspNetCore.SwaggerGen.SchemaGenerator.GenerateSchemaForType(Type modelType, SchemaRepository schemaRepository)
   at Swashbuckle.AspNetCore.SwaggerGen.SchemaGenerator.GenerateSchema(Type modelType, SchemaRepository schemaRepository, MemberInfo memberInfo, ParameterInfo parameterInfo, ApiParameterRouteInfo routeInfo)
   at Swashbuckle.AspNetCore.SwaggerGen.SchemaGenerator.CreateArraySchema(DataContract dataContract, SchemaRepository schemaRepository)
   at Swashbuckle.AspNetCore.SwaggerGen.SchemaGenerator.<>c__DisplayClass13_0.<GenerateConcreteSchema>b__1()
   at Swashbuckle.AspNetCore.SwaggerGen.SchemaGenerator.GenerateConcreteSchema(DataContract dataContract, SchemaRepository schemaRepository)
   at Swashbuckle.AspNetCore.SwaggerGen.SchemaGenerator.GenerateSchemaForMember(Type modelType, SchemaRepository schemaRepository, MemberInfo memberInfo, DataProperty dataProperty)
   at Swashbuckle.AspNetCore.SwaggerGen.SchemaGenerator.CreateObjectSchema(DataContract dataContract, SchemaRepository schemaRepository)
   at Swashbuckle.AspNetCore.SwaggerGen.SchemaGenerator.<>c__DisplayClass13_0.<GenerateConcreteSchema>b__3()
   at Swashbuckle.AspNetCore.SwaggerGen.SchemaGenerator.GenerateReferencedSchema(DataContract dataContract, SchemaRepository schemaRepository, Func`1 definitionFactory)
   at Swashbuckle.AspNetCore.SwaggerGen.SchemaGenerator.GenerateConcreteSchema(DataContract dataContract, SchemaRepository schemaRepository)
   at Swashbuckle.AspNetCore.SwaggerGen.SchemaGenerator.GenerateSchemaForMember(Type modelType, SchemaRepository schemaRepository, MemberInfo memberInfo, DataProperty dataProperty)
   at Swashbuckle.AspNetCore.SwaggerGen.SchemaGenerator.CreateObjectSchema(DataContract dataContract, SchemaRepository schemaRepository)
   at Swashbuckle.AspNetCore.SwaggerGen.SchemaGenerator.<>c__DisplayClass13_0.<GenerateConcreteSchema>b__3()
   at Swashbuckle.AspNetCore.SwaggerGen.SchemaGenerator.GenerateReferencedSchema(DataContract dataContract, SchemaRepository schemaRepository, Func`1 definitionFactory)
   at Swashbuckle.AspNetCore.SwaggerGen.SchemaGenerator.GenerateConcreteSchema(DataContract dataContract, SchemaRepository schemaRepository)
   at Swashbuckle.AspNetCore.SwaggerGen.SchemaGenerator.GenerateSchemaForType(Type modelType, SchemaRepository schemaRepository)
   at Swashbuckle.AspNetCore.SwaggerGen.SchemaGenerator.GenerateSchema(Type modelType, SchemaRepository schemaRepository, MemberInfo memberInfo, ParameterInfo parameterInfo, ApiParameterRouteInfo routeInfo)
   at Swashbuckle.AspNetCore.SwaggerGen.SwaggerGenerator.GenerateSchema(Type type, SchemaRepository schemaRepository, PropertyInfo propertyInfo, ParameterInfo parameterInfo, ApiParameterRouteInfo routeInfo)
   --- End of inner exception stack trace ---
   at Swashbuckle.AspNetCore.SwaggerGen.SwaggerGenerator.GenerateSchema(Type type, SchemaRepository schemaRepository, PropertyInfo propertyInfo, ParameterInfo parameterInfo, ApiParameterRouteInfo routeInfo)
   at System.Linq.Enumerable.ToDictionary[TSource,TKey,TElement](IEnumerable`1 source, Func`2 keySelector, Func`2 elementSelector, IEqualityComparer`1 comparer)
   at Swashbuckle.AspNetCore.SwaggerGen.SwaggerGenerator.GenerateResponse(ApiDescription apiDescription, SchemaRepository schemaRepository, String statusCode, ApiResponseType apiResponseType)
   at Swashbuckle.AspNetCore.SwaggerGen.SwaggerGenerator.GenerateResponses(ApiDescription apiDescription, SchemaRepository schemaRepository)
   at Swashbuckle.AspNetCore.SwaggerGen.SwaggerGenerator.GenerateOperationAsync(ApiDescription apiDescription, SchemaRepository schemaRepository, Func`3 parametersGenerator, Func`3 bodyGenerator, Func`3 applyFilters)
   --- End of inner exception stack trace ---
   at Swashbuckle.AspNetCore.SwaggerGen.SwaggerGenerator.GenerateOperationAsync(ApiDescription apiDescription, SchemaRepository schemaRepository, Func`3 parametersGenerator, Func`3 bodyGenerator, Func`3 applyFilters)
   at Swashbuckle.AspNetCore.SwaggerGen.SwaggerGenerator.GenerateOperationAsync(ApiDescription apiDescription, SchemaRepository schemaRepository)
   at Swashbuckle.AspNetCore.SwaggerGen.SwaggerGenerator.GenerateOperationsAsync(IEnumerable`1 apiDescriptions, SchemaRepository schemaRepository)
   at Swashbuckle.AspNetCore.SwaggerGen.SwaggerGenerator.GeneratePathsAsync(IEnumerable`1 apiDescriptions, SchemaRepository schemaRepository, Func`3 operationsGenerator)
   at Swashbuckle.AspNetCore.SwaggerGen.SwaggerGenerator.GeneratePathsAsync(IEnumerable`1 apiDescriptions, SchemaRepository schemaRepository)
   at Swashbuckle.AspNetCore.SwaggerGen.SwaggerGenerator.GetSwaggerAsync(String documentName, String host, String basePath)
   at Swashbuckle.AspNetCore.Swagger.SwaggerMiddleware.Invoke(HttpContext httpContext, ISwaggerProvider swaggerProvider)
   at SchoolCRM.API.Middleware.RequestLoggingMiddleware.InvokeAsync(HttpContext context) in /var/www/html/school-crm/src/SchoolCRM.API/Middleware/RequestLoggingMiddleware.cs:line 33
   at SchoolCRM.API.Middleware.GlobalExceptionMiddleware.InvokeAsync(HttpContext context) in /var/www/html/school-crm/src/SchoolCRM.API/Middleware/GlobalExceptionMiddleware.cs:line 23
2026-07-22 12:14:43.195 +05:30 [INF] [6ae7398f-7e73-43a2-a8d1-5fbf9e4fc13a] GET /swagger/v1/swagger.json from 127.0.0.1 by Anonymous
2026-07-22 12:14:43.357 +05:30 [ERR] An unhandled exception occurred: Failed to generate Operation for action - SchoolCRM.API.Controllers.ExamsController.GetExamsAsync (SchoolCRM.API). See inner exception
Swashbuckle.AspNetCore.SwaggerGen.SwaggerGeneratorException: Failed to generate Operation for action - SchoolCRM.API.Controllers.ExamsController.GetExamsAsync (SchoolCRM.API). See inner exception
 ---> Swashbuckle.AspNetCore.SwaggerGen.SwaggerGeneratorException: Failed to generate schema for type - SchoolCRM.Shared.Models.ApiResponse`1[SchoolCRM.Shared.Models.PagedResult`1[SchoolCRM.Application.DTOs.Exam.ExamDto]]. See inner exception
 ---> System.InvalidOperationException: Can't use schemaId "$ExamDto" for type "$SchoolCRM.Application.DTOs.Exam.ExamDto". The same schemaId is already used for type "$SchoolCRM.Application.DTOs.Dashboard.ExamDto"
   at Swashbuckle.AspNetCore.SwaggerGen.SchemaRepository.RegisterType(Type type, String schemaId)
   at Swashbuckle.AspNetCore.SwaggerGen.SchemaGenerator.GenerateReferencedSchema(DataContract dataContract, SchemaRepository schemaRepository, Func`1 definitionFactory)
   at Swashbuckle.AspNetCore.SwaggerGen.SchemaGenerator.GenerateConcreteSchema(DataContract dataContract, SchemaRepository schemaRepository)
   at Swashbuckle.AspNetCore.SwaggerGen.SchemaGenerator.GenerateSchemaForType(Type modelType, SchemaRepository schemaRepository)
   at Swashbuckle.AspNetCore.SwaggerGen.SchemaGenerator.GenerateSchema(Type modelType, SchemaRepository schemaRepository, MemberInfo memberInfo, ParameterInfo parameterInfo, ApiParameterRouteInfo routeInfo)
   at Swashbuckle.AspNetCore.SwaggerGen.SchemaGenerator.CreateArraySchema(DataContract dataContract, SchemaRepository schemaRepository)
   at Swashbuckle.AspNetCore.SwaggerGen.SchemaGenerator.<>c__DisplayClass13_0.<GenerateConcreteSchema>b__1()
   at Swashbuckle.AspNetCore.SwaggerGen.SchemaGenerator.GenerateConcreteSchema(DataContract dataContract, SchemaRepository schemaRepository)
   at Swashbuckle.AspNetCore.SwaggerGen.SchemaGenerator.GenerateSchemaForMember(Type modelType, SchemaRepository schemaRepository, MemberInfo memberInfo, DataProperty dataProperty)
   at Swashbuckle.AspNetCore.SwaggerGen.SchemaGenerator.CreateObjectSchema(DataContract dataContract, SchemaRepository schemaRepository)
   at Swashbuckle.AspNetCore.SwaggerGen.SchemaGenerator.<>c__DisplayClass13_0.<GenerateConcreteSchema>b__3()
   at Swashbuckle.AspNetCore.SwaggerGen.SchemaGenerator.GenerateReferencedSchema(DataContract dataContract, SchemaRepository schemaRepository, Func`1 definitionFactory)
   at Swashbuckle.AspNetCore.SwaggerGen.SchemaGenerator.GenerateConcreteSchema(DataContract dataContract, SchemaRepository schemaRepository)
   at Swashbuckle.AspNetCore.SwaggerGen.SchemaGenerator.GenerateSchemaForMember(Type modelType, SchemaRepository schemaRepository, MemberInfo memberInfo, DataProperty dataProperty)
   at Swashbuckle.AspNetCore.SwaggerGen.SchemaGenerator.CreateObjectSchema(DataContract dataContract, SchemaRepository schemaRepository)
   at Swashbuckle.AspNetCore.SwaggerGen.SchemaGenerator.<>c__DisplayClass13_0.<GenerateConcreteSchema>b__3()
   at Swashbuckle.AspNetCore.SwaggerGen.SchemaGenerator.GenerateReferencedSchema(DataContract dataContract, SchemaRepository schemaRepository, Func`1 definitionFactory)
   at Swashbuckle.AspNetCore.SwaggerGen.SchemaGenerator.GenerateConcreteSchema(DataContract dataContract, SchemaRepository schemaRepository)
   at Swashbuckle.AspNetCore.SwaggerGen.SchemaGenerator.GenerateSchemaForType(Type modelType, SchemaRepository schemaRepository)
   at Swashbuckle.AspNetCore.SwaggerGen.SchemaGenerator.GenerateSchema(Type modelType, SchemaRepository schemaRepository, MemberInfo memberInfo, ParameterInfo parameterInfo, ApiParameterRouteInfo routeInfo)
   at Swashbuckle.AspNetCore.SwaggerGen.SwaggerGenerator.GenerateSchema(Type type, SchemaRepository schemaRepository, PropertyInfo propertyInfo, ParameterInfo parameterInfo, ApiParameterRouteInfo routeInfo)
   --- End of inner exception stack trace ---
   at Swashbuckle.AspNetCore.SwaggerGen.SwaggerGenerator.GenerateSchema(Type type, SchemaRepository schemaRepository, PropertyInfo propertyInfo, ParameterInfo parameterInfo, ApiParameterRouteInfo routeInfo)
   at System.Linq.Enumerable.ToDictionary[TSource,TKey,TElement](IEnumerable`1 source, Func`2 keySelector, Func`2 elementSelector, IEqualityComparer`1 comparer)
   at Swashbuckle.AspNetCore.SwaggerGen.SwaggerGenerator.GenerateResponse(ApiDescription apiDescription, SchemaRepository schemaRepository, String statusCode, ApiResponseType apiResponseType)
   at Swashbuckle.AspNetCore.SwaggerGen.SwaggerGenerator.GenerateResponses(ApiDescription apiDescription, SchemaRepository schemaRepository)
   at Swashbuckle.AspNetCore.SwaggerGen.SwaggerGenerator.GenerateOperationAsync(ApiDescription apiDescription, SchemaRepository schemaRepository, Func`3 parametersGenerator, Func`3 bodyGenerator, Func`3 applyFilters)
   --- End of inner exception stack trace ---
   at Swashbuckle.AspNetCore.SwaggerGen.SwaggerGenerator.GenerateOperationAsync(ApiDescription apiDescription, SchemaRepository schemaRepository, Func`3 parametersGenerator, Func`3 bodyGenerator, Func`3 applyFilters)
   at Swashbuckle.AspNetCore.SwaggerGen.SwaggerGenerator.GenerateOperationAsync(ApiDescription apiDescription, SchemaRepository schemaRepository)
   at Swashbuckle.AspNetCore.SwaggerGen.SwaggerGenerator.GenerateOperationsAsync(IEnumerable`1 apiDescriptions, SchemaRepository schemaRepository)
   at Swashbuckle.AspNetCore.SwaggerGen.SwaggerGenerator.GeneratePathsAsync(IEnumerable`1 apiDescriptions, SchemaRepository schemaRepository, Func`3 operationsGenerator)
   at Swashbuckle.AspNetCore.SwaggerGen.SwaggerGenerator.GeneratePathsAsync(IEnumerable`1 apiDescriptions, SchemaRepository schemaRepository)
   at Swashbuckle.AspNetCore.SwaggerGen.SwaggerGenerator.GetSwaggerAsync(String documentName, String host, String basePath)
   at Swashbuckle.AspNetCore.Swagger.SwaggerMiddleware.Invoke(HttpContext httpContext, ISwaggerProvider swaggerProvider)
   at SchoolCRM.API.Middleware.RequestLoggingMiddleware.InvokeAsync(HttpContext context) in /var/www/html/school-crm/src/SchoolCRM.API/Middleware/RequestLoggingMiddleware.cs:line 33
   at SchoolCRM.API.Middleware.GlobalExceptionMiddleware.InvokeAsync(HttpContext context) in /var/www/html/school-crm/src/SchoolCRM.API/Middleware/GlobalExceptionMiddleware.cs:line 23
2026-07-22 12:14:53.128 +05:30 [INF] [ff51551c-e298-466f-8d6f-fdf8fa6ba807] POST /api/auth/register from 127.0.0.1 by Anonymous
2026-07-22 12:14:53.893 +05:30 [INF] [ff51551c-e298-466f-8d6f-fdf8fa6ba807] POST /api/auth/register responded 201 in 762ms
2026-07-22 12:19:40.584 +05:30 [WRN] Redis unavailable, falling back to in-memory cache and basic SignalR: It was not possible to connect to the redis server(s). Error connecting right now. To allow this multiplexer to continue retrying until it's able to connect, use abortConnect=false in your connection string or AbortOnConnectFail=false; in your code.
2026-07-22 12:19:46.566 +05:30 [WRN] Entity 'ApplicationRole' has a global query filter defined and is the required end of a relationship with the entity 'ApplicationRoleClaim'. This may lead to unexpected results when the required entity is filtered out. Either configure the navigation as optional, or define matching query filters for both entities in the navigation. See https://go.microsoft.com/fwlink/?linkid=2131316 for more information.
2026-07-22 12:19:46.570 +05:30 [WRN] Entity 'ApplicationUser' has a global query filter defined and is the required end of a relationship with the entity 'ApplicationUserClaim'. This may lead to unexpected results when the required entity is filtered out. Either configure the navigation as optional, or define matching query filters for both entities in the navigation. See https://go.microsoft.com/fwlink/?linkid=2131316 for more information.
2026-07-22 12:19:46.570 +05:30 [WRN] Entity 'ApplicationUser' has a global query filter defined and is the required end of a relationship with the entity 'ApplicationUserLogin'. This may lead to unexpected results when the required entity is filtered out. Either configure the navigation as optional, or define matching query filters for both entities in the navigation. See https://go.microsoft.com/fwlink/?linkid=2131316 for more information.
2026-07-22 12:19:46.570 +05:30 [WRN] Entity 'ApplicationRole' has a global query filter defined and is the required end of a relationship with the entity 'ApplicationUserRole'. This may lead to unexpected results when the required entity is filtered out. Either configure the navigation as optional, or define matching query filters for both entities in the navigation. See https://go.microsoft.com/fwlink/?linkid=2131316 for more information.
2026-07-22 12:19:46.571 +05:30 [WRN] Entity 'ApplicationUser' has a global query filter defined and is the required end of a relationship with the entity 'ApplicationUserToken'. This may lead to unexpected results when the required entity is filtered out. Either configure the navigation as optional, or define matching query filters for both entities in the navigation. See https://go.microsoft.com/fwlink/?linkid=2131316 for more information.
2026-07-22 12:19:46.703 +05:30 [WRN] The foreign key property 'HomeworkSubmission.StudentId1' was created in shadow state because a conflicting property with the simple name 'StudentId' exists in the entity type, but is either not mapped, is already used for another relationship, or is incompatible with the associated primary key type. See https://aka.ms/efcore-relationships for information on mapping relationships in EF Core.
2026-07-22 12:19:48.114 +05:30 [INF] Database migrated successfully
2026-07-22 12:19:49.115 +05:30 [INF] Roles seeded successfully
2026-07-22 12:20:09.707 +05:30 [INF] [487e1b78-13b3-40e0-b272-3dbe18f21175] POST /api/auth/register from 127.0.0.1 by Anonymous
2026-07-22 12:20:09.748 +05:30 [WRN] Failed to determine the https port for redirect.
2026-07-22 12:20:10.013 +05:30 [INF] [487e1b78-13b3-40e0-b272-3dbe18f21175] POST /api/auth/register responded 400 in 301ms
2026-07-22 12:20:21.682 +05:30 [INF] [c92431bb-39d2-4a23-b57e-8733a4659d96] POST /api/auth/register from 127.0.0.1 by Anonymous
2026-07-22 12:20:23.263 +05:30 [INF] [c92431bb-39d2-4a23-b57e-8733a4659d96] POST /api/auth/register responded 201 in 1581ms
2026-07-22 12:21:23.012 +05:30 [INF] [8f26f571-cc99-4426-b750-dad95e4270e3] GET /api/teachers from 127.0.0.1 by Anonymous
2026-07-22 12:21:23.618 +05:30 [INF] [8f26f571-cc99-4426-b750-dad95e4270e3] GET /api/teachers responded 200 in 605ms
2026-07-22 12:21:23.629 +05:30 [INF] [72106692-b4e5-42e3-862c-04fca81ba6a4] GET /api/teachers from 127.0.0.1 by Anonymous
2026-07-22 12:21:23.677 +05:30 [INF] [72106692-b4e5-42e3-862c-04fca81ba6a4] GET /api/teachers responded 200 in 46ms
2026-07-22 12:21:35.778 +05:30 [INF] [f88e0c83-0236-4728-aa59-338ecfdc5362] POST /api/teachers from 127.0.0.1 by Anonymous
2026-07-22 12:21:35.868 +05:30 [INF] [f88e0c83-0236-4728-aa59-338ecfdc5362] POST /api/teachers responded 400 in 89ms
2026-07-22 12:27:13.245 +05:30 [INF] [c438dfff-6df2-482d-8997-5ea434e5c7fd] POST /api/auth/login from 127.0.0.1 by Anonymous
2026-07-22 12:27:14.180 +05:30 [INF] [c438dfff-6df2-482d-8997-5ea434e5c7fd] POST /api/auth/login responded 200 in 933ms
2026-07-22 12:27:14.198 +05:30 [INF] [210cf027-a135-42d0-a6a8-4f5ecd0ace2d] POST /api/teachers from 127.0.0.1 by Anonymous
2026-07-22 12:27:14.804 +05:30 [ERR] Failed executing DbCommand (15ms) [Parameters=[@p0='?' (DbType = Guid), @p1='?' (Size = 4000), @p2='?' (Size = 4000), @p3='?', @p4='?' (DbType = DateTime), @p5='?' (Size = 4000), @p6='?' (DbType = DateTime), @p7='?' (Size = 4000), @p8='?' (DbType = Guid), @p9='?' (Size = 50), @p10='?' (Size = 4000), @p11='?' (DbType = Int32), @p12='?' (DbType = Boolean), @p13='?' (DbType = DateTime), @p14='?' (Size = 4000), @p15='?' (Size = 4000), @p16='?' (Size = 4000), @p17='?' (DbType = Guid), @p18='?' (Size = 4000), @p19='?' (DbType = Int32), @p20='?' (DbType = DateTime), @p21='?' (Size = 4000), @p22='?' (DbType = Guid)], CommandType='"Text"', CommandTimeout='30']
SET AUTOCOMMIT = 1;
INSERT INTO `Teachers` (`Id`, `BankAccountNumber`, `BankName`, `BasicSalary`, `CreatedAt`, `CreatedBy`, `DeletedAt`, `DeletedBy`, `DepartmentId`, `EmployeeCode`, `EmploymentType`, `ExperienceYears`, `IsDeleted`, `JoiningDate`, `PANNumber`, `PFAccountNumber`, `Qualification`, `SchoolId`, `Specialization`, `Status`, `UpdatedAt`, `UpdatedBy`, `UserId`)
VALUES (@p0, @p1, @p2, @p3, @p4, @p5, @p6, @p7, @p8, @p9, @p10, @p11, @p12, @p13, @p14, @p15, @p16, @p17, @p18, @p19, @p20, @p21, @p22);
2026-07-22 12:27:14.844 +05:30 [ERR] An exception occurred in the database while saving changes for context type 'SchoolCRM.Infrastructure.Data.ApplicationDbContext'.
Microsoft.EntityFrameworkCore.DbUpdateException: An error occurred while saving the entity changes. See the inner exception for details.
 ---> MySqlConnector.MySqlException (0x80004005): Cannot add or update a child row: a foreign key constraint fails (`schoolcrm`.`Teachers`, CONSTRAINT `FK_Teachers_Departments_DepartmentId` FOREIGN KEY (`DepartmentId`) REFERENCES `Departments` (`Id`) ON DELETE SET NULL)
   at MySqlConnector.Core.ServerSession.ReceiveReplyAsync(IOBehavior ioBehavior, CancellationToken cancellationToken) in /_/src/MySqlConnector/Core/ServerSession.cs:line 894
   at MySqlConnector.Core.ResultSet.ReadResultSetHeaderAsync(IOBehavior ioBehavior) in /_/src/MySqlConnector/Core/ResultSet.cs:line 37
   at MySqlConnector.MySqlDataReader.ActivateResultSet(CancellationToken cancellationToken) in /_/src/MySqlConnector/MySqlDataReader.cs:line 130
   at MySqlConnector.MySqlDataReader.InitAsync(CommandListPosition commandListPosition, ICommandPayloadCreator payloadCreator, IDictionary`2 cachedProcedures, IMySqlCommand command, CommandBehavior behavior, Activity activity, IOBehavior ioBehavior, CancellationToken cancellationToken) in /_/src/MySqlConnector/MySqlDataReader.cs:line 483
   at MySqlConnector.Core.CommandExecutor.ExecuteReaderAsync(CommandListPosition commandListPosition, ICommandPayloadCreator payloadCreator, CommandBehavior behavior, Activity activity, IOBehavior ioBehavior, CancellationToken cancellationToken) in /_/src/MySqlConnector/Core/CommandExecutor.cs:line 56
   at MySqlConnector.MySqlCommand.ExecuteReaderAsync(CommandBehavior behavior, IOBehavior ioBehavior, CancellationToken cancellationToken) in /_/src/MySqlConnector/MySqlCommand.cs:line 357
   at MySqlConnector.MySqlCommand.ExecuteDbDataReaderAsync(CommandBehavior behavior, CancellationToken cancellationToken) in /_/src/MySqlConnector/MySqlCommand.cs:line 350
   at Microsoft.EntityFrameworkCore.Storage.RelationalCommand.ExecuteReaderAsync(RelationalCommandParameterObject parameterObject, CancellationToken cancellationToken)
   at Microsoft.EntityFrameworkCore.Storage.RelationalCommand.ExecuteReaderAsync(RelationalCommandParameterObject parameterObject, CancellationToken cancellationToken)
   at Microsoft.EntityFrameworkCore.Update.ReaderModificationCommandBatch.ExecuteAsync(IRelationalConnection connection, CancellationToken cancellationToken)
   --- End of inner exception stack trace ---
   at Microsoft.EntityFrameworkCore.Update.ReaderModificationCommandBatch.ExecuteAsync(IRelationalConnection connection, CancellationToken cancellationToken)
   at Microsoft.EntityFrameworkCore.Update.Internal.BatchExecutor.ExecuteAsync(IEnumerable`1 commandBatches, IRelationalConnection connection, CancellationToken cancellationToken)
   at Microsoft.EntityFrameworkCore.Update.Internal.BatchExecutor.ExecuteAsync(IEnumerable`1 commandBatches, IRelationalConnection connection, CancellationToken cancellationToken)
   at Microsoft.EntityFrameworkCore.Update.Internal.BatchExecutor.ExecuteAsync(IEnumerable`1 commandBatches, IRelationalConnection connection, CancellationToken cancellationToken)
   at Microsoft.EntityFrameworkCore.ChangeTracking.Internal.StateManager.SaveChangesAsync(IList`1 entriesToSave, CancellationToken cancellationToken)
   at Microsoft.EntityFrameworkCore.ChangeTracking.Internal.StateManager.SaveChangesAsync(StateManager stateManager, Boolean acceptAllChangesOnSuccess, CancellationToken cancellationToken)
   at Microsoft.EntityFrameworkCore.Storage.ExecutionStrategy.<>c__DisplayClass30_0`2.<<ExecuteAsync>b__0>d.MoveNext()
--- End of stack trace from previous location ---
   at Microsoft.EntityFrameworkCore.Storage.ExecutionStrategy.ExecuteImplementationAsync[TState,TResult](Func`4 operation, Func`4 verifySucceeded, TState state, CancellationToken cancellationToken)
   at Microsoft.EntityFrameworkCore.Storage.ExecutionStrategy.ExecuteImplementationAsync[TState,TResult](Func`4 operation, Func`4 verifySucceeded, TState state, CancellationToken cancellationToken)
   at Microsoft.EntityFrameworkCore.Storage.ExecutionStrategy.ExecuteAsync[TState,TResult](TState state, Func`4 operation, Func`4 verifySucceeded, CancellationToken cancellationToken)
   at Microsoft.EntityFrameworkCore.DbContext.SaveChangesAsync(Boolean acceptAllChangesOnSuccess, CancellationToken cancellationToken)
Microsoft.EntityFrameworkCore.DbUpdateException: An error occurred while saving the entity changes. See the inner exception for details.
 ---> MySqlConnector.MySqlException (0x80004005): Cannot add or update a child row: a foreign key constraint fails (`schoolcrm`.`Teachers`, CONSTRAINT `FK_Teachers_Departments_DepartmentId` FOREIGN KEY (`DepartmentId`) REFERENCES `Departments` (`Id`) ON DELETE SET NULL)
   at MySqlConnector.Core.ServerSession.ReceiveReplyAsync(IOBehavior ioBehavior, CancellationToken cancellationToken) in /_/src/MySqlConnector/Core/ServerSession.cs:line 894
   at MySqlConnector.Core.ResultSet.ReadResultSetHeaderAsync(IOBehavior ioBehavior) in /_/src/MySqlConnector/Core/ResultSet.cs:line 37
   at MySqlConnector.MySqlDataReader.ActivateResultSet(CancellationToken cancellationToken) in /_/src/MySqlConnector/MySqlDataReader.cs:line 130
   at MySqlConnector.MySqlDataReader.InitAsync(CommandListPosition commandListPosition, ICommandPayloadCreator payloadCreator, IDictionary`2 cachedProcedures, IMySqlCommand command, CommandBehavior behavior, Activity activity, IOBehavior ioBehavior, CancellationToken cancellationToken) in /_/src/MySqlConnector/MySqlDataReader.cs:line 483
   at MySqlConnector.Core.CommandExecutor.ExecuteReaderAsync(CommandListPosition commandListPosition, ICommandPayloadCreator payloadCreator, CommandBehavior behavior, Activity activity, IOBehavior ioBehavior, CancellationToken cancellationToken) in /_/src/MySqlConnector/Core/CommandExecutor.cs:line 56
   at MySqlConnector.MySqlCommand.ExecuteReaderAsync(CommandBehavior behavior, IOBehavior ioBehavior, CancellationToken cancellationToken) in /_/src/MySqlConnector/MySqlCommand.cs:line 357
   at MySqlConnector.MySqlCommand.ExecuteDbDataReaderAsync(CommandBehavior behavior, CancellationToken cancellationToken) in /_/src/MySqlConnector/MySqlCommand.cs:line 350
   at Microsoft.EntityFrameworkCore.Storage.RelationalCommand.ExecuteReaderAsync(RelationalCommandParameterObject parameterObject, CancellationToken cancellationToken)
   at Microsoft.EntityFrameworkCore.Storage.RelationalCommand.ExecuteReaderAsync(RelationalCommandParameterObject parameterObject, CancellationToken cancellationToken)
   at Microsoft.EntityFrameworkCore.Update.ReaderModificationCommandBatch.ExecuteAsync(IRelationalConnection connection, CancellationToken cancellationToken)
   --- End of inner exception stack trace ---
   at Microsoft.EntityFrameworkCore.Update.ReaderModificationCommandBatch.ExecuteAsync(IRelationalConnection connection, CancellationToken cancellationToken)
   at Microsoft.EntityFrameworkCore.Update.Internal.BatchExecutor.ExecuteAsync(IEnumerable`1 commandBatches, IRelationalConnection connection, CancellationToken cancellationToken)
   at Microsoft.EntityFrameworkCore.Update.Internal.BatchExecutor.ExecuteAsync(IEnumerable`1 commandBatches, IRelationalConnection connection, CancellationToken cancellationToken)
   at Microsoft.EntityFrameworkCore.Update.Internal.BatchExecutor.ExecuteAsync(IEnumerable`1 commandBatches, IRelationalConnection connection, CancellationToken cancellationToken)
   at Microsoft.EntityFrameworkCore.ChangeTracking.Internal.StateManager.SaveChangesAsync(IList`1 entriesToSave, CancellationToken cancellationToken)
   at Microsoft.EntityFrameworkCore.ChangeTracking.Internal.StateManager.SaveChangesAsync(StateManager stateManager, Boolean acceptAllChangesOnSuccess, CancellationToken cancellationToken)
   at Microsoft.EntityFrameworkCore.Storage.ExecutionStrategy.<>c__DisplayClass30_0`2.<<ExecuteAsync>b__0>d.MoveNext()
--- End of stack trace from previous location ---
   at Microsoft.EntityFrameworkCore.Storage.ExecutionStrategy.ExecuteImplementationAsync[TState,TResult](Func`4 operation, Func`4 verifySucceeded, TState state, CancellationToken cancellationToken)
   at Microsoft.EntityFrameworkCore.Storage.ExecutionStrategy.ExecuteImplementationAsync[TState,TResult](Func`4 operation, Func`4 verifySucceeded, TState state, CancellationToken cancellationToken)
   at Microsoft.EntityFrameworkCore.Storage.ExecutionStrategy.ExecuteAsync[TState,TResult](TState state, Func`4 operation, Func`4 verifySucceeded, CancellationToken cancellationToken)
   at Microsoft.EntityFrameworkCore.DbContext.SaveChangesAsync(Boolean acceptAllChangesOnSuccess, CancellationToken cancellationToken)
2026-07-22 12:27:14.855 +05:30 [INF] [210cf027-a135-42d0-a6a8-4f5ecd0ace2d] POST /api/teachers responded 400 in 656ms
2026-07-22 12:28:38.215 +05:30 [INF] [2c79ecf9-2bb4-45fb-b0ef-193f66371af5] POST /api/teachers from 127.0.0.1 by Anonymous
2026-07-22 12:28:38.546 +05:30 [ERR] Failed executing DbCommand (13ms) [Parameters=[@p0='?' (DbType = Guid), @p1='?' (Size = 4000), @p2='?' (Size = 4000), @p3='?', @p4='?' (DbType = DateTime), @p5='?' (Size = 4000), @p6='?' (DbType = DateTime), @p7='?' (Size = 4000), @p8='?' (DbType = Guid), @p9='?' (Size = 50), @p10='?' (Size = 4000), @p11='?' (DbType = Int32), @p12='?' (DbType = Boolean), @p13='?' (DbType = DateTime), @p14='?' (Size = 4000), @p15='?' (Size = 4000), @p16='?' (Size = 4000), @p17='?' (DbType = Guid), @p18='?' (Size = 4000), @p19='?' (DbType = Int32), @p20='?' (DbType = DateTime), @p21='?' (Size = 4000), @p22='?' (DbType = Guid)], CommandType='"Text"', CommandTimeout='30']
SET AUTOCOMMIT = 1;
INSERT INTO `Teachers` (`Id`, `BankAccountNumber`, `BankName`, `BasicSalary`, `CreatedAt`, `CreatedBy`, `DeletedAt`, `DeletedBy`, `DepartmentId`, `EmployeeCode`, `EmploymentType`, `ExperienceYears`, `IsDeleted`, `JoiningDate`, `PANNumber`, `PFAccountNumber`, `Qualification`, `SchoolId`, `Specialization`, `Status`, `UpdatedAt`, `UpdatedBy`, `UserId`)
VALUES (@p0, @p1, @p2, @p3, @p4, @p5, @p6, @p7, @p8, @p9, @p10, @p11, @p12, @p13, @p14, @p15, @p16, @p17, @p18, @p19, @p20, @p21, @p22);
2026-07-22 12:28:38.552 +05:30 [ERR] An exception occurred in the database while saving changes for context type 'SchoolCRM.Infrastructure.Data.ApplicationDbContext'.
Microsoft.EntityFrameworkCore.DbUpdateException: An error occurred while saving the entity changes. See the inner exception for details.
 ---> MySqlConnector.MySqlException (0x80004005): Cannot add or update a child row: a foreign key constraint fails (`schoolcrm`.`Teachers`, CONSTRAINT `FK_Teachers_Schools_SchoolId` FOREIGN KEY (`SchoolId`) REFERENCES `Schools` (`Id`) ON DELETE CASCADE)
   at MySqlConnector.Core.ServerSession.ReceiveReplyAsync(IOBehavior ioBehavior, CancellationToken cancellationToken) in /_/src/MySqlConnector/Core/ServerSession.cs:line 894
   at MySqlConnector.Core.ResultSet.ReadResultSetHeaderAsync(IOBehavior ioBehavior) in /_/src/MySqlConnector/Core/ResultSet.cs:line 37
   at MySqlConnector.MySqlDataReader.ActivateResultSet(CancellationToken cancellationToken) in /_/src/MySqlConnector/MySqlDataReader.cs:line 130
   at MySqlConnector.MySqlDataReader.InitAsync(CommandListPosition commandListPosition, ICommandPayloadCreator payloadCreator, IDictionary`2 cachedProcedures, IMySqlCommand command, CommandBehavior behavior, Activity activity, IOBehavior ioBehavior, CancellationToken cancellationToken) in /_/src/MySqlConnector/MySqlDataReader.cs:line 483
   at MySqlConnector.Core.CommandExecutor.ExecuteReaderAsync(CommandListPosition commandListPosition, ICommandPayloadCreator payloadCreator, CommandBehavior behavior, Activity activity, IOBehavior ioBehavior, CancellationToken cancellationToken) in /_/src/MySqlConnector/Core/CommandExecutor.cs:line 56
   at MySqlConnector.MySqlCommand.ExecuteReaderAsync(CommandBehavior behavior, IOBehavior ioBehavior, CancellationToken cancellationToken) in /_/src/MySqlConnector/MySqlCommand.cs:line 357
   at MySqlConnector.MySqlCommand.ExecuteDbDataReaderAsync(CommandBehavior behavior, CancellationToken cancellationToken) in /_/src/MySqlConnector/MySqlCommand.cs:line 350
   at Microsoft.EntityFrameworkCore.Storage.RelationalCommand.ExecuteReaderAsync(RelationalCommandParameterObject parameterObject, CancellationToken cancellationToken)
   at Microsoft.EntityFrameworkCore.Storage.RelationalCommand.ExecuteReaderAsync(RelationalCommandParameterObject parameterObject, CancellationToken cancellationToken)
   at Microsoft.EntityFrameworkCore.Update.ReaderModificationCommandBatch.ExecuteAsync(IRelationalConnection connection, CancellationToken cancellationToken)
   --- End of inner exception stack trace ---
   at Microsoft.EntityFrameworkCore.Update.ReaderModificationCommandBatch.ExecuteAsync(IRelationalConnection connection, CancellationToken cancellationToken)
   at Microsoft.EntityFrameworkCore.Update.Internal.BatchExecutor.ExecuteAsync(IEnumerable`1 commandBatches, IRelationalConnection connection, CancellationToken cancellationToken)
   at Microsoft.EntityFrameworkCore.Update.Internal.BatchExecutor.ExecuteAsync(IEnumerable`1 commandBatches, IRelationalConnection connection, CancellationToken cancellationToken)
   at Microsoft.EntityFrameworkCore.Update.Internal.BatchExecutor.ExecuteAsync(IEnumerable`1 commandBatches, IRelationalConnection connection, CancellationToken cancellationToken)
   at Microsoft.EntityFrameworkCore.ChangeTracking.Internal.StateManager.SaveChangesAsync(IList`1 entriesToSave, CancellationToken cancellationToken)
   at Microsoft.EntityFrameworkCore.ChangeTracking.Internal.StateManager.SaveChangesAsync(StateManager stateManager, Boolean acceptAllChangesOnSuccess, CancellationToken cancellationToken)
   at Microsoft.EntityFrameworkCore.Storage.ExecutionStrategy.<>c__DisplayClass30_0`2.<<ExecuteAsync>b__0>d.MoveNext()
--- End of stack trace from previous location ---
   at Microsoft.EntityFrameworkCore.Storage.ExecutionStrategy.ExecuteImplementationAsync[TState,TResult](Func`4 operation, Func`4 verifySucceeded, TState state, CancellationToken cancellationToken)
   at Microsoft.EntityFrameworkCore.Storage.ExecutionStrategy.ExecuteImplementationAsync[TState,TResult](Func`4 operation, Func`4 verifySucceeded, TState state, CancellationToken cancellationToken)
   at Microsoft.EntityFrameworkCore.Storage.ExecutionStrategy.ExecuteAsync[TState,TResult](TState state, Func`4 operation, Func`4 verifySucceeded, CancellationToken cancellationToken)
   at Microsoft.EntityFrameworkCore.DbContext.SaveChangesAsync(Boolean acceptAllChangesOnSuccess, CancellationToken cancellationToken)
Microsoft.EntityFrameworkCore.DbUpdateException: An error occurred while saving the entity changes. See the inner exception for details.
 ---> MySqlConnector.MySqlException (0x80004005): Cannot add or update a child row: a foreign key constraint fails (`schoolcrm`.`Teachers`, CONSTRAINT `FK_Teachers_Schools_SchoolId` FOREIGN KEY (`SchoolId`) REFERENCES `Schools` (`Id`) ON DELETE CASCADE)
   at MySqlConnector.Core.ServerSession.ReceiveReplyAsync(IOBehavior ioBehavior, CancellationToken cancellationToken) in /_/src/MySqlConnector/Core/ServerSession.cs:line 894
   at MySqlConnector.Core.ResultSet.ReadResultSetHeaderAsync(IOBehavior ioBehavior) in /_/src/MySqlConnector/Core/ResultSet.cs:line 37
   at MySqlConnector.MySqlDataReader.ActivateResultSet(CancellationToken cancellationToken) in /_/src/MySqlConnector/MySqlDataReader.cs:line 130
   at MySqlConnector.MySqlDataReader.InitAsync(CommandListPosition commandListPosition, ICommandPayloadCreator payloadCreator, IDictionary`2 cachedProcedures, IMySqlCommand command, CommandBehavior behavior, Activity activity, IOBehavior ioBehavior, CancellationToken cancellationToken) in /_/src/MySqlConnector/MySqlDataReader.cs:line 483
   at MySqlConnector.Core.CommandExecutor.ExecuteReaderAsync(CommandListPosition commandListPosition, ICommandPayloadCreator payloadCreator, CommandBehavior behavior, Activity activity, IOBehavior ioBehavior, CancellationToken cancellationToken) in /_/src/MySqlConnector/Core/CommandExecutor.cs:line 56
   at MySqlConnector.MySqlCommand.ExecuteReaderAsync(CommandBehavior behavior, IOBehavior ioBehavior, CancellationToken cancellationToken) in /_/src/MySqlConnector/MySqlCommand.cs:line 357
   at MySqlConnector.MySqlCommand.ExecuteDbDataReaderAsync(CommandBehavior behavior, CancellationToken cancellationToken) in /_/src/MySqlConnector/MySqlCommand.cs:line 350
   at Microsoft.EntityFrameworkCore.Storage.RelationalCommand.ExecuteReaderAsync(RelationalCommandParameterObject parameterObject, CancellationToken cancellationToken)
   at Microsoft.EntityFrameworkCore.Storage.RelationalCommand.ExecuteReaderAsync(RelationalCommandParameterObject parameterObject, CancellationToken cancellationToken)
   at Microsoft.EntityFrameworkCore.Update.ReaderModificationCommandBatch.ExecuteAsync(IRelationalConnection connection, CancellationToken cancellationToken)
   --- End of inner exception stack trace ---
   at Microsoft.EntityFrameworkCore.Update.ReaderModificationCommandBatch.ExecuteAsync(IRelationalConnection connection, CancellationToken cancellationToken)
   at Microsoft.EntityFrameworkCore.Update.Internal.BatchExecutor.ExecuteAsync(IEnumerable`1 commandBatches, IRelationalConnection connection, CancellationToken cancellationToken)
   at Microsoft.EntityFrameworkCore.Update.Internal.BatchExecutor.ExecuteAsync(IEnumerable`1 commandBatches, IRelationalConnection connection, CancellationToken cancellationToken)
   at Microsoft.EntityFrameworkCore.Update.Internal.BatchExecutor.ExecuteAsync(IEnumerable`1 commandBatches, IRelationalConnection connection, CancellationToken cancellationToken)
   at Microsoft.EntityFrameworkCore.ChangeTracking.Internal.StateManager.SaveChangesAsync(IList`1 entriesToSave, CancellationToken cancellationToken)
   at Microsoft.EntityFrameworkCore.ChangeTracking.Internal.StateManager.SaveChangesAsync(StateManager stateManager, Boolean acceptAllChangesOnSuccess, CancellationToken cancellationToken)
   at Microsoft.EntityFrameworkCore.Storage.ExecutionStrategy.<>c__DisplayClass30_0`2.<<ExecuteAsync>b__0>d.MoveNext()
--- End of stack trace from previous location ---
   at Microsoft.EntityFrameworkCore.Storage.ExecutionStrategy.ExecuteImplementationAsync[TState,TResult](Func`4 operation, Func`4 verifySucceeded, TState state, CancellationToken cancellationToken)
   at Microsoft.EntityFrameworkCore.Storage.ExecutionStrategy.ExecuteImplementationAsync[TState,TResult](Func`4 operation, Func`4 verifySucceeded, TState state, CancellationToken cancellationToken)
   at Microsoft.EntityFrameworkCore.Storage.ExecutionStrategy.ExecuteAsync[TState,TResult](TState state, Func`4 operation, Func`4 verifySucceeded, CancellationToken cancellationToken)
   at Microsoft.EntityFrameworkCore.DbContext.SaveChangesAsync(Boolean acceptAllChangesOnSuccess, CancellationToken cancellationToken)
2026-07-22 12:28:38.557 +05:30 [INF] [2c79ecf9-2bb4-45fb-b0ef-193f66371af5] POST /api/teachers responded 400 in 341ms
2026-07-22 12:33:15.779 +05:30 [WRN] Redis unavailable, falling back to in-memory cache and basic SignalR: It was not possible to connect to the redis server(s). Error connecting right now. To allow this multiplexer to continue retrying until it's able to connect, use abortConnect=false in your connection string or AbortOnConnectFail=false; in your code.
2026-07-22 12:33:21.844 +05:30 [WRN] Entity 'ApplicationRole' has a global query filter defined and is the required end of a relationship with the entity 'ApplicationRoleClaim'. This may lead to unexpected results when the required entity is filtered out. Either configure the navigation as optional, or define matching query filters for both entities in the navigation. See https://go.microsoft.com/fwlink/?linkid=2131316 for more information.
2026-07-22 12:33:21.848 +05:30 [WRN] Entity 'ApplicationUser' has a global query filter defined and is the required end of a relationship with the entity 'ApplicationUserClaim'. This may lead to unexpected results when the required entity is filtered out. Either configure the navigation as optional, or define matching query filters for both entities in the navigation. See https://go.microsoft.com/fwlink/?linkid=2131316 for more information.
2026-07-22 12:33:21.849 +05:30 [WRN] Entity 'ApplicationUser' has a global query filter defined and is the required end of a relationship with the entity 'ApplicationUserLogin'. This may lead to unexpected results when the required entity is filtered out. Either configure the navigation as optional, or define matching query filters for both entities in the navigation. See https://go.microsoft.com/fwlink/?linkid=2131316 for more information.
2026-07-22 12:33:21.849 +05:30 [WRN] Entity 'ApplicationRole' has a global query filter defined and is the required end of a relationship with the entity 'ApplicationUserRole'. This may lead to unexpected results when the required entity is filtered out. Either configure the navigation as optional, or define matching query filters for both entities in the navigation. See https://go.microsoft.com/fwlink/?linkid=2131316 for more information.
2026-07-22 12:33:21.849 +05:30 [WRN] Entity 'ApplicationUser' has a global query filter defined and is the required end of a relationship with the entity 'ApplicationUserToken'. This may lead to unexpected results when the required entity is filtered out. Either configure the navigation as optional, or define matching query filters for both entities in the navigation. See https://go.microsoft.com/fwlink/?linkid=2131316 for more information.
2026-07-22 12:33:21.991 +05:30 [WRN] The foreign key property 'HomeworkSubmission.StudentId1' was created in shadow state because a conflicting property with the simple name 'StudentId' exists in the entity type, but is either not mapped, is already used for another relationship, or is incompatible with the associated primary key type. See https://aka.ms/efcore-relationships for information on mapping relationships in EF Core.
2026-07-22 12:33:23.459 +05:30 [INF] Database migrated successfully
2026-07-22 12:33:24.516 +05:30 [INF] Roles seeded successfully
2026-07-22 12:33:45.269 +05:30 [INF] [a189f222-281f-48c9-9609-f348d26330b1] POST /api/auth/login from 127.0.0.1 by Anonymous
2026-07-22 12:33:45.319 +05:30 [WRN] Failed to determine the https port for redirect.
2026-07-22 12:33:46.557 +05:30 [INF] [a189f222-281f-48c9-9609-f348d26330b1] POST /api/auth/login responded 200 in 1283ms
2026-07-22 12:33:46.613 +05:30 [INF] [798f9747-711c-4911-a754-dbbe5e0efcb2] POST /api/teachers from 127.0.0.1 by Anonymous
2026-07-22 12:33:47.017 +05:30 [INF] [798f9747-711c-4911-a754-dbbe5e0efcb2] POST /api/teachers responded 400 in 403ms
2026-07-22 12:34:02.114 +05:30 [INF] [9a8b08a9-15bc-4b86-882d-d9159d057e77] POST /api/auth/login from 127.0.0.1 by Anonymous
2026-07-22 12:34:02.470 +05:30 [INF] [9a8b08a9-15bc-4b86-882d-d9159d057e77] POST /api/auth/login responded 200 in 355ms
2026-07-22 12:34:02.501 +05:30 [INF] [a9a1e0d0-0a31-47da-a5a2-7300a1e95252] POST /api/teachers from 127.0.0.1 by Anonymous
2026-07-22 12:34:03.384 +05:30 [ERR] Failed executing DbCommand (6ms) [Parameters=[@p0='?' (DbType = Guid), @p1='?' (Size = 4000), @p2='?' (Size = 4000), @p3='?', @p4='?' (DbType = DateTime), @p5='?' (Size = 4000), @p6='?' (DbType = DateTime), @p7='?' (Size = 4000), @p8='?' (DbType = Guid), @p9='?' (Size = 50), @p10='?' (Size = 4000), @p11='?' (DbType = Int32), @p12='?' (DbType = Boolean), @p13='?' (DbType = DateTime), @p14='?' (Size = 4000), @p15='?' (Size = 4000), @p16='?' (Size = 4000), @p17='?' (DbType = Guid), @p18='?' (Size = 4000), @p19='?' (DbType = Int32), @p20='?' (DbType = DateTime), @p21='?' (Size = 4000), @p22='?' (DbType = Guid)], CommandType='"Text"', CommandTimeout='30']
SET AUTOCOMMIT = 1;
INSERT INTO `Teachers` (`Id`, `BankAccountNumber`, `BankName`, `BasicSalary`, `CreatedAt`, `CreatedBy`, `DeletedAt`, `DeletedBy`, `DepartmentId`, `EmployeeCode`, `EmploymentType`, `ExperienceYears`, `IsDeleted`, `JoiningDate`, `PANNumber`, `PFAccountNumber`, `Qualification`, `SchoolId`, `Specialization`, `Status`, `UpdatedAt`, `UpdatedBy`, `UserId`)
VALUES (@p0, @p1, @p2, @p3, @p4, @p5, @p6, @p7, @p8, @p9, @p10, @p11, @p12, @p13, @p14, @p15, @p16, @p17, @p18, @p19, @p20, @p21, @p22);
2026-07-22 12:34:03.416 +05:30 [ERR] An exception occurred in the database while saving changes for context type 'SchoolCRM.Infrastructure.Data.ApplicationDbContext'.
Microsoft.EntityFrameworkCore.DbUpdateException: An error occurred while saving the entity changes. See the inner exception for details.
 ---> MySqlConnector.MySqlException (0x80004005): Column 'SchoolId' cannot be null
   at MySqlConnector.Core.ServerSession.ReceiveReplyAsync(IOBehavior ioBehavior, CancellationToken cancellationToken) in /_/src/MySqlConnector/Core/ServerSession.cs:line 894
   at MySqlConnector.Core.ResultSet.ReadResultSetHeaderAsync(IOBehavior ioBehavior) in /_/src/MySqlConnector/Core/ResultSet.cs:line 37
   at MySqlConnector.MySqlDataReader.ActivateResultSet(CancellationToken cancellationToken) in /_/src/MySqlConnector/MySqlDataReader.cs:line 130
   at MySqlConnector.MySqlDataReader.InitAsync(CommandListPosition commandListPosition, ICommandPayloadCreator payloadCreator, IDictionary`2 cachedProcedures, IMySqlCommand command, CommandBehavior behavior, Activity activity, IOBehavior ioBehavior, CancellationToken cancellationToken) in /_/src/MySqlConnector/MySqlDataReader.cs:line 483
   at MySqlConnector.Core.CommandExecutor.ExecuteReaderAsync(CommandListPosition commandListPosition, ICommandPayloadCreator payloadCreator, CommandBehavior behavior, Activity activity, IOBehavior ioBehavior, CancellationToken cancellationToken) in /_/src/MySqlConnector/Core/CommandExecutor.cs:line 56
   at MySqlConnector.MySqlCommand.ExecuteReaderAsync(CommandBehavior behavior, IOBehavior ioBehavior, CancellationToken cancellationToken) in /_/src/MySqlConnector/MySqlCommand.cs:line 357
   at MySqlConnector.MySqlCommand.ExecuteDbDataReaderAsync(CommandBehavior behavior, CancellationToken cancellationToken) in /_/src/MySqlConnector/MySqlCommand.cs:line 350
   at Microsoft.EntityFrameworkCore.Storage.RelationalCommand.ExecuteReaderAsync(RelationalCommandParameterObject parameterObject, CancellationToken cancellationToken)
   at Microsoft.EntityFrameworkCore.Storage.RelationalCommand.ExecuteReaderAsync(RelationalCommandParameterObject parameterObject, CancellationToken cancellationToken)
   at Microsoft.EntityFrameworkCore.Update.ReaderModificationCommandBatch.ExecuteAsync(IRelationalConnection connection, CancellationToken cancellationToken)
   --- End of inner exception stack trace ---
   at Microsoft.EntityFrameworkCore.Update.ReaderModificationCommandBatch.ExecuteAsync(IRelationalConnection connection, CancellationToken cancellationToken)
   at Microsoft.EntityFrameworkCore.Update.Internal.BatchExecutor.ExecuteAsync(IEnumerable`1 commandBatches, IRelationalConnection connection, CancellationToken cancellationToken)
   at Microsoft.EntityFrameworkCore.Update.Internal.BatchExecutor.ExecuteAsync(IEnumerable`1 commandBatches, IRelationalConnection connection, CancellationToken cancellationToken)
   at Microsoft.EntityFrameworkCore.Update.Internal.BatchExecutor.ExecuteAsync(IEnumerable`1 commandBatches, IRelationalConnection connection, CancellationToken cancellationToken)
   at Microsoft.EntityFrameworkCore.ChangeTracking.Internal.StateManager.SaveChangesAsync(IList`1 entriesToSave, CancellationToken cancellationToken)
   at Microsoft.EntityFrameworkCore.ChangeTracking.Internal.StateManager.SaveChangesAsync(StateManager stateManager, Boolean acceptAllChangesOnSuccess, CancellationToken cancellationToken)
   at Microsoft.EntityFrameworkCore.Storage.ExecutionStrategy.<>c__DisplayClass30_0`2.<<ExecuteAsync>b__0>d.MoveNext()
--- End of stack trace from previous location ---
   at Microsoft.EntityFrameworkCore.Storage.ExecutionStrategy.ExecuteImplementationAsync[TState,TResult](Func`4 operation, Func`4 verifySucceeded, TState state, CancellationToken cancellationToken)
   at Microsoft.EntityFrameworkCore.Storage.ExecutionStrategy.ExecuteImplementationAsync[TState,TResult](Func`4 operation, Func`4 verifySucceeded, TState state, CancellationToken cancellationToken)
   at Microsoft.EntityFrameworkCore.Storage.ExecutionStrategy.ExecuteAsync[TState,TResult](TState state, Func`4 operation, Func`4 verifySucceeded, CancellationToken cancellationToken)
   at Microsoft.EntityFrameworkCore.DbContext.SaveChangesAsync(Boolean acceptAllChangesOnSuccess, CancellationToken cancellationToken)
Microsoft.EntityFrameworkCore.DbUpdateException: An error occurred while saving the entity changes. See the inner exception for details.
 ---> MySqlConnector.MySqlException (0x80004005): Column 'SchoolId' cannot be null
   at MySqlConnector.Core.ServerSession.ReceiveReplyAsync(IOBehavior ioBehavior, CancellationToken cancellationToken) in /_/src/MySqlConnector/Core/ServerSession.cs:line 894
   at MySqlConnector.Core.ResultSet.ReadResultSetHeaderAsync(IOBehavior ioBehavior) in /_/src/MySqlConnector/Core/ResultSet.cs:line 37
   at MySqlConnector.MySqlDataReader.ActivateResultSet(CancellationToken cancellationToken) in /_/src/MySqlConnector/MySqlDataReader.cs:line 130
   at MySqlConnector.MySqlDataReader.InitAsync(CommandListPosition commandListPosition, ICommandPayloadCreator payloadCreator, IDictionary`2 cachedProcedures, IMySqlCommand command, CommandBehavior behavior, Activity activity, IOBehavior ioBehavior, CancellationToken cancellationToken) in /_/src/MySqlConnector/MySqlDataReader.cs:line 483
   at MySqlConnector.Core.CommandExecutor.ExecuteReaderAsync(CommandListPosition commandListPosition, ICommandPayloadCreator payloadCreator, CommandBehavior behavior, Activity activity, IOBehavior ioBehavior, CancellationToken cancellationToken) in /_/src/MySqlConnector/Core/CommandExecutor.cs:line 56
   at MySqlConnector.MySqlCommand.ExecuteReaderAsync(CommandBehavior behavior, IOBehavior ioBehavior, CancellationToken cancellationToken) in /_/src/MySqlConnector/MySqlCommand.cs:line 357
   at MySqlConnector.MySqlCommand.ExecuteDbDataReaderAsync(CommandBehavior behavior, CancellationToken cancellationToken) in /_/src/MySqlConnector/MySqlCommand.cs:line 350
   at Microsoft.EntityFrameworkCore.Storage.RelationalCommand.ExecuteReaderAsync(RelationalCommandParameterObject parameterObject, CancellationToken cancellationToken)
   at Microsoft.EntityFrameworkCore.Storage.RelationalCommand.ExecuteReaderAsync(RelationalCommandParameterObject parameterObject, CancellationToken cancellationToken)
   at Microsoft.EntityFrameworkCore.Update.ReaderModificationCommandBatch.ExecuteAsync(IRelationalConnection connection, CancellationToken cancellationToken)
   --- End of inner exception stack trace ---
   at Microsoft.EntityFrameworkCore.Update.ReaderModificationCommandBatch.ExecuteAsync(IRelationalConnection connection, CancellationToken cancellationToken)
   at Microsoft.EntityFrameworkCore.Update.Internal.BatchExecutor.ExecuteAsync(IEnumerable`1 commandBatches, IRelationalConnection connection, CancellationToken cancellationToken)
   at Microsoft.EntityFrameworkCore.Update.Internal.BatchExecutor.ExecuteAsync(IEnumerable`1 commandBatches, IRelationalConnection connection, CancellationToken cancellationToken)
   at Microsoft.EntityFrameworkCore.Update.Internal.BatchExecutor.ExecuteAsync(IEnumerable`1 commandBatches, IRelationalConnection connection, CancellationToken cancellationToken)
   at Microsoft.EntityFrameworkCore.ChangeTracking.Internal.StateManager.SaveChangesAsync(IList`1 entriesToSave, CancellationToken cancellationToken)
   at Microsoft.EntityFrameworkCore.ChangeTracking.Internal.StateManager.SaveChangesAsync(StateManager stateManager, Boolean acceptAllChangesOnSuccess, CancellationToken cancellationToken)
   at Microsoft.EntityFrameworkCore.Storage.ExecutionStrategy.<>c__DisplayClass30_0`2.<<ExecuteAsync>b__0>d.MoveNext()
--- End of stack trace from previous location ---
   at Microsoft.EntityFrameworkCore.Storage.ExecutionStrategy.ExecuteImplementationAsync[TState,TResult](Func`4 operation, Func`4 verifySucceeded, TState state, CancellationToken cancellationToken)
   at Microsoft.EntityFrameworkCore.Storage.ExecutionStrategy.ExecuteImplementationAsync[TState,TResult](Func`4 operation, Func`4 verifySucceeded, TState state, CancellationToken cancellationToken)
   at Microsoft.EntityFrameworkCore.Storage.ExecutionStrategy.ExecuteAsync[TState,TResult](TState state, Func`4 operation, Func`4 verifySucceeded, CancellationToken cancellationToken)
   at Microsoft.EntityFrameworkCore.DbContext.SaveChangesAsync(Boolean acceptAllChangesOnSuccess, CancellationToken cancellationToken)
2026-07-22 12:34:03.423 +05:30 [INF] [a9a1e0d0-0a31-47da-a5a2-7300a1e95252] POST /api/teachers responded 400 in 919ms
2026-07-22 12:36:32.597 +05:30 [INF] [2de484de-5492-408b-b349-c8521b24d841] POST /api/auth/login from 127.0.0.1 by Anonymous
2026-07-22 12:36:33.024 +05:30 [INF] [2de484de-5492-408b-b349-c8521b24d841] POST /api/auth/login responded 200 in 425ms
2026-07-22 12:36:33.047 +05:30 [INF] [4bc4b585-b406-44f2-acc1-5b4abe3fd24d] POST /api/teachers from 127.0.0.1 by Anonymous
2026-07-22 12:36:33.676 +05:30 [INF] [4bc4b585-b406-44f2-acc1-5b4abe3fd24d] POST /api/teachers responded 201 in 628ms
2026-07-22 12:37:56.393 +05:30 [INF] [f122d445-8a93-4487-93de-5f83e5824536] POST /api/teachers from 127.0.0.1 by Anonymous
2026-07-22 12:37:56.719 +05:30 [INF] [f122d445-8a93-4487-93de-5f83e5824536] POST /api/teachers responded 201 in 325ms
2026-07-22 12:37:57.758 +05:30 [INF] [44e9bd19-0be6-4f7a-af4e-eff239aaf26b] GET /api/teachers from 127.0.0.1 by Anonymous
2026-07-22 12:37:58.015 +05:30 [INF] [44e9bd19-0be6-4f7a-af4e-eff239aaf26b] GET /api/teachers responded 200 in 257ms
2026-07-22 12:37:58.025 +05:30 [INF] [b357406e-59ab-492a-b011-0c41b1e4b8f3] GET /api/teachers from 127.0.0.1 by Anonymous
2026-07-22 12:37:58.059 +05:30 [INF] [b357406e-59ab-492a-b011-0c41b1e4b8f3] GET /api/teachers responded 200 in 33ms
2026-07-22 12:38:37.249 +05:30 [INF] [64ce1ec0-584b-4dd6-9d12-567823ce642d] GET /api/teachers from 127.0.0.1 by Anonymous
2026-07-22 12:38:37.839 +05:30 [INF] [64ce1ec0-584b-4dd6-9d12-567823ce642d] GET /api/teachers responded 200 in 588ms
2026-07-22 12:38:37.847 +05:30 [INF] [280b2248-f64e-47a9-a3c9-c2e48593f8c8] GET /api/teachers from 127.0.0.1 by Anonymous
2026-07-22 12:38:37.873 +05:30 [INF] [280b2248-f64e-47a9-a3c9-c2e48593f8c8] GET /api/teachers responded 200 in 25ms
2026-07-22 12:38:42.940 +05:30 [INF] [42665b35-1457-46b6-a394-361bcf99d9a4] GET /api/students from 127.0.0.1 by Anonymous
2026-07-22 12:38:43.123 +05:30 [INF] [42665b35-1457-46b6-a394-361bcf99d9a4] GET /api/students responded 200 in 181ms
2026-07-22 12:38:43.132 +05:30 [INF] [be2318e8-3eea-4d42-9b69-5e7859bfa556] GET /api/students from 127.0.0.1 by Anonymous
2026-07-22 12:38:43.165 +05:30 [INF] [be2318e8-3eea-4d42-9b69-5e7859bfa556] GET /api/students responded 200 in 32ms
2026-07-22 12:39:08.194 +05:30 [INF] [af3d493a-8912-467f-9612-155eda222624] POST /api/students from 127.0.0.1 by Anonymous
2026-07-22 12:39:08.269 +05:30 [INF] [af3d493a-8912-467f-9612-155eda222624] POST /api/students responded 400 in 74ms
2026-07-22 12:47:39.141 +05:30 [INF] [97e14418-648a-4552-8ddf-58c41f5a90be] GET /api/schools from 127.0.0.1 by Anonymous
2026-07-22 12:47:39.826 +05:30 [WRN] The query uses a row limiting operator ('Skip'/'Take') without an 'OrderBy' operator. This may lead to unpredictable results. If the 'Distinct' operator is used after 'OrderBy', then make sure to use the 'OrderBy' operator after 'Distinct' as the ordering would otherwise get erased.
2026-07-22 12:47:39.826 +05:30 [WRN] The query uses a row limiting operator ('Skip'/'Take') without an 'OrderBy' operator. This may lead to unpredictable results. If the 'Distinct' operator is used after 'OrderBy', then make sure to use the 'OrderBy' operator after 'Distinct' as the ordering would otherwise get erased.
2026-07-22 12:47:39.859 +05:30 [INF] [97e14418-648a-4552-8ddf-58c41f5a90be] GET /api/schools responded 200 in 715ms
2026-07-22 12:47:39.885 +05:30 [INF] [1dfa5583-c571-4674-8c52-a869387eb624] GET /api/schools from 127.0.0.1 by Anonymous
2026-07-22 12:47:39.911 +05:30 [INF] [1dfa5583-c571-4674-8c52-a869387eb624] GET /api/schools responded 200 in 24ms
2026-07-22 12:47:57.452 +05:30 [INF] [a95d3cb3-dc1a-424c-b881-11d955a3a97c] GET /api/schools from 127.0.0.1 by Anonymous
2026-07-22 12:47:57.495 +05:30 [INF] [a95d3cb3-dc1a-424c-b881-11d955a3a97c] GET /api/schools responded 200 in 43ms
2026-07-22 12:49:15.321 +05:30 [INF] [98fbe161-073a-4df4-a67b-5b6262122364] GET /api/schools from 127.0.0.1 by Anonymous
2026-07-22 12:49:15.379 +05:30 [INF] [98fbe161-073a-4df4-a67b-5b6262122364] GET /api/schools responded 200 in 57ms
2026-07-22 12:49:16.814 +05:30 [INF] [87890dfe-31c8-4bff-aca3-aa791e88009e] GET /api/schools from 127.0.0.1 by Anonymous
2026-07-22 12:49:16.840 +05:30 [INF] [87890dfe-31c8-4bff-aca3-aa791e88009e] GET /api/schools responded 200 in 25ms
2026-07-22 12:56:14.433 +05:30 [WRN] Redis unavailable, falling back to in-memory cache and basic SignalR: It was not possible to connect to the redis server(s). Error connecting right now. To allow this multiplexer to continue retrying until it's able to connect, use abortConnect=false in your connection string or AbortOnConnectFail=false; in your code.
2026-07-22 12:56:20.254 +05:30 [WRN] Entity 'ApplicationRole' has a global query filter defined and is the required end of a relationship with the entity 'ApplicationRoleClaim'. This may lead to unexpected results when the required entity is filtered out. Either configure the navigation as optional, or define matching query filters for both entities in the navigation. See https://go.microsoft.com/fwlink/?linkid=2131316 for more information.
2026-07-22 12:56:20.257 +05:30 [WRN] Entity 'ApplicationUser' has a global query filter defined and is the required end of a relationship with the entity 'ApplicationUserClaim'. This may lead to unexpected results when the required entity is filtered out. Either configure the navigation as optional, or define matching query filters for both entities in the navigation. See https://go.microsoft.com/fwlink/?linkid=2131316 for more information.
2026-07-22 12:56:20.259 +05:30 [WRN] Entity 'ApplicationUser' has a global query filter defined and is the required end of a relationship with the entity 'ApplicationUserLogin'. This may lead to unexpected results when the required entity is filtered out. Either configure the navigation as optional, or define matching query filters for both entities in the navigation. See https://go.microsoft.com/fwlink/?linkid=2131316 for more information.
2026-07-22 12:56:20.259 +05:30 [WRN] Entity 'ApplicationRole' has a global query filter defined and is the required end of a relationship with the entity 'ApplicationUserRole'. This may lead to unexpected results when the required entity is filtered out. Either configure the navigation as optional, or define matching query filters for both entities in the navigation. See https://go.microsoft.com/fwlink/?linkid=2131316 for more information.
2026-07-22 12:56:20.259 +05:30 [WRN] Entity 'ApplicationUser' has a global query filter defined and is the required end of a relationship with the entity 'ApplicationUserToken'. This may lead to unexpected results when the required entity is filtered out. Either configure the navigation as optional, or define matching query filters for both entities in the navigation. See https://go.microsoft.com/fwlink/?linkid=2131316 for more information.
2026-07-22 12:56:20.407 +05:30 [WRN] The foreign key property 'HomeworkSubmission.StudentId1' was created in shadow state because a conflicting property with the simple name 'StudentId' exists in the entity type, but is either not mapped, is already used for another relationship, or is incompatible with the associated primary key type. See https://aka.ms/efcore-relationships for information on mapping relationships in EF Core.
2026-07-22 12:56:21.782 +05:30 [INF] Database migrated successfully
2026-07-22 12:56:22.879 +05:30 [INF] Roles seeded successfully
2026-07-22 12:56:24.099 +05:30 [ERR] An exception occurred in the database while saving changes for context type 'SchoolCRM.Infrastructure.Data.ApplicationDbContext'.
System.InvalidOperationException: Unable to save changes because a circular dependency was detected in the data to be saved: 'School [Added] <-
ForeignKeyConstraint { 'SchoolId' } AcademicYear [Added] <-
ForeignKeyConstraint { 'CurrentAcademicYearId' } School [Added]To show additional information call 'DbContextOptionsBuilder.EnableSensitiveDataLogging'.'.
   at Microsoft.EntityFrameworkCore.Utilities.Multigraph`2.ThrowCycle(List`1 cycle, Func`2 formatCycle, Func`2 formatException)
   at Microsoft.EntityFrameworkCore.Utilities.Multigraph`2.TopologicalSortCore(Boolean withBatching, Func`4 canBreakEdges, Func`2 formatCycle, Func`2 formatException)
   at Microsoft.EntityFrameworkCore.Utilities.Multigraph`2.BatchingTopologicalSort(Func`4 canBreakEdges, Func`2 formatCycle, Func`2 formatException)
   at Microsoft.EntityFrameworkCore.Update.Internal.CommandBatchPreparer.TopologicalSort(IEnumerable`1 commands)
   at Microsoft.EntityFrameworkCore.Update.Internal.CommandBatchPreparer.BatchCommands(IList`1 entries, IUpdateAdapter updateAdapter)+MoveNext()
   at Microsoft.EntityFrameworkCore.Update.Internal.BatchExecutor.ExecuteAsync(IEnumerable`1 commandBatches, IRelationalConnection connection, CancellationToken cancellationToken)
   at Microsoft.EntityFrameworkCore.ChangeTracking.Internal.StateManager.SaveChangesAsync(IList`1 entriesToSave, CancellationToken cancellationToken)
   at Microsoft.EntityFrameworkCore.ChangeTracking.Internal.StateManager.SaveChangesAsync(StateManager stateManager, Boolean acceptAllChangesOnSuccess, CancellationToken cancellationToken)
   at Microsoft.EntityFrameworkCore.Storage.ExecutionStrategy.<>c__DisplayClass30_0`2.<<ExecuteAsync>b__0>d.MoveNext()
--- End of stack trace from previous location ---
   at Microsoft.EntityFrameworkCore.Storage.ExecutionStrategy.ExecuteImplementationAsync[TState,TResult](Func`4 operation, Func`4 verifySucceeded, TState state, CancellationToken cancellationToken)
   at Microsoft.EntityFrameworkCore.Storage.ExecutionStrategy.ExecuteImplementationAsync[TState,TResult](Func`4 operation, Func`4 verifySucceeded, TState state, CancellationToken cancellationToken)
   at Microsoft.EntityFrameworkCore.Storage.ExecutionStrategy.ExecuteAsync[TState,TResult](TState state, Func`4 operation, Func`4 verifySucceeded, CancellationToken cancellationToken)
   at Microsoft.EntityFrameworkCore.DbContext.SaveChangesAsync(Boolean acceptAllChangesOnSuccess, CancellationToken cancellationToken)
System.InvalidOperationException: Unable to save changes because a circular dependency was detected in the data to be saved: 'School [Added] <-
ForeignKeyConstraint { 'SchoolId' } AcademicYear [Added] <-
ForeignKeyConstraint { 'CurrentAcademicYearId' } School [Added]To show additional information call 'DbContextOptionsBuilder.EnableSensitiveDataLogging'.'.
   at Microsoft.EntityFrameworkCore.Utilities.Multigraph`2.ThrowCycle(List`1 cycle, Func`2 formatCycle, Func`2 formatException)
   at Microsoft.EntityFrameworkCore.Utilities.Multigraph`2.TopologicalSortCore(Boolean withBatching, Func`4 canBreakEdges, Func`2 formatCycle, Func`2 formatException)
   at Microsoft.EntityFrameworkCore.Utilities.Multigraph`2.BatchingTopologicalSort(Func`4 canBreakEdges, Func`2 formatCycle, Func`2 formatException)
   at Microsoft.EntityFrameworkCore.Update.Internal.CommandBatchPreparer.TopologicalSort(IEnumerable`1 commands)
   at Microsoft.EntityFrameworkCore.Update.Internal.CommandBatchPreparer.BatchCommands(IList`1 entries, IUpdateAdapter updateAdapter)+MoveNext()
   at Microsoft.EntityFrameworkCore.Update.Internal.BatchExecutor.ExecuteAsync(IEnumerable`1 commandBatches, IRelationalConnection connection, CancellationToken cancellationToken)
   at Microsoft.EntityFrameworkCore.ChangeTracking.Internal.StateManager.SaveChangesAsync(IList`1 entriesToSave, CancellationToken cancellationToken)
   at Microsoft.EntityFrameworkCore.ChangeTracking.Internal.StateManager.SaveChangesAsync(StateManager stateManager, Boolean acceptAllChangesOnSuccess, CancellationToken cancellationToken)
   at Microsoft.EntityFrameworkCore.Storage.ExecutionStrategy.<>c__DisplayClass30_0`2.<<ExecuteAsync>b__0>d.MoveNext()
--- End of stack trace from previous location ---
   at Microsoft.EntityFrameworkCore.Storage.ExecutionStrategy.ExecuteImplementationAsync[TState,TResult](Func`4 operation, Func`4 verifySucceeded, TState state, CancellationToken cancellationToken)
   at Microsoft.EntityFrameworkCore.Storage.ExecutionStrategy.ExecuteImplementationAsync[TState,TResult](Func`4 operation, Func`4 verifySucceeded, TState state, CancellationToken cancellationToken)
   at Microsoft.EntityFrameworkCore.Storage.ExecutionStrategy.ExecuteAsync[TState,TResult](TState state, Func`4 operation, Func`4 verifySucceeded, CancellationToken cancellationToken)
   at Microsoft.EntityFrameworkCore.DbContext.SaveChangesAsync(Boolean acceptAllChangesOnSuccess, CancellationToken cancellationToken)
2026-07-22 12:57:33.642 +05:30 [WRN] Redis unavailable, falling back to in-memory cache and basic SignalR: It was not possible to connect to the redis server(s). Error connecting right now. To allow this multiplexer to continue retrying until it's able to connect, use abortConnect=false in your connection string or AbortOnConnectFail=false; in your code.
2026-07-22 12:57:39.316 +05:30 [WRN] Entity 'ApplicationRole' has a global query filter defined and is the required end of a relationship with the entity 'ApplicationRoleClaim'. This may lead to unexpected results when the required entity is filtered out. Either configure the navigation as optional, or define matching query filters for both entities in the navigation. See https://go.microsoft.com/fwlink/?linkid=2131316 for more information.
2026-07-22 12:57:39.320 +05:30 [WRN] Entity 'ApplicationUser' has a global query filter defined and is the required end of a relationship with the entity 'ApplicationUserClaim'. This may lead to unexpected results when the required entity is filtered out. Either configure the navigation as optional, or define matching query filters for both entities in the navigation. See https://go.microsoft.com/fwlink/?linkid=2131316 for more information.
2026-07-22 12:57:39.321 +05:30 [WRN] Entity 'ApplicationUser' has a global query filter defined and is the required end of a relationship with the entity 'ApplicationUserLogin'. This may lead to unexpected results when the required entity is filtered out. Either configure the navigation as optional, or define matching query filters for both entities in the navigation. See https://go.microsoft.com/fwlink/?linkid=2131316 for more information.
2026-07-22 12:57:39.321 +05:30 [WRN] Entity 'ApplicationRole' has a global query filter defined and is the required end of a relationship with the entity 'ApplicationUserRole'. This may lead to unexpected results when the required entity is filtered out. Either configure the navigation as optional, or define matching query filters for both entities in the navigation. See https://go.microsoft.com/fwlink/?linkid=2131316 for more information.
2026-07-22 12:57:39.321 +05:30 [WRN] Entity 'ApplicationUser' has a global query filter defined and is the required end of a relationship with the entity 'ApplicationUserToken'. This may lead to unexpected results when the required entity is filtered out. Either configure the navigation as optional, or define matching query filters for both entities in the navigation. See https://go.microsoft.com/fwlink/?linkid=2131316 for more information.
2026-07-22 12:57:39.456 +05:30 [WRN] The foreign key property 'HomeworkSubmission.StudentId1' was created in shadow state because a conflicting property with the simple name 'StudentId' exists in the entity type, but is either not mapped, is already used for another relationship, or is incompatible with the associated primary key type. See https://aka.ms/efcore-relationships for information on mapping relationships in EF Core.
2026-07-22 12:57:40.849 +05:30 [INF] Database migrated successfully
2026-07-22 12:57:41.953 +05:30 [INF] Roles seeded successfully
2026-07-22 12:57:43.509 +05:30 [INF] Seeded school 'Springfield Academy' with 12 classes and 36 sections
2026-07-22 13:00:44.078 +05:30 [INF] [0c358e08-cc56-4eb2-9272-d36ef44aad98] GET /api/schools from 127.0.0.1 by Anonymous
2026-07-22 13:00:44.172 +05:30 [WRN] Failed to determine the https port for redirect.
2026-07-22 13:00:44.765 +05:30 [WRN] The query uses a row limiting operator ('Skip'/'Take') without an 'OrderBy' operator. This may lead to unpredictable results. If the 'Distinct' operator is used after 'OrderBy', then make sure to use the 'OrderBy' operator after 'Distinct' as the ordering would otherwise get erased.
2026-07-22 13:00:44.766 +05:30 [WRN] The query uses a row limiting operator ('Skip'/'Take') without an 'OrderBy' operator. This may lead to unpredictable results. If the 'Distinct' operator is used after 'OrderBy', then make sure to use the 'OrderBy' operator after 'Distinct' as the ordering would otherwise get erased.
2026-07-22 13:00:44.973 +05:30 [INF] [0c358e08-cc56-4eb2-9272-d36ef44aad98] GET /api/schools responded 200 in 884ms
2026-07-22 13:00:45.009 +05:30 [INF] [0b43dcda-1abf-4b02-b5ff-a4d650e1d3d2] GET /api/schools from 127.0.0.1 by Anonymous
2026-07-22 13:00:45.020 +05:30 [INF] [1503eb43-cfaa-4de8-98f4-0ce04ca3f1a3] GET /api/schools/93cfbeb0-5697-4af4-9f0b-0115e7e2e14a/classes from 127.0.0.1 by Anonymous
2026-07-22 13:00:45.332 +05:30 [INF] [0b43dcda-1abf-4b02-b5ff-a4d650e1d3d2] GET /api/schools responded 200 in 321ms
2026-07-22 13:00:45.436 +05:30 [INF] [1503eb43-cfaa-4de8-98f4-0ce04ca3f1a3] GET /api/schools/93cfbeb0-5697-4af4-9f0b-0115e7e2e14a/classes responded 200 in 415ms
2026-07-22 13:00:45.450 +05:30 [INF] [3f2dd2b2-2fe3-4183-8ae7-a360e71de422] GET /api/schools/93cfbeb0-5697-4af4-9f0b-0115e7e2e14a/classes from 127.0.0.1 by Anonymous
2026-07-22 13:00:45.475 +05:30 [INF] [3f2dd2b2-2fe3-4183-8ae7-a360e71de422] GET /api/schools/93cfbeb0-5697-4af4-9f0b-0115e7e2e14a/classes responded 200 in 24ms
2026-07-22 13:01:02.464 +05:30 [INF] [8db277c2-168e-4659-9efa-3caf50ab9700] GET /api/schools/classes/5033d316-5db8-41ff-9c5e-e8456854e269/sections from 127.0.0.1 by Anonymous
2026-07-22 13:01:02.553 +05:30 [INF] [8db277c2-168e-4659-9efa-3caf50ab9700] GET /api/schools/classes/5033d316-5db8-41ff-9c5e-e8456854e269/sections responded 200 in 88ms
2026-07-22 13:01:09.555 +05:30 [INF] [ab18473c-00a8-4ba5-ae56-7312f562f810] POST /api/students from 127.0.0.1 by Anonymous
2026-07-22 13:01:09.574 +05:30 [INF] [ab18473c-00a8-4ba5-ae56-7312f562f810] POST /api/students responded 401 in 19ms
2026-07-22 13:01:09.588 +05:30 [INF] [2a919bfe-b8ee-4056-a149-e8ddffe7d976] POST /api/auth/refresh from 127.0.0.1 by Anonymous
2026-07-22 13:01:09.649 +05:30 [INF] [2a919bfe-b8ee-4056-a149-e8ddffe7d976] POST /api/auth/refresh responded 400 in 60ms
2026-07-22 13:03:21.672 +05:30 [INF] [aedfbe1e-87f7-4a43-97d7-6822f1d5116f] POST /api/auth/login from 127.0.0.1 by Anonymous
2026-07-22 13:03:22.088 +05:30 [ERR] An unhandled exception occurred: Invalid email or password.
System.UnauthorizedAccessException: Invalid email or password.
   at SchoolCRM.Infrastructure.Services.AuthService.LoginAsync(LoginDto dto, String ipAddress) in /var/www/html/school-crm/src/SchoolCRM.Infrastructure/Services/AuthService.cs:line 44
   at SchoolCRM.API.Controllers.AuthController.LoginAsync(LoginDto dto) in /var/www/html/school-crm/src/SchoolCRM.API/Controllers/AuthController.cs:line 28
   at lambda_method1683(Closure, Object)
   at Microsoft.AspNetCore.Mvc.Infrastructure.ActionMethodExecutor.AwaitableObjectResultExecutor.Execute(ActionContext actionContext, IActionResultTypeMapper mapper, ObjectMethodExecutor executor, Object controller, Object[] arguments)
   at Microsoft.AspNetCore.Mvc.Infrastructure.ControllerActionInvoker.<InvokeActionMethodAsync>g__Awaited|12_0(ControllerActionInvoker invoker, ValueTask`1 actionResultValueTask)
   at Microsoft.AspNetCore.Mvc.Infrastructure.ControllerActionInvoker.<InvokeNextActionFilterAsync>g__Awaited|10_0(ControllerActionInvoker invoker, Task lastTask, State next, Scope scope, Object state, Boolean isCompleted)
   at Microsoft.AspNetCore.Mvc.Infrastructure.ControllerActionInvoker.Rethrow(ActionExecutedContextSealed context)
   at Microsoft.AspNetCore.Mvc.Infrastructure.ControllerActionInvoker.Next(State& next, Scope& scope, Object& state, Boolean& isCompleted)
   at Microsoft.AspNetCore.Mvc.Infrastructure.ControllerActionInvoker.<InvokeInnerFilterAsync>g__Awaited|13_0(ControllerActionInvoker invoker, Task lastTask, State next, Scope scope, Object state, Boolean isCompleted)
   at Microsoft.AspNetCore.Mvc.Infrastructure.ResourceInvoker.<InvokeFilterPipelineAsync>g__Awaited|20_0(ResourceInvoker invoker, Task lastTask, State next, Scope scope, Object state, Boolean isCompleted)
   at Microsoft.AspNetCore.Mvc.Infrastructure.ResourceInvoker.<InvokeAsync>g__Awaited|17_0(ResourceInvoker invoker, Task task, IDisposable scope)
   at Microsoft.AspNetCore.Mvc.Infrastructure.ResourceInvoker.<InvokeAsync>g__Awaited|17_0(ResourceInvoker invoker, Task task, IDisposable scope)
   at Microsoft.AspNetCore.Authorization.AuthorizationMiddleware.Invoke(HttpContext context)
   at Microsoft.AspNetCore.Authentication.AuthenticationMiddleware.Invoke(HttpContext context)
   at Swashbuckle.AspNetCore.SwaggerUI.SwaggerUIMiddleware.Invoke(HttpContext httpContext)
   at Swashbuckle.AspNetCore.Swagger.SwaggerMiddleware.Invoke(HttpContext httpContext, ISwaggerProvider swaggerProvider)
   at SchoolCRM.API.Middleware.RequestLoggingMiddleware.InvokeAsync(HttpContext context) in /var/www/html/school-crm/src/SchoolCRM.API/Middleware/RequestLoggingMiddleware.cs:line 33
   at SchoolCRM.API.Middleware.GlobalExceptionMiddleware.InvokeAsync(HttpContext context) in /var/www/html/school-crm/src/SchoolCRM.API/Middleware/GlobalExceptionMiddleware.cs:line 23
2026-07-22 13:04:36.055 +05:30 [INF] [4ace7798-fa5e-4fa4-8918-3a48add3e74e] POST /api/auth/login from 127.0.0.1 by Anonymous
2026-07-22 13:04:36.528 +05:30 [INF] [4ace7798-fa5e-4fa4-8918-3a48add3e74e] POST /api/auth/login responded 200 in 472ms
2026-07-22 13:04:37.508 +05:30 [INF] [0a226b33-75d6-404c-a052-3273e10cc716] GET /api/dashboard/stats from 127.0.0.1 by Anonymous
2026-07-22 13:04:37.536 +05:30 [INF] [68d3bd62-e1f5-43d6-81fa-95179d95323c] GET /api/dashboard/attendance-chart from 127.0.0.1 by Anonymous
2026-07-22 13:04:37.541 +05:30 [INF] [4f42a0cc-d124-4d86-8602-36d54160c3a8] GET /api/dashboard/fee-chart from 127.0.0.1 by Anonymous
2026-07-22 13:04:37.705 +05:30 [INF] [4f42a0cc-d124-4d86-8602-36d54160c3a8] GET /api/dashboard/fee-chart responded 200 in 161ms
2026-07-22 13:04:37.715 +05:30 [INF] [10c64c58-71a0-4d2f-b864-046a168cdf04] GET /api/dashboard/fee-chart from 127.0.0.1 by Anonymous
2026-07-22 13:04:37.737 +05:30 [INF] [10c64c58-71a0-4d2f-b864-046a168cdf04] GET /api/dashboard/fee-chart responded 200 in 21ms
2026-07-22 13:04:38.100 +05:30 [WRN] The query uses a row limiting operator ('Skip'/'Take') without an 'OrderBy' operator. This may lead to unpredictable results. If the 'Distinct' operator is used after 'OrderBy', then make sure to use the 'OrderBy' operator after 'Distinct' as the ordering would otherwise get erased.
2026-07-22 13:04:38.100 +05:30 [WRN] The query uses a row limiting operator ('Skip'/'Take') without an 'OrderBy' operator. This may lead to unpredictable results. If the 'Distinct' operator is used after 'OrderBy', then make sure to use the 'OrderBy' operator after 'Distinct' as the ordering would otherwise get erased.
2026-07-22 13:04:38.152 +05:30 [INF] [0a226b33-75d6-404c-a052-3273e10cc716] GET /api/dashboard/stats responded 200 in 643ms
2026-07-22 13:04:38.166 +05:30 [INF] [a1a89b17-8243-4048-a3bb-b066b60167cd] GET /api/dashboard/stats from 127.0.0.1 by Anonymous
2026-07-22 13:04:38.232 +05:30 [INF] [a1a89b17-8243-4048-a3bb-b066b60167cd] GET /api/dashboard/stats responded 200 in 65ms
2026-07-22 13:04:38.939 +05:30 [INF] [68d3bd62-e1f5-43d6-81fa-95179d95323c] GET /api/dashboard/attendance-chart responded 200 in 1398ms
2026-07-22 13:04:38.946 +05:30 [INF] [27b803fd-5fb7-4d36-b465-feff111e1cb4] GET /api/dashboard/attendance-chart from 127.0.0.1 by Anonymous
2026-07-22 13:04:39.784 +05:30 [INF] [27b803fd-5fb7-4d36-b465-feff111e1cb4] GET /api/dashboard/attendance-chart responded 200 in 838ms
2026-07-22 13:04:42.360 +05:30 [INF] [8a0175ef-04dd-4924-98e5-9ab8eaff2aae] GET /api/students from 127.0.0.1 by Anonymous
2026-07-22 13:04:42.539 +05:30 [INF] [8a0175ef-04dd-4924-98e5-9ab8eaff2aae] GET /api/students responded 200 in 178ms
2026-07-22 13:04:42.547 +05:30 [INF] [decc6e1f-598c-43c2-a4c8-039cdb038905] GET /api/students from 127.0.0.1 by Anonymous
2026-07-22 13:04:42.588 +05:30 [INF] [decc6e1f-598c-43c2-a4c8-039cdb038905] GET /api/students responded 200 in 39ms
2026-07-22 13:04:46.816 +05:30 [INF] [d42c8302-3f3d-42ac-8848-a02f73e767e3] GET /api/schools from 127.0.0.1 by Anonymous
2026-07-22 13:04:46.848 +05:30 [INF] [d42c8302-3f3d-42ac-8848-a02f73e767e3] GET /api/schools responded 200 in 30ms
2026-07-22 13:04:46.862 +05:30 [INF] [ac71b05d-9e06-4381-b4b6-a0c4ca00a998] GET /api/schools from 127.0.0.1 by Anonymous
2026-07-22 13:04:46.888 +05:30 [INF] [ac71b05d-9e06-4381-b4b6-a0c4ca00a998] GET /api/schools responded 200 in 25ms
2026-07-22 13:04:46.980 +05:30 [INF] [fe9dc878-cda4-4cf7-8dfd-54aa3d89a7da] GET /api/schools/93cfbeb0-5697-4af4-9f0b-0115e7e2e14a/classes from 127.0.0.1 by Anonymous
2026-07-22 13:04:47.001 +05:30 [INF] [fe9dc878-cda4-4cf7-8dfd-54aa3d89a7da] GET /api/schools/93cfbeb0-5697-4af4-9f0b-0115e7e2e14a/classes responded 200 in 20ms
2026-07-22 13:04:47.014 +05:30 [INF] [9db80592-e9c2-469d-a0e1-069fa90abae4] GET /api/schools/93cfbeb0-5697-4af4-9f0b-0115e7e2e14a/classes from 127.0.0.1 by Anonymous
2026-07-22 13:04:47.039 +05:30 [INF] [9db80592-e9c2-469d-a0e1-069fa90abae4] GET /api/schools/93cfbeb0-5697-4af4-9f0b-0115e7e2e14a/classes responded 200 in 24ms
2026-07-22 13:04:59.682 +05:30 [INF] [22a0860e-41d2-4747-a0a3-7f55aa2626fa] GET /api/schools/classes/5033d316-5db8-41ff-9c5e-e8456854e269/sections from 127.0.0.1 by Anonymous
2026-07-22 13:04:59.709 +05:30 [INF] [22a0860e-41d2-4747-a0a3-7f55aa2626fa] GET /api/schools/classes/5033d316-5db8-41ff-9c5e-e8456854e269/sections responded 200 in 26ms
2026-07-22 13:05:04.905 +05:30 [INF] [d83bf260-3a5a-4faf-939d-8975528a1050] POST /api/students from 127.0.0.1 by Anonymous
2026-07-22 13:05:05.004 +05:30 [INF] [d83bf260-3a5a-4faf-939d-8975528a1050] POST /api/students responded 400 in 99ms
2026-07-22 13:05:15.285 +05:30 [INF] [fda2291a-f037-4246-a1de-2f2394c3894a] POST /api/students from 127.0.0.1 by Anonymous
2026-07-22 13:05:15.324 +05:30 [INF] [fda2291a-f037-4246-a1de-2f2394c3894a] POST /api/students responded 400 in 38ms
2026-07-22 13:05:27.133 +05:30 [INF] [86bc8f76-2fed-404a-9ddd-7dc38d1b0cb1] POST /api/students from 127.0.0.1 by Anonymous
2026-07-22 13:05:27.166 +05:30 [INF] [86bc8f76-2fed-404a-9ddd-7dc38d1b0cb1] POST /api/students responded 400 in 31ms
2026-07-22 13:05:35.460 +05:30 [INF] [c3364ec5-c228-45f0-897b-362dbaf9d5b9] POST /api/students from 127.0.0.1 by Anonymous
2026-07-22 13:05:35.493 +05:30 [INF] [c3364ec5-c228-45f0-897b-362dbaf9d5b9] POST /api/students responded 400 in 32ms
2026-07-22 13:05:41.199 +05:30 [INF] [a5a5b241-3392-4cf4-a700-69f053cd407e] GET /api/teachers from 127.0.0.1 by Anonymous
2026-07-22 13:05:41.511 +05:30 [INF] [a5a5b241-3392-4cf4-a700-69f053cd407e] GET /api/teachers responded 200 in 311ms
2026-07-22 13:05:41.516 +05:30 [INF] [7884c3c3-763f-4c46-aa3e-41ee32cf04fe] GET /api/teachers from 127.0.0.1 by Anonymous
2026-07-22 13:05:41.540 +05:30 [INF] [7884c3c3-763f-4c46-aa3e-41ee32cf04fe] GET /api/teachers responded 200 in 22ms
2026-07-22 13:05:58.373 +05:30 [INF] [ba8e600a-eae9-437c-b9cf-c468ee79408b] POST /api/auth/logout from 127.0.0.1 by Anonymous
2026-07-22 13:05:58.468 +05:30 [INF] [ba8e600a-eae9-437c-b9cf-c468ee79408b] POST /api/auth/logout responded 415 in 94ms
2026-07-22 13:06:10.240 +05:30 [INF] [58ede4a3-b872-4768-9f23-bda2789fde9d] POST /api/auth/login from 127.0.0.1 by Anonymous
2026-07-22 13:06:10.517 +05:30 [ERR] An unhandled exception occurred: Invalid email or password.
System.UnauthorizedAccessException: Invalid email or password.
   at SchoolCRM.Infrastructure.Services.AuthService.LoginAsync(LoginDto dto, String ipAddress) in /var/www/html/school-crm/src/SchoolCRM.Infrastructure/Services/AuthService.cs:line 57
   at SchoolCRM.API.Controllers.AuthController.LoginAsync(LoginDto dto) in /var/www/html/school-crm/src/SchoolCRM.API/Controllers/AuthController.cs:line 28
   at lambda_method1683(Closure, Object)
   at Microsoft.AspNetCore.Mvc.Infrastructure.ActionMethodExecutor.AwaitableObjectResultExecutor.Execute(ActionContext actionContext, IActionResultTypeMapper mapper, ObjectMethodExecutor executor, Object controller, Object[] arguments)
   at Microsoft.AspNetCore.Mvc.Infrastructure.ControllerActionInvoker.<InvokeActionMethodAsync>g__Awaited|12_0(ControllerActionInvoker invoker, ValueTask`1 actionResultValueTask)
   at Microsoft.AspNetCore.Mvc.Infrastructure.ControllerActionInvoker.<InvokeNextActionFilterAsync>g__Awaited|10_0(ControllerActionInvoker invoker, Task lastTask, State next, Scope scope, Object state, Boolean isCompleted)
   at Microsoft.AspNetCore.Mvc.Infrastructure.ControllerActionInvoker.Rethrow(ActionExecutedContextSealed context)
   at Microsoft.AspNetCore.Mvc.Infrastructure.ControllerActionInvoker.Next(State& next, Scope& scope, Object& state, Boolean& isCompleted)
   at Microsoft.AspNetCore.Mvc.Infrastructure.ControllerActionInvoker.<InvokeInnerFilterAsync>g__Awaited|13_0(ControllerActionInvoker invoker, Task lastTask, State next, Scope scope, Object state, Boolean isCompleted)
   at Microsoft.AspNetCore.Mvc.Infrastructure.ResourceInvoker.<InvokeFilterPipelineAsync>g__Awaited|20_0(ResourceInvoker invoker, Task lastTask, State next, Scope scope, Object state, Boolean isCompleted)
   at Microsoft.AspNetCore.Mvc.Infrastructure.ResourceInvoker.<InvokeAsync>g__Awaited|17_0(ResourceInvoker invoker, Task task, IDisposable scope)
   at Microsoft.AspNetCore.Mvc.Infrastructure.ResourceInvoker.<InvokeAsync>g__Awaited|17_0(ResourceInvoker invoker, Task task, IDisposable scope)
   at Microsoft.AspNetCore.Authorization.AuthorizationMiddleware.Invoke(HttpContext context)
   at Microsoft.AspNetCore.Authentication.AuthenticationMiddleware.Invoke(HttpContext context)
   at Swashbuckle.AspNetCore.SwaggerUI.SwaggerUIMiddleware.Invoke(HttpContext httpContext)
   at Swashbuckle.AspNetCore.Swagger.SwaggerMiddleware.Invoke(HttpContext httpContext, ISwaggerProvider swaggerProvider)
   at SchoolCRM.API.Middleware.RequestLoggingMiddleware.InvokeAsync(HttpContext context) in /var/www/html/school-crm/src/SchoolCRM.API/Middleware/RequestLoggingMiddleware.cs:line 33
   at SchoolCRM.API.Middleware.GlobalExceptionMiddleware.InvokeAsync(HttpContext context) in /var/www/html/school-crm/src/SchoolCRM.API/Middleware/GlobalExceptionMiddleware.cs:line 23
2026-07-22 13:06:29.995 +05:30 [INF] [226109c7-c877-431e-aaad-aafccc8ed08c] POST /api/auth/login from 127.0.0.1 by Anonymous
2026-07-22 13:06:30.319 +05:30 [INF] [226109c7-c877-431e-aaad-aafccc8ed08c] POST /api/auth/login responded 200 in 323ms
2026-07-22 13:06:31.172 +05:30 [INF] [f9fd706e-5cd4-4d40-a5d1-74605102e77f] GET /api/dashboard/stats from 127.0.0.1 by Anonymous
2026-07-22 13:06:31.183 +05:30 [INF] [cab4bd3b-dc2e-4258-a3de-af889f297ff1] GET /api/dashboard/fee-chart from 127.0.0.1 by Anonymous
2026-07-22 13:06:31.179 +05:30 [INF] [09251d25-4c7b-478d-a182-e19a3a7bcc4e] GET /api/dashboard/attendance-chart from 127.0.0.1 by Anonymous
2026-07-22 13:06:31.274 +05:30 [INF] [cab4bd3b-dc2e-4258-a3de-af889f297ff1] GET /api/dashboard/fee-chart responded 200 in 90ms
2026-07-22 13:06:31.291 +05:30 [INF] [d64c7b70-652f-4155-9c0c-db211ddfdba6] GET /api/dashboard/fee-chart from 127.0.0.1 by Anonymous
2026-07-22 13:06:31.312 +05:30 [INF] [f9fd706e-5cd4-4d40-a5d1-74605102e77f] GET /api/dashboard/stats responded 200 in 137ms
2026-07-22 13:06:31.321 +05:30 [INF] [d64c7b70-652f-4155-9c0c-db211ddfdba6] GET /api/dashboard/fee-chart responded 200 in 28ms
2026-07-22 13:06:31.324 +05:30 [INF] [3bd1725a-b030-4c00-978c-409c378ef603] GET /api/dashboard/stats from 127.0.0.1 by Anonymous
2026-07-22 13:06:31.396 +05:30 [INF] [3bd1725a-b030-4c00-978c-409c378ef603] GET /api/dashboard/stats responded 200 in 72ms
2026-07-22 13:06:32.378 +05:30 [INF] [09251d25-4c7b-478d-a182-e19a3a7bcc4e] GET /api/dashboard/attendance-chart responded 200 in 1192ms
2026-07-22 13:06:32.392 +05:30 [INF] [c2afc184-b427-4470-8f4b-d1251c432be9] GET /api/dashboard/attendance-chart from 127.0.0.1 by Anonymous
2026-07-22 13:06:33.378 +05:30 [INF] [c2afc184-b427-4470-8f4b-d1251c432be9] GET /api/dashboard/attendance-chart responded 200 in 985ms
2026-07-22 13:07:10.341 +05:30 [INF] [e60c0532-6cd4-4368-8bd5-3b3d3bad8b84] GET /api/dashboard/stats from 127.0.0.1 by Anonymous
2026-07-22 13:07:10.345 +05:30 [INF] [1fbdaf83-2ae2-4783-899d-9560d002a106] GET /api/dashboard/attendance-chart from 127.0.0.1 by Anonymous
2026-07-22 13:07:10.348 +05:30 [INF] [e42c2540-91cc-423d-89a5-84e5ed61c129] GET /api/dashboard/fee-chart from 127.0.0.1 by Anonymous
2026-07-22 13:07:10.391 +05:30 [INF] [e42c2540-91cc-423d-89a5-84e5ed61c129] GET /api/dashboard/fee-chart responded 200 in 42ms
2026-07-22 13:07:10.415 +05:30 [INF] [95fb1d9f-467a-4b85-ab5d-85282e27dd40] GET /api/dashboard/fee-chart from 127.0.0.1 by Anonymous
2026-07-22 13:07:10.426 +05:30 [INF] [e60c0532-6cd4-4368-8bd5-3b3d3bad8b84] GET /api/dashboard/stats responded 200 in 85ms
2026-07-22 13:07:10.442 +05:30 [INF] [95fb1d9f-467a-4b85-ab5d-85282e27dd40] GET /api/dashboard/fee-chart responded 200 in 26ms
2026-07-22 13:07:10.442 +05:30 [INF] [9aa64c0c-b211-4214-b2a0-ab6ac1246e83] GET /api/dashboard/stats from 127.0.0.1 by Anonymous
2026-07-22 13:07:10.494 +05:30 [INF] [9aa64c0c-b211-4214-b2a0-ab6ac1246e83] GET /api/dashboard/stats responded 200 in 51ms
2026-07-22 13:07:11.348 +05:30 [INF] [1fbdaf83-2ae2-4783-899d-9560d002a106] GET /api/dashboard/attendance-chart responded 200 in 1002ms
2026-07-22 13:07:11.356 +05:30 [INF] [4679c80a-7e89-4e85-8fc7-1a70e017604b] GET /api/dashboard/attendance-chart from 127.0.0.1 by Anonymous
2026-07-22 13:07:12.099 +05:30 [INF] [4679c80a-7e89-4e85-8fc7-1a70e017604b] GET /api/dashboard/attendance-chart responded 200 in 742ms
2026-07-22 13:07:19.166 +05:30 [INF] [f655c664-6fd5-4e32-9e76-047fb1878238] GET /api/students from 127.0.0.1 by Anonymous
2026-07-22 13:07:19.194 +05:30 [INF] [f655c664-6fd5-4e32-9e76-047fb1878238] GET /api/students responded 200 in 27ms
2026-07-22 13:07:19.207 +05:30 [INF] [ce890df5-db09-4113-8456-9610c55a9032] GET /api/students from 127.0.0.1 by Anonymous
2026-07-22 13:07:19.231 +05:30 [INF] [ce890df5-db09-4113-8456-9610c55a9032] GET /api/students responded 200 in 24ms
2026-07-22 13:07:22.240 +05:30 [INF] [ff872a86-88c8-4149-a4fb-4ee01e29921e] GET /api/teachers from 127.0.0.1 by Anonymous
2026-07-22 13:07:22.265 +05:30 [INF] [ff872a86-88c8-4149-a4fb-4ee01e29921e] GET /api/teachers responded 200 in 24ms
2026-07-22 13:07:22.277 +05:30 [INF] [676adcc0-bb26-4e64-b27d-eea229ed7f7b] GET /api/teachers from 127.0.0.1 by Anonymous
2026-07-22 13:07:22.305 +05:30 [INF] [676adcc0-bb26-4e64-b27d-eea229ed7f7b] GET /api/teachers responded 200 in 26ms
2026-07-22 13:07:31.466 +05:30 [INF] [926bea6d-e789-42be-b73d-e0262922740d] GET /api/dashboard/stats from 127.0.0.1 by Anonymous
2026-07-22 13:07:31.487 +05:30 [INF] [2124c0ab-2000-4974-8ad2-758fe0f9f670] GET /api/dashboard/attendance-chart from 127.0.0.1 by Anonymous
2026-07-22 13:07:31.549 +05:30 [INF] [926bea6d-e789-42be-b73d-e0262922740d] GET /api/dashboard/stats responded 200 in 82ms
2026-07-22 13:07:31.581 +05:30 [INF] [0657b721-6e7a-4d6a-acda-2768f5bfec20] GET /api/dashboard/stats from 127.0.0.1 by Anonymous
2026-07-22 13:07:31.638 +05:30 [INF] [0657b721-6e7a-4d6a-acda-2768f5bfec20] GET /api/dashboard/stats responded 200 in 56ms
2026-07-22 13:07:32.324 +05:30 [INF] [2124c0ab-2000-4974-8ad2-758fe0f9f670] GET /api/dashboard/attendance-chart responded 200 in 836ms
2026-07-22 13:07:32.330 +05:30 [INF] [4b361ace-36a0-430f-994e-755efb71a25a] GET /api/dashboard/attendance-chart from 127.0.0.1 by Anonymous
2026-07-22 13:07:33.070 +05:30 [INF] [4b361ace-36a0-430f-994e-755efb71a25a] GET /api/dashboard/attendance-chart responded 200 in 738ms
2026-07-22 13:07:41.810 +05:30 [INF] [09e890aa-588a-473e-b029-eb8bed777947] GET /api/dashboard/stats from 127.0.0.1 by Anonymous
2026-07-22 13:07:41.820 +05:30 [INF] [53e372d1-1f16-4ad7-8a2b-fb092ad4551e] GET /api/dashboard/attendance-chart from 127.0.0.1 by Anonymous
2026-07-22 13:07:41.912 +05:30 [INF] [09e890aa-588a-473e-b029-eb8bed777947] GET /api/dashboard/stats responded 200 in 101ms
2026-07-22 13:07:41.926 +05:30 [INF] [ca0be068-c578-468b-995f-114e095b3373] GET /api/dashboard/stats from 127.0.0.1 by Anonymous
2026-07-22 13:07:42.011 +05:30 [INF] [ca0be068-c578-468b-995f-114e095b3373] GET /api/dashboard/stats responded 200 in 84ms
2026-07-22 13:07:42.720 +05:30 [INF] [53e372d1-1f16-4ad7-8a2b-fb092ad4551e] GET /api/dashboard/attendance-chart responded 200 in 899ms
2026-07-22 13:07:42.726 +05:30 [INF] [4200a4c5-3236-493e-879d-020326d3fe57] GET /api/dashboard/attendance-chart from 127.0.0.1 by Anonymous
2026-07-22 13:07:43.435 +05:30 [INF] [4200a4c5-3236-493e-879d-020326d3fe57] GET /api/dashboard/attendance-chart responded 200 in 709ms
2026-07-22 13:07:54.689 +05:30 [INF] [2a63531c-c825-4832-9088-f48c9b8dd6f0] GET /api/dashboard/stats from 127.0.0.1 by Anonymous
2026-07-22 13:07:54.694 +05:30 [INF] [6735a50a-31a0-4ef7-8e04-0b2e5eccfa56] GET /api/dashboard/attendance-chart from 127.0.0.1 by Anonymous
2026-07-22 13:07:54.698 +05:30 [INF] [519f8f4b-84e2-4095-981e-d09e53f08caa] GET /api/dashboard/fee-chart from 127.0.0.1 by Anonymous
2026-07-22 13:07:54.733 +05:30 [INF] [519f8f4b-84e2-4095-981e-d09e53f08caa] GET /api/dashboard/fee-chart responded 200 in 32ms
2026-07-22 13:07:54.757 +05:30 [INF] [800e63ea-c405-4b11-9ff7-7ab4d380ed41] GET /api/dashboard/fee-chart from 127.0.0.1 by Anonymous
2026-07-22 13:07:54.784 +05:30 [INF] [2a63531c-c825-4832-9088-f48c9b8dd6f0] GET /api/dashboard/stats responded 200 in 92ms
2026-07-22 13:07:54.793 +05:30 [INF] [eb005d2f-d156-4099-afde-e753b860767c] GET /api/dashboard/stats from 127.0.0.1 by Anonymous
2026-07-22 13:07:54.800 +05:30 [INF] [800e63ea-c405-4b11-9ff7-7ab4d380ed41] GET /api/dashboard/fee-chart responded 200 in 43ms
2026-07-22 13:07:54.869 +05:30 [INF] [eb005d2f-d156-4099-afde-e753b860767c] GET /api/dashboard/stats responded 200 in 75ms
2026-07-22 13:07:55.666 +05:30 [INF] [6735a50a-31a0-4ef7-8e04-0b2e5eccfa56] GET /api/dashboard/attendance-chart responded 200 in 971ms
2026-07-22 13:07:55.675 +05:30 [INF] [93c3e399-8478-4248-8f73-f7703344af87] GET /api/dashboard/attendance-chart from 127.0.0.1 by Anonymous
2026-07-22 13:07:56.421 +05:30 [INF] [93c3e399-8478-4248-8f73-f7703344af87] GET /api/dashboard/attendance-chart responded 200 in 745ms
2026-07-22 13:08:02.805 +05:30 [INF] [25d20a14-a2fd-4c6f-af14-f48e6802b93b] GET /api/students from 127.0.0.1 by Anonymous
2026-07-22 13:08:02.828 +05:30 [INF] [25d20a14-a2fd-4c6f-af14-f48e6802b93b] GET /api/students responded 200 in 22ms
2026-07-22 13:08:02.837 +05:30 [INF] [885451ff-0ee6-4f47-8d76-53f4fe680cc2] GET /api/students from 127.0.0.1 by Anonymous
2026-07-22 13:08:02.860 +05:30 [INF] [885451ff-0ee6-4f47-8d76-53f4fe680cc2] GET /api/students responded 200 in 22ms
2026-07-22 13:08:05.174 +05:30 [INF] [a47b2fad-4423-4295-a231-dcf2667f4163] GET /api/schools from 127.0.0.1 by Anonymous
2026-07-22 13:08:05.194 +05:30 [INF] [a47b2fad-4423-4295-a231-dcf2667f4163] GET /api/schools responded 200 in 19ms
2026-07-22 13:08:05.208 +05:30 [INF] [1cc70e87-24ae-4597-a6df-3e56b88676ba] GET /api/schools from 127.0.0.1 by Anonymous
2026-07-22 13:08:05.222 +05:30 [INF] [1cc70e87-24ae-4597-a6df-3e56b88676ba] GET /api/schools responded 200 in 13ms
2026-07-22 13:08:05.278 +05:30 [INF] [52bac5e9-e85b-4736-8a48-b75f706acd57] GET /api/schools/93cfbeb0-5697-4af4-9f0b-0115e7e2e14a/classes from 127.0.0.1 by Anonymous
2026-07-22 13:08:05.295 +05:30 [INF] [52bac5e9-e85b-4736-8a48-b75f706acd57] GET /api/schools/93cfbeb0-5697-4af4-9f0b-0115e7e2e14a/classes responded 200 in 16ms
2026-07-22 13:08:05.307 +05:30 [INF] [a6d9a5bf-70d6-4af7-ad40-7c1a7015b3c8] GET /api/schools/93cfbeb0-5697-4af4-9f0b-0115e7e2e14a/classes from 127.0.0.1 by Anonymous
2026-07-22 13:08:05.323 +05:30 [INF] [a6d9a5bf-70d6-4af7-ad40-7c1a7015b3c8] GET /api/schools/93cfbeb0-5697-4af4-9f0b-0115e7e2e14a/classes responded 200 in 14ms
2026-07-22 13:08:19.530 +05:30 [INF] [bf203def-f88d-4a3a-a5c8-fa6b98aeb5f9] GET /api/schools/classes/2670db49-93f6-49ed-b41d-c696262c79df/sections from 127.0.0.1 by Anonymous
2026-07-22 13:08:19.570 +05:30 [INF] [bf203def-f88d-4a3a-a5c8-fa6b98aeb5f9] GET /api/schools/classes/2670db49-93f6-49ed-b41d-c696262c79df/sections responded 200 in 39ms
2026-07-22 13:08:26.070 +05:30 [INF] [b2f6f3a8-79b6-4999-a3b1-09de954ba563] POST /api/students from 127.0.0.1 by Anonymous
2026-07-22 13:08:26.390 +05:30 [INF] [b2f6f3a8-79b6-4999-a3b1-09de954ba563] POST /api/students responded 400 in 319ms
2026-07-22 13:08:39.564 +05:30 [INF] [c3312a31-01e0-4ff6-bc6d-dbc04eece608] POST /api/students from 127.0.0.1 by Anonymous
2026-07-22 13:08:39.588 +05:30 [INF] [c3312a31-01e0-4ff6-bc6d-dbc04eece608] POST /api/students responded 400 in 23ms
2026-07-22 13:09:03.524 +05:30 [INF] [22a45b81-2bcf-4848-9055-854a48a9a622] GET /api/students from 127.0.0.1 by Anonymous
2026-07-22 13:09:03.581 +05:30 [INF] [22a45b81-2bcf-4848-9055-854a48a9a622] GET /api/students responded 200 in 56ms
2026-07-22 13:09:03.593 +05:30 [INF] [66584358-0546-48cf-9415-32d52b463862] GET /api/students from 127.0.0.1 by Anonymous
2026-07-22 13:09:03.630 +05:30 [INF] [66584358-0546-48cf-9415-32d52b463862] GET /api/students responded 200 in 37ms
2026-07-22 13:09:06.573 +05:30 [INF] [0a045146-1643-4ee3-8a39-345dc5eaab0f] POST /api/auth/logout from 127.0.0.1 by Anonymous
2026-07-22 13:09:06.602 +05:30 [INF] [0a045146-1643-4ee3-8a39-345dc5eaab0f] POST /api/auth/logout responded 415 in 27ms
2026-07-22 13:09:22.758 +05:30 [INF] [ee09c8ff-ec1b-45a9-b9a8-8c048ab84648] POST /api/auth/login from 127.0.0.1 by Anonymous
2026-07-22 13:09:23.127 +05:30 [INF] [ee09c8ff-ec1b-45a9-b9a8-8c048ab84648] POST /api/auth/login responded 200 in 369ms
2026-07-22 13:09:23.685 +05:30 [INF] [4efabe31-f4e8-49a2-9858-de92d1df8c3a] GET /api/dashboard/attendance-chart from 127.0.0.1 by Anonymous
2026-07-22 13:09:23.685 +05:30 [INF] [7eac5482-cb2a-4465-b5b4-f68105f8ba7e] GET /api/dashboard/stats from 127.0.0.1 by Anonymous
2026-07-22 13:09:23.779 +05:30 [INF] [7eac5482-cb2a-4465-b5b4-f68105f8ba7e] GET /api/dashboard/stats responded 200 in 93ms
2026-07-22 13:09:23.805 +05:30 [INF] [3c580ba5-e01d-46db-b04e-7ce7a5b849cf] GET /api/dashboard/stats from 127.0.0.1 by Anonymous
2026-07-22 13:09:23.889 +05:30 [INF] [3c580ba5-e01d-46db-b04e-7ce7a5b849cf] GET /api/dashboard/stats responded 200 in 83ms
2026-07-22 13:09:24.913 +05:30 [INF] [4efabe31-f4e8-49a2-9858-de92d1df8c3a] GET /api/dashboard/attendance-chart responded 200 in 1227ms
2026-07-22 13:09:24.923 +05:30 [INF] [3b80e8fa-9b43-4759-ad87-4e0e98d138ac] GET /api/dashboard/attendance-chart from 127.0.0.1 by Anonymous
2026-07-22 13:09:26.082 +05:30 [INF] [3b80e8fa-9b43-4759-ad87-4e0e98d138ac] GET /api/dashboard/attendance-chart responded 200 in 1159ms
2026-07-22 13:09:29.502 +05:30 [INF] [86de7471-9acf-4f65-9829-b262022471b7] GET /api/teachers from 127.0.0.1 by Anonymous
2026-07-22 13:09:29.532 +05:30 [INF] [86de7471-9acf-4f65-9829-b262022471b7] GET /api/teachers responded 200 in 29ms
2026-07-22 13:09:29.546 +05:30 [INF] [ae703552-eaf1-4f5a-adaf-c2dbb2b22d0b] GET /api/teachers from 127.0.0.1 by Anonymous
2026-07-22 13:09:29.578 +05:30 [INF] [ae703552-eaf1-4f5a-adaf-c2dbb2b22d0b] GET /api/teachers responded 200 in 31ms
2026-07-22 13:09:33.185 +05:30 [INF] [b53ae20a-6810-44b0-8ab6-ea340c35b968] GET /api/students from 127.0.0.1 by Anonymous
2026-07-22 13:09:33.220 +05:30 [INF] [b53ae20a-6810-44b0-8ab6-ea340c35b968] GET /api/students responded 200 in 34ms
2026-07-22 13:09:33.239 +05:30 [INF] [c222eeec-5940-48f6-9acd-8b1b60fe8d7f] GET /api/students from 127.0.0.1 by Anonymous
2026-07-22 13:09:33.273 +05:30 [INF] [c222eeec-5940-48f6-9acd-8b1b60fe8d7f] GET /api/students responded 200 in 34ms
2026-07-22 13:09:44.503 +05:30 [INF] [2240d318-6d5b-4d8f-aecc-ff32c693bfdb] GET /api/teachers from 127.0.0.1 by Anonymous
2026-07-22 13:09:44.549 +05:30 [INF] [2240d318-6d5b-4d8f-aecc-ff32c693bfdb] GET /api/teachers responded 200 in 45ms
2026-07-22 13:09:44.560 +05:30 [INF] [7478ff38-dde5-43dc-b594-5817f02c7192] GET /api/teachers from 127.0.0.1 by Anonymous
2026-07-22 13:09:44.588 +05:30 [INF] [7478ff38-dde5-43dc-b594-5817f02c7192] GET /api/teachers responded 200 in 27ms
2026-07-22 13:12:34.402 +05:30 [WRN] Redis unavailable, falling back to in-memory cache and basic SignalR: It was not possible to connect to the redis server(s). Error connecting right now. To allow this multiplexer to continue retrying until it's able to connect, use abortConnect=false in your connection string or AbortOnConnectFail=false; in your code.
2026-07-22 13:12:40.440 +05:30 [WRN] Entity 'ApplicationRole' has a global query filter defined and is the required end of a relationship with the entity 'ApplicationRoleClaim'. This may lead to unexpected results when the required entity is filtered out. Either configure the navigation as optional, or define matching query filters for both entities in the navigation. See https://go.microsoft.com/fwlink/?linkid=2131316 for more information.
2026-07-22 13:12:40.444 +05:30 [WRN] Entity 'ApplicationUser' has a global query filter defined and is the required end of a relationship with the entity 'ApplicationUserClaim'. This may lead to unexpected results when the required entity is filtered out. Either configure the navigation as optional, or define matching query filters for both entities in the navigation. See https://go.microsoft.com/fwlink/?linkid=2131316 for more information.
2026-07-22 13:12:40.444 +05:30 [WRN] Entity 'ApplicationUser' has a global query filter defined and is the required end of a relationship with the entity 'ApplicationUserLogin'. This may lead to unexpected results when the required entity is filtered out. Either configure the navigation as optional, or define matching query filters for both entities in the navigation. See https://go.microsoft.com/fwlink/?linkid=2131316 for more information.
2026-07-22 13:12:40.445 +05:30 [WRN] Entity 'ApplicationRole' has a global query filter defined and is the required end of a relationship with the entity 'ApplicationUserRole'. This may lead to unexpected results when the required entity is filtered out. Either configure the navigation as optional, or define matching query filters for both entities in the navigation. See https://go.microsoft.com/fwlink/?linkid=2131316 for more information.
2026-07-22 13:12:40.445 +05:30 [WRN] Entity 'ApplicationUser' has a global query filter defined and is the required end of a relationship with the entity 'ApplicationUserToken'. This may lead to unexpected results when the required entity is filtered out. Either configure the navigation as optional, or define matching query filters for both entities in the navigation. See https://go.microsoft.com/fwlink/?linkid=2131316 for more information.
2026-07-22 13:12:40.581 +05:30 [WRN] The foreign key property 'HomeworkSubmission.StudentId1' was created in shadow state because a conflicting property with the simple name 'StudentId' exists in the entity type, but is either not mapped, is already used for another relationship, or is incompatible with the associated primary key type. See https://aka.ms/efcore-relationships for information on mapping relationships in EF Core.
2026-07-22 13:12:41.856 +05:30 [INF] Database migrated successfully
2026-07-22 13:12:42.892 +05:30 [INF] Roles seeded successfully
2026-07-22 13:12:43.660 +05:30 [ERR] Hosting failed to start
System.IO.IOException: Failed to bind to address http://127.0.0.1:5000: address already in use.
 ---> Microsoft.AspNetCore.Connections.AddressInUseException: Address already in use
 ---> System.Net.Sockets.SocketException (98): Address already in use
   at System.Net.Sockets.Socket.DoBind(EndPoint endPointSnapshot, SocketAddress socketAddress)
   at System.Net.Sockets.Socket.Bind(EndPoint localEP)
   at Microsoft.AspNetCore.Server.Kestrel.Transport.Sockets.SocketTransportOptions.CreateDefaultBoundListenSocket(EndPoint endpoint)
   at Microsoft.AspNetCore.Server.Kestrel.Transport.Sockets.SocketConnectionListener.Bind()
   --- End of inner exception stack trace ---
   at Microsoft.AspNetCore.Server.Kestrel.Transport.Sockets.SocketConnectionListener.Bind()
   at Microsoft.AspNetCore.Server.Kestrel.Transport.Sockets.SocketTransportFactory.BindAsync(EndPoint endpoint, CancellationToken cancellationToken)
   at Microsoft.AspNetCore.Server.Kestrel.Core.Internal.Infrastructure.TransportManager.BindAsync(EndPoint endPoint, ConnectionDelegate connectionDelegate, EndpointConfig endpointConfig, CancellationToken cancellationToken)
   at Microsoft.AspNetCore.Server.Kestrel.Core.KestrelServerImpl.<>c__DisplayClass28_0`1.<<StartAsync>g__OnBind|0>d.MoveNext()
--- End of stack trace from previous location ---
   at Microsoft.AspNetCore.Server.Kestrel.Core.Internal.AddressBinder.BindEndpointAsync(ListenOptions endpoint, AddressBindContext context, CancellationToken cancellationToken)
   --- End of inner exception stack trace ---
   at Microsoft.AspNetCore.Server.Kestrel.Core.Internal.AddressBinder.BindEndpointAsync(ListenOptions endpoint, AddressBindContext context, CancellationToken cancellationToken)
   at Microsoft.AspNetCore.Server.Kestrel.Core.LocalhostListenOptions.BindAsync(AddressBindContext context, CancellationToken cancellationToken)
   at Microsoft.AspNetCore.Server.Kestrel.Core.Internal.AddressBinder.DefaultAddressStrategy.BindAsync(AddressBindContext context, CancellationToken cancellationToken)
   at Microsoft.AspNetCore.Server.Kestrel.Core.Internal.AddressBinder.BindAsync(ListenOptions[] listenOptions, AddressBindContext context, Func`2 useHttps, CancellationToken cancellationToken)
   at Microsoft.AspNetCore.Server.Kestrel.Core.KestrelServerImpl.BindAsync(CancellationToken cancellationToken)
   at Microsoft.AspNetCore.Server.Kestrel.Core.KestrelServerImpl.StartAsync[TContext](IHttpApplication`1 application, CancellationToken cancellationToken)
   at Microsoft.AspNetCore.Hosting.GenericWebHostService.StartAsync(CancellationToken cancellationToken)
   at Microsoft.Extensions.Hosting.Internal.Host.<StartAsync>b__15_1(IHostedService service, CancellationToken token)
   at Microsoft.Extensions.Hosting.Internal.Host.ForeachService[T](IEnumerable`1 services, CancellationToken token, Boolean concurrent, Boolean abortOnFirstException, List`1 exceptions, Func`3 operation)
2026-07-22 13:13:17.467 +05:30 [WRN] Redis unavailable, falling back to in-memory cache and basic SignalR: It was not possible to connect to the redis server(s). Error connecting right now. To allow this multiplexer to continue retrying until it's able to connect, use abortConnect=false in your connection string or AbortOnConnectFail=false; in your code.
2026-07-22 13:13:23.540 +05:30 [WRN] Entity 'ApplicationRole' has a global query filter defined and is the required end of a relationship with the entity 'ApplicationRoleClaim'. This may lead to unexpected results when the required entity is filtered out. Either configure the navigation as optional, or define matching query filters for both entities in the navigation. See https://go.microsoft.com/fwlink/?linkid=2131316 for more information.
2026-07-22 13:13:23.544 +05:30 [WRN] Entity 'ApplicationUser' has a global query filter defined and is the required end of a relationship with the entity 'ApplicationUserClaim'. This may lead to unexpected results when the required entity is filtered out. Either configure the navigation as optional, or define matching query filters for both entities in the navigation. See https://go.microsoft.com/fwlink/?linkid=2131316 for more information.
2026-07-22 13:13:23.544 +05:30 [WRN] Entity 'ApplicationUser' has a global query filter defined and is the required end of a relationship with the entity 'ApplicationUserLogin'. This may lead to unexpected results when the required entity is filtered out. Either configure the navigation as optional, or define matching query filters for both entities in the navigation. See https://go.microsoft.com/fwlink/?linkid=2131316 for more information.
2026-07-22 13:13:23.544 +05:30 [WRN] Entity 'ApplicationRole' has a global query filter defined and is the required end of a relationship with the entity 'ApplicationUserRole'. This may lead to unexpected results when the required entity is filtered out. Either configure the navigation as optional, or define matching query filters for both entities in the navigation. See https://go.microsoft.com/fwlink/?linkid=2131316 for more information.
2026-07-22 13:13:23.545 +05:30 [WRN] Entity 'ApplicationUser' has a global query filter defined and is the required end of a relationship with the entity 'ApplicationUserToken'. This may lead to unexpected results when the required entity is filtered out. Either configure the navigation as optional, or define matching query filters for both entities in the navigation. See https://go.microsoft.com/fwlink/?linkid=2131316 for more information.
2026-07-22 13:13:23.665 +05:30 [WRN] The foreign key property 'HomeworkSubmission.StudentId1' was created in shadow state because a conflicting property with the simple name 'StudentId' exists in the entity type, but is either not mapped, is already used for another relationship, or is incompatible with the associated primary key type. See https://aka.ms/efcore-relationships for information on mapping relationships in EF Core.
2026-07-22 13:13:24.855 +05:30 [INF] Database migrated successfully
2026-07-22 13:13:26.017 +05:30 [INF] Roles seeded successfully
2026-07-22 13:13:30.369 +05:30 [INF] [77ad98c3-132f-4ed8-9ef9-56f8925f8eb7] GET /api/students from 127.0.0.1 by Anonymous
2026-07-22 13:13:30.419 +05:30 [WRN] Failed to determine the https port for redirect.
2026-07-22 13:13:31.447 +05:30 [INF] [77ad98c3-132f-4ed8-9ef9-56f8925f8eb7] GET /api/students responded 200 in 1073ms
2026-07-22 13:13:31.489 +05:30 [INF] [f4213504-f93f-44d5-aaac-56c36adaab33] GET /api/students from 127.0.0.1 by Anonymous
2026-07-22 13:13:31.844 +05:30 [INF] [f4213504-f93f-44d5-aaac-56c36adaab33] GET /api/students responded 200 in 353ms
2026-07-22 13:16:20.872 +05:30 [INF] [2e789f63-2877-4d75-baf0-97357fc462ee] GET /api/students from 127.0.0.1 by Anonymous
2026-07-22 13:16:20.955 +05:30 [INF] [2e789f63-2877-4d75-baf0-97357fc462ee] GET /api/students responded 200 in 82ms
2026-07-22 13:16:20.970 +05:30 [INF] [7308feaa-7d0c-4f76-a452-3dd0b1b9deb0] GET /api/students from 127.0.0.1 by Anonymous
2026-07-22 13:16:20.994 +05:30 [INF] [7308feaa-7d0c-4f76-a452-3dd0b1b9deb0] GET /api/students responded 200 in 23ms
2026-07-22 13:16:23.149 +05:30 [INF] [a5905874-3dd0-4e6d-be15-50923b94f660] GET /api/schools from 127.0.0.1 by Anonymous
2026-07-22 13:16:23.202 +05:30 [WRN] The query uses a row limiting operator ('Skip'/'Take') without an 'OrderBy' operator. This may lead to unpredictable results. If the 'Distinct' operator is used after 'OrderBy', then make sure to use the 'OrderBy' operator after 'Distinct' as the ordering would otherwise get erased.
2026-07-22 13:16:23.202 +05:30 [WRN] The query uses a row limiting operator ('Skip'/'Take') without an 'OrderBy' operator. This may lead to unpredictable results. If the 'Distinct' operator is used after 'OrderBy', then make sure to use the 'OrderBy' operator after 'Distinct' as the ordering would otherwise get erased.
2026-07-22 13:16:23.249 +05:30 [INF] [a5905874-3dd0-4e6d-be15-50923b94f660] GET /api/schools responded 200 in 100ms
2026-07-22 13:16:23.259 +05:30 [INF] [c919c222-d7e8-4994-9860-88a7d7c5669e] GET /api/schools from 127.0.0.1 by Anonymous
2026-07-22 13:16:23.282 +05:30 [INF] [c919c222-d7e8-4994-9860-88a7d7c5669e] GET /api/schools responded 200 in 21ms
2026-07-22 13:16:23.287 +05:30 [INF] [30931b79-1079-4cd4-b470-421c74db684f] GET /api/schools/93cfbeb0-5697-4af4-9f0b-0115e7e2e14a/classes from 127.0.0.1 by Anonymous
2026-07-22 13:16:23.409 +05:30 [INF] [30931b79-1079-4cd4-b470-421c74db684f] GET /api/schools/93cfbeb0-5697-4af4-9f0b-0115e7e2e14a/classes responded 200 in 121ms
2026-07-22 13:16:23.417 +05:30 [INF] [f10100bd-3f37-4890-ba99-e3b48c72d910] GET /api/schools/93cfbeb0-5697-4af4-9f0b-0115e7e2e14a/classes from 127.0.0.1 by Anonymous
2026-07-22 13:16:23.431 +05:30 [INF] [f10100bd-3f37-4890-ba99-e3b48c72d910] GET /api/schools/93cfbeb0-5697-4af4-9f0b-0115e7e2e14a/classes responded 200 in 14ms
2026-07-22 13:16:39.352 +05:30 [INF] [dea48cfd-a487-4d9f-a65e-dc67d8a94c9d] GET /api/schools/classes/2670db49-93f6-49ed-b41d-c696262c79df/sections from 127.0.0.1 by Anonymous
2026-07-22 13:16:39.477 +05:30 [INF] [dea48cfd-a487-4d9f-a65e-dc67d8a94c9d] GET /api/schools/classes/2670db49-93f6-49ed-b41d-c696262c79df/sections responded 200 in 123ms
2026-07-22 13:16:51.954 +05:30 [INF] [3671084c-88ba-439a-a35e-4ffae39d87f3] POST /api/students from 127.0.0.1 by Anonymous
2026-07-22 13:16:53.000 +05:30 [ERR] Failed executing DbCommand (11ms) [Parameters=[@p0='?' (DbType = Guid), @p1='?' (DbType = DateTime), @p2='?' (Size = 50), @p3='?' (Size = 4000), @p4='?' (Size = 4000), @p5='?' (Size = 4000), @p6='?' (DbType = DateTime), @p7='?' (Size = 4000), @p8='?' (DbType = DateTime), @p9='?' (Size = 4000), @p10='?' (Size = 4000), @p11='?' (Size = 4000), @p12='?' (DbType = Boolean), @p13='?' (DbType = Boolean), @p14='?' (Size = 4000), @p15='?' (DbType = Guid), @p16='?' (Size = 4000), @p17='?' (Size = 50), @p18='?' (DbType = Guid), @p19='?' (DbType = Guid), @p20='?' (DbType = Int32), @p21='?' (Size = 4000), @p22='?' (Size = 4000), @p23='?' (DbType = DateTime), @p24='?' (Size = 4000), @p25='?' (DbType = Guid)], CommandType='"Text"', CommandTimeout='30']
SET AUTOCOMMIT = 1;
INSERT INTO `Students` (`Id`, `AdmissionDate`, `AdmissionNumber`, `Allergies`, `BankAccountNumber`, `BankName`, `CreatedAt`, `CreatedBy`, `DeletedAt`, `DeletedBy`, `EmergencyContactName`, `EmergencyContactPhone`, `IsDeleted`, `IsHostelResident`, `MedicalCondition`, `ParentId`, `PreviousSchool`, `RollNumber`, `SchoolId`, `SectionId`, `Status`, `TransferCertificateNumber`, `TransportRoute`, `UpdatedAt`, `UpdatedBy`, `UserId`)
VALUES (@p0, @p1, @p2, @p3, @p4, @p5, @p6, @p7, @p8, @p9, @p10, @p11, @p12, @p13, @p14, @p15, @p16, @p17, @p18, @p19, @p20, @p21, @p22, @p23, @p24, @p25);
2026-07-22 13:16:53.026 +05:30 [ERR] An exception occurred in the database while saving changes for context type 'SchoolCRM.Infrastructure.Data.ApplicationDbContext'.
Microsoft.EntityFrameworkCore.DbUpdateException: An error occurred while saving the entity changes. See the inner exception for details.
 ---> MySqlConnector.MySqlException (0x80004005): Cannot add or update a child row: a foreign key constraint fails (`schoolcrm`.`Students`, CONSTRAINT `FK_Students_Schools_SchoolId` FOREIGN KEY (`SchoolId`) REFERENCES `Schools` (`Id`) ON DELETE CASCADE)
   at MySqlConnector.Core.ServerSession.ReceiveReplyAsync(IOBehavior ioBehavior, CancellationToken cancellationToken) in /_/src/MySqlConnector/Core/ServerSession.cs:line 894
   at MySqlConnector.Core.ResultSet.ReadResultSetHeaderAsync(IOBehavior ioBehavior) in /_/src/MySqlConnector/Core/ResultSet.cs:line 37
   at MySqlConnector.MySqlDataReader.ActivateResultSet(CancellationToken cancellationToken) in /_/src/MySqlConnector/MySqlDataReader.cs:line 130
   at MySqlConnector.MySqlDataReader.InitAsync(CommandListPosition commandListPosition, ICommandPayloadCreator payloadCreator, IDictionary`2 cachedProcedures, IMySqlCommand command, CommandBehavior behavior, Activity activity, IOBehavior ioBehavior, CancellationToken cancellationToken) in /_/src/MySqlConnector/MySqlDataReader.cs:line 483
   at MySqlConnector.Core.CommandExecutor.ExecuteReaderAsync(CommandListPosition commandListPosition, ICommandPayloadCreator payloadCreator, CommandBehavior behavior, Activity activity, IOBehavior ioBehavior, CancellationToken cancellationToken) in /_/src/MySqlConnector/Core/CommandExecutor.cs:line 56
   at MySqlConnector.MySqlCommand.ExecuteReaderAsync(CommandBehavior behavior, IOBehavior ioBehavior, CancellationToken cancellationToken) in /_/src/MySqlConnector/MySqlCommand.cs:line 357
   at MySqlConnector.MySqlCommand.ExecuteDbDataReaderAsync(CommandBehavior behavior, CancellationToken cancellationToken) in /_/src/MySqlConnector/MySqlCommand.cs:line 350
   at Microsoft.EntityFrameworkCore.Storage.RelationalCommand.ExecuteReaderAsync(RelationalCommandParameterObject parameterObject, CancellationToken cancellationToken)
   at Microsoft.EntityFrameworkCore.Storage.RelationalCommand.ExecuteReaderAsync(RelationalCommandParameterObject parameterObject, CancellationToken cancellationToken)
   at Microsoft.EntityFrameworkCore.Update.ReaderModificationCommandBatch.ExecuteAsync(IRelationalConnection connection, CancellationToken cancellationToken)
   --- End of inner exception stack trace ---
   at Microsoft.EntityFrameworkCore.Update.ReaderModificationCommandBatch.ExecuteAsync(IRelationalConnection connection, CancellationToken cancellationToken)
   at Microsoft.EntityFrameworkCore.Update.Internal.BatchExecutor.ExecuteAsync(IEnumerable`1 commandBatches, IRelationalConnection connection, CancellationToken cancellationToken)
   at Microsoft.EntityFrameworkCore.Update.Internal.BatchExecutor.ExecuteAsync(IEnumerable`1 commandBatches, IRelationalConnection connection, CancellationToken cancellationToken)
   at Microsoft.EntityFrameworkCore.Update.Internal.BatchExecutor.ExecuteAsync(IEnumerable`1 commandBatches, IRelationalConnection connection, CancellationToken cancellationToken)
   at Microsoft.EntityFrameworkCore.ChangeTracking.Internal.StateManager.SaveChangesAsync(IList`1 entriesToSave, CancellationToken cancellationToken)
   at Microsoft.EntityFrameworkCore.ChangeTracking.Internal.StateManager.SaveChangesAsync(StateManager stateManager, Boolean acceptAllChangesOnSuccess, CancellationToken cancellationToken)
   at Microsoft.EntityFrameworkCore.Storage.ExecutionStrategy.<>c__DisplayClass30_0`2.<<ExecuteAsync>b__0>d.MoveNext()
--- End of stack trace from previous location ---
   at Microsoft.EntityFrameworkCore.Storage.ExecutionStrategy.ExecuteImplementationAsync[TState,TResult](Func`4 operation, Func`4 verifySucceeded, TState state, CancellationToken cancellationToken)
   at Microsoft.EntityFrameworkCore.Storage.ExecutionStrategy.ExecuteImplementationAsync[TState,TResult](Func`4 operation, Func`4 verifySucceeded, TState state, CancellationToken cancellationToken)
   at Microsoft.EntityFrameworkCore.Storage.ExecutionStrategy.ExecuteAsync[TState,TResult](TState state, Func`4 operation, Func`4 verifySucceeded, CancellationToken cancellationToken)
   at Microsoft.EntityFrameworkCore.DbContext.SaveChangesAsync(Boolean acceptAllChangesOnSuccess, CancellationToken cancellationToken)
Microsoft.EntityFrameworkCore.DbUpdateException: An error occurred while saving the entity changes. See the inner exception for details.
 ---> MySqlConnector.MySqlException (0x80004005): Cannot add or update a child row: a foreign key constraint fails (`schoolcrm`.`Students`, CONSTRAINT `FK_Students_Schools_SchoolId` FOREIGN KEY (`SchoolId`) REFERENCES `Schools` (`Id`) ON DELETE CASCADE)
   at MySqlConnector.Core.ServerSession.ReceiveReplyAsync(IOBehavior ioBehavior, CancellationToken cancellationToken) in /_/src/MySqlConnector/Core/ServerSession.cs:line 894
   at MySqlConnector.Core.ResultSet.ReadResultSetHeaderAsync(IOBehavior ioBehavior) in /_/src/MySqlConnector/Core/ResultSet.cs:line 37
   at MySqlConnector.MySqlDataReader.ActivateResultSet(CancellationToken cancellationToken) in /_/src/MySqlConnector/MySqlDataReader.cs:line 130
   at MySqlConnector.MySqlDataReader.InitAsync(CommandListPosition commandListPosition, ICommandPayloadCreator payloadCreator, IDictionary`2 cachedProcedures, IMySqlCommand command, CommandBehavior behavior, Activity activity, IOBehavior ioBehavior, CancellationToken cancellationToken) in /_/src/MySqlConnector/MySqlDataReader.cs:line 483
   at MySqlConnector.Core.CommandExecutor.ExecuteReaderAsync(CommandListPosition commandListPosition, ICommandPayloadCreator payloadCreator, CommandBehavior behavior, Activity activity, IOBehavior ioBehavior, CancellationToken cancellationToken) in /_/src/MySqlConnector/Core/CommandExecutor.cs:line 56
   at MySqlConnector.MySqlCommand.ExecuteReaderAsync(CommandBehavior behavior, IOBehavior ioBehavior, CancellationToken cancellationToken) in /_/src/MySqlConnector/MySqlCommand.cs:line 357
   at MySqlConnector.MySqlCommand.ExecuteDbDataReaderAsync(CommandBehavior behavior, CancellationToken cancellationToken) in /_/src/MySqlConnector/MySqlCommand.cs:line 350
   at Microsoft.EntityFrameworkCore.Storage.RelationalCommand.ExecuteReaderAsync(RelationalCommandParameterObject parameterObject, CancellationToken cancellationToken)
   at Microsoft.EntityFrameworkCore.Storage.RelationalCommand.ExecuteReaderAsync(RelationalCommandParameterObject parameterObject, CancellationToken cancellationToken)
   at Microsoft.EntityFrameworkCore.Update.ReaderModificationCommandBatch.ExecuteAsync(IRelationalConnection connection, CancellationToken cancellationToken)
   --- End of inner exception stack trace ---
   at Microsoft.EntityFrameworkCore.Update.ReaderModificationCommandBatch.ExecuteAsync(IRelationalConnection connection, CancellationToken cancellationToken)
   at Microsoft.EntityFrameworkCore.Update.Internal.BatchExecutor.ExecuteAsync(IEnumerable`1 commandBatches, IRelationalConnection connection, CancellationToken cancellationToken)
   at Microsoft.EntityFrameworkCore.Update.Internal.BatchExecutor.ExecuteAsync(IEnumerable`1 commandBatches, IRelationalConnection connection, CancellationToken cancellationToken)
   at Microsoft.EntityFrameworkCore.Update.Internal.BatchExecutor.ExecuteAsync(IEnumerable`1 commandBatches, IRelationalConnection connection, CancellationToken cancellationToken)
   at Microsoft.EntityFrameworkCore.ChangeTracking.Internal.StateManager.SaveChangesAsync(IList`1 entriesToSave, CancellationToken cancellationToken)
   at Microsoft.EntityFrameworkCore.ChangeTracking.Internal.StateManager.SaveChangesAsync(StateManager stateManager, Boolean acceptAllChangesOnSuccess, CancellationToken cancellationToken)
   at Microsoft.EntityFrameworkCore.Storage.ExecutionStrategy.<>c__DisplayClass30_0`2.<<ExecuteAsync>b__0>d.MoveNext()
--- End of stack trace from previous location ---
   at Microsoft.EntityFrameworkCore.Storage.ExecutionStrategy.ExecuteImplementationAsync[TState,TResult](Func`4 operation, Func`4 verifySucceeded, TState state, CancellationToken cancellationToken)
   at Microsoft.EntityFrameworkCore.Storage.ExecutionStrategy.ExecuteImplementationAsync[TState,TResult](Func`4 operation, Func`4 verifySucceeded, TState state, CancellationToken cancellationToken)
   at Microsoft.EntityFrameworkCore.Storage.ExecutionStrategy.ExecuteAsync[TState,TResult](TState state, Func`4 operation, Func`4 verifySucceeded, CancellationToken cancellationToken)
   at Microsoft.EntityFrameworkCore.DbContext.SaveChangesAsync(Boolean acceptAllChangesOnSuccess, CancellationToken cancellationToken)
2026-07-22 13:16:53.036 +05:30 [INF] [3671084c-88ba-439a-a35e-4ffae39d87f3] POST /api/students responded 400 in 1081ms
2026-07-22 13:17:08.202 +05:30 [INF] [97fbccd7-9d1f-4f8d-ad66-734e77855029] POST /api/students from 127.0.0.1 by Anonymous
2026-07-22 13:17:08.476 +05:30 [INF] [97fbccd7-9d1f-4f8d-ad66-734e77855029] POST /api/students responded 400 in 272ms
2026-07-22 13:17:25.291 +05:30 [INF] [501ac3d9-a314-48c3-a425-42fb609aeb84] POST /api/students from 127.0.0.1 by Anonymous
2026-07-22 13:17:25.653 +05:30 [ERR] Failed executing DbCommand (12ms) [Parameters=[@p0='?' (DbType = Guid), @p1='?' (DbType = DateTime), @p2='?' (Size = 50), @p3='?' (Size = 4000), @p4='?' (Size = 4000), @p5='?' (Size = 4000), @p6='?' (DbType = DateTime), @p7='?' (Size = 4000), @p8='?' (DbType = DateTime), @p9='?' (Size = 4000), @p10='?' (Size = 4000), @p11='?' (Size = 4000), @p12='?' (DbType = Boolean), @p13='?' (DbType = Boolean), @p14='?' (Size = 4000), @p15='?' (DbType = Guid), @p16='?' (Size = 4000), @p17='?' (Size = 50), @p18='?' (DbType = Guid), @p19='?' (DbType = Guid), @p20='?' (DbType = Int32), @p21='?' (Size = 4000), @p22='?' (Size = 4000), @p23='?' (DbType = DateTime), @p24='?' (Size = 4000), @p25='?' (DbType = Guid)], CommandType='"Text"', CommandTimeout='30']
SET AUTOCOMMIT = 1;
INSERT INTO `Students` (`Id`, `AdmissionDate`, `AdmissionNumber`, `Allergies`, `BankAccountNumber`, `BankName`, `CreatedAt`, `CreatedBy`, `DeletedAt`, `DeletedBy`, `EmergencyContactName`, `EmergencyContactPhone`, `IsDeleted`, `IsHostelResident`, `MedicalCondition`, `ParentId`, `PreviousSchool`, `RollNumber`, `SchoolId`, `SectionId`, `Status`, `TransferCertificateNumber`, `TransportRoute`, `UpdatedAt`, `UpdatedBy`, `UserId`)
VALUES (@p0, @p1, @p2, @p3, @p4, @p5, @p6, @p7, @p8, @p9, @p10, @p11, @p12, @p13, @p14, @p15, @p16, @p17, @p18, @p19, @p20, @p21, @p22, @p23, @p24, @p25);
2026-07-22 13:17:25.657 +05:30 [ERR] An exception occurred in the database while saving changes for context type 'SchoolCRM.Infrastructure.Data.ApplicationDbContext'.
Microsoft.EntityFrameworkCore.DbUpdateException: An error occurred while saving the entity changes. See the inner exception for details.
 ---> MySqlConnector.MySqlException (0x80004005): Cannot add or update a child row: a foreign key constraint fails (`schoolcrm`.`Students`, CONSTRAINT `FK_Students_Schools_SchoolId` FOREIGN KEY (`SchoolId`) REFERENCES `Schools` (`Id`) ON DELETE CASCADE)
   at MySqlConnector.Core.ServerSession.ReceiveReplyAsync(IOBehavior ioBehavior, CancellationToken cancellationToken) in /_/src/MySqlConnector/Core/ServerSession.cs:line 894
   at MySqlConnector.Core.ResultSet.ReadResultSetHeaderAsync(IOBehavior ioBehavior) in /_/src/MySqlConnector/Core/ResultSet.cs:line 37
   at MySqlConnector.MySqlDataReader.ActivateResultSet(CancellationToken cancellationToken) in /_/src/MySqlConnector/MySqlDataReader.cs:line 130
   at MySqlConnector.MySqlDataReader.InitAsync(CommandListPosition commandListPosition, ICommandPayloadCreator payloadCreator, IDictionary`2 cachedProcedures, IMySqlCommand command, CommandBehavior behavior, Activity activity, IOBehavior ioBehavior, CancellationToken cancellationToken) in /_/src/MySqlConnector/MySqlDataReader.cs:line 483
   at MySqlConnector.Core.CommandExecutor.ExecuteReaderAsync(CommandListPosition commandListPosition, ICommandPayloadCreator payloadCreator, CommandBehavior behavior, Activity activity, IOBehavior ioBehavior, CancellationToken cancellationToken) in /_/src/MySqlConnector/Core/CommandExecutor.cs:line 56
   at MySqlConnector.MySqlCommand.ExecuteReaderAsync(CommandBehavior behavior, IOBehavior ioBehavior, CancellationToken cancellationToken) in /_/src/MySqlConnector/MySqlCommand.cs:line 357
   at MySqlConnector.MySqlCommand.ExecuteDbDataReaderAsync(CommandBehavior behavior, CancellationToken cancellationToken) in /_/src/MySqlConnector/MySqlCommand.cs:line 350
   at Microsoft.EntityFrameworkCore.Storage.RelationalCommand.ExecuteReaderAsync(RelationalCommandParameterObject parameterObject, CancellationToken cancellationToken)
   at Microsoft.EntityFrameworkCore.Storage.RelationalCommand.ExecuteReaderAsync(RelationalCommandParameterObject parameterObject, CancellationToken cancellationToken)
   at Microsoft.EntityFrameworkCore.Update.ReaderModificationCommandBatch.ExecuteAsync(IRelationalConnection connection, CancellationToken cancellationToken)
   --- End of inner exception stack trace ---
   at Microsoft.EntityFrameworkCore.Update.ReaderModificationCommandBatch.ExecuteAsync(IRelationalConnection connection, CancellationToken cancellationToken)
   at Microsoft.EntityFrameworkCore.Update.Internal.BatchExecutor.ExecuteAsync(IEnumerable`1 commandBatches, IRelationalConnection connection, CancellationToken cancellationToken)
   at Microsoft.EntityFrameworkCore.Update.Internal.BatchExecutor.ExecuteAsync(IEnumerable`1 commandBatches, IRelationalConnection connection, CancellationToken cancellationToken)
   at Microsoft.EntityFrameworkCore.Update.Internal.BatchExecutor.ExecuteAsync(IEnumerable`1 commandBatches, IRelationalConnection connection, CancellationToken cancellationToken)
   at Microsoft.EntityFrameworkCore.ChangeTracking.Internal.StateManager.SaveChangesAsync(IList`1 entriesToSave, CancellationToken cancellationToken)
   at Microsoft.EntityFrameworkCore.ChangeTracking.Internal.StateManager.SaveChangesAsync(StateManager stateManager, Boolean acceptAllChangesOnSuccess, CancellationToken cancellationToken)
   at Microsoft.EntityFrameworkCore.Storage.ExecutionStrategy.<>c__DisplayClass30_0`2.<<ExecuteAsync>b__0>d.MoveNext()
--- End of stack trace from previous location ---
   at Microsoft.EntityFrameworkCore.Storage.ExecutionStrategy.ExecuteImplementationAsync[TState,TResult](Func`4 operation, Func`4 verifySucceeded, TState state, CancellationToken cancellationToken)
   at Microsoft.EntityFrameworkCore.Storage.ExecutionStrategy.ExecuteImplementationAsync[TState,TResult](Func`4 operation, Func`4 verifySucceeded, TState state, CancellationToken cancellationToken)
   at Microsoft.EntityFrameworkCore.Storage.ExecutionStrategy.ExecuteAsync[TState,TResult](TState state, Func`4 operation, Func`4 verifySucceeded, CancellationToken cancellationToken)
   at Microsoft.EntityFrameworkCore.DbContext.SaveChangesAsync(Boolean acceptAllChangesOnSuccess, CancellationToken cancellationToken)
Microsoft.EntityFrameworkCore.DbUpdateException: An error occurred while saving the entity changes. See the inner exception for details.
 ---> MySqlConnector.MySqlException (0x80004005): Cannot add or update a child row: a foreign key constraint fails (`schoolcrm`.`Students`, CONSTRAINT `FK_Students_Schools_SchoolId` FOREIGN KEY (`SchoolId`) REFERENCES `Schools` (`Id`) ON DELETE CASCADE)
   at MySqlConnector.Core.ServerSession.ReceiveReplyAsync(IOBehavior ioBehavior, CancellationToken cancellationToken) in /_/src/MySqlConnector/Core/ServerSession.cs:line 894
   at MySqlConnector.Core.ResultSet.ReadResultSetHeaderAsync(IOBehavior ioBehavior) in /_/src/MySqlConnector/Core/ResultSet.cs:line 37
   at MySqlConnector.MySqlDataReader.ActivateResultSet(CancellationToken cancellationToken) in /_/src/MySqlConnector/MySqlDataReader.cs:line 130
   at MySqlConnector.MySqlDataReader.InitAsync(CommandListPosition commandListPosition, ICommandPayloadCreator payloadCreator, IDictionary`2 cachedProcedures, IMySqlCommand command, CommandBehavior behavior, Activity activity, IOBehavior ioBehavior, CancellationToken cancellationToken) in /_/src/MySqlConnector/MySqlDataReader.cs:line 483
   at MySqlConnector.Core.CommandExecutor.ExecuteReaderAsync(CommandListPosition commandListPosition, ICommandPayloadCreator payloadCreator, CommandBehavior behavior, Activity activity, IOBehavior ioBehavior, CancellationToken cancellationToken) in /_/src/MySqlConnector/Core/CommandExecutor.cs:line 56
   at MySqlConnector.MySqlCommand.ExecuteReaderAsync(CommandBehavior behavior, IOBehavior ioBehavior, CancellationToken cancellationToken) in /_/src/MySqlConnector/MySqlCommand.cs:line 357
   at MySqlConnector.MySqlCommand.ExecuteDbDataReaderAsync(CommandBehavior behavior, CancellationToken cancellationToken) in /_/src/MySqlConnector/MySqlCommand.cs:line 350
   at Microsoft.EntityFrameworkCore.Storage.RelationalCommand.ExecuteReaderAsync(RelationalCommandParameterObject parameterObject, CancellationToken cancellationToken)
   at Microsoft.EntityFrameworkCore.Storage.RelationalCommand.ExecuteReaderAsync(RelationalCommandParameterObject parameterObject, CancellationToken cancellationToken)
   at Microsoft.EntityFrameworkCore.Update.ReaderModificationCommandBatch.ExecuteAsync(IRelationalConnection connection, CancellationToken cancellationToken)
   --- End of inner exception stack trace ---
   at Microsoft.EntityFrameworkCore.Update.ReaderModificationCommandBatch.ExecuteAsync(IRelationalConnection connection, CancellationToken cancellationToken)
   at Microsoft.EntityFrameworkCore.Update.Internal.BatchExecutor.ExecuteAsync(IEnumerable`1 commandBatches, IRelationalConnection connection, CancellationToken cancellationToken)
   at Microsoft.EntityFrameworkCore.Update.Internal.BatchExecutor.ExecuteAsync(IEnumerable`1 commandBatches, IRelationalConnection connection, CancellationToken cancellationToken)
   at Microsoft.EntityFrameworkCore.Update.Internal.BatchExecutor.ExecuteAsync(IEnumerable`1 commandBatches, IRelationalConnection connection, CancellationToken cancellationToken)
   at Microsoft.EntityFrameworkCore.ChangeTracking.Internal.StateManager.SaveChangesAsync(IList`1 entriesToSave, CancellationToken cancellationToken)
   at Microsoft.EntityFrameworkCore.ChangeTracking.Internal.StateManager.SaveChangesAsync(StateManager stateManager, Boolean acceptAllChangesOnSuccess, CancellationToken cancellationToken)
   at Microsoft.EntityFrameworkCore.Storage.ExecutionStrategy.<>c__DisplayClass30_0`2.<<ExecuteAsync>b__0>d.MoveNext()
--- End of stack trace from previous location ---
   at Microsoft.EntityFrameworkCore.Storage.ExecutionStrategy.ExecuteImplementationAsync[TState,TResult](Func`4 operation, Func`4 verifySucceeded, TState state, CancellationToken cancellationToken)
   at Microsoft.EntityFrameworkCore.Storage.ExecutionStrategy.ExecuteImplementationAsync[TState,TResult](Func`4 operation, Func`4 verifySucceeded, TState state, CancellationToken cancellationToken)
   at Microsoft.EntityFrameworkCore.Storage.ExecutionStrategy.ExecuteAsync[TState,TResult](TState state, Func`4 operation, Func`4 verifySucceeded, CancellationToken cancellationToken)
   at Microsoft.EntityFrameworkCore.DbContext.SaveChangesAsync(Boolean acceptAllChangesOnSuccess, CancellationToken cancellationToken)
2026-07-22 13:17:25.661 +05:30 [INF] [501ac3d9-a314-48c3-a425-42fb609aeb84] POST /api/students responded 400 in 370ms
2026-07-22 13:18:29.989 +05:30 [INF] [c613ace4-4d49-4ea1-9487-72d78735f1b9] POST /api/students from 127.0.0.1 by Anonymous
2026-07-22 13:18:30.589 +05:30 [INF] [c613ace4-4d49-4ea1-9487-72d78735f1b9] POST /api/students responded 400 in 599ms
2026-07-22 13:18:41.088 +05:30 [INF] [9aea9ad1-dc86-4964-9b92-437a6919a115] POST /api/students from 127.0.0.1 by Anonymous
2026-07-22 13:18:41.405 +05:30 [ERR] Failed executing DbCommand (12ms) [Parameters=[@p0='?' (DbType = Guid), @p1='?' (DbType = DateTime), @p2='?' (Size = 50), @p3='?' (Size = 4000), @p4='?' (Size = 4000), @p5='?' (Size = 4000), @p6='?' (DbType = DateTime), @p7='?' (Size = 4000), @p8='?' (DbType = DateTime), @p9='?' (Size = 4000), @p10='?' (Size = 4000), @p11='?' (Size = 4000), @p12='?' (DbType = Boolean), @p13='?' (DbType = Boolean), @p14='?' (Size = 4000), @p15='?' (DbType = Guid), @p16='?' (Size = 4000), @p17='?' (Size = 50), @p18='?' (DbType = Guid), @p19='?' (DbType = Guid), @p20='?' (DbType = Int32), @p21='?' (Size = 4000), @p22='?' (Size = 4000), @p23='?' (DbType = DateTime), @p24='?' (Size = 4000), @p25='?' (DbType = Guid)], CommandType='"Text"', CommandTimeout='30']
SET AUTOCOMMIT = 1;
INSERT INTO `Students` (`Id`, `AdmissionDate`, `AdmissionNumber`, `Allergies`, `BankAccountNumber`, `BankName`, `CreatedAt`, `CreatedBy`, `DeletedAt`, `DeletedBy`, `EmergencyContactName`, `EmergencyContactPhone`, `IsDeleted`, `IsHostelResident`, `MedicalCondition`, `ParentId`, `PreviousSchool`, `RollNumber`, `SchoolId`, `SectionId`, `Status`, `TransferCertificateNumber`, `TransportRoute`, `UpdatedAt`, `UpdatedBy`, `UserId`)
VALUES (@p0, @p1, @p2, @p3, @p4, @p5, @p6, @p7, @p8, @p9, @p10, @p11, @p12, @p13, @p14, @p15, @p16, @p17, @p18, @p19, @p20, @p21, @p22, @p23, @p24, @p25);
2026-07-22 13:18:41.408 +05:30 [ERR] An exception occurred in the database while saving changes for context type 'SchoolCRM.Infrastructure.Data.ApplicationDbContext'.
Microsoft.EntityFrameworkCore.DbUpdateException: An error occurred while saving the entity changes. See the inner exception for details.
 ---> MySqlConnector.MySqlException (0x80004005): Cannot add or update a child row: a foreign key constraint fails (`schoolcrm`.`Students`, CONSTRAINT `FK_Students_Schools_SchoolId` FOREIGN KEY (`SchoolId`) REFERENCES `Schools` (`Id`) ON DELETE CASCADE)
   at MySqlConnector.Core.ServerSession.ReceiveReplyAsync(IOBehavior ioBehavior, CancellationToken cancellationToken) in /_/src/MySqlConnector/Core/ServerSession.cs:line 894
   at MySqlConnector.Core.ResultSet.ReadResultSetHeaderAsync(IOBehavior ioBehavior) in /_/src/MySqlConnector/Core/ResultSet.cs:line 37
   at MySqlConnector.MySqlDataReader.ActivateResultSet(CancellationToken cancellationToken) in /_/src/MySqlConnector/MySqlDataReader.cs:line 130
   at MySqlConnector.MySqlDataReader.InitAsync(CommandListPosition commandListPosition, ICommandPayloadCreator payloadCreator, IDictionary`2 cachedProcedures, IMySqlCommand command, CommandBehavior behavior, Activity activity, IOBehavior ioBehavior, CancellationToken cancellationToken) in /_/src/MySqlConnector/MySqlDataReader.cs:line 483
   at MySqlConnector.Core.CommandExecutor.ExecuteReaderAsync(CommandListPosition commandListPosition, ICommandPayloadCreator payloadCreator, CommandBehavior behavior, Activity activity, IOBehavior ioBehavior, CancellationToken cancellationToken) in /_/src/MySqlConnector/Core/CommandExecutor.cs:line 56
   at MySqlConnector.MySqlCommand.ExecuteReaderAsync(CommandBehavior behavior, IOBehavior ioBehavior, CancellationToken cancellationToken) in /_/src/MySqlConnector/MySqlCommand.cs:line 357
   at MySqlConnector.MySqlCommand.ExecuteDbDataReaderAsync(CommandBehavior behavior, CancellationToken cancellationToken) in /_/src/MySqlConnector/MySqlCommand.cs:line 350
   at Microsoft.EntityFrameworkCore.Storage.RelationalCommand.ExecuteReaderAsync(RelationalCommandParameterObject parameterObject, CancellationToken cancellationToken)
   at Microsoft.EntityFrameworkCore.Storage.RelationalCommand.ExecuteReaderAsync(RelationalCommandParameterObject parameterObject, CancellationToken cancellationToken)
   at Microsoft.EntityFrameworkCore.Update.ReaderModificationCommandBatch.ExecuteAsync(IRelationalConnection connection, CancellationToken cancellationToken)
   --- End of inner exception stack trace ---
   at Microsoft.EntityFrameworkCore.Update.ReaderModificationCommandBatch.ExecuteAsync(IRelationalConnection connection, CancellationToken cancellationToken)
   at Microsoft.EntityFrameworkCore.Update.Internal.BatchExecutor.ExecuteAsync(IEnumerable`1 commandBatches, IRelationalConnection connection, CancellationToken cancellationToken)
   at Microsoft.EntityFrameworkCore.Update.Internal.BatchExecutor.ExecuteAsync(IEnumerable`1 commandBatches, IRelationalConnection connection, CancellationToken cancellationToken)
   at Microsoft.EntityFrameworkCore.Update.Internal.BatchExecutor.ExecuteAsync(IEnumerable`1 commandBatches, IRelationalConnection connection, CancellationToken cancellationToken)
   at Microsoft.EntityFrameworkCore.ChangeTracking.Internal.StateManager.SaveChangesAsync(IList`1 entriesToSave, CancellationToken cancellationToken)
   at Microsoft.EntityFrameworkCore.ChangeTracking.Internal.StateManager.SaveChangesAsync(StateManager stateManager, Boolean acceptAllChangesOnSuccess, CancellationToken cancellationToken)
   at Microsoft.EntityFrameworkCore.Storage.ExecutionStrategy.<>c__DisplayClass30_0`2.<<ExecuteAsync>b__0>d.MoveNext()
--- End of stack trace from previous location ---
   at Microsoft.EntityFrameworkCore.Storage.ExecutionStrategy.ExecuteImplementationAsync[TState,TResult](Func`4 operation, Func`4 verifySucceeded, TState state, CancellationToken cancellationToken)
   at Microsoft.EntityFrameworkCore.Storage.ExecutionStrategy.ExecuteImplementationAsync[TState,TResult](Func`4 operation, Func`4 verifySucceeded, TState state, CancellationToken cancellationToken)
   at Microsoft.EntityFrameworkCore.Storage.ExecutionStrategy.ExecuteAsync[TState,TResult](TState state, Func`4 operation, Func`4 verifySucceeded, CancellationToken cancellationToken)
   at Microsoft.EntityFrameworkCore.DbContext.SaveChangesAsync(Boolean acceptAllChangesOnSuccess, CancellationToken cancellationToken)
Microsoft.EntityFrameworkCore.DbUpdateException: An error occurred while saving the entity changes. See the inner exception for details.
 ---> MySqlConnector.MySqlException (0x80004005): Cannot add or update a child row: a foreign key constraint fails (`schoolcrm`.`Students`, CONSTRAINT `FK_Students_Schools_SchoolId` FOREIGN KEY (`SchoolId`) REFERENCES `Schools` (`Id`) ON DELETE CASCADE)
   at MySqlConnector.Core.ServerSession.ReceiveReplyAsync(IOBehavior ioBehavior, CancellationToken cancellationToken) in /_/src/MySqlConnector/Core/ServerSession.cs:line 894
   at MySqlConnector.Core.ResultSet.ReadResultSetHeaderAsync(IOBehavior ioBehavior) in /_/src/MySqlConnector/Core/ResultSet.cs:line 37
   at MySqlConnector.MySqlDataReader.ActivateResultSet(CancellationToken cancellationToken) in /_/src/MySqlConnector/MySqlDataReader.cs:line 130
   at MySqlConnector.MySqlDataReader.InitAsync(CommandListPosition commandListPosition, ICommandPayloadCreator payloadCreator, IDictionary`2 cachedProcedures, IMySqlCommand command, CommandBehavior behavior, Activity activity, IOBehavior ioBehavior, CancellationToken cancellationToken) in /_/src/MySqlConnector/MySqlDataReader.cs:line 483
   at MySqlConnector.Core.CommandExecutor.ExecuteReaderAsync(CommandListPosition commandListPosition, ICommandPayloadCreator payloadCreator, CommandBehavior behavior, Activity activity, IOBehavior ioBehavior, CancellationToken cancellationToken) in /_/src/MySqlConnector/Core/CommandExecutor.cs:line 56
   at MySqlConnector.MySqlCommand.ExecuteReaderAsync(CommandBehavior behavior, IOBehavior ioBehavior, CancellationToken cancellationToken) in /_/src/MySqlConnector/MySqlCommand.cs:line 357
   at MySqlConnector.MySqlCommand.ExecuteDbDataReaderAsync(CommandBehavior behavior, CancellationToken cancellationToken) in /_/src/MySqlConnector/MySqlCommand.cs:line 350
   at Microsoft.EntityFrameworkCore.Storage.RelationalCommand.ExecuteReaderAsync(RelationalCommandParameterObject parameterObject, CancellationToken cancellationToken)
   at Microsoft.EntityFrameworkCore.Storage.RelationalCommand.ExecuteReaderAsync(RelationalCommandParameterObject parameterObject, CancellationToken cancellationToken)
   at Microsoft.EntityFrameworkCore.Update.ReaderModificationCommandBatch.ExecuteAsync(IRelationalConnection connection, CancellationToken cancellationToken)
   --- End of inner exception stack trace ---
   at Microsoft.EntityFrameworkCore.Update.ReaderModificationCommandBatch.ExecuteAsync(IRelationalConnection connection, CancellationToken cancellationToken)
   at Microsoft.EntityFrameworkCore.Update.Internal.BatchExecutor.ExecuteAsync(IEnumerable`1 commandBatches, IRelationalConnection connection, CancellationToken cancellationToken)
   at Microsoft.EntityFrameworkCore.Update.Internal.BatchExecutor.ExecuteAsync(IEnumerable`1 commandBatches, IRelationalConnection connection, CancellationToken cancellationToken)
   at Microsoft.EntityFrameworkCore.Update.Internal.BatchExecutor.ExecuteAsync(IEnumerable`1 commandBatches, IRelationalConnection connection, CancellationToken cancellationToken)
   at Microsoft.EntityFrameworkCore.ChangeTracking.Internal.StateManager.SaveChangesAsync(IList`1 entriesToSave, CancellationToken cancellationToken)
   at Microsoft.EntityFrameworkCore.ChangeTracking.Internal.StateManager.SaveChangesAsync(StateManager stateManager, Boolean acceptAllChangesOnSuccess, CancellationToken cancellationToken)
   at Microsoft.EntityFrameworkCore.Storage.ExecutionStrategy.<>c__DisplayClass30_0`2.<<ExecuteAsync>b__0>d.MoveNext()
--- End of stack trace from previous location ---
   at Microsoft.EntityFrameworkCore.Storage.ExecutionStrategy.ExecuteImplementationAsync[TState,TResult](Func`4 operation, Func`4 verifySucceeded, TState state, CancellationToken cancellationToken)
   at Microsoft.EntityFrameworkCore.Storage.ExecutionStrategy.ExecuteImplementationAsync[TState,TResult](Func`4 operation, Func`4 verifySucceeded, TState state, CancellationToken cancellationToken)
   at Microsoft.EntityFrameworkCore.Storage.ExecutionStrategy.ExecuteAsync[TState,TResult](TState state, Func`4 operation, Func`4 verifySucceeded, CancellationToken cancellationToken)
   at Microsoft.EntityFrameworkCore.DbContext.SaveChangesAsync(Boolean acceptAllChangesOnSuccess, CancellationToken cancellationToken)
2026-07-22 13:18:41.412 +05:30 [INF] [9aea9ad1-dc86-4964-9b92-437a6919a115] POST /api/students responded 400 in 323ms
2026-07-22 13:21:48.484 +05:30 [WRN] Redis unavailable, falling back to in-memory cache and basic SignalR: It was not possible to connect to the redis server(s). Error connecting right now. To allow this multiplexer to continue retrying until it's able to connect, use abortConnect=false in your connection string or AbortOnConnectFail=false; in your code.
2026-07-22 13:21:55.132 +05:30 [WRN] Entity 'ApplicationRole' has a global query filter defined and is the required end of a relationship with the entity 'ApplicationRoleClaim'. This may lead to unexpected results when the required entity is filtered out. Either configure the navigation as optional, or define matching query filters for both entities in the navigation. See https://go.microsoft.com/fwlink/?linkid=2131316 for more information.
2026-07-22 13:21:55.135 +05:30 [WRN] Entity 'ApplicationUser' has a global query filter defined and is the required end of a relationship with the entity 'ApplicationUserClaim'. This may lead to unexpected results when the required entity is filtered out. Either configure the navigation as optional, or define matching query filters for both entities in the navigation. See https://go.microsoft.com/fwlink/?linkid=2131316 for more information.
2026-07-22 13:21:55.136 +05:30 [WRN] Entity 'ApplicationUser' has a global query filter defined and is the required end of a relationship with the entity 'ApplicationUserLogin'. This may lead to unexpected results when the required entity is filtered out. Either configure the navigation as optional, or define matching query filters for both entities in the navigation. See https://go.microsoft.com/fwlink/?linkid=2131316 for more information.
2026-07-22 13:21:55.136 +05:30 [WRN] Entity 'ApplicationRole' has a global query filter defined and is the required end of a relationship with the entity 'ApplicationUserRole'. This may lead to unexpected results when the required entity is filtered out. Either configure the navigation as optional, or define matching query filters for both entities in the navigation. See https://go.microsoft.com/fwlink/?linkid=2131316 for more information.
2026-07-22 13:21:55.136 +05:30 [WRN] Entity 'ApplicationUser' has a global query filter defined and is the required end of a relationship with the entity 'ApplicationUserToken'. This may lead to unexpected results when the required entity is filtered out. Either configure the navigation as optional, or define matching query filters for both entities in the navigation. See https://go.microsoft.com/fwlink/?linkid=2131316 for more information.
2026-07-22 13:21:55.286 +05:30 [WRN] The foreign key property 'HomeworkSubmission.StudentId1' was created in shadow state because a conflicting property with the simple name 'StudentId' exists in the entity type, but is either not mapped, is already used for another relationship, or is incompatible with the associated primary key type. See https://aka.ms/efcore-relationships for information on mapping relationships in EF Core.
2026-07-22 13:21:56.621 +05:30 [INF] Database migrated successfully
2026-07-22 13:21:57.676 +05:30 [INF] Roles seeded successfully
2026-07-22 13:22:15.840 +05:30 [INF] [5793be0e-7361-46c5-8fe5-71e04d911df3] GET /api/schools from 127.0.0.1 by Anonymous
2026-07-22 13:22:15.889 +05:30 [WRN] Failed to determine the https port for redirect.
2026-07-22 13:22:16.444 +05:30 [WRN] The query uses a row limiting operator ('Skip'/'Take') without an 'OrderBy' operator. This may lead to unpredictable results. If the 'Distinct' operator is used after 'OrderBy', then make sure to use the 'OrderBy' operator after 'Distinct' as the ordering would otherwise get erased.
2026-07-22 13:22:16.445 +05:30 [WRN] The query uses a row limiting operator ('Skip'/'Take') without an 'OrderBy' operator. This may lead to unpredictable results. If the 'Distinct' operator is used after 'OrderBy', then make sure to use the 'OrderBy' operator after 'Distinct' as the ordering would otherwise get erased.
2026-07-22 13:22:16.603 +05:30 [INF] [5793be0e-7361-46c5-8fe5-71e04d911df3] GET /api/schools responded 200 in 758ms
2026-07-22 13:22:16.617 +05:30 [INF] [52f34a4d-afd3-4b1c-87c0-e5fd6f875056] GET /api/schools from 127.0.0.1 by Anonymous
2026-07-22 13:22:16.629 +05:30 [INF] [00a1970d-3757-4114-8557-44dd3f2ee140] GET /api/schools/93cfbeb0-5697-4af4-9f0b-0115e7e2e14a/classes from 127.0.0.1 by Anonymous
2026-07-22 13:22:16.910 +05:30 [INF] [52f34a4d-afd3-4b1c-87c0-e5fd6f875056] GET /api/schools responded 200 in 290ms
2026-07-22 13:22:17.144 +05:30 [INF] [00a1970d-3757-4114-8557-44dd3f2ee140] GET /api/schools/93cfbeb0-5697-4af4-9f0b-0115e7e2e14a/classes responded 200 in 513ms
2026-07-22 13:22:17.160 +05:30 [INF] [09c389e9-fae9-4526-b2ff-c1918d2e75f0] GET /api/schools/93cfbeb0-5697-4af4-9f0b-0115e7e2e14a/classes from 127.0.0.1 by Anonymous
2026-07-22 13:22:17.185 +05:30 [INF] [09c389e9-fae9-4526-b2ff-c1918d2e75f0] GET /api/schools/93cfbeb0-5697-4af4-9f0b-0115e7e2e14a/classes responded 200 in 24ms
2026-07-22 13:22:30.950 +05:30 [INF] [8484d633-7f7f-415b-9c74-9edad6dcaeef] GET /api/schools/classes/2670db49-93f6-49ed-b41d-c696262c79df/sections from 127.0.0.1 by Anonymous
2026-07-22 13:22:31.115 +05:30 [INF] [8484d633-7f7f-415b-9c74-9edad6dcaeef] GET /api/schools/classes/2670db49-93f6-49ed-b41d-c696262c79df/sections responded 200 in 163ms
2026-07-22 13:22:35.846 +05:30 [INF] [51f8b363-d3dc-4996-9aaf-ac981a057cfa] POST /api/students from 127.0.0.1 by Anonymous
2026-07-22 13:22:37.101 +05:30 [WRN] Compiling a query which loads related collections for more than one collection navigation, either via 'Include' or through projection, but no 'QuerySplittingBehavior' has been configured. By default, Entity Framework will use 'QuerySplittingBehavior.SingleQuery', which can potentially result in slow query performance. See https://go.microsoft.com/fwlink/?linkid=2134277 for more information. To identify the query that's triggering this warning call 'ConfigureWarnings(w => w.Throw(RelationalEventId.MultipleCollectionIncludeWarning))'.
2026-07-22 13:22:37.208 +05:30 [INF] [51f8b363-d3dc-4996-9aaf-ac981a057cfa] POST /api/students responded 201 in 1361ms
2026-07-22 13:22:38.396 +05:30 [INF] [bb2ee90b-febf-4179-bc14-3c5c09896dc5] GET /api/students from 127.0.0.1 by Anonymous
2026-07-22 13:22:38.584 +05:30 [INF] [bb2ee90b-febf-4179-bc14-3c5c09896dc5] GET /api/students responded 200 in 186ms
2026-07-22 13:22:38.598 +05:30 [INF] [c62db7ad-47bf-47b5-aacc-c24b23a456cc] GET /api/students from 127.0.0.1 by Anonymous
2026-07-22 13:22:38.630 +05:30 [INF] [c62db7ad-47bf-47b5-aacc-c24b23a456cc] GET /api/students responded 200 in 31ms
2026-07-22 13:23:41.223 +05:30 [INF] [45580cdd-2dad-4a84-a357-283fece9b791] GET /api/students from 127.0.0.1 by Anonymous
2026-07-22 13:23:41.246 +05:30 [INF] [45580cdd-2dad-4a84-a357-283fece9b791] GET /api/students responded 401 in 22ms
2026-07-22 13:23:53.720 +05:30 [INF] [7cb545ba-b18f-43e0-8fc7-afb7258b2d89] POST /api/auth/login from 127.0.0.1 by Anonymous
2026-07-22 13:23:54.210 +05:30 [INF] [7cb545ba-b18f-43e0-8fc7-afb7258b2d89] POST /api/auth/login responded 200 in 489ms
2026-07-22 13:24:00.542 +05:30 [INF] [c2bd0e8b-6d6b-4212-a44e-00bb7e7dd023] POST /api/auth/login from 127.0.0.1 by Anonymous
2026-07-22 13:24:00.893 +05:30 [INF] [c2bd0e8b-6d6b-4212-a44e-00bb7e7dd023] POST /api/auth/login responded 200 in 350ms
2026-07-22 13:24:00.919 +05:30 [INF] [9b35d8bf-cc6f-4fd3-a809-b40479ccd129] GET /api/students from 127.0.0.1 by Anonymous
2026-07-22 13:24:00.941 +05:30 [INF] [9b35d8bf-cc6f-4fd3-a809-b40479ccd129] GET /api/students responded 200 in 22ms
2026-07-22 13:24:25.861 +05:30 [INF] [3fcdf8c3-0667-4abb-9617-9a3f6d559450] GET /api/students from 127.0.0.1 by Anonymous
2026-07-22 13:24:25.958 +05:30 [INF] [3fcdf8c3-0667-4abb-9617-9a3f6d559450] GET /api/students responded 200 in 95ms
2026-07-22 13:24:25.990 +05:30 [INF] [ae4e00b4-3207-4a52-b759-612932a4343a] GET /api/students from 127.0.0.1 by Anonymous
2026-07-22 13:24:26.035 +05:30 [INF] [ae4e00b4-3207-4a52-b759-612932a4343a] GET /api/students responded 200 in 42ms
2026-07-22 13:24:39.022 +05:30 [INF] [093f4726-43e1-4bd7-a1e1-4c88c66daab4] GET /api/students from 127.0.0.1 by Anonymous
2026-07-22 13:24:39.059 +05:30 [INF] [093f4726-43e1-4bd7-a1e1-4c88c66daab4] GET /api/students responded 200 in 37ms
2026-07-22 13:24:39.095 +05:30 [INF] [0ad51c90-b2b2-4dfd-a67a-44dbdf58d4d0] GET /api/students from 127.0.0.1 by Anonymous
2026-07-22 13:24:39.128 +05:30 [INF] [0ad51c90-b2b2-4dfd-a67a-44dbdf58d4d0] GET /api/students responded 200 in 31ms
2026-07-22 13:25:20.379 +05:30 [INF] [954b6969-b5ec-4c43-9b17-a1808456a9f9] GET /api/students/08dee7c6-325f-4751-84f1-0925ef1b04a7 from 127.0.0.1 by Anonymous
2026-07-22 13:25:20.451 +05:30 [INF] [954b6969-b5ec-4c43-9b17-a1808456a9f9] GET /api/students/08dee7c6-325f-4751-84f1-0925ef1b04a7 responded 200 in 71ms
2026-07-22 13:25:20.467 +05:30 [INF] [d35b4551-3c23-436b-b4d9-2959b31d42eb] GET /api/students/08dee7c6-325f-4751-84f1-0925ef1b04a7 from 127.0.0.1 by Anonymous
2026-07-22 13:25:20.505 +05:30 [INF] [d35b4551-3c23-436b-b4d9-2959b31d42eb] GET /api/students/08dee7c6-325f-4751-84f1-0925ef1b04a7 responded 200 in 37ms
2026-07-22 13:25:26.677 +05:30 [INF] [9e0cc5ad-a475-402c-9498-e937737a8d22] GET /api/students from 127.0.0.1 by Anonymous
2026-07-22 13:25:26.737 +05:30 [INF] [9e0cc5ad-a475-402c-9498-e937737a8d22] GET /api/students responded 200 in 58ms
2026-07-22 13:25:26.760 +05:30 [INF] [9e8128e3-0637-43df-aa4d-ad64bc620170] GET /api/students from 127.0.0.1 by Anonymous
2026-07-22 13:25:26.790 +05:30 [INF] [9e8128e3-0637-43df-aa4d-ad64bc620170] GET /api/students responded 200 in 30ms
2026-07-22 13:25:29.826 +05:30 [INF] [f9473e91-bed4-4b1a-8d69-b89f08b8535f] GET /api/schools from 127.0.0.1 by Anonymous
2026-07-22 13:25:29.828 +05:30 [INF] [8e549ec0-b55e-4452-87b8-ec915162fc28] GET /api/students/08dee7c6-325f-4751-84f1-0925ef1b04a7 from 127.0.0.1 by Anonymous
2026-07-22 13:25:29.855 +05:30 [INF] [f9473e91-bed4-4b1a-8d69-b89f08b8535f] GET /api/schools responded 200 in 28ms
2026-07-22 13:25:29.867 +05:30 [INF] [8e549ec0-b55e-4452-87b8-ec915162fc28] GET /api/students/08dee7c6-325f-4751-84f1-0925ef1b04a7 responded 200 in 38ms
2026-07-22 13:25:29.869 +05:30 [INF] [3ddd097b-fd0f-4c93-8039-f6c0a7e4e125] GET /api/schools from 127.0.0.1 by Anonymous
2026-07-22 13:25:29.892 +05:30 [INF] [3ddd097b-fd0f-4c93-8039-f6c0a7e4e125] GET /api/schools responded 200 in 21ms
2026-07-22 13:25:29.901 +05:30 [INF] [b8e5912e-3515-4e9b-ad3e-3452d8b4e671] GET /api/schools/93cfbeb0-5697-4af4-9f0b-0115e7e2e14a/classes from 127.0.0.1 by Anonymous
2026-07-22 13:25:29.909 +05:30 [INF] [595cc522-5e5e-46ae-b3bc-ee42be6c13f7] GET /api/students/08dee7c6-325f-4751-84f1-0925ef1b04a7 from 127.0.0.1 by Anonymous
2026-07-22 13:25:29.937 +05:30 [INF] [b8e5912e-3515-4e9b-ad3e-3452d8b4e671] GET /api/schools/93cfbeb0-5697-4af4-9f0b-0115e7e2e14a/classes responded 200 in 34ms
2026-07-22 13:25:29.956 +05:30 [INF] [595cc522-5e5e-46ae-b3bc-ee42be6c13f7] GET /api/students/08dee7c6-325f-4751-84f1-0925ef1b04a7 responded 200 in 43ms
2026-07-22 13:25:30.392 +05:30 [INF] [abe25a8f-e938-4f45-827a-998034611d69] GET /api/schools/93cfbeb0-5697-4af4-9f0b-0115e7e2e14a/classes from 127.0.0.1 by Anonymous
2026-07-22 13:25:30.416 +05:30 [INF] [abe25a8f-e938-4f45-827a-998034611d69] GET /api/schools/93cfbeb0-5697-4af4-9f0b-0115e7e2e14a/classes responded 200 in 24ms
2026-07-22 13:25:35.580 +05:30 [INF] [5e790423-ae07-406d-9d19-4cdf858442b2] GET /api/students/08dee7c6-325f-4751-84f1-0925ef1b04a7 from 127.0.0.1 by Anonymous
2026-07-22 13:25:35.613 +05:30 [INF] [5e790423-ae07-406d-9d19-4cdf858442b2] GET /api/students/08dee7c6-325f-4751-84f1-0925ef1b04a7 responded 200 in 32ms
2026-07-22 13:25:35.635 +05:30 [INF] [bcdb6124-119b-468e-9803-86732f6f6a0c] GET /api/students/08dee7c6-325f-4751-84f1-0925ef1b04a7 from 127.0.0.1 by Anonymous
2026-07-22 13:25:35.667 +05:30 [INF] [bcdb6124-119b-468e-9803-86732f6f6a0c] GET /api/students/08dee7c6-325f-4751-84f1-0925ef1b04a7 responded 200 in 29ms
2026-07-22 13:25:38.515 +05:30 [INF] [aa828b55-43e9-447a-900e-f2fa136c5e9b] GET /api/students from 127.0.0.1 by Anonymous
2026-07-22 13:25:38.553 +05:30 [INF] [aa828b55-43e9-447a-900e-f2fa136c5e9b] GET /api/students responded 200 in 37ms
2026-07-22 13:25:38.574 +05:30 [INF] [82e27f87-a6f9-4024-815e-9d25972b339e] GET /api/students from 127.0.0.1 by Anonymous
2026-07-22 13:25:38.597 +05:30 [INF] [82e27f87-a6f9-4024-815e-9d25972b339e] GET /api/students responded 200 in 21ms
2026-07-22 13:25:44.039 +05:30 [INF] [ae69d8e1-9e8d-4101-86df-2d73d2996bfc] GET /api/teachers from 127.0.0.1 by Anonymous
2026-07-22 13:25:44.405 +05:30 [INF] [ae69d8e1-9e8d-4101-86df-2d73d2996bfc] GET /api/teachers responded 200 in 365ms
2026-07-22 13:25:44.422 +05:30 [INF] [b8ca69d9-5d1e-48bd-9e29-992151e958f2] GET /api/teachers from 127.0.0.1 by Anonymous
2026-07-22 13:25:44.446 +05:30 [INF] [b8ca69d9-5d1e-48bd-9e29-992151e958f2] GET /api/teachers responded 200 in 23ms
2026-07-22 13:26:41.443 +05:30 [INF] [c017684b-f232-4bca-97ab-627d3c561a94] GET /api/teachers from 127.0.0.1 by Anonymous
2026-07-22 13:26:41.517 +05:30 [INF] [c017684b-f232-4bca-97ab-627d3c561a94] GET /api/teachers responded 200 in 72ms
2026-07-22 13:26:41.537 +05:30 [INF] [c6eaff09-82e9-4ec4-adc8-80a806c98b06] GET /api/teachers from 127.0.0.1 by Anonymous
2026-07-22 13:26:41.569 +05:30 [INF] [c6eaff09-82e9-4ec4-adc8-80a806c98b06] GET /api/teachers responded 200 in 32ms
2026-07-22 13:27:30.467 +05:30 [INF] [26c40f15-e85f-435d-953f-b8e8882f43df] GET /api/teachers from 127.0.0.1 by Anonymous
2026-07-22 13:27:31.145 +05:30 [INF] [26c40f15-e85f-435d-953f-b8e8882f43df] GET /api/teachers responded 200 in 677ms
2026-07-22 13:27:31.154 +05:30 [INF] [087df722-307c-4f98-9763-a8920d75c4ee] GET /api/teachers from 127.0.0.1 by Anonymous
2026-07-22 13:27:31.190 +05:30 [INF] [087df722-307c-4f98-9763-a8920d75c4ee] GET /api/teachers responded 200 in 34ms
2026-07-22 13:29:02.320 +05:30 [INF] [cdc128bf-1133-4035-a707-ad779a56e15a] POST /api/auth/logout from 127.0.0.1 by Anonymous
2026-07-22 13:29:02.422 +05:30 [INF] [cdc128bf-1133-4035-a707-ad779a56e15a] POST /api/auth/logout responded 415 in 101ms
2026-07-22 13:29:16.525 +05:30 [INF] [4078cabb-65dc-4a06-b14f-a0bf81985c8d] POST /api/auth/login from 127.0.0.1 by Anonymous
2026-07-22 13:29:16.784 +05:30 [INF] [4078cabb-65dc-4a06-b14f-a0bf81985c8d] POST /api/auth/login responded 200 in 256ms
2026-07-22 13:29:17.472 +05:30 [INF] [84eb74a2-a500-4050-81be-54a09ccbd5a5] GET /api/dashboard/stats from 127.0.0.1 by Anonymous
2026-07-22 13:29:17.476 +05:30 [INF] [689dbc03-d216-4a8c-96fb-89af6a649220] GET /api/dashboard/attendance-chart from 127.0.0.1 by Anonymous
2026-07-22 13:29:17.482 +05:30 [INF] [4d468115-8c92-4762-ae19-3cd6b942441b] GET /api/dashboard/fee-chart from 127.0.0.1 by Anonymous
2026-07-22 13:29:17.631 +05:30 [INF] [4d468115-8c92-4762-ae19-3cd6b942441b] GET /api/dashboard/fee-chart responded 200 in 148ms
2026-07-22 13:29:17.638 +05:30 [INF] [11d1dc03-5cdc-486f-a9f9-fd8817a134dd] GET /api/dashboard/fee-chart from 127.0.0.1 by Anonymous
2026-07-22 13:29:17.654 +05:30 [INF] [11d1dc03-5cdc-486f-a9f9-fd8817a134dd] GET /api/dashboard/fee-chart responded 200 in 15ms
2026-07-22 13:29:17.901 +05:30 [WRN] The query uses a row limiting operator ('Skip'/'Take') without an 'OrderBy' operator. This may lead to unpredictable results. If the 'Distinct' operator is used after 'OrderBy', then make sure to use the 'OrderBy' operator after 'Distinct' as the ordering would otherwise get erased.
2026-07-22 13:29:17.902 +05:30 [WRN] The query uses a row limiting operator ('Skip'/'Take') without an 'OrderBy' operator. This may lead to unpredictable results. If the 'Distinct' operator is used after 'OrderBy', then make sure to use the 'OrderBy' operator after 'Distinct' as the ordering would otherwise get erased.
2026-07-22 13:29:17.943 +05:30 [INF] [84eb74a2-a500-4050-81be-54a09ccbd5a5] GET /api/dashboard/stats responded 200 in 471ms
2026-07-22 13:29:17.952 +05:30 [INF] [e4b75286-618c-4bef-b32f-d058c2ecd839] GET /api/dashboard/stats from 127.0.0.1 by Anonymous
2026-07-22 13:29:18.016 +05:30 [INF] [e4b75286-618c-4bef-b32f-d058c2ecd839] GET /api/dashboard/stats responded 200 in 62ms
2026-07-22 13:29:18.636 +05:30 [INF] [689dbc03-d216-4a8c-96fb-89af6a649220] GET /api/dashboard/attendance-chart responded 200 in 1160ms
2026-07-22 13:29:18.642 +05:30 [INF] [6ad24428-9bcc-4b71-9c40-d2e33766f0b2] GET /api/dashboard/attendance-chart from 127.0.0.1 by Anonymous
2026-07-22 13:29:19.339 +05:30 [INF] [6ad24428-9bcc-4b71-9c40-d2e33766f0b2] GET /api/dashboard/attendance-chart responded 200 in 697ms
2026-07-22 13:29:22.655 +05:30 [INF] [9d7e2479-c61e-4b3c-a4f2-8ecab4399e10] GET /api/dashboard/stats from 127.0.0.1 by Anonymous
2026-07-22 13:29:22.658 +05:30 [INF] [9deab19a-b42b-4070-b0c4-9d93c5cdbd02] GET /api/dashboard/attendance-chart from 127.0.0.1 by Anonymous
2026-07-22 13:29:22.659 +05:30 [INF] [d2921a86-b171-4d82-aa4c-fac983d299a4] GET /api/dashboard/fee-chart from 127.0.0.1 by Anonymous
2026-07-22 13:29:22.672 +05:30 [INF] [d2921a86-b171-4d82-aa4c-fac983d299a4] GET /api/dashboard/fee-chart responded 200 in 13ms
2026-07-22 13:29:22.682 +05:30 [INF] [5aff75a3-f3b2-4091-a13c-3bbe126a5e62] GET /api/dashboard/fee-chart from 127.0.0.1 by Anonymous
2026-07-22 13:29:22.714 +05:30 [INF] [5aff75a3-f3b2-4091-a13c-3bbe126a5e62] GET /api/dashboard/fee-chart responded 200 in 31ms
2026-07-22 13:29:22.746 +05:30 [INF] [9d7e2479-c61e-4b3c-a4f2-8ecab4399e10] GET /api/dashboard/stats responded 200 in 90ms
2026-07-22 13:29:22.758 +05:30 [INF] [83a504bc-34e3-4f2c-bd22-4f21b4654026] GET /api/dashboard/stats from 127.0.0.1 by Anonymous
2026-07-22 13:29:22.801 +05:30 [INF] [83a504bc-34e3-4f2c-bd22-4f21b4654026] GET /api/dashboard/stats responded 200 in 43ms
2026-07-22 13:29:23.522 +05:30 [INF] [9deab19a-b42b-4070-b0c4-9d93c5cdbd02] GET /api/dashboard/attendance-chart responded 200 in 863ms
2026-07-22 13:29:23.528 +05:30 [INF] [c29802a5-8431-4c50-b803-816944aedec3] GET /api/dashboard/attendance-chart from 127.0.0.1 by Anonymous
2026-07-22 13:29:24.091 +05:30 [INF] [c29802a5-8431-4c50-b803-816944aedec3] GET /api/dashboard/attendance-chart responded 200 in 562ms
2026-07-22 13:30:23.998 +05:30 [INF] [e2965c30-0c0f-4e50-ad02-bb7ad81cbbb5] GET /api/dashboard/stats from 127.0.0.1 by Anonymous
2026-07-22 13:30:24.010 +05:30 [INF] [c39e73da-01a9-47f5-b065-224a3426bde4] GET /api/dashboard/attendance-chart from 127.0.0.1 by Anonymous
2026-07-22 13:30:24.158 +05:30 [INF] [e2965c30-0c0f-4e50-ad02-bb7ad81cbbb5] GET /api/dashboard/stats responded 200 in 159ms
2026-07-22 13:30:24.173 +05:30 [INF] [e755fd1b-c518-4090-8374-090e59a32f66] GET /api/dashboard/stats from 127.0.0.1 by Anonymous
2026-07-22 13:30:24.291 +05:30 [INF] [e755fd1b-c518-4090-8374-090e59a32f66] GET /api/dashboard/stats responded 200 in 117ms
2026-07-22 13:30:25.333 +05:30 [INF] [c39e73da-01a9-47f5-b065-224a3426bde4] GET /api/dashboard/attendance-chart responded 200 in 1320ms
2026-07-22 13:30:25.354 +05:30 [INF] [c9430224-6934-4dbc-b257-73ed96f02feb] GET /api/dashboard/attendance-chart from 127.0.0.1 by Anonymous
2026-07-22 13:30:26.311 +05:30 [INF] [c9430224-6934-4dbc-b257-73ed96f02feb] GET /api/dashboard/attendance-chart responded 200 in 955ms
2026-07-22 13:31:44.576 +05:30 [INF] [63aae65f-a3f6-4f4c-97db-e90a7f7f7da1] GET /api/students from 127.0.0.1 by Anonymous
2026-07-22 13:31:44.650 +05:30 [INF] [63aae65f-a3f6-4f4c-97db-e90a7f7f7da1] GET /api/students responded 200 in 74ms
2026-07-22 13:31:44.663 +05:30 [INF] [6a8eb9fc-b3c4-4453-847e-019af2d884e9] GET /api/students from 127.0.0.1 by Anonymous
2026-07-22 13:31:44.705 +05:30 [INF] [6a8eb9fc-b3c4-4453-847e-019af2d884e9] GET /api/students responded 200 in 40ms
2026-07-22 13:32:16.604 +05:30 [INF] [ae1c5827-ca8d-4804-a302-88b1c4fb3e62] POST /api/auth/logout from 127.0.0.1 by Anonymous
2026-07-22 13:32:16.653 +05:30 [INF] [ae1c5827-ca8d-4804-a302-88b1c4fb3e62] POST /api/auth/logout responded 415 in 47ms
2026-07-22 13:41:51.024 +05:30 [INF] [60c1cadd-2ba6-477d-af39-fbb4bc02d3fa] POST /api/auth/login from 127.0.0.1 by Anonymous
2026-07-22 13:41:51.776 +05:30 [INF] [60c1cadd-2ba6-477d-af39-fbb4bc02d3fa] POST /api/auth/login responded 200 in 752ms
2026-07-22 14:02:04.782 +05:30 [INF] [01e2228c-ad19-43a2-880a-bf884ceb409f] POST /api/auth/login from 127.0.0.1 by Anonymous
2026-07-22 14:02:05.314 +05:30 [INF] [01e2228c-ad19-43a2-880a-bf884ceb409f] POST /api/auth/login responded 200 in 531ms
2026-07-22 14:02:06.088 +05:30 [INF] [946af65d-0085-4d02-ab41-a2dd46819e2c] GET /api/dashboard/stats from 127.0.0.1 by Anonymous
2026-07-22 14:02:06.118 +05:30 [INF] [a1f5abf5-7374-4757-a1ee-673e88da7529] GET /api/dashboard/attendance-chart from 127.0.0.1 by Anonymous
2026-07-22 14:02:06.128 +05:30 [INF] [30ad9875-2d76-46ee-ae4e-7291c9acfe58] GET /api/dashboard/fee-chart from 127.0.0.1 by Anonymous
2026-07-22 14:02:06.188 +05:30 [INF] [30ad9875-2d76-46ee-ae4e-7291c9acfe58] GET /api/dashboard/fee-chart responded 200 in 53ms
2026-07-22 14:02:06.192 +05:30 [INF] [946af65d-0085-4d02-ab41-a2dd46819e2c] GET /api/dashboard/stats responded 200 in 104ms
2026-07-22 14:02:06.231 +05:30 [INF] [3eec6f81-9806-453d-aac8-d4ac345379f7] GET /api/dashboard/fee-chart from 127.0.0.1 by Anonymous
2026-07-22 14:02:06.231 +05:30 [INF] [dddb389e-3e22-4009-b38d-b08714846c46] GET /api/dashboard/stats from 127.0.0.1 by Anonymous
2026-07-22 14:02:06.260 +05:30 [INF] [3eec6f81-9806-453d-aac8-d4ac345379f7] GET /api/dashboard/fee-chart responded 200 in 27ms
2026-07-22 14:02:06.297 +05:30 [INF] [dddb389e-3e22-4009-b38d-b08714846c46] GET /api/dashboard/stats responded 200 in 64ms
2026-07-22 14:02:07.292 +05:30 [INF] [a1f5abf5-7374-4757-a1ee-673e88da7529] GET /api/dashboard/attendance-chart responded 200 in 1171ms
2026-07-22 14:02:07.300 +05:30 [INF] [4003f0be-3c6a-4cf5-ae3d-68fb71047479] GET /api/dashboard/attendance-chart from 127.0.0.1 by Anonymous
2026-07-22 14:02:08.052 +05:30 [INF] [4003f0be-3c6a-4cf5-ae3d-68fb71047479] GET /api/dashboard/attendance-chart responded 200 in 751ms
2026-07-22 14:02:13.720 +05:30 [INF] [bf8eb4cd-8c20-4142-bb1c-b24934be57fa] GET /api/students from 127.0.0.1 by Anonymous
2026-07-22 14:02:13.747 +05:30 [INF] [bf8eb4cd-8c20-4142-bb1c-b24934be57fa] GET /api/students responded 200 in 26ms
2026-07-22 14:02:13.759 +05:30 [INF] [5fa56af5-099c-4cd8-8e47-a988024b3c05] GET /api/students from 127.0.0.1 by Anonymous
2026-07-22 14:02:13.785 +05:30 [INF] [5fa56af5-099c-4cd8-8e47-a988024b3c05] GET /api/students responded 200 in 24ms
2026-07-22 14:02:19.358 +05:30 [INF] [dab2e66b-4fed-4004-a211-8e0a6d332995] POST /api/auth/logout from 127.0.0.1 by Anonymous
2026-07-22 14:02:19.379 +05:30 [INF] [dab2e66b-4fed-4004-a211-8e0a6d332995] POST /api/auth/logout responded 415 in 21ms
2026-07-22 14:02:42.919 +05:30 [INF] [dbcf0086-e385-4705-a388-ab0ba674d0e4] POST /api/auth/login from 127.0.0.1 by Anonymous
2026-07-22 14:02:43.160 +05:30 [INF] [dbcf0086-e385-4705-a388-ab0ba674d0e4] POST /api/auth/login responded 200 in 239ms
2026-07-22 14:02:43.426 +05:30 [INF] [0a0dca3f-daaf-4b69-a367-7cce2d13a9f3] GET /api/dashboard/attendance-chart from 127.0.0.1 by Anonymous
2026-07-22 14:02:43.427 +05:30 [INF] [77d2ee7a-9b94-4313-baf9-360f1680a833] GET /api/dashboard/stats from 127.0.0.1 by Anonymous
2026-07-22 14:02:43.523 +05:30 [INF] [77d2ee7a-9b94-4313-baf9-360f1680a833] GET /api/dashboard/stats responded 200 in 95ms
2026-07-22 14:02:43.555 +05:30 [INF] [e217c510-d74d-48ba-a269-673d3f529748] GET /api/dashboard/stats from 127.0.0.1 by Anonymous
2026-07-22 14:02:43.631 +05:30 [INF] [e217c510-d74d-48ba-a269-673d3f529748] GET /api/dashboard/stats responded 200 in 76ms
2026-07-22 14:02:44.296 +05:30 [INF] [0a0dca3f-daaf-4b69-a367-7cce2d13a9f3] GET /api/dashboard/attendance-chart responded 200 in 867ms
2026-07-22 14:02:44.302 +05:30 [INF] [126112d0-6aef-4bee-acc0-4a795a9e71a5] GET /api/dashboard/attendance-chart from 127.0.0.1 by Anonymous
2026-07-22 14:02:44.901 +05:30 [INF] [126112d0-6aef-4bee-acc0-4a795a9e71a5] GET /api/dashboard/attendance-chart responded 200 in 599ms
2026-07-22 14:02:53.142 +05:30 [INF] [d1039fa8-b0f3-4cd8-9105-092bb7c47d1f] GET /api/students from 127.0.0.1 by Anonymous
2026-07-22 14:02:53.169 +05:30 [INF] [d1039fa8-b0f3-4cd8-9105-092bb7c47d1f] GET /api/students responded 200 in 25ms
2026-07-22 14:02:53.179 +05:30 [INF] [6954c4b7-28c8-4a94-ab6a-14f90becee9d] GET /api/students from 127.0.0.1 by Anonymous
2026-07-22 14:02:53.202 +05:30 [INF] [6954c4b7-28c8-4a94-ab6a-14f90becee9d] GET /api/students responded 200 in 23ms
2026-07-22 14:03:07.798 +05:30 [INF] [1ffffade-288e-4fbd-b213-7c52932cdd92] GET /api/dashboard/stats from 127.0.0.1 by Anonymous
2026-07-22 14:03:07.801 +05:30 [INF] [a36e83a4-85a1-49ac-b223-ca2491428502] GET /api/dashboard/attendance-chart from 127.0.0.1 by Anonymous
2026-07-22 14:03:07.848 +05:30 [INF] [1ffffade-288e-4fbd-b213-7c52932cdd92] GET /api/dashboard/stats responded 200 in 49ms
2026-07-22 14:03:07.876 +05:30 [INF] [9b768373-f512-485a-af3b-a8f5c2a88ce4] GET /api/dashboard/stats from 127.0.0.1 by Anonymous
2026-07-22 14:03:07.940 +05:30 [INF] [9b768373-f512-485a-af3b-a8f5c2a88ce4] GET /api/dashboard/stats responded 200 in 63ms
2026-07-22 14:03:08.537 +05:30 [INF] [a36e83a4-85a1-49ac-b223-ca2491428502] GET /api/dashboard/attendance-chart responded 200 in 735ms
2026-07-22 14:03:08.544 +05:30 [INF] [7b34689e-c5cb-4052-a224-d9b6083209b8] GET /api/dashboard/attendance-chart from 127.0.0.1 by Anonymous
2026-07-22 14:03:09.157 +05:30 [INF] [7b34689e-c5cb-4052-a224-d9b6083209b8] GET /api/dashboard/attendance-chart responded 200 in 612ms
2026-07-22 14:13:13.682 +05:30 [WRN] Redis unavailable, falling back to in-memory cache and basic SignalR: It was not possible to connect to the redis server(s). Error connecting right now. To allow this multiplexer to continue retrying until it's able to connect, use abortConnect=false in your connection string or AbortOnConnectFail=false; in your code.
2026-07-22 14:13:19.756 +05:30 [WRN] Entity 'ApplicationRole' has a global query filter defined and is the required end of a relationship with the entity 'ApplicationRoleClaim'. This may lead to unexpected results when the required entity is filtered out. Either configure the navigation as optional, or define matching query filters for both entities in the navigation. See https://go.microsoft.com/fwlink/?linkid=2131316 for more information.
2026-07-22 14:13:19.760 +05:30 [WRN] Entity 'ApplicationUser' has a global query filter defined and is the required end of a relationship with the entity 'ApplicationUserClaim'. This may lead to unexpected results when the required entity is filtered out. Either configure the navigation as optional, or define matching query filters for both entities in the navigation. See https://go.microsoft.com/fwlink/?linkid=2131316 for more information.
2026-07-22 14:13:19.760 +05:30 [WRN] Entity 'ApplicationUser' has a global query filter defined and is the required end of a relationship with the entity 'ApplicationUserLogin'. This may lead to unexpected results when the required entity is filtered out. Either configure the navigation as optional, or define matching query filters for both entities in the navigation. See https://go.microsoft.com/fwlink/?linkid=2131316 for more information.
2026-07-22 14:13:19.761 +05:30 [WRN] Entity 'ApplicationRole' has a global query filter defined and is the required end of a relationship with the entity 'ApplicationUserRole'. This may lead to unexpected results when the required entity is filtered out. Either configure the navigation as optional, or define matching query filters for both entities in the navigation. See https://go.microsoft.com/fwlink/?linkid=2131316 for more information.
2026-07-22 14:13:19.761 +05:30 [WRN] Entity 'ApplicationUser' has a global query filter defined and is the required end of a relationship with the entity 'ApplicationUserToken'. This may lead to unexpected results when the required entity is filtered out. Either configure the navigation as optional, or define matching query filters for both entities in the navigation. See https://go.microsoft.com/fwlink/?linkid=2131316 for more information.
2026-07-22 14:13:19.888 +05:30 [WRN] The foreign key property 'HomeworkSubmission.StudentId1' was created in shadow state because a conflicting property with the simple name 'StudentId' exists in the entity type, but is either not mapped, is already used for another relationship, or is incompatible with the associated primary key type. See https://aka.ms/efcore-relationships for information on mapping relationships in EF Core.
2026-07-22 14:13:21.268 +05:30 [INF] Database migrated successfully
2026-07-22 14:13:22.381 +05:30 [INF] Roles seeded successfully
2026-07-22 14:13:37.589 +05:30 [INF] [1a306e13-37e8-490e-8e06-bd9fbcdb6baf] POST /api/auth/register from 127.0.0.1 by Anonymous
2026-07-22 14:13:37.630 +05:30 [WRN] Failed to determine the https port for redirect.
2026-07-22 14:13:37.909 +05:30 [INF] [1a306e13-37e8-490e-8e06-bd9fbcdb6baf] POST /api/auth/register responded 400 in 313ms
2026-07-22 14:15:08.014 +05:30 [WRN] Redis unavailable, falling back to in-memory cache and basic SignalR: It was not possible to connect to the redis server(s). Error connecting right now. To allow this multiplexer to continue retrying until it's able to connect, use abortConnect=false in your connection string or AbortOnConnectFail=false; in your code.
2026-07-22 14:15:14.501 +05:30 [WRN] Entity 'ApplicationRole' has a global query filter defined and is the required end of a relationship with the entity 'ApplicationRoleClaim'. This may lead to unexpected results when the required entity is filtered out. Either configure the navigation as optional, or define matching query filters for both entities in the navigation. See https://go.microsoft.com/fwlink/?linkid=2131316 for more information.
2026-07-22 14:15:14.505 +05:30 [WRN] Entity 'ApplicationUser' has a global query filter defined and is the required end of a relationship with the entity 'ApplicationUserClaim'. This may lead to unexpected results when the required entity is filtered out. Either configure the navigation as optional, or define matching query filters for both entities in the navigation. See https://go.microsoft.com/fwlink/?linkid=2131316 for more information.
2026-07-22 14:15:14.506 +05:30 [WRN] Entity 'ApplicationUser' has a global query filter defined and is the required end of a relationship with the entity 'ApplicationUserLogin'. This may lead to unexpected results when the required entity is filtered out. Either configure the navigation as optional, or define matching query filters for both entities in the navigation. See https://go.microsoft.com/fwlink/?linkid=2131316 for more information.
2026-07-22 14:15:14.506 +05:30 [WRN] Entity 'ApplicationRole' has a global query filter defined and is the required end of a relationship with the entity 'ApplicationUserRole'. This may lead to unexpected results when the required entity is filtered out. Either configure the navigation as optional, or define matching query filters for both entities in the navigation. See https://go.microsoft.com/fwlink/?linkid=2131316 for more information.
2026-07-22 14:15:14.506 +05:30 [WRN] Entity 'ApplicationUser' has a global query filter defined and is the required end of a relationship with the entity 'ApplicationUserToken'. This may lead to unexpected results when the required entity is filtered out. Either configure the navigation as optional, or define matching query filters for both entities in the navigation. See https://go.microsoft.com/fwlink/?linkid=2131316 for more information.
2026-07-22 14:15:14.662 +05:30 [WRN] The foreign key property 'HomeworkSubmission.StudentId1' was created in shadow state because a conflicting property with the simple name 'StudentId' exists in the entity type, but is either not mapped, is already used for another relationship, or is incompatible with the associated primary key type. See https://aka.ms/efcore-relationships for information on mapping relationships in EF Core.
2026-07-22 14:15:16.097 +05:30 [INF] Database migrated successfully
2026-07-22 14:15:17.123 +05:30 [INF] Roles seeded successfully
2026-07-22 14:15:33.648 +05:30 [INF] [31d2f572-ff8f-454e-9fd1-11ab47675357] POST /api/auth/register from 127.0.0.1 by Anonymous
2026-07-22 14:15:33.697 +05:30 [WRN] Failed to determine the https port for redirect.
2026-07-22 14:15:33.762 +05:30 [INF] [31d2f572-ff8f-454e-9fd1-11ab47675357] POST /api/auth/register responded 401 in 102ms
2026-07-22 14:15:45.446 +05:30 [INF] [c9759a6c-8dd8-42fc-af2f-d4f8166b9734] POST /api/auth/login from 127.0.0.1 by Anonymous
2026-07-22 14:15:46.636 +05:30 [INF] [c9759a6c-8dd8-42fc-af2f-d4f8166b9734] POST /api/auth/login responded 200 in 1189ms
2026-07-22 14:15:46.667 +05:30 [INF] [1baae612-cbba-4519-b029-fad74418c975] POST /api/auth/register from 127.0.0.1 by Anonymous
2026-07-22 14:15:47.617 +05:30 [INF] [1baae612-cbba-4519-b029-fad74418c975] POST /api/auth/register responded 201 in 949ms
2026-07-22 14:39:30.876 +05:30 [INF] [1444f284-465a-42af-a9c2-20213bb9a586] GET /api/dashboard/fee-chart from 127.0.0.1 by Anonymous
2026-07-22 14:39:30.876 +05:30 [INF] [ec5fda18-5d69-4a0e-8634-5fb40011f77f] GET /api/dashboard/attendance-chart from 127.0.0.1 by Anonymous
2026-07-22 14:39:30.877 +05:30 [INF] [3071ca08-af25-400e-b0f7-6f4839906592] GET /api/dashboard/stats from 127.0.0.1 by Anonymous
2026-07-22 14:39:31.379 +05:30 [INF] [1444f284-465a-42af-a9c2-20213bb9a586] GET /api/dashboard/fee-chart responded 200 in 502ms
2026-07-22 14:39:31.386 +05:30 [INF] [1835c749-aff0-4aed-9187-d2ee939343ff] GET /api/dashboard/fee-chart from 127.0.0.1 by Anonymous
2026-07-22 14:39:31.419 +05:30 [INF] [1835c749-aff0-4aed-9187-d2ee939343ff] GET /api/dashboard/fee-chart responded 200 in 28ms
2026-07-22 14:39:31.798 +05:30 [WRN] The query uses a row limiting operator ('Skip'/'Take') without an 'OrderBy' operator. This may lead to unpredictable results. If the 'Distinct' operator is used after 'OrderBy', then make sure to use the 'OrderBy' operator after 'Distinct' as the ordering would otherwise get erased.
2026-07-22 14:39:31.799 +05:30 [WRN] The query uses a row limiting operator ('Skip'/'Take') without an 'OrderBy' operator. This may lead to unpredictable results. If the 'Distinct' operator is used after 'OrderBy', then make sure to use the 'OrderBy' operator after 'Distinct' as the ordering would otherwise get erased.
2026-07-22 14:39:31.850 +05:30 [INF] [3071ca08-af25-400e-b0f7-6f4839906592] GET /api/dashboard/stats responded 200 in 972ms
2026-07-22 14:39:31.855 +05:30 [INF] [253b67de-9c6f-45be-9ddb-e2b99e37e127] GET /api/dashboard/stats from 127.0.0.1 by Anonymous
2026-07-22 14:39:31.915 +05:30 [INF] [253b67de-9c6f-45be-9ddb-e2b99e37e127] GET /api/dashboard/stats responded 200 in 59ms
2026-07-22 14:39:32.702 +05:30 [INF] [ec5fda18-5d69-4a0e-8634-5fb40011f77f] GET /api/dashboard/attendance-chart responded 200 in 1824ms
2026-07-22 14:39:32.710 +05:30 [INF] [04ff7ba9-d729-42a1-a84f-896950cc49d4] GET /api/dashboard/attendance-chart from 127.0.0.1 by Anonymous
2026-07-22 14:39:33.616 +05:30 [INF] [04ff7ba9-d729-42a1-a84f-896950cc49d4] GET /api/dashboard/attendance-chart responded 200 in 903ms
2026-07-22 14:39:44.371 +05:30 [INF] [7d4f0f63-7252-4f30-9951-877200f98ea2] GET /api/teachers from 127.0.0.1 by Anonymous
2026-07-22 14:39:44.648 +05:30 [INF] [7d4f0f63-7252-4f30-9951-877200f98ea2] GET /api/teachers responded 200 in 276ms
2026-07-22 14:39:44.652 +05:30 [INF] [9a88bd78-b4f9-4369-be78-69b62fc74e6b] GET /api/teachers from 127.0.0.1 by Anonymous
2026-07-22 14:39:44.673 +05:30 [INF] [9a88bd78-b4f9-4369-be78-69b62fc74e6b] GET /api/teachers responded 200 in 19ms
2026-07-22 14:40:05.437 +05:30 [INF] [870533e1-1d02-4268-920d-ba441ecc6739] POST /api/auth/logout from 127.0.0.1 by Anonymous
2026-07-22 14:40:05.533 +05:30 [INF] [870533e1-1d02-4268-920d-ba441ecc6739] POST /api/auth/logout responded 415 in 95ms
2026-07-22 14:40:23.087 +05:30 [INF] [35b9ae04-47ec-47c3-bdbf-f700fc399488] POST /api/auth/login from 127.0.0.1 by Anonymous
2026-07-22 14:40:23.315 +05:30 [INF] [35b9ae04-47ec-47c3-bdbf-f700fc399488] POST /api/auth/login responded 200 in 227ms
2026-07-22 14:40:23.669 +05:30 [INF] [38a98a21-8a43-43a0-bdde-65ac788fa1e0] GET /api/dashboard/stats from 127.0.0.1 by Anonymous
2026-07-22 14:40:23.687 +05:30 [INF] [87d3ebc4-5da5-42aa-9d3f-f4e0f0fed5e9] GET /api/dashboard/attendance-chart from 127.0.0.1 by Anonymous
2026-07-22 14:40:23.798 +05:30 [INF] [38a98a21-8a43-43a0-bdde-65ac788fa1e0] GET /api/dashboard/stats responded 200 in 128ms
2026-07-22 14:40:23.810 +05:30 [INF] [427f8b04-0a8c-4916-a0e1-d818d497752a] GET /api/dashboard/stats from 127.0.0.1 by Anonymous
2026-07-22 14:40:23.856 +05:30 [INF] [427f8b04-0a8c-4916-a0e1-d818d497752a] GET /api/dashboard/stats responded 200 in 42ms
2026-07-22 14:40:24.561 +05:30 [INF] [87d3ebc4-5da5-42aa-9d3f-f4e0f0fed5e9] GET /api/dashboard/attendance-chart responded 200 in 870ms
2026-07-22 14:40:24.566 +05:30 [INF] [76e9d185-b65c-4535-898f-2a45dcb3376c] GET /api/dashboard/attendance-chart from 127.0.0.1 by Anonymous
2026-07-22 14:40:25.201 +05:30 [INF] [76e9d185-b65c-4535-898f-2a45dcb3376c] GET /api/dashboard/attendance-chart responded 200 in 634ms
2026-07-22 14:40:32.825 +05:30 [INF] [195a7c0f-cb8a-4f80-b215-28579a5cad84] GET /api/students from 127.0.0.1 by Anonymous
2026-07-22 14:40:33.221 +05:30 [INF] [195a7c0f-cb8a-4f80-b215-28579a5cad84] GET /api/students responded 200 in 395ms
2026-07-22 14:40:33.229 +05:30 [INF] [7ee8fd8d-7abb-401d-9d12-c858bdb5746c] GET /api/students from 127.0.0.1 by Anonymous
2026-07-22 14:40:33.249 +05:30 [INF] [7ee8fd8d-7abb-401d-9d12-c858bdb5746c] GET /api/students responded 200 in 19ms
2026-07-22 14:40:35.447 +05:30 [INF] [cc8b2a42-7784-4ac0-ad6e-67de715345fc] GET /api/teachers from 127.0.0.1 by Anonymous
2026-07-22 14:40:35.478 +05:30 [INF] [cc8b2a42-7784-4ac0-ad6e-67de715345fc] GET /api/teachers responded 200 in 30ms
2026-07-22 14:40:35.485 +05:30 [INF] [44e8d3a3-6d28-4ecd-bb84-19dddaff0c30] GET /api/teachers from 127.0.0.1 by Anonymous
2026-07-22 14:40:35.525 +05:30 [INF] [44e8d3a3-6d28-4ecd-bb84-19dddaff0c30] GET /api/teachers responded 200 in 40ms
2026-07-22 14:40:54.723 +05:30 [INF] [03bbe76b-8ae6-4669-92d5-10656dfdb655] GET /api/students from 127.0.0.1 by Anonymous
2026-07-22 14:40:54.761 +05:30 [INF] [03bbe76b-8ae6-4669-92d5-10656dfdb655] GET /api/students responded 200 in 37ms
2026-07-22 14:40:54.773 +05:30 [INF] [430f919d-ceb0-4df0-a987-cbd5b8c16b79] GET /api/students from 127.0.0.1 by Anonymous
2026-07-22 14:40:54.804 +05:30 [INF] [430f919d-ceb0-4df0-a987-cbd5b8c16b79] GET /api/students responded 200 in 31ms
2026-07-22 14:40:57.479 +05:30 [INF] [3a93aff3-1169-48c6-8af7-f14301aeec80] GET /api/teachers from 127.0.0.1 by Anonymous
2026-07-22 14:40:57.508 +05:30 [INF] [3a93aff3-1169-48c6-8af7-f14301aeec80] GET /api/teachers responded 200 in 28ms
2026-07-22 14:40:57.516 +05:30 [INF] [6fbb6e16-d305-4f74-9e74-6d8ba59c19ae] GET /api/teachers from 127.0.0.1 by Anonymous
2026-07-22 14:40:57.543 +05:30 [INF] [6fbb6e16-d305-4f74-9e74-6d8ba59c19ae] GET /api/teachers responded 200 in 25ms
2026-07-22 15:08:11.767 +05:30 [INF] [2286b165-f0a2-41f8-93b1-6432980ce0b8] GET /api/exams from 127.0.0.1 by Anonymous
2026-07-22 15:08:12.275 +05:30 [INF] [2286b165-f0a2-41f8-93b1-6432980ce0b8] GET /api/exams responded 200 in 508ms
2026-07-22 15:08:12.283 +05:30 [INF] [54924ad9-40e3-41b2-bd88-fbac43fda5ad] GET /api/exams from 127.0.0.1 by Anonymous
2026-07-22 15:08:12.301 +05:30 [INF] [54924ad9-40e3-41b2-bd88-fbac43fda5ad] GET /api/exams responded 200 in 17ms
2026-07-22 15:08:34.422 +05:30 [INF] [96a6b932-27af-4110-a54e-51d4c9cef6c9] GET /api/attendance from 127.0.0.1 by Anonymous
2026-07-22 15:08:34.822 +05:30 [INF] [96a6b932-27af-4110-a54e-51d4c9cef6c9] GET /api/attendance responded 200 in 399ms
2026-07-22 15:08:34.833 +05:30 [INF] [c5cf3b1b-809e-4257-bc42-8da098e348f8] GET /api/attendance from 127.0.0.1 by Anonymous
2026-07-22 15:08:34.873 +05:30 [INF] [c5cf3b1b-809e-4257-bc42-8da098e348f8] GET /api/attendance responded 200 in 39ms
2026-07-22 15:08:40.155 +05:30 [INF] [f9cd56e5-9eab-444b-ab35-04daadf9af9c] GET /api/homework from 127.0.0.1 by Anonymous
2026-07-22 15:08:40.402 +05:30 [INF] [f9cd56e5-9eab-444b-ab35-04daadf9af9c] GET /api/homework responded 200 in 246ms
2026-07-22 15:08:40.416 +05:30 [INF] [eab87de1-db5c-4987-81ca-047ee21a5d40] GET /api/homework from 127.0.0.1 by Anonymous
2026-07-22 15:08:40.444 +05:30 [INF] [eab87de1-db5c-4987-81ca-047ee21a5d40] GET /api/homework responded 200 in 27ms
2026-07-22 15:08:43.593 +05:30 [INF] [bb3d9805-8930-44f7-80b8-6c06d7d5fa97] GET /api/exams from 127.0.0.1 by Anonymous
2026-07-22 15:08:43.642 +05:30 [INF] [bb3d9805-8930-44f7-80b8-6c06d7d5fa97] GET /api/exams responded 200 in 48ms
2026-07-22 15:08:43.659 +05:30 [INF] [08e2fe45-190e-48b2-b496-641368ea474a] GET /api/exams from 127.0.0.1 by Anonymous
2026-07-22 15:08:43.687 +05:30 [INF] [08e2fe45-190e-48b2-b496-641368ea474a] GET /api/exams responded 200 in 28ms
2026-07-22 15:09:20.998 +05:30 [INF] [6443d15a-33c4-485c-86cd-3c4c2bd80022] GET /api/notifications from 127.0.0.1 by Anonymous
2026-07-22 15:09:21.078 +05:30 [INF] [6443d15a-33c4-485c-86cd-3c4c2bd80022] GET /api/notifications responded 200 in 80ms
2026-07-22 15:09:21.085 +05:30 [INF] [cb982dcd-0354-49a0-9b18-1809da6d817a] GET /api/notifications from 127.0.0.1 by Anonymous
2026-07-22 15:09:21.103 +05:30 [INF] [cb982dcd-0354-49a0-9b18-1809da6d817a] GET /api/notifications responded 200 in 18ms
2026-07-22 15:09:30.136 +05:30 [INF] [7e99aa8f-99e0-4484-b39d-b397de2ba8d8] GET /api/notifications/announcements from 127.0.0.1 by Anonymous
2026-07-22 15:09:30.149 +05:30 [INF] [7e99aa8f-99e0-4484-b39d-b397de2ba8d8] GET /api/notifications/announcements responded 404 in 12ms
2026-07-22 15:09:30.155 +05:30 [INF] [03340750-1d7f-4fe4-be8d-99e268a74121] GET /api/notifications/announcements from 127.0.0.1 by Anonymous
2026-07-22 15:09:30.167 +05:30 [INF] [03340750-1d7f-4fe4-be8d-99e268a74121] GET /api/notifications/announcements responded 404 in 11ms
2026-07-22 15:09:53.629 +05:30 [INF] [a1d318c7-dd4a-4e28-82df-07078a968ea0] GET /api/students from 127.0.0.1 by Anonymous
2026-07-22 15:09:53.667 +05:30 [INF] [a1d318c7-dd4a-4e28-82df-07078a968ea0] GET /api/students responded 200 in 38ms
2026-07-22 15:09:53.698 +05:30 [INF] [d1de0c33-0b88-4589-a7d9-7b5da1eb1f8e] GET /api/students from 127.0.0.1 by Anonymous
2026-07-22 15:09:53.741 +05:30 [INF] [d1de0c33-0b88-4589-a7d9-7b5da1eb1f8e] GET /api/students responded 200 in 42ms
2026-07-22 15:09:58.283 +05:30 [INF] [53d127bb-2dfc-4358-9bc5-9d649b8de57e] GET /api/employees from 127.0.0.1 by Anonymous
2026-07-22 15:09:58.400 +05:30 [INF] [53d127bb-2dfc-4358-9bc5-9d649b8de57e] GET /api/employees responded 200 in 116ms
2026-07-22 15:09:58.405 +05:30 [INF] [01f9ee1e-f7f5-42e4-a9a4-e0631603248d] GET /api/employees from 127.0.0.1 by Anonymous
2026-07-22 15:09:58.436 +05:30 [INF] [01f9ee1e-f7f5-42e4-a9a4-e0631603248d] GET /api/employees responded 200 in 31ms
2026-07-22 15:10:03.333 +05:30 [INF] [7d780581-5fce-47ef-9739-9152cc5ac471] GET /api/attendance from 127.0.0.1 by Anonymous
2026-07-22 15:10:03.356 +05:30 [INF] [7d780581-5fce-47ef-9739-9152cc5ac471] GET /api/attendance responded 200 in 22ms
2026-07-22 15:10:03.366 +05:30 [INF] [63793e76-74ef-4e5c-8f29-b923dcc88212] GET /api/attendance from 127.0.0.1 by Anonymous
2026-07-22 15:10:03.391 +05:30 [INF] [63793e76-74ef-4e5c-8f29-b923dcc88212] GET /api/attendance responded 200 in 25ms
2026-07-22 15:10:05.934 +05:30 [INF] [6102e426-7a1e-41be-939f-5b0199c43a8f] GET /api/schools from 127.0.0.1 by Anonymous
2026-07-22 15:10:05.973 +05:30 [WRN] The query uses a row limiting operator ('Skip'/'Take') without an 'OrderBy' operator. This may lead to unpredictable results. If the 'Distinct' operator is used after 'OrderBy', then make sure to use the 'OrderBy' operator after 'Distinct' as the ordering would otherwise get erased.
2026-07-22 15:10:05.973 +05:30 [WRN] The query uses a row limiting operator ('Skip'/'Take') without an 'OrderBy' operator. This may lead to unpredictable results. If the 'Distinct' operator is used after 'OrderBy', then make sure to use the 'OrderBy' operator after 'Distinct' as the ordering would otherwise get erased.
2026-07-22 15:10:06.015 +05:30 [INF] [6102e426-7a1e-41be-939f-5b0199c43a8f] GET /api/schools responded 200 in 81ms
2026-07-22 15:10:06.021 +05:30 [INF] [e7affd9f-1f86-4cd2-96bc-a1e25f86c451] GET /api/schools from 127.0.0.1 by Anonymous
2026-07-22 15:10:06.028 +05:30 [INF] [c0014396-2450-4c9a-aa6a-f22256e3d38d] GET /api/schools/93cfbeb0-5697-4af4-9f0b-0115e7e2e14a/classes from 127.0.0.1 by Anonymous
2026-07-22 15:10:06.039 +05:30 [INF] [e7affd9f-1f86-4cd2-96bc-a1e25f86c451] GET /api/schools responded 200 in 17ms
2026-07-22 15:10:06.082 +05:30 [INF] [c0014396-2450-4c9a-aa6a-f22256e3d38d] GET /api/schools/93cfbeb0-5697-4af4-9f0b-0115e7e2e14a/classes responded 200 in 53ms
2026-07-22 15:10:06.090 +05:30 [INF] [a5e8de02-95d2-4d96-a78d-42e39b555a24] GET /api/schools/93cfbeb0-5697-4af4-9f0b-0115e7e2e14a/classes from 127.0.0.1 by Anonymous
2026-07-22 15:10:06.105 +05:30 [INF] [a5e8de02-95d2-4d96-a78d-42e39b555a24] GET /api/schools/93cfbeb0-5697-4af4-9f0b-0115e7e2e14a/classes responded 200 in 14ms
2026-07-22 15:10:08.985 +05:30 [INF] [e71b5d9d-0e4a-48d5-b34c-9197a0931294] GET /api/schools/classes/0749a600-0d79-4d2c-bc65-bdc71a4ef469/sections from 127.0.0.1 by Anonymous
2026-07-22 15:10:09.047 +05:30 [INF] [e71b5d9d-0e4a-48d5-b34c-9197a0931294] GET /api/schools/classes/0749a600-0d79-4d2c-bc65-bdc71a4ef469/sections responded 200 in 61ms
2026-07-22 15:10:10.931 +05:30 [INF] [ca61a612-fe5f-425e-bfea-4d7d7cf526e1] GET /api/students from 127.0.0.1 by Anonymous
2026-07-22 15:10:11.046 +05:30 [INF] [ca61a612-fe5f-425e-bfea-4d7d7cf526e1] GET /api/students responded 200 in 113ms
2026-07-22 15:10:19.812 +05:30 [INF] [d19a6dde-f8e7-4b16-8126-f8a4b0b7cda1] GET /api/attendance from 127.0.0.1 by Anonymous
2026-07-22 15:10:19.859 +05:30 [INF] [d19a6dde-f8e7-4b16-8126-f8a4b0b7cda1] GET /api/attendance responded 200 in 43ms
2026-07-22 15:10:19.870 +05:30 [INF] [29f27dd2-d5af-4a3c-bcb8-2fab7524808f] GET /api/attendance from 127.0.0.1 by Anonymous
2026-07-22 15:10:19.898 +05:30 [INF] [29f27dd2-d5af-4a3c-bcb8-2fab7524808f] GET /api/attendance responded 200 in 28ms
2026-07-22 15:10:23.643 +05:30 [INF] [b3818cbc-9e11-4d27-9913-5e246f07235e] GET /api/exams from 127.0.0.1 by Anonymous
2026-07-22 15:10:23.687 +05:30 [INF] [b3818cbc-9e11-4d27-9913-5e246f07235e] GET /api/exams responded 200 in 43ms
2026-07-22 15:10:23.707 +05:30 [INF] [bd2db6d0-69fc-4cc9-9670-cf6f1cfdae1b] GET /api/exams from 127.0.0.1 by Anonymous
2026-07-22 15:10:23.735 +05:30 [INF] [bd2db6d0-69fc-4cc9-9670-cf6f1cfdae1b] GET /api/exams responded 200 in 27ms
2026-07-22 15:10:25.295 +05:30 [INF] [d2e987d5-c684-4fc2-966c-3f30ae327e50] GET /api/homework from 127.0.0.1 by Anonymous
2026-07-22 15:10:25.317 +05:30 [INF] [d2e987d5-c684-4fc2-966c-3f30ae327e50] GET /api/homework responded 200 in 21ms
2026-07-22 15:10:25.322 +05:30 [INF] [fd71d7bc-bc28-485e-a521-4e9202854402] GET /api/homework from 127.0.0.1 by Anonymous
2026-07-22 15:10:25.338 +05:30 [INF] [fd71d7bc-bc28-485e-a521-4e9202854402] GET /api/homework responded 200 in 15ms
2026-07-22 15:12:01.121 +05:30 [INF] [207cba31-b173-4362-b5f2-4c3af9d39ade] GET /api/hostel from 127.0.0.1 by Anonymous
2026-07-22 15:12:01.227 +05:30 [INF] [207cba31-b173-4362-b5f2-4c3af9d39ade] GET /api/hostel responded 200 in 105ms
2026-07-22 15:12:01.250 +05:30 [INF] [7f96d917-e433-4a47-96ab-da28888810db] GET /api/hostel from 127.0.0.1 by Anonymous
2026-07-22 15:12:01.268 +05:30 [INF] [7f96d917-e433-4a47-96ab-da28888810db] GET /api/hostel responded 200 in 17ms
2026-07-22 15:12:27.297 +05:30 [INF] [ddeeaef6-b4a8-4762-b241-ef4458310ab6] GET /api/hostel from 127.0.0.1 by Anonymous
2026-07-22 15:12:27.347 +05:30 [INF] [ddeeaef6-b4a8-4762-b241-ef4458310ab6] GET /api/hostel responded 200 in 49ms
2026-07-22 15:12:27.371 +05:30 [INF] [671ed108-3181-4d8a-ade4-6af11de7b641] GET /api/hostel from 127.0.0.1 by Anonymous
2026-07-22 15:12:27.386 +05:30 [INF] [671ed108-3181-4d8a-ade4-6af11de7b641] GET /api/hostel responded 200 in 15ms
2026-07-22 15:12:36.138 +05:30 [INF] [54465014-3562-4593-b812-d8104bbf8cce] GET /api/hostel from 127.0.0.1 by Anonymous
2026-07-22 15:12:36.189 +05:30 [INF] [54465014-3562-4593-b812-d8104bbf8cce] GET /api/hostel responded 200 in 50ms
2026-07-22 15:12:36.207 +05:30 [INF] [b2366a07-b4b4-4f24-9843-2a03252a8d33] GET /api/hostel from 127.0.0.1 by Anonymous
2026-07-22 15:12:36.229 +05:30 [INF] [b2366a07-b4b4-4f24-9843-2a03252a8d33] GET /api/hostel responded 200 in 22ms
2026-07-22 15:13:05.288 +05:30 [INF] [35b6b849-1f36-4e8c-9346-027932c96c27] GET /api/hostel from 127.0.0.1 by Anonymous
2026-07-22 15:13:05.307 +05:30 [INF] [35b6b849-1f36-4e8c-9346-027932c96c27] GET /api/hostel responded 200 in 19ms
2026-07-22 15:13:05.336 +05:30 [INF] [d0d030f7-11ac-4c36-8f58-dc4e69dc4251] GET /api/hostel from 127.0.0.1 by Anonymous
2026-07-22 15:13:05.367 +05:30 [INF] [d0d030f7-11ac-4c36-8f58-dc4e69dc4251] GET /api/hostel responded 200 in 30ms
2026-07-22 15:13:15.480 +05:30 [INF] [83f7dc03-fe6c-46de-8ff9-f090dc7fdead] GET /api/hostel from 127.0.0.1 by Anonymous
2026-07-22 15:13:16.030 +05:30 [INF] [83f7dc03-fe6c-46de-8ff9-f090dc7fdead] GET /api/hostel responded 200 in 547ms
2026-07-22 15:13:16.044 +05:30 [INF] [b1ca059a-7f27-480d-890a-8425ef0016cb] GET /api/hostel from 127.0.0.1 by Anonymous
2026-07-22 15:13:16.063 +05:30 [INF] [b1ca059a-7f27-480d-890a-8425ef0016cb] GET /api/hostel responded 200 in 18ms
2026-07-22 15:13:23.532 +05:30 [INF] [4cf652eb-f26d-4be4-a95d-701afbfb8702] GET /api/hostel from 127.0.0.1 by Anonymous
2026-07-22 15:13:23.549 +05:30 [INF] [4cf652eb-f26d-4be4-a95d-701afbfb8702] GET /api/hostel responded 200 in 16ms
2026-07-22 15:13:23.558 +05:30 [INF] [ae6ee934-044d-404d-8abf-c1b71de196ae] GET /api/hostel from 127.0.0.1 by Anonymous
2026-07-22 15:13:23.579 +05:30 [INF] [ae6ee934-044d-404d-8abf-c1b71de196ae] GET /api/hostel responded 200 in 21ms
2026-07-22 15:13:28.307 +05:30 [INF] [c4e4cf1f-b012-428c-8c4b-735e1dd33322] GET /api/hostel from 127.0.0.1 by Anonymous
2026-07-22 15:13:28.332 +05:30 [INF] [c4e4cf1f-b012-428c-8c4b-735e1dd33322] GET /api/hostel responded 200 in 25ms
2026-07-22 15:13:28.355 +05:30 [INF] [38bcc32a-317f-4b19-b767-0a7ee740a067] GET /api/hostel from 127.0.0.1 by Anonymous
2026-07-22 15:13:28.374 +05:30 [INF] [38bcc32a-317f-4b19-b767-0a7ee740a067] GET /api/hostel responded 200 in 16ms
2026-07-22 15:13:36.215 +05:30 [INF] [73a3a09b-266b-45f0-8bef-467675ab323c] GET /api/hostel from 127.0.0.1 by Anonymous
2026-07-22 15:13:36.231 +05:30 [INF] [73a3a09b-266b-45f0-8bef-467675ab323c] GET /api/hostel responded 200 in 16ms
2026-07-22 15:13:36.251 +05:30 [INF] [069eb3b9-265b-437f-997f-8cf96f407f4e] GET /api/hostel from 127.0.0.1 by Anonymous
2026-07-22 15:13:36.270 +05:30 [INF] [069eb3b9-265b-437f-997f-8cf96f407f4e] GET /api/hostel responded 200 in 18ms
2026-07-22 15:13:42.804 +05:30 [INF] [0730bfe1-4172-4215-99d8-f72e5ce22671] GET /api/hostel from 127.0.0.1 by Anonymous
2026-07-22 15:13:42.822 +05:30 [INF] [0730bfe1-4172-4215-99d8-f72e5ce22671] GET /api/hostel responded 200 in 17ms
2026-07-22 15:13:42.832 +05:30 [INF] [3649ca36-e0b6-4318-9d16-e7d316002043] GET /api/hostel from 127.0.0.1 by Anonymous
2026-07-22 15:13:42.850 +05:30 [INF] [3649ca36-e0b6-4318-9d16-e7d316002043] GET /api/hostel responded 200 in 17ms
2026-07-22 15:14:30.080 +05:30 [INF] [dd6fabea-37b3-4002-bdaf-fd2962353086] GET /api/hostel from 127.0.0.1 by Anonymous
2026-07-22 15:14:30.111 +05:30 [INF] [dd6fabea-37b3-4002-bdaf-fd2962353086] GET /api/hostel responded 200 in 30ms
2026-07-22 15:14:30.128 +05:30 [INF] [a1a726b4-e2e2-4349-8868-00d95579ccc1] GET /api/hostel from 127.0.0.1 by Anonymous
2026-07-22 15:14:30.148 +05:30 [INF] [a1a726b4-e2e2-4349-8868-00d95579ccc1] GET /api/hostel responded 200 in 19ms
2026-07-22 15:16:38.542 +05:30 [INF] [918cde2d-c910-4124-aae4-fb4d1f8e6edb] POST /api/hostel from 127.0.0.1 by Anonymous
2026-07-22 15:16:38.742 +05:30 [INF] [918cde2d-c910-4124-aae4-fb4d1f8e6edb] POST /api/hostel responded 201 in 200ms
2026-07-22 15:16:39.017 +05:30 [INF] [c7382ca7-7be2-4bf7-81e8-ca21d4260480] GET /api/hostel from 127.0.0.1 by Anonymous
2026-07-22 15:16:39.042 +05:30 [INF] [c7382ca7-7be2-4bf7-81e8-ca21d4260480] GET /api/hostel responded 200 in 21ms
2026-07-22 15:17:00.562 +05:30 [INF] [865c9e49-b7b1-4a82-956c-a650e8f98f67] GET /api/transport/routes from 127.0.0.1 by Anonymous
2026-07-22 15:17:00.654 +05:30 [INF] [865c9e49-b7b1-4a82-956c-a650e8f98f67] GET /api/transport/routes responded 200 in 91ms
2026-07-22 15:17:00.674 +05:30 [INF] [bd0e569b-4a19-4803-ad36-23a7de60b171] GET /api/transport/routes from 127.0.0.1 by Anonymous
2026-07-22 15:17:00.702 +05:30 [INF] [bd0e569b-4a19-4803-ad36-23a7de60b171] GET /api/transport/routes responded 200 in 27ms
2026-07-22 15:17:12.998 +05:30 [INF] [32a2c9c1-fdd1-4624-b5dd-1052808fc827] POST /api/transport/routes from 127.0.0.1 by Anonymous
2026-07-22 15:17:13.180 +05:30 [INF] [32a2c9c1-fdd1-4624-b5dd-1052808fc827] POST /api/transport/routes responded 201 in 181ms
2026-07-22 15:17:13.444 +05:30 [INF] [cc9bce5e-0f0e-4d29-b833-65f031f5d904] GET /api/transport/routes from 127.0.0.1 by Anonymous
2026-07-22 15:17:13.461 +05:30 [INF] [cc9bce5e-0f0e-4d29-b833-65f031f5d904] GET /api/transport/routes responded 200 in 16ms
2026-07-22 15:17:26.292 +05:30 [INF] [7669504f-c21b-4a03-b482-a41b3cf6d6ba] GET /api/fee-structures from 127.0.0.1 by Anonymous
2026-07-22 15:17:26.314 +05:30 [INF] [7669504f-c21b-4a03-b482-a41b3cf6d6ba] GET /api/fee-structures responded 404 in 21ms
2026-07-22 15:17:26.332 +05:30 [INF] [12e92e1e-b6f6-434d-a960-3915397a500a] GET /api/fee-structures from 127.0.0.1 by Anonymous
2026-07-22 15:17:26.350 +05:30 [INF] [12e92e1e-b6f6-434d-a960-3915397a500a] GET /api/fee-structures responded 404 in 18ms
2026-07-22 15:17:53.736 +05:30 [INF] [203d7441-b38e-4781-8804-3ee88e6d2ba2] POST /api/fee-structures from 127.0.0.1 by Anonymous
2026-07-22 15:17:53.757 +05:30 [INF] [203d7441-b38e-4781-8804-3ee88e6d2ba2] POST /api/fee-structures responded 404 in 19ms
2026-07-22 15:18:05.168 +05:30 [INF] [31e2ce7a-9b1a-4091-8de9-720191fbac40] POST /api/fee-structures from 127.0.0.1 by Anonymous
2026-07-22 15:18:05.185 +05:30 [INF] [31e2ce7a-9b1a-4091-8de9-720191fbac40] POST /api/fee-structures responded 404 in 16ms
2026-07-22 15:19:12.587 +05:30 [INF] [1743c37d-b660-4f9a-b16c-49821dd9e906] GET /api/fees from 127.0.0.1 by Anonymous
2026-07-22 15:19:13.073 +05:30 [WRN] The query uses a row limiting operator ('Skip'/'Take') without an 'OrderBy' operator. This may lead to unpredictable results. If the 'Distinct' operator is used after 'OrderBy', then make sure to use the 'OrderBy' operator after 'Distinct' as the ordering would otherwise get erased.
2026-07-22 15:19:13.074 +05:30 [WRN] The query uses a row limiting operator ('Skip'/'Take') without an 'OrderBy' operator. This may lead to unpredictable results. If the 'Distinct' operator is used after 'OrderBy', then make sure to use the 'OrderBy' operator after 'Distinct' as the ordering would otherwise get erased.
2026-07-22 15:19:13.096 +05:30 [INF] [1743c37d-b660-4f9a-b16c-49821dd9e906] GET /api/fees responded 200 in 509ms
2026-07-22 15:20:09.605 +05:30 [INF] [fe86fc98-f1d0-44fb-af74-de36f152d865] GET /api/fees from 127.0.0.1 by Anonymous
2026-07-22 15:20:09.645 +05:30 [INF] [fe86fc98-f1d0-44fb-af74-de36f152d865] GET /api/fees responded 200 in 39ms
2026-07-22 15:20:11.576 +05:30 [INF] [b44ae636-4e38-4286-8fd0-bf6205436d4c] GET /api/fees from 127.0.0.1 by Anonymous
2026-07-22 15:20:11.606 +05:30 [INF] [b44ae636-4e38-4286-8fd0-bf6205436d4c] GET /api/fees responded 200 in 29ms
2026-07-22 15:22:46.603 +05:30 [INF] [e4c2983d-c2be-49ad-88b6-915dfaa4c346] GET /api/fees from 127.0.0.1 by Anonymous
2026-07-22 15:22:46.653 +05:30 [INF] [e4c2983d-c2be-49ad-88b6-915dfaa4c346] GET /api/fees responded 200 in 49ms
2026-07-22 15:22:46.666 +05:30 [INF] [a0e08d6b-c502-4f0d-8dab-39824bca8090] GET /api/fees from 127.0.0.1 by Anonymous
2026-07-22 15:22:46.691 +05:30 [INF] [a0e08d6b-c502-4f0d-8dab-39824bca8090] GET /api/fees responded 200 in 24ms
2026-07-22 15:23:04.067 +05:30 [INF] [b3fd64dc-55df-4d5b-8152-22312d7a3885] GET /api/dashboard/stats from 127.0.0.1 by Anonymous
2026-07-22 15:23:04.070 +05:30 [INF] [ea63ee0e-395f-483c-8311-f2ed0ff0be9d] GET /api/dashboard/attendance-chart from 127.0.0.1 by Anonymous
2026-07-22 15:23:04.071 +05:30 [INF] [4cef8a7e-0fcf-4ff8-b33f-4ebefb455cfb] GET /api/dashboard/fee-chart from 127.0.0.1 by Anonymous
2026-07-22 15:23:04.097 +05:30 [INF] [4cef8a7e-0fcf-4ff8-b33f-4ebefb455cfb] GET /api/dashboard/fee-chart responded 200 in 25ms
2026-07-22 15:23:04.109 +05:30 [INF] [9b5f938f-2f83-4943-a599-0de557c03db1] GET /api/dashboard/fee-chart from 127.0.0.1 by Anonymous
2026-07-22 15:23:04.120 +05:30 [INF] [b3fd64dc-55df-4d5b-8152-22312d7a3885] GET /api/dashboard/stats responded 200 in 52ms
2026-07-22 15:23:04.130 +05:30 [INF] [a31eb09a-d067-4cb2-9b84-49ba79fed36b] GET /api/dashboard/stats from 127.0.0.1 by Anonymous
2026-07-22 15:23:04.136 +05:30 [INF] [9b5f938f-2f83-4943-a599-0de557c03db1] GET /api/dashboard/fee-chart responded 200 in 26ms
2026-07-22 15:23:04.201 +05:30 [INF] [a31eb09a-d067-4cb2-9b84-49ba79fed36b] GET /api/dashboard/stats responded 200 in 71ms
2026-07-22 15:23:04.931 +05:30 [INF] [ea63ee0e-395f-483c-8311-f2ed0ff0be9d] GET /api/dashboard/attendance-chart responded 200 in 859ms
2026-07-22 15:23:04.937 +05:30 [INF] [84f6daf8-24b5-49ae-8bcf-4c6facb94f5a] GET /api/dashboard/attendance-chart from 127.0.0.1 by Anonymous
2026-07-22 15:23:05.648 +05:30 [INF] [84f6daf8-24b5-49ae-8bcf-4c6facb94f5a] GET /api/dashboard/attendance-chart responded 200 in 710ms
2026-07-22 15:23:08.087 +05:30 [INF] [2d87845c-6f38-499d-9767-f703d41dc2d7] GET /api/fees from 127.0.0.1 by Anonymous
2026-07-22 15:23:08.103 +05:30 [INF] [2d87845c-6f38-499d-9767-f703d41dc2d7] GET /api/fees responded 200 in 15ms
2026-07-22 15:23:08.112 +05:30 [INF] [58a22e97-5a4f-4fff-8773-f527dabae06b] GET /api/fees from 127.0.0.1 by Anonymous
2026-07-22 15:23:08.139 +05:30 [INF] [58a22e97-5a4f-4fff-8773-f527dabae06b] GET /api/fees responded 200 in 25ms
2026-07-22 15:23:10.163 +05:30 [INF] [1038c10e-0862-4bba-b1e9-02d86b9258f9] GET /api/students from 127.0.0.1 by Anonymous
2026-07-22 15:23:10.163 +05:30 [INF] [dd407e83-9470-4e99-8d72-174d8bab593a] GET /api/fees from 127.0.0.1 by Anonymous
2026-07-22 15:23:10.186 +05:30 [INF] [1038c10e-0862-4bba-b1e9-02d86b9258f9] GET /api/students responded 200 in 23ms
2026-07-22 15:23:10.194 +05:30 [INF] [dd407e83-9470-4e99-8d72-174d8bab593a] GET /api/fees responded 200 in 31ms
2026-07-22 15:23:10.203 +05:30 [INF] [d59bce6c-046b-412a-a8b9-aa9bc1187f32] GET /api/students from 127.0.0.1 by Anonymous
2026-07-22 15:23:10.206 +05:30 [INF] [b9a4dabf-6581-4d10-b347-8e4a40bc1a7e] GET /api/fees from 127.0.0.1 by Anonymous
2026-07-22 15:23:10.227 +05:30 [INF] [b9a4dabf-6581-4d10-b347-8e4a40bc1a7e] GET /api/fees responded 200 in 20ms
2026-07-22 15:23:10.231 +05:30 [INF] [d59bce6c-046b-412a-a8b9-aa9bc1187f32] GET /api/students responded 200 in 27ms
2026-07-22 15:23:15.872 +05:30 [INF] [231b2651-e5d4-4073-a40a-7b5feaf8d07f] GET /api/fees/pending from 127.0.0.1 by Anonymous
2026-07-22 15:23:15.944 +05:30 [WRN] The query uses the 'First'/'FirstOrDefault' operator without 'OrderBy' and filter operators. This may lead to unpredictable results.
2026-07-22 15:23:16.089 +05:30 [WRN] Compiling a query which loads related collections for more than one collection navigation, either via 'Include' or through projection, but no 'QuerySplittingBehavior' has been configured. By default, Entity Framework will use 'QuerySplittingBehavior.SingleQuery', which can potentially result in slow query performance. See https://go.microsoft.com/fwlink/?linkid=2134277 for more information. To identify the query that's triggering this warning call 'ConfigureWarnings(w => w.Throw(RelationalEventId.MultipleCollectionIncludeWarning))'.
2026-07-22 15:23:16.234 +05:30 [INF] [231b2651-e5d4-4073-a40a-7b5feaf8d07f] GET /api/fees/pending responded 200 in 361ms
2026-07-22 15:23:57.236 +05:30 [INF] [02ee8d3d-b71a-4488-a658-36e887d51244] GET /api/fees from 127.0.0.1 by Anonymous
2026-07-22 15:23:57.272 +05:30 [INF] [02ee8d3d-b71a-4488-a658-36e887d51244] GET /api/fees responded 200 in 35ms
2026-07-22 15:23:57.289 +05:30 [INF] [6a0f9b54-5c3e-4ce5-b2bc-a1308f0ffadb] GET /api/fees from 127.0.0.1 by Anonymous
2026-07-22 15:23:57.319 +05:30 [INF] [6a0f9b54-5c3e-4ce5-b2bc-a1308f0ffadb] GET /api/fees responded 200 in 30ms
2026-07-22 15:24:11.469 +05:30 [INF] [86122652-9934-47c7-ac1f-af3f5193b214] POST /api/fees from 127.0.0.1 by Anonymous
2026-07-22 15:24:11.629 +05:30 [ERR] Failed executing DbCommand (12ms) [Parameters=[@p0='?' (DbType = Guid), @p1='?' (DbType = Guid), @p2='?' (DbType = Decimal), @p3='?' (DbType = Guid), @p4='?' (DbType = DateTime), @p5='?' (Size = 4000), @p6='?' (DbType = DateTime), @p7='?' (Size = 4000), @p8='?' (Size = 4000), @p9='?' (DbType = Guid), @p10='?' (DbType = Boolean), @p11='?' (DbType = Boolean), @p12='?' (Size = 200), @p13='?' (DbType = DateTime), @p14='?' (Size = 4000)], CommandType='"Text"', CommandTimeout='30']
SET AUTOCOMMIT = 1;
INSERT INTO `FeeStructures` (`Id`, `AcademicYearId`, `Amount`, `ClassRoomId`, `CreatedAt`, `CreatedBy`, `DeletedAt`, `DeletedBy`, `Description`, `FeeHeadId`, `IsDeleted`, `IsRequired`, `Name`, `UpdatedAt`, `UpdatedBy`)
VALUES (@p0, @p1, @p2, @p3, @p4, @p5, @p6, @p7, @p8, @p9, @p10, @p11, @p12, @p13, @p14);
2026-07-22 15:24:11.658 +05:30 [ERR] An exception occurred in the database while saving changes for context type 'SchoolCRM.Infrastructure.Data.ApplicationDbContext'.
Microsoft.EntityFrameworkCore.DbUpdateException: An error occurred while saving the entity changes. See the inner exception for details.
 ---> MySqlConnector.MySqlException (0x80004005): Cannot add or update a child row: a foreign key constraint fails (`schoolcrm`.`FeeStructures`, CONSTRAINT `FK_FeeStructures_AcademicYears_AcademicYearId` FOREIGN KEY (`AcademicYearId`) REFERENCES `AcademicYears` (`Id`) ON DELETE CASCADE)
   at MySqlConnector.Core.ServerSession.ReceiveReplyAsync(IOBehavior ioBehavior, CancellationToken cancellationToken) in /_/src/MySqlConnector/Core/ServerSession.cs:line 894
   at MySqlConnector.Core.ResultSet.ReadResultSetHeaderAsync(IOBehavior ioBehavior) in /_/src/MySqlConnector/Core/ResultSet.cs:line 37
   at MySqlConnector.MySqlDataReader.ActivateResultSet(CancellationToken cancellationToken) in /_/src/MySqlConnector/MySqlDataReader.cs:line 130
   at MySqlConnector.MySqlDataReader.InitAsync(CommandListPosition commandListPosition, ICommandPayloadCreator payloadCreator, IDictionary`2 cachedProcedures, IMySqlCommand command, CommandBehavior behavior, Activity activity, IOBehavior ioBehavior, CancellationToken cancellationToken) in /_/src/MySqlConnector/MySqlDataReader.cs:line 483
   at MySqlConnector.Core.CommandExecutor.ExecuteReaderAsync(CommandListPosition commandListPosition, ICommandPayloadCreator payloadCreator, CommandBehavior behavior, Activity activity, IOBehavior ioBehavior, CancellationToken cancellationToken) in /_/src/MySqlConnector/Core/CommandExecutor.cs:line 56
   at MySqlConnector.MySqlCommand.ExecuteReaderAsync(CommandBehavior behavior, IOBehavior ioBehavior, CancellationToken cancellationToken) in /_/src/MySqlConnector/MySqlCommand.cs:line 357
   at MySqlConnector.MySqlCommand.ExecuteDbDataReaderAsync(CommandBehavior behavior, CancellationToken cancellationToken) in /_/src/MySqlConnector/MySqlCommand.cs:line 350
   at Microsoft.EntityFrameworkCore.Storage.RelationalCommand.ExecuteReaderAsync(RelationalCommandParameterObject parameterObject, CancellationToken cancellationToken)
   at Microsoft.EntityFrameworkCore.Storage.RelationalCommand.ExecuteReaderAsync(RelationalCommandParameterObject parameterObject, CancellationToken cancellationToken)
   at Microsoft.EntityFrameworkCore.Update.ReaderModificationCommandBatch.ExecuteAsync(IRelationalConnection connection, CancellationToken cancellationToken)
   --- End of inner exception stack trace ---
   at Microsoft.EntityFrameworkCore.Update.ReaderModificationCommandBatch.ExecuteAsync(IRelationalConnection connection, CancellationToken cancellationToken)
   at Microsoft.EntityFrameworkCore.Update.Internal.BatchExecutor.ExecuteAsync(IEnumerable`1 commandBatches, IRelationalConnection connection, CancellationToken cancellationToken)
   at Microsoft.EntityFrameworkCore.Update.Internal.BatchExecutor.ExecuteAsync(IEnumerable`1 commandBatches, IRelationalConnection connection, CancellationToken cancellationToken)
   at Microsoft.EntityFrameworkCore.Update.Internal.BatchExecutor.ExecuteAsync(IEnumerable`1 commandBatches, IRelationalConnection connection, CancellationToken cancellationToken)
   at Microsoft.EntityFrameworkCore.ChangeTracking.Internal.StateManager.SaveChangesAsync(IList`1 entriesToSave, CancellationToken cancellationToken)
   at Microsoft.EntityFrameworkCore.ChangeTracking.Internal.StateManager.SaveChangesAsync(StateManager stateManager, Boolean acceptAllChangesOnSuccess, CancellationToken cancellationToken)
   at Microsoft.EntityFrameworkCore.Storage.ExecutionStrategy.<>c__DisplayClass30_0`2.<<ExecuteAsync>b__0>d.MoveNext()
--- End of stack trace from previous location ---
   at Microsoft.EntityFrameworkCore.Storage.ExecutionStrategy.ExecuteImplementationAsync[TState,TResult](Func`4 operation, Func`4 verifySucceeded, TState state, CancellationToken cancellationToken)
   at Microsoft.EntityFrameworkCore.Storage.ExecutionStrategy.ExecuteImplementationAsync[TState,TResult](Func`4 operation, Func`4 verifySucceeded, TState state, CancellationToken cancellationToken)
   at Microsoft.EntityFrameworkCore.Storage.ExecutionStrategy.ExecuteAsync[TState,TResult](TState state, Func`4 operation, Func`4 verifySucceeded, CancellationToken cancellationToken)
   at Microsoft.EntityFrameworkCore.DbContext.SaveChangesAsync(Boolean acceptAllChangesOnSuccess, CancellationToken cancellationToken)
Microsoft.EntityFrameworkCore.DbUpdateException: An error occurred while saving the entity changes. See the inner exception for details.
 ---> MySqlConnector.MySqlException (0x80004005): Cannot add or update a child row: a foreign key constraint fails (`schoolcrm`.`FeeStructures`, CONSTRAINT `FK_FeeStructures_AcademicYears_AcademicYearId` FOREIGN KEY (`AcademicYearId`) REFERENCES `AcademicYears` (`Id`) ON DELETE CASCADE)
   at MySqlConnector.Core.ServerSession.ReceiveReplyAsync(IOBehavior ioBehavior, CancellationToken cancellationToken) in /_/src/MySqlConnector/Core/ServerSession.cs:line 894
   at MySqlConnector.Core.ResultSet.ReadResultSetHeaderAsync(IOBehavior ioBehavior) in /_/src/MySqlConnector/Core/ResultSet.cs:line 37
   at MySqlConnector.MySqlDataReader.ActivateResultSet(CancellationToken cancellationToken) in /_/src/MySqlConnector/MySqlDataReader.cs:line 130
   at MySqlConnector.MySqlDataReader.InitAsync(CommandListPosition commandListPosition, ICommandPayloadCreator payloadCreator, IDictionary`2 cachedProcedures, IMySqlCommand command, CommandBehavior behavior, Activity activity, IOBehavior ioBehavior, CancellationToken cancellationToken) in /_/src/MySqlConnector/MySqlDataReader.cs:line 483
   at MySqlConnector.Core.CommandExecutor.ExecuteReaderAsync(CommandListPosition commandListPosition, ICommandPayloadCreator payloadCreator, CommandBehavior behavior, Activity activity, IOBehavior ioBehavior, CancellationToken cancellationToken) in /_/src/MySqlConnector/Core/CommandExecutor.cs:line 56
   at MySqlConnector.MySqlCommand.ExecuteReaderAsync(CommandBehavior behavior, IOBehavior ioBehavior, CancellationToken cancellationToken) in /_/src/MySqlConnector/MySqlCommand.cs:line 357
   at MySqlConnector.MySqlCommand.ExecuteDbDataReaderAsync(CommandBehavior behavior, CancellationToken cancellationToken) in /_/src/MySqlConnector/MySqlCommand.cs:line 350
   at Microsoft.EntityFrameworkCore.Storage.RelationalCommand.ExecuteReaderAsync(RelationalCommandParameterObject parameterObject, CancellationToken cancellationToken)
   at Microsoft.EntityFrameworkCore.Storage.RelationalCommand.ExecuteReaderAsync(RelationalCommandParameterObject parameterObject, CancellationToken cancellationToken)
   at Microsoft.EntityFrameworkCore.Update.ReaderModificationCommandBatch.ExecuteAsync(IRelationalConnection connection, CancellationToken cancellationToken)
   --- End of inner exception stack trace ---
   at Microsoft.EntityFrameworkCore.Update.ReaderModificationCommandBatch.ExecuteAsync(IRelationalConnection connection, CancellationToken cancellationToken)
   at Microsoft.EntityFrameworkCore.Update.Internal.BatchExecutor.ExecuteAsync(IEnumerable`1 commandBatches, IRelationalConnection connection, CancellationToken cancellationToken)
   at Microsoft.EntityFrameworkCore.Update.Internal.BatchExecutor.ExecuteAsync(IEnumerable`1 commandBatches, IRelationalConnection connection, CancellationToken cancellationToken)
   at Microsoft.EntityFrameworkCore.Update.Internal.BatchExecutor.ExecuteAsync(IEnumerable`1 commandBatches, IRelationalConnection connection, CancellationToken cancellationToken)
   at Microsoft.EntityFrameworkCore.ChangeTracking.Internal.StateManager.SaveChangesAsync(IList`1 entriesToSave, CancellationToken cancellationToken)
   at Microsoft.EntityFrameworkCore.ChangeTracking.Internal.StateManager.SaveChangesAsync(StateManager stateManager, Boolean acceptAllChangesOnSuccess, CancellationToken cancellationToken)
   at Microsoft.EntityFrameworkCore.Storage.ExecutionStrategy.<>c__DisplayClass30_0`2.<<ExecuteAsync>b__0>d.MoveNext()
--- End of stack trace from previous location ---
   at Microsoft.EntityFrameworkCore.Storage.ExecutionStrategy.ExecuteImplementationAsync[TState,TResult](Func`4 operation, Func`4 verifySucceeded, TState state, CancellationToken cancellationToken)
   at Microsoft.EntityFrameworkCore.Storage.ExecutionStrategy.ExecuteImplementationAsync[TState,TResult](Func`4 operation, Func`4 verifySucceeded, TState state, CancellationToken cancellationToken)
   at Microsoft.EntityFrameworkCore.Storage.ExecutionStrategy.ExecuteAsync[TState,TResult](TState state, Func`4 operation, Func`4 verifySucceeded, CancellationToken cancellationToken)
   at Microsoft.EntityFrameworkCore.DbContext.SaveChangesAsync(Boolean acceptAllChangesOnSuccess, CancellationToken cancellationToken)
2026-07-22 15:24:11.668 +05:30 [INF] [86122652-9934-47c7-ac1f-af3f5193b214] POST /api/fees responded 400 in 198ms
2026-07-22 15:24:21.201 +05:30 [INF] [d7e925d3-3082-4d8c-92ad-43b010408dd2] POST /api/fees from 127.0.0.1 by Anonymous
2026-07-22 15:24:21.696 +05:30 [ERR] Failed executing DbCommand (8ms) [Parameters=[@p0='?' (DbType = Guid), @p1='?' (DbType = Guid), @p2='?' (DbType = Decimal), @p3='?' (DbType = Guid), @p4='?' (DbType = DateTime), @p5='?' (Size = 4000), @p6='?' (DbType = DateTime), @p7='?' (Size = 4000), @p8='?' (Size = 4000), @p9='?' (DbType = Guid), @p10='?' (DbType = Boolean), @p11='?' (DbType = Boolean), @p12='?' (Size = 200), @p13='?' (DbType = DateTime), @p14='?' (Size = 4000)], CommandType='"Text"', CommandTimeout='30']
SET AUTOCOMMIT = 1;
INSERT INTO `FeeStructures` (`Id`, `AcademicYearId`, `Amount`, `ClassRoomId`, `CreatedAt`, `CreatedBy`, `DeletedAt`, `DeletedBy`, `Description`, `FeeHeadId`, `IsDeleted`, `IsRequired`, `Name`, `UpdatedAt`, `UpdatedBy`)
VALUES (@p0, @p1, @p2, @p3, @p4, @p5, @p6, @p7, @p8, @p9, @p10, @p11, @p12, @p13, @p14);
2026-07-22 15:24:21.701 +05:30 [ERR] An exception occurred in the database while saving changes for context type 'SchoolCRM.Infrastructure.Data.ApplicationDbContext'.
Microsoft.EntityFrameworkCore.DbUpdateException: An error occurred while saving the entity changes. See the inner exception for details.
 ---> MySqlConnector.MySqlException (0x80004005): Cannot add or update a child row: a foreign key constraint fails (`schoolcrm`.`FeeStructures`, CONSTRAINT `FK_FeeStructures_AcademicYears_AcademicYearId` FOREIGN KEY (`AcademicYearId`) REFERENCES `AcademicYears` (`Id`) ON DELETE CASCADE)
   at MySqlConnector.Core.ServerSession.ReceiveReplyAsync(IOBehavior ioBehavior, CancellationToken cancellationToken) in /_/src/MySqlConnector/Core/ServerSession.cs:line 894
   at MySqlConnector.Core.ResultSet.ReadResultSetHeaderAsync(IOBehavior ioBehavior) in /_/src/MySqlConnector/Core/ResultSet.cs:line 37
   at MySqlConnector.MySqlDataReader.ActivateResultSet(CancellationToken cancellationToken) in /_/src/MySqlConnector/MySqlDataReader.cs:line 130
   at MySqlConnector.MySqlDataReader.InitAsync(CommandListPosition commandListPosition, ICommandPayloadCreator payloadCreator, IDictionary`2 cachedProcedures, IMySqlCommand command, CommandBehavior behavior, Activity activity, IOBehavior ioBehavior, CancellationToken cancellationToken) in /_/src/MySqlConnector/MySqlDataReader.cs:line 483
   at MySqlConnector.Core.CommandExecutor.ExecuteReaderAsync(CommandListPosition commandListPosition, ICommandPayloadCreator payloadCreator, CommandBehavior behavior, Activity activity, IOBehavior ioBehavior, CancellationToken cancellationToken) in /_/src/MySqlConnector/Core/CommandExecutor.cs:line 56
   at MySqlConnector.MySqlCommand.ExecuteReaderAsync(CommandBehavior behavior, IOBehavior ioBehavior, CancellationToken cancellationToken) in /_/src/MySqlConnector/MySqlCommand.cs:line 357
   at MySqlConnector.MySqlCommand.ExecuteDbDataReaderAsync(CommandBehavior behavior, CancellationToken cancellationToken) in /_/src/MySqlConnector/MySqlCommand.cs:line 350
   at Microsoft.EntityFrameworkCore.Storage.RelationalCommand.ExecuteReaderAsync(RelationalCommandParameterObject parameterObject, CancellationToken cancellationToken)
   at Microsoft.EntityFrameworkCore.Storage.RelationalCommand.ExecuteReaderAsync(RelationalCommandParameterObject parameterObject, CancellationToken cancellationToken)
   at Microsoft.EntityFrameworkCore.Update.ReaderModificationCommandBatch.ExecuteAsync(IRelationalConnection connection, CancellationToken cancellationToken)
   --- End of inner exception stack trace ---
   at Microsoft.EntityFrameworkCore.Update.ReaderModificationCommandBatch.ExecuteAsync(IRelationalConnection connection, CancellationToken cancellationToken)
   at Microsoft.EntityFrameworkCore.Update.Internal.BatchExecutor.ExecuteAsync(IEnumerable`1 commandBatches, IRelationalConnection connection, CancellationToken cancellationToken)
   at Microsoft.EntityFrameworkCore.Update.Internal.BatchExecutor.ExecuteAsync(IEnumerable`1 commandBatches, IRelationalConnection connection, CancellationToken cancellationToken)
   at Microsoft.EntityFrameworkCore.Update.Internal.BatchExecutor.ExecuteAsync(IEnumerable`1 commandBatches, IRelationalConnection connection, CancellationToken cancellationToken)
   at Microsoft.EntityFrameworkCore.ChangeTracking.Internal.StateManager.SaveChangesAsync(IList`1 entriesToSave, CancellationToken cancellationToken)
   at Microsoft.EntityFrameworkCore.ChangeTracking.Internal.StateManager.SaveChangesAsync(StateManager stateManager, Boolean acceptAllChangesOnSuccess, CancellationToken cancellationToken)
   at Microsoft.EntityFrameworkCore.Storage.ExecutionStrategy.<>c__DisplayClass30_0`2.<<ExecuteAsync>b__0>d.MoveNext()
--- End of stack trace from previous location ---
   at Microsoft.EntityFrameworkCore.Storage.ExecutionStrategy.ExecuteImplementationAsync[TState,TResult](Func`4 operation, Func`4 verifySucceeded, TState state, CancellationToken cancellationToken)
   at Microsoft.EntityFrameworkCore.Storage.ExecutionStrategy.ExecuteImplementationAsync[TState,TResult](Func`4 operation, Func`4 verifySucceeded, TState state, CancellationToken cancellationToken)
   at Microsoft.EntityFrameworkCore.Storage.ExecutionStrategy.ExecuteAsync[TState,TResult](TState state, Func`4 operation, Func`4 verifySucceeded, CancellationToken cancellationToken)
   at Microsoft.EntityFrameworkCore.DbContext.SaveChangesAsync(Boolean acceptAllChangesOnSuccess, CancellationToken cancellationToken)
Microsoft.EntityFrameworkCore.DbUpdateException: An error occurred while saving the entity changes. See the inner exception for details.
 ---> MySqlConnector.MySqlException (0x80004005): Cannot add or update a child row: a foreign key constraint fails (`schoolcrm`.`FeeStructures`, CONSTRAINT `FK_FeeStructures_AcademicYears_AcademicYearId` FOREIGN KEY (`AcademicYearId`) REFERENCES `AcademicYears` (`Id`) ON DELETE CASCADE)
   at MySqlConnector.Core.ServerSession.ReceiveReplyAsync(IOBehavior ioBehavior, CancellationToken cancellationToken) in /_/src/MySqlConnector/Core/ServerSession.cs:line 894
   at MySqlConnector.Core.ResultSet.ReadResultSetHeaderAsync(IOBehavior ioBehavior) in /_/src/MySqlConnector/Core/ResultSet.cs:line 37
   at MySqlConnector.MySqlDataReader.ActivateResultSet(CancellationToken cancellationToken) in /_/src/MySqlConnector/MySqlDataReader.cs:line 130
   at MySqlConnector.MySqlDataReader.InitAsync(CommandListPosition commandListPosition, ICommandPayloadCreator payloadCreator, IDictionary`2 cachedProcedures, IMySqlCommand command, CommandBehavior behavior, Activity activity, IOBehavior ioBehavior, CancellationToken cancellationToken) in /_/src/MySqlConnector/MySqlDataReader.cs:line 483
   at MySqlConnector.Core.CommandExecutor.ExecuteReaderAsync(CommandListPosition commandListPosition, ICommandPayloadCreator payloadCreator, CommandBehavior behavior, Activity activity, IOBehavior ioBehavior, CancellationToken cancellationToken) in /_/src/MySqlConnector/Core/CommandExecutor.cs:line 56
   at MySqlConnector.MySqlCommand.ExecuteReaderAsync(CommandBehavior behavior, IOBehavior ioBehavior, CancellationToken cancellationToken) in /_/src/MySqlConnector/MySqlCommand.cs:line 357
   at MySqlConnector.MySqlCommand.ExecuteDbDataReaderAsync(CommandBehavior behavior, CancellationToken cancellationToken) in /_/src/MySqlConnector/MySqlCommand.cs:line 350
   at Microsoft.EntityFrameworkCore.Storage.RelationalCommand.ExecuteReaderAsync(RelationalCommandParameterObject parameterObject, CancellationToken cancellationToken)
   at Microsoft.EntityFrameworkCore.Storage.RelationalCommand.ExecuteReaderAsync(RelationalCommandParameterObject parameterObject, CancellationToken cancellationToken)
   at Microsoft.EntityFrameworkCore.Update.ReaderModificationCommandBatch.ExecuteAsync(IRelationalConnection connection, CancellationToken cancellationToken)
   --- End of inner exception stack trace ---
   at Microsoft.EntityFrameworkCore.Update.ReaderModificationCommandBatch.ExecuteAsync(IRelationalConnection connection, CancellationToken cancellationToken)
   at Microsoft.EntityFrameworkCore.Update.Internal.BatchExecutor.ExecuteAsync(IEnumerable`1 commandBatches, IRelationalConnection connection, CancellationToken cancellationToken)
   at Microsoft.EntityFrameworkCore.Update.Internal.BatchExecutor.ExecuteAsync(IEnumerable`1 commandBatches, IRelationalConnection connection, CancellationToken cancellationToken)
   at Microsoft.EntityFrameworkCore.Update.Internal.BatchExecutor.ExecuteAsync(IEnumerable`1 commandBatches, IRelationalConnection connection, CancellationToken cancellationToken)
   at Microsoft.EntityFrameworkCore.ChangeTracking.Internal.StateManager.SaveChangesAsync(IList`1 entriesToSave, CancellationToken cancellationToken)
   at Microsoft.EntityFrameworkCore.ChangeTracking.Internal.StateManager.SaveChangesAsync(StateManager stateManager, Boolean acceptAllChangesOnSuccess, CancellationToken cancellationToken)
   at Microsoft.EntityFrameworkCore.Storage.ExecutionStrategy.<>c__DisplayClass30_0`2.<<ExecuteAsync>b__0>d.MoveNext()
--- End of stack trace from previous location ---
   at Microsoft.EntityFrameworkCore.Storage.ExecutionStrategy.ExecuteImplementationAsync[TState,TResult](Func`4 operation, Func`4 verifySucceeded, TState state, CancellationToken cancellationToken)
   at Microsoft.EntityFrameworkCore.Storage.ExecutionStrategy.ExecuteImplementationAsync[TState,TResult](Func`4 operation, Func`4 verifySucceeded, TState state, CancellationToken cancellationToken)
   at Microsoft.EntityFrameworkCore.Storage.ExecutionStrategy.ExecuteAsync[TState,TResult](TState state, Func`4 operation, Func`4 verifySucceeded, CancellationToken cancellationToken)
   at Microsoft.EntityFrameworkCore.DbContext.SaveChangesAsync(Boolean acceptAllChangesOnSuccess, CancellationToken cancellationToken)
2026-07-22 15:24:21.709 +05:30 [INF] [d7e925d3-3082-4d8c-92ad-43b010408dd2] POST /api/fees responded 400 in 507ms
2026-07-22 15:28:12.929 +05:30 [INF] [a6fed9dd-3e8d-4661-af48-a05205c1394c] GET /api/schools from 127.0.0.1 by Anonymous
2026-07-22 15:28:12.938 +05:30 [INF] [c788ffc8-7037-46da-b06d-199ce2a61b22] GET /api/fees from 127.0.0.1 by Anonymous
2026-07-22 15:28:12.978 +05:30 [INF] [c788ffc8-7037-46da-b06d-199ce2a61b22] GET /api/fees responded 200 in 40ms
2026-07-22 15:28:12.999 +05:30 [INF] [a6fed9dd-3e8d-4661-af48-a05205c1394c] GET /api/schools responded 200 in 69ms
2026-07-22 15:28:13.015 +05:30 [INF] [d5f8ac23-f632-4cdd-bb7a-ad0651ab3635] GET /api/fees from 127.0.0.1 by Anonymous
2026-07-22 15:28:13.020 +05:30 [INF] [cc1a8f6d-a263-465b-b38a-12adeeb57e8c] GET /api/schools from 127.0.0.1 by Anonymous
2026-07-22 15:28:13.047 +05:30 [INF] [d5f8ac23-f632-4cdd-bb7a-ad0651ab3635] GET /api/fees responded 200 in 31ms
2026-07-22 15:28:13.049 +05:30 [INF] [cc1a8f6d-a263-465b-b38a-12adeeb57e8c] GET /api/schools responded 200 in 28ms
2026-07-22 15:28:13.196 +05:30 [INF] [2f15855b-ee1f-4806-ad51-52227d91457a] GET /api/schools/93cfbeb0-5697-4af4-9f0b-0115e7e2e14a/classes from 127.0.0.1 by Anonymous
2026-07-22 15:28:13.221 +05:30 [INF] [2f15855b-ee1f-4806-ad51-52227d91457a] GET /api/schools/93cfbeb0-5697-4af4-9f0b-0115e7e2e14a/classes responded 200 in 25ms
2026-07-22 15:28:13.222 +05:30 [INF] [77f918a3-c6f1-46a6-ab22-a3f1ca71f361] GET /api/schools/93cfbeb0-5697-4af4-9f0b-0115e7e2e14a/academic-years from 127.0.0.1 by Anonymous
2026-07-22 15:28:13.291 +05:30 [INF] [92cecd13-2f8d-46aa-bebb-35f03c11d0c0] GET /api/schools/93cfbeb0-5697-4af4-9f0b-0115e7e2e14a/classes from 127.0.0.1 by Anonymous
2026-07-22 15:28:13.324 +05:30 [INF] [92cecd13-2f8d-46aa-bebb-35f03c11d0c0] GET /api/schools/93cfbeb0-5697-4af4-9f0b-0115e7e2e14a/classes responded 200 in 32ms
2026-07-22 15:28:13.394 +05:30 [INF] [77f918a3-c6f1-46a6-ab22-a3f1ca71f361] GET /api/schools/93cfbeb0-5697-4af4-9f0b-0115e7e2e14a/academic-years responded 200 in 169ms
2026-07-22 15:28:13.401 +05:30 [INF] [92beda07-32a4-4245-a115-47ab37d70ca0] GET /api/schools/93cfbeb0-5697-4af4-9f0b-0115e7e2e14a/academic-years from 127.0.0.1 by Anonymous
2026-07-22 15:28:13.417 +05:30 [INF] [92beda07-32a4-4245-a115-47ab37d70ca0] GET /api/schools/93cfbeb0-5697-4af4-9f0b-0115e7e2e14a/academic-years responded 200 in 16ms
2026-07-22 15:30:06.472 +05:30 [INF] [8b80d3cf-c28d-4f85-90a6-0d6b38b6bb13] POST /api/fees from 127.0.0.1 by Anonymous
2026-07-22 15:30:06.875 +05:30 [ERR] Failed executing DbCommand (8ms) [Parameters=[@p0='?' (DbType = Guid), @p1='?' (DbType = Guid), @p2='?' (DbType = Decimal), @p3='?' (DbType = Guid), @p4='?' (DbType = DateTime), @p5='?' (Size = 4000), @p6='?' (DbType = DateTime), @p7='?' (Size = 4000), @p8='?' (Size = 4000), @p9='?' (DbType = Guid), @p10='?' (DbType = Boolean), @p11='?' (DbType = Boolean), @p12='?' (Size = 200), @p13='?' (DbType = DateTime), @p14='?' (Size = 4000)], CommandType='"Text"', CommandTimeout='30']
SET AUTOCOMMIT = 1;
INSERT INTO `FeeStructures` (`Id`, `AcademicYearId`, `Amount`, `ClassRoomId`, `CreatedAt`, `CreatedBy`, `DeletedAt`, `DeletedBy`, `Description`, `FeeHeadId`, `IsDeleted`, `IsRequired`, `Name`, `UpdatedAt`, `UpdatedBy`)
VALUES (@p0, @p1, @p2, @p3, @p4, @p5, @p6, @p7, @p8, @p9, @p10, @p11, @p12, @p13, @p14);
2026-07-22 15:30:06.878 +05:30 [ERR] An exception occurred in the database while saving changes for context type 'SchoolCRM.Infrastructure.Data.ApplicationDbContext'.
Microsoft.EntityFrameworkCore.DbUpdateException: An error occurred while saving the entity changes. See the inner exception for details.
 ---> MySqlConnector.MySqlException (0x80004005): Cannot add or update a child row: a foreign key constraint fails (`schoolcrm`.`FeeStructures`, CONSTRAINT `FK_FeeStructures_FeeHeads_FeeHeadId` FOREIGN KEY (`FeeHeadId`) REFERENCES `FeeHeads` (`Id`) ON DELETE CASCADE)
   at MySqlConnector.Core.ServerSession.ReceiveReplyAsync(IOBehavior ioBehavior, CancellationToken cancellationToken) in /_/src/MySqlConnector/Core/ServerSession.cs:line 894
   at MySqlConnector.Core.ResultSet.ReadResultSetHeaderAsync(IOBehavior ioBehavior) in /_/src/MySqlConnector/Core/ResultSet.cs:line 37
   at MySqlConnector.MySqlDataReader.ActivateResultSet(CancellationToken cancellationToken) in /_/src/MySqlConnector/MySqlDataReader.cs:line 130
   at MySqlConnector.MySqlDataReader.InitAsync(CommandListPosition commandListPosition, ICommandPayloadCreator payloadCreator, IDictionary`2 cachedProcedures, IMySqlCommand command, CommandBehavior behavior, Activity activity, IOBehavior ioBehavior, CancellationToken cancellationToken) in /_/src/MySqlConnector/MySqlDataReader.cs:line 483
   at MySqlConnector.Core.CommandExecutor.ExecuteReaderAsync(CommandListPosition commandListPosition, ICommandPayloadCreator payloadCreator, CommandBehavior behavior, Activity activity, IOBehavior ioBehavior, CancellationToken cancellationToken) in /_/src/MySqlConnector/Core/CommandExecutor.cs:line 56
   at MySqlConnector.MySqlCommand.ExecuteReaderAsync(CommandBehavior behavior, IOBehavior ioBehavior, CancellationToken cancellationToken) in /_/src/MySqlConnector/MySqlCommand.cs:line 357
   at MySqlConnector.MySqlCommand.ExecuteDbDataReaderAsync(CommandBehavior behavior, CancellationToken cancellationToken) in /_/src/MySqlConnector/MySqlCommand.cs:line 350
   at Microsoft.EntityFrameworkCore.Storage.RelationalCommand.ExecuteReaderAsync(RelationalCommandParameterObject parameterObject, CancellationToken cancellationToken)
   at Microsoft.EntityFrameworkCore.Storage.RelationalCommand.ExecuteReaderAsync(RelationalCommandParameterObject parameterObject, CancellationToken cancellationToken)
   at Microsoft.EntityFrameworkCore.Update.ReaderModificationCommandBatch.ExecuteAsync(IRelationalConnection connection, CancellationToken cancellationToken)
   --- End of inner exception stack trace ---
   at Microsoft.EntityFrameworkCore.Update.ReaderModificationCommandBatch.ExecuteAsync(IRelationalConnection connection, CancellationToken cancellationToken)
   at Microsoft.EntityFrameworkCore.Update.Internal.BatchExecutor.ExecuteAsync(IEnumerable`1 commandBatches, IRelationalConnection connection, CancellationToken cancellationToken)
   at Microsoft.EntityFrameworkCore.Update.Internal.BatchExecutor.ExecuteAsync(IEnumerable`1 commandBatches, IRelationalConnection connection, CancellationToken cancellationToken)
   at Microsoft.EntityFrameworkCore.Update.Internal.BatchExecutor.ExecuteAsync(IEnumerable`1 commandBatches, IRelationalConnection connection, CancellationToken cancellationToken)
   at Microsoft.EntityFrameworkCore.ChangeTracking.Internal.StateManager.SaveChangesAsync(IList`1 entriesToSave, CancellationToken cancellationToken)
   at Microsoft.EntityFrameworkCore.ChangeTracking.Internal.StateManager.SaveChangesAsync(StateManager stateManager, Boolean acceptAllChangesOnSuccess, CancellationToken cancellationToken)
   at Microsoft.EntityFrameworkCore.Storage.ExecutionStrategy.<>c__DisplayClass30_0`2.<<ExecuteAsync>b__0>d.MoveNext()
--- End of stack trace from previous location ---
   at Microsoft.EntityFrameworkCore.Storage.ExecutionStrategy.ExecuteImplementationAsync[TState,TResult](Func`4 operation, Func`4 verifySucceeded, TState state, CancellationToken cancellationToken)
   at Microsoft.EntityFrameworkCore.Storage.ExecutionStrategy.ExecuteImplementationAsync[TState,TResult](Func`4 operation, Func`4 verifySucceeded, TState state, CancellationToken cancellationToken)
   at Microsoft.EntityFrameworkCore.Storage.ExecutionStrategy.ExecuteAsync[TState,TResult](TState state, Func`4 operation, Func`4 verifySucceeded, CancellationToken cancellationToken)
   at Microsoft.EntityFrameworkCore.DbContext.SaveChangesAsync(Boolean acceptAllChangesOnSuccess, CancellationToken cancellationToken)
Microsoft.EntityFrameworkCore.DbUpdateException: An error occurred while saving the entity changes. See the inner exception for details.
 ---> MySqlConnector.MySqlException (0x80004005): Cannot add or update a child row: a foreign key constraint fails (`schoolcrm`.`FeeStructures`, CONSTRAINT `FK_FeeStructures_FeeHeads_FeeHeadId` FOREIGN KEY (`FeeHeadId`) REFERENCES `FeeHeads` (`Id`) ON DELETE CASCADE)
   at MySqlConnector.Core.ServerSession.ReceiveReplyAsync(IOBehavior ioBehavior, CancellationToken cancellationToken) in /_/src/MySqlConnector/Core/ServerSession.cs:line 894
   at MySqlConnector.Core.ResultSet.ReadResultSetHeaderAsync(IOBehavior ioBehavior) in /_/src/MySqlConnector/Core/ResultSet.cs:line 37
   at MySqlConnector.MySqlDataReader.ActivateResultSet(CancellationToken cancellationToken) in /_/src/MySqlConnector/MySqlDataReader.cs:line 130
   at MySqlConnector.MySqlDataReader.InitAsync(CommandListPosition commandListPosition, ICommandPayloadCreator payloadCreator, IDictionary`2 cachedProcedures, IMySqlCommand command, CommandBehavior behavior, Activity activity, IOBehavior ioBehavior, CancellationToken cancellationToken) in /_/src/MySqlConnector/MySqlDataReader.cs:line 483
   at MySqlConnector.Core.CommandExecutor.ExecuteReaderAsync(CommandListPosition commandListPosition, ICommandPayloadCreator payloadCreator, CommandBehavior behavior, Activity activity, IOBehavior ioBehavior, CancellationToken cancellationToken) in /_/src/MySqlConnector/Core/CommandExecutor.cs:line 56
   at MySqlConnector.MySqlCommand.ExecuteReaderAsync(CommandBehavior behavior, IOBehavior ioBehavior, CancellationToken cancellationToken) in /_/src/MySqlConnector/MySqlCommand.cs:line 357
   at MySqlConnector.MySqlCommand.ExecuteDbDataReaderAsync(CommandBehavior behavior, CancellationToken cancellationToken) in /_/src/MySqlConnector/MySqlCommand.cs:line 350
   at Microsoft.EntityFrameworkCore.Storage.RelationalCommand.ExecuteReaderAsync(RelationalCommandParameterObject parameterObject, CancellationToken cancellationToken)
   at Microsoft.EntityFrameworkCore.Storage.RelationalCommand.ExecuteReaderAsync(RelationalCommandParameterObject parameterObject, CancellationToken cancellationToken)
   at Microsoft.EntityFrameworkCore.Update.ReaderModificationCommandBatch.ExecuteAsync(IRelationalConnection connection, CancellationToken cancellationToken)
   --- End of inner exception stack trace ---
   at Microsoft.EntityFrameworkCore.Update.ReaderModificationCommandBatch.ExecuteAsync(IRelationalConnection connection, CancellationToken cancellationToken)
   at Microsoft.EntityFrameworkCore.Update.Internal.BatchExecutor.ExecuteAsync(IEnumerable`1 commandBatches, IRelationalConnection connection, CancellationToken cancellationToken)
   at Microsoft.EntityFrameworkCore.Update.Internal.BatchExecutor.ExecuteAsync(IEnumerable`1 commandBatches, IRelationalConnection connection, CancellationToken cancellationToken)
   at Microsoft.EntityFrameworkCore.Update.Internal.BatchExecutor.ExecuteAsync(IEnumerable`1 commandBatches, IRelationalConnection connection, CancellationToken cancellationToken)
   at Microsoft.EntityFrameworkCore.ChangeTracking.Internal.StateManager.SaveChangesAsync(IList`1 entriesToSave, CancellationToken cancellationToken)
   at Microsoft.EntityFrameworkCore.ChangeTracking.Internal.StateManager.SaveChangesAsync(StateManager stateManager, Boolean acceptAllChangesOnSuccess, CancellationToken cancellationToken)
   at Microsoft.EntityFrameworkCore.Storage.ExecutionStrategy.<>c__DisplayClass30_0`2.<<ExecuteAsync>b__0>d.MoveNext()
--- End of stack trace from previous location ---
   at Microsoft.EntityFrameworkCore.Storage.ExecutionStrategy.ExecuteImplementationAsync[TState,TResult](Func`4 operation, Func`4 verifySucceeded, TState state, CancellationToken cancellationToken)
   at Microsoft.EntityFrameworkCore.Storage.ExecutionStrategy.ExecuteImplementationAsync[TState,TResult](Func`4 operation, Func`4 verifySucceeded, TState state, CancellationToken cancellationToken)
   at Microsoft.EntityFrameworkCore.Storage.ExecutionStrategy.ExecuteAsync[TState,TResult](TState state, Func`4 operation, Func`4 verifySucceeded, CancellationToken cancellationToken)
   at Microsoft.EntityFrameworkCore.DbContext.SaveChangesAsync(Boolean acceptAllChangesOnSuccess, CancellationToken cancellationToken)
2026-07-22 15:30:06.881 +05:30 [INF] [8b80d3cf-c28d-4f85-90a6-0d6b38b6bb13] POST /api/fees responded 400 in 408ms
2026-07-22 15:30:09.345 +05:30 [INF] [00c755f3-3735-47d6-855a-895a5233b63b] POST /api/fees from 127.0.0.1 by Anonymous
2026-07-22 15:30:09.380 +05:30 [ERR] Failed executing DbCommand (12ms) [Parameters=[@p0='?' (DbType = Guid), @p1='?' (DbType = Guid), @p2='?' (DbType = Decimal), @p3='?' (DbType = Guid), @p4='?' (DbType = DateTime), @p5='?' (Size = 4000), @p6='?' (DbType = DateTime), @p7='?' (Size = 4000), @p8='?' (Size = 4000), @p9='?' (DbType = Guid), @p10='?' (DbType = Boolean), @p11='?' (DbType = Boolean), @p12='?' (Size = 200), @p13='?' (DbType = DateTime), @p14='?' (Size = 4000)], CommandType='"Text"', CommandTimeout='30']
SET AUTOCOMMIT = 1;
INSERT INTO `FeeStructures` (`Id`, `AcademicYearId`, `Amount`, `ClassRoomId`, `CreatedAt`, `CreatedBy`, `DeletedAt`, `DeletedBy`, `Description`, `FeeHeadId`, `IsDeleted`, `IsRequired`, `Name`, `UpdatedAt`, `UpdatedBy`)
VALUES (@p0, @p1, @p2, @p3, @p4, @p5, @p6, @p7, @p8, @p9, @p10, @p11, @p12, @p13, @p14);
2026-07-22 15:30:09.389 +05:30 [ERR] An exception occurred in the database while saving changes for context type 'SchoolCRM.Infrastructure.Data.ApplicationDbContext'.
Microsoft.EntityFrameworkCore.DbUpdateException: An error occurred while saving the entity changes. See the inner exception for details.
 ---> MySqlConnector.MySqlException (0x80004005): Cannot add or update a child row: a foreign key constraint fails (`schoolcrm`.`FeeStructures`, CONSTRAINT `FK_FeeStructures_FeeHeads_FeeHeadId` FOREIGN KEY (`FeeHeadId`) REFERENCES `FeeHeads` (`Id`) ON DELETE CASCADE)
   at MySqlConnector.Core.ServerSession.ReceiveReplyAsync(IOBehavior ioBehavior, CancellationToken cancellationToken) in /_/src/MySqlConnector/Core/ServerSession.cs:line 894
   at MySqlConnector.Core.ResultSet.ReadResultSetHeaderAsync(IOBehavior ioBehavior) in /_/src/MySqlConnector/Core/ResultSet.cs:line 37
   at MySqlConnector.MySqlDataReader.ActivateResultSet(CancellationToken cancellationToken) in /_/src/MySqlConnector/MySqlDataReader.cs:line 130
   at MySqlConnector.MySqlDataReader.InitAsync(CommandListPosition commandListPosition, ICommandPayloadCreator payloadCreator, IDictionary`2 cachedProcedures, IMySqlCommand command, CommandBehavior behavior, Activity activity, IOBehavior ioBehavior, CancellationToken cancellationToken) in /_/src/MySqlConnector/MySqlDataReader.cs:line 483
   at MySqlConnector.Core.CommandExecutor.ExecuteReaderAsync(CommandListPosition commandListPosition, ICommandPayloadCreator payloadCreator, CommandBehavior behavior, Activity activity, IOBehavior ioBehavior, CancellationToken cancellationToken) in /_/src/MySqlConnector/Core/CommandExecutor.cs:line 56
   at MySqlConnector.MySqlCommand.ExecuteReaderAsync(CommandBehavior behavior, IOBehavior ioBehavior, CancellationToken cancellationToken) in /_/src/MySqlConnector/MySqlCommand.cs:line 357
   at MySqlConnector.MySqlCommand.ExecuteDbDataReaderAsync(CommandBehavior behavior, CancellationToken cancellationToken) in /_/src/MySqlConnector/MySqlCommand.cs:line 350
   at Microsoft.EntityFrameworkCore.Storage.RelationalCommand.ExecuteReaderAsync(RelationalCommandParameterObject parameterObject, CancellationToken cancellationToken)
   at Microsoft.EntityFrameworkCore.Storage.RelationalCommand.ExecuteReaderAsync(RelationalCommandParameterObject parameterObject, CancellationToken cancellationToken)
   at Microsoft.EntityFrameworkCore.Update.ReaderModificationCommandBatch.ExecuteAsync(IRelationalConnection connection, CancellationToken cancellationToken)
   --- End of inner exception stack trace ---
   at Microsoft.EntityFrameworkCore.Update.ReaderModificationCommandBatch.ExecuteAsync(IRelationalConnection connection, CancellationToken cancellationToken)
   at Microsoft.EntityFrameworkCore.Update.Internal.BatchExecutor.ExecuteAsync(IEnumerable`1 commandBatches, IRelationalConnection connection, CancellationToken cancellationToken)
   at Microsoft.EntityFrameworkCore.Update.Internal.BatchExecutor.ExecuteAsync(IEnumerable`1 commandBatches, IRelationalConnection connection, CancellationToken cancellationToken)
   at Microsoft.EntityFrameworkCore.Update.Internal.BatchExecutor.ExecuteAsync(IEnumerable`1 commandBatches, IRelationalConnection connection, CancellationToken cancellationToken)
   at Microsoft.EntityFrameworkCore.ChangeTracking.Internal.StateManager.SaveChangesAsync(IList`1 entriesToSave, CancellationToken cancellationToken)
   at Microsoft.EntityFrameworkCore.ChangeTracking.Internal.StateManager.SaveChangesAsync(StateManager stateManager, Boolean acceptAllChangesOnSuccess, CancellationToken cancellationToken)
   at Microsoft.EntityFrameworkCore.Storage.ExecutionStrategy.<>c__DisplayClass30_0`2.<<ExecuteAsync>b__0>d.MoveNext()
--- End of stack trace from previous location ---
   at Microsoft.EntityFrameworkCore.Storage.ExecutionStrategy.ExecuteImplementationAsync[TState,TResult](Func`4 operation, Func`4 verifySucceeded, TState state, CancellationToken cancellationToken)
   at Microsoft.EntityFrameworkCore.Storage.ExecutionStrategy.ExecuteImplementationAsync[TState,TResult](Func`4 operation, Func`4 verifySucceeded, TState state, CancellationToken cancellationToken)
   at Microsoft.EntityFrameworkCore.Storage.ExecutionStrategy.ExecuteAsync[TState,TResult](TState state, Func`4 operation, Func`4 verifySucceeded, CancellationToken cancellationToken)
   at Microsoft.EntityFrameworkCore.DbContext.SaveChangesAsync(Boolean acceptAllChangesOnSuccess, CancellationToken cancellationToken)
Microsoft.EntityFrameworkCore.DbUpdateException: An error occurred while saving the entity changes. See the inner exception for details.
 ---> MySqlConnector.MySqlException (0x80004005): Cannot add or update a child row: a foreign key constraint fails (`schoolcrm`.`FeeStructures`, CONSTRAINT `FK_FeeStructures_FeeHeads_FeeHeadId` FOREIGN KEY (`FeeHeadId`) REFERENCES `FeeHeads` (`Id`) ON DELETE CASCADE)
   at MySqlConnector.Core.ServerSession.ReceiveReplyAsync(IOBehavior ioBehavior, CancellationToken cancellationToken) in /_/src/MySqlConnector/Core/ServerSession.cs:line 894
   at MySqlConnector.Core.ResultSet.ReadResultSetHeaderAsync(IOBehavior ioBehavior) in /_/src/MySqlConnector/Core/ResultSet.cs:line 37
   at MySqlConnector.MySqlDataReader.ActivateResultSet(CancellationToken cancellationToken) in /_/src/MySqlConnector/MySqlDataReader.cs:line 130
   at MySqlConnector.MySqlDataReader.InitAsync(CommandListPosition commandListPosition, ICommandPayloadCreator payloadCreator, IDictionary`2 cachedProcedures, IMySqlCommand command, CommandBehavior behavior, Activity activity, IOBehavior ioBehavior, CancellationToken cancellationToken) in /_/src/MySqlConnector/MySqlDataReader.cs:line 483
   at MySqlConnector.Core.CommandExecutor.ExecuteReaderAsync(CommandListPosition commandListPosition, ICommandPayloadCreator payloadCreator, CommandBehavior behavior, Activity activity, IOBehavior ioBehavior, CancellationToken cancellationToken) in /_/src/MySqlConnector/Core/CommandExecutor.cs:line 56
   at MySqlConnector.MySqlCommand.ExecuteReaderAsync(CommandBehavior behavior, IOBehavior ioBehavior, CancellationToken cancellationToken) in /_/src/MySqlConnector/MySqlCommand.cs:line 357
   at MySqlConnector.MySqlCommand.ExecuteDbDataReaderAsync(CommandBehavior behavior, CancellationToken cancellationToken) in /_/src/MySqlConnector/MySqlCommand.cs:line 350
   at Microsoft.EntityFrameworkCore.Storage.RelationalCommand.ExecuteReaderAsync(RelationalCommandParameterObject parameterObject, CancellationToken cancellationToken)
   at Microsoft.EntityFrameworkCore.Storage.RelationalCommand.ExecuteReaderAsync(RelationalCommandParameterObject parameterObject, CancellationToken cancellationToken)
   at Microsoft.EntityFrameworkCore.Update.ReaderModificationCommandBatch.ExecuteAsync(IRelationalConnection connection, CancellationToken cancellationToken)
   --- End of inner exception stack trace ---
   at Microsoft.EntityFrameworkCore.Update.ReaderModificationCommandBatch.ExecuteAsync(IRelationalConnection connection, CancellationToken cancellationToken)
   at Microsoft.EntityFrameworkCore.Update.Internal.BatchExecutor.ExecuteAsync(IEnumerable`1 commandBatches, IRelationalConnection connection, CancellationToken cancellationToken)
   at Microsoft.EntityFrameworkCore.Update.Internal.BatchExecutor.ExecuteAsync(IEnumerable`1 commandBatches, IRelationalConnection connection, CancellationToken cancellationToken)
   at Microsoft.EntityFrameworkCore.Update.Internal.BatchExecutor.ExecuteAsync(IEnumerable`1 commandBatches, IRelationalConnection connection, CancellationToken cancellationToken)
   at Microsoft.EntityFrameworkCore.ChangeTracking.Internal.StateManager.SaveChangesAsync(IList`1 entriesToSave, CancellationToken cancellationToken)
   at Microsoft.EntityFrameworkCore.ChangeTracking.Internal.StateManager.SaveChangesAsync(StateManager stateManager, Boolean acceptAllChangesOnSuccess, CancellationToken cancellationToken)
   at Microsoft.EntityFrameworkCore.Storage.ExecutionStrategy.<>c__DisplayClass30_0`2.<<ExecuteAsync>b__0>d.MoveNext()
--- End of stack trace from previous location ---
   at Microsoft.EntityFrameworkCore.Storage.ExecutionStrategy.ExecuteImplementationAsync[TState,TResult](Func`4 operation, Func`4 verifySucceeded, TState state, CancellationToken cancellationToken)
   at Microsoft.EntityFrameworkCore.Storage.ExecutionStrategy.ExecuteImplementationAsync[TState,TResult](Func`4 operation, Func`4 verifySucceeded, TState state, CancellationToken cancellationToken)
   at Microsoft.EntityFrameworkCore.Storage.ExecutionStrategy.ExecuteAsync[TState,TResult](TState state, Func`4 operation, Func`4 verifySucceeded, CancellationToken cancellationToken)
   at Microsoft.EntityFrameworkCore.DbContext.SaveChangesAsync(Boolean acceptAllChangesOnSuccess, CancellationToken cancellationToken)
2026-07-22 15:30:09.396 +05:30 [INF] [00c755f3-3735-47d6-855a-895a5233b63b] POST /api/fees responded 400 in 50ms
2026-07-22 15:36:11.304 +05:30 [INF] [3ecf0fc4-0c5c-48a7-b0a7-d2c44291e3c0] GET /api/schools from 127.0.0.1 by Anonymous
2026-07-22 15:36:11.329 +05:30 [INF] [1aaa3d07-b7c6-4c95-8121-dba9a7fe57f2] GET /api/fees from 127.0.0.1 by Anonymous
2026-07-22 15:36:11.797 +05:30 [INF] [1aaa3d07-b7c6-4c95-8121-dba9a7fe57f2] GET /api/fees responded 200 in 467ms
2026-07-22 15:36:11.801 +05:30 [INF] [3ecf0fc4-0c5c-48a7-b0a7-d2c44291e3c0] GET /api/schools responded 200 in 496ms
2026-07-22 15:36:11.809 +05:30 [INF] [a64dc740-9c6e-4e39-8617-da5834ba04d1] GET /api/fees from 127.0.0.1 by Anonymous
2026-07-22 15:36:11.810 +05:30 [INF] [abd42332-ad6e-48e1-913c-b4d7b6fe6889] GET /api/schools from 127.0.0.1 by Anonymous
2026-07-22 15:36:11.855 +05:30 [INF] [abd42332-ad6e-48e1-913c-b4d7b6fe6889] GET /api/schools responded 200 in 42ms
2026-07-22 15:36:11.858 +05:30 [INF] [a64dc740-9c6e-4e39-8617-da5834ba04d1] GET /api/fees responded 200 in 48ms
2026-07-22 15:36:11.927 +05:30 [INF] [00ed0b89-f611-4027-b8a8-a0151640a5bf] GET /api/schools/93cfbeb0-5697-4af4-9f0b-0115e7e2e14a/classes from 127.0.0.1 by Anonymous
2026-07-22 15:36:11.941 +05:30 [INF] [ff43d58c-8c70-43af-8826-6608bd04ec2d] GET /api/schools/93cfbeb0-5697-4af4-9f0b-0115e7e2e14a/academic-years from 127.0.0.1 by Anonymous
2026-07-22 15:36:11.955 +05:30 [INF] [00ed0b89-f611-4027-b8a8-a0151640a5bf] GET /api/schools/93cfbeb0-5697-4af4-9f0b-0115e7e2e14a/classes responded 200 in 28ms
2026-07-22 15:36:11.976 +05:30 [INF] [0b42d9ed-c246-4102-ab37-285cb2713bc2] GET /api/schools/93cfbeb0-5697-4af4-9f0b-0115e7e2e14a/classes from 127.0.0.1 by Anonymous
2026-07-22 15:36:11.982 +05:30 [INF] [ff43d58c-8c70-43af-8826-6608bd04ec2d] GET /api/schools/93cfbeb0-5697-4af4-9f0b-0115e7e2e14a/academic-years responded 200 in 40ms
2026-07-22 15:36:12.001 +05:30 [INF] [0809567c-9ef2-4cf1-8f9f-b2f08aa52bc5] GET /api/schools/93cfbeb0-5697-4af4-9f0b-0115e7e2e14a/academic-years from 127.0.0.1 by Anonymous
2026-07-22 15:36:12.012 +05:30 [INF] [0b42d9ed-c246-4102-ab37-285cb2713bc2] GET /api/schools/93cfbeb0-5697-4af4-9f0b-0115e7e2e14a/classes responded 200 in 36ms
2026-07-22 15:36:12.042 +05:30 [INF] [0809567c-9ef2-4cf1-8f9f-b2f08aa52bc5] GET /api/schools/93cfbeb0-5697-4af4-9f0b-0115e7e2e14a/academic-years responded 200 in 40ms
2026-07-22 15:36:31.161 +05:30 [INF] [fdb829f5-673c-4717-b398-2868f0ebbbd8] POST /api/fees from 127.0.0.1 by Anonymous
2026-07-22 15:36:31.197 +05:30 [ERR] Failed executing DbCommand (11ms) [Parameters=[@p0='?' (DbType = Guid), @p1='?' (DbType = Guid), @p2='?' (DbType = Decimal), @p3='?' (DbType = Guid), @p4='?' (DbType = DateTime), @p5='?' (Size = 4000), @p6='?' (DbType = DateTime), @p7='?' (Size = 4000), @p8='?' (Size = 4000), @p9='?' (DbType = Guid), @p10='?' (DbType = Boolean), @p11='?' (DbType = Boolean), @p12='?' (Size = 200), @p13='?' (DbType = DateTime), @p14='?' (Size = 4000)], CommandType='"Text"', CommandTimeout='30']
SET AUTOCOMMIT = 1;
INSERT INTO `FeeStructures` (`Id`, `AcademicYearId`, `Amount`, `ClassRoomId`, `CreatedAt`, `CreatedBy`, `DeletedAt`, `DeletedBy`, `Description`, `FeeHeadId`, `IsDeleted`, `IsRequired`, `Name`, `UpdatedAt`, `UpdatedBy`)
VALUES (@p0, @p1, @p2, @p3, @p4, @p5, @p6, @p7, @p8, @p9, @p10, @p11, @p12, @p13, @p14);
2026-07-22 15:36:31.204 +05:30 [ERR] An exception occurred in the database while saving changes for context type 'SchoolCRM.Infrastructure.Data.ApplicationDbContext'.
Microsoft.EntityFrameworkCore.DbUpdateException: An error occurred while saving the entity changes. See the inner exception for details.
 ---> MySqlConnector.MySqlException (0x80004005): Cannot add or update a child row: a foreign key constraint fails (`schoolcrm`.`FeeStructures`, CONSTRAINT `FK_FeeStructures_FeeHeads_FeeHeadId` FOREIGN KEY (`FeeHeadId`) REFERENCES `FeeHeads` (`Id`) ON DELETE CASCADE)
   at MySqlConnector.Core.ServerSession.ReceiveReplyAsync(IOBehavior ioBehavior, CancellationToken cancellationToken) in /_/src/MySqlConnector/Core/ServerSession.cs:line 894
   at MySqlConnector.Core.ResultSet.ReadResultSetHeaderAsync(IOBehavior ioBehavior) in /_/src/MySqlConnector/Core/ResultSet.cs:line 37
   at MySqlConnector.MySqlDataReader.ActivateResultSet(CancellationToken cancellationToken) in /_/src/MySqlConnector/MySqlDataReader.cs:line 130
   at MySqlConnector.MySqlDataReader.InitAsync(CommandListPosition commandListPosition, ICommandPayloadCreator payloadCreator, IDictionary`2 cachedProcedures, IMySqlCommand command, CommandBehavior behavior, Activity activity, IOBehavior ioBehavior, CancellationToken cancellationToken) in /_/src/MySqlConnector/MySqlDataReader.cs:line 483
   at MySqlConnector.Core.CommandExecutor.ExecuteReaderAsync(CommandListPosition commandListPosition, ICommandPayloadCreator payloadCreator, CommandBehavior behavior, Activity activity, IOBehavior ioBehavior, CancellationToken cancellationToken) in /_/src/MySqlConnector/Core/CommandExecutor.cs:line 56
   at MySqlConnector.MySqlCommand.ExecuteReaderAsync(CommandBehavior behavior, IOBehavior ioBehavior, CancellationToken cancellationToken) in /_/src/MySqlConnector/MySqlCommand.cs:line 357
   at MySqlConnector.MySqlCommand.ExecuteDbDataReaderAsync(CommandBehavior behavior, CancellationToken cancellationToken) in /_/src/MySqlConnector/MySqlCommand.cs:line 350
   at Microsoft.EntityFrameworkCore.Storage.RelationalCommand.ExecuteReaderAsync(RelationalCommandParameterObject parameterObject, CancellationToken cancellationToken)
   at Microsoft.EntityFrameworkCore.Storage.RelationalCommand.ExecuteReaderAsync(RelationalCommandParameterObject parameterObject, CancellationToken cancellationToken)
   at Microsoft.EntityFrameworkCore.Update.ReaderModificationCommandBatch.ExecuteAsync(IRelationalConnection connection, CancellationToken cancellationToken)
   --- End of inner exception stack trace ---
   at Microsoft.EntityFrameworkCore.Update.ReaderModificationCommandBatch.ExecuteAsync(IRelationalConnection connection, CancellationToken cancellationToken)
   at Microsoft.EntityFrameworkCore.Update.Internal.BatchExecutor.ExecuteAsync(IEnumerable`1 commandBatches, IRelationalConnection connection, CancellationToken cancellationToken)
   at Microsoft.EntityFrameworkCore.Update.Internal.BatchExecutor.ExecuteAsync(IEnumerable`1 commandBatches, IRelationalConnection connection, CancellationToken cancellationToken)
   at Microsoft.EntityFrameworkCore.Update.Internal.BatchExecutor.ExecuteAsync(IEnumerable`1 commandBatches, IRelationalConnection connection, CancellationToken cancellationToken)
   at Microsoft.EntityFrameworkCore.ChangeTracking.Internal.StateManager.SaveChangesAsync(IList`1 entriesToSave, CancellationToken cancellationToken)
   at Microsoft.EntityFrameworkCore.ChangeTracking.Internal.StateManager.SaveChangesAsync(StateManager stateManager, Boolean acceptAllChangesOnSuccess, CancellationToken cancellationToken)
   at Microsoft.EntityFrameworkCore.Storage.ExecutionStrategy.<>c__DisplayClass30_0`2.<<ExecuteAsync>b__0>d.MoveNext()
--- End of stack trace from previous location ---
   at Microsoft.EntityFrameworkCore.Storage.ExecutionStrategy.ExecuteImplementationAsync[TState,TResult](Func`4 operation, Func`4 verifySucceeded, TState state, CancellationToken cancellationToken)
   at Microsoft.EntityFrameworkCore.Storage.ExecutionStrategy.ExecuteImplementationAsync[TState,TResult](Func`4 operation, Func`4 verifySucceeded, TState state, CancellationToken cancellationToken)
   at Microsoft.EntityFrameworkCore.Storage.ExecutionStrategy.ExecuteAsync[TState,TResult](TState state, Func`4 operation, Func`4 verifySucceeded, CancellationToken cancellationToken)
   at Microsoft.EntityFrameworkCore.DbContext.SaveChangesAsync(Boolean acceptAllChangesOnSuccess, CancellationToken cancellationToken)
Microsoft.EntityFrameworkCore.DbUpdateException: An error occurred while saving the entity changes. See the inner exception for details.
 ---> MySqlConnector.MySqlException (0x80004005): Cannot add or update a child row: a foreign key constraint fails (`schoolcrm`.`FeeStructures`, CONSTRAINT `FK_FeeStructures_FeeHeads_FeeHeadId` FOREIGN KEY (`FeeHeadId`) REFERENCES `FeeHeads` (`Id`) ON DELETE CASCADE)
   at MySqlConnector.Core.ServerSession.ReceiveReplyAsync(IOBehavior ioBehavior, CancellationToken cancellationToken) in /_/src/MySqlConnector/Core/ServerSession.cs:line 894
   at MySqlConnector.Core.ResultSet.ReadResultSetHeaderAsync(IOBehavior ioBehavior) in /_/src/MySqlConnector/Core/ResultSet.cs:line 37
   at MySqlConnector.MySqlDataReader.ActivateResultSet(CancellationToken cancellationToken) in /_/src/MySqlConnector/MySqlDataReader.cs:line 130
   at MySqlConnector.MySqlDataReader.InitAsync(CommandListPosition commandListPosition, ICommandPayloadCreator payloadCreator, IDictionary`2 cachedProcedures, IMySqlCommand command, CommandBehavior behavior, Activity activity, IOBehavior ioBehavior, CancellationToken cancellationToken) in /_/src/MySqlConnector/MySqlDataReader.cs:line 483
   at MySqlConnector.Core.CommandExecutor.ExecuteReaderAsync(CommandListPosition commandListPosition, ICommandPayloadCreator payloadCreator, CommandBehavior behavior, Activity activity, IOBehavior ioBehavior, CancellationToken cancellationToken) in /_/src/MySqlConnector/Core/CommandExecutor.cs:line 56
   at MySqlConnector.MySqlCommand.ExecuteReaderAsync(CommandBehavior behavior, IOBehavior ioBehavior, CancellationToken cancellationToken) in /_/src/MySqlConnector/MySqlCommand.cs:line 357
   at MySqlConnector.MySqlCommand.ExecuteDbDataReaderAsync(CommandBehavior behavior, CancellationToken cancellationToken) in /_/src/MySqlConnector/MySqlCommand.cs:line 350
   at Microsoft.EntityFrameworkCore.Storage.RelationalCommand.ExecuteReaderAsync(RelationalCommandParameterObject parameterObject, CancellationToken cancellationToken)
   at Microsoft.EntityFrameworkCore.Storage.RelationalCommand.ExecuteReaderAsync(RelationalCommandParameterObject parameterObject, CancellationToken cancellationToken)
   at Microsoft.EntityFrameworkCore.Update.ReaderModificationCommandBatch.ExecuteAsync(IRelationalConnection connection, CancellationToken cancellationToken)
   --- End of inner exception stack trace ---
   at Microsoft.EntityFrameworkCore.Update.ReaderModificationCommandBatch.ExecuteAsync(IRelationalConnection connection, CancellationToken cancellationToken)
   at Microsoft.EntityFrameworkCore.Update.Internal.BatchExecutor.ExecuteAsync(IEnumerable`1 commandBatches, IRelationalConnection connection, CancellationToken cancellationToken)
   at Microsoft.EntityFrameworkCore.Update.Internal.BatchExecutor.ExecuteAsync(IEnumerable`1 commandBatches, IRelationalConnection connection, CancellationToken cancellationToken)
   at Microsoft.EntityFrameworkCore.Update.Internal.BatchExecutor.ExecuteAsync(IEnumerable`1 commandBatches, IRelationalConnection connection, CancellationToken cancellationToken)
   at Microsoft.EntityFrameworkCore.ChangeTracking.Internal.StateManager.SaveChangesAsync(IList`1 entriesToSave, CancellationToken cancellationToken)
   at Microsoft.EntityFrameworkCore.ChangeTracking.Internal.StateManager.SaveChangesAsync(StateManager stateManager, Boolean acceptAllChangesOnSuccess, CancellationToken cancellationToken)
   at Microsoft.EntityFrameworkCore.Storage.ExecutionStrategy.<>c__DisplayClass30_0`2.<<ExecuteAsync>b__0>d.MoveNext()
--- End of stack trace from previous location ---
   at Microsoft.EntityFrameworkCore.Storage.ExecutionStrategy.ExecuteImplementationAsync[TState,TResult](Func`4 operation, Func`4 verifySucceeded, TState state, CancellationToken cancellationToken)
   at Microsoft.EntityFrameworkCore.Storage.ExecutionStrategy.ExecuteImplementationAsync[TState,TResult](Func`4 operation, Func`4 verifySucceeded, TState state, CancellationToken cancellationToken)
   at Microsoft.EntityFrameworkCore.Storage.ExecutionStrategy.ExecuteAsync[TState,TResult](TState state, Func`4 operation, Func`4 verifySucceeded, CancellationToken cancellationToken)
   at Microsoft.EntityFrameworkCore.DbContext.SaveChangesAsync(Boolean acceptAllChangesOnSuccess, CancellationToken cancellationToken)
2026-07-22 15:36:31.219 +05:30 [INF] [fdb829f5-673c-4717-b398-2868f0ebbbd8] POST /api/fees responded 400 in 57ms
2026-07-22 15:36:34.136 +05:30 [INF] [e270ea4e-0482-4633-acb4-15e80c515390] POST /api/fees from 127.0.0.1 by Anonymous
2026-07-22 15:36:34.177 +05:30 [ERR] Failed executing DbCommand (15ms) [Parameters=[@p0='?' (DbType = Guid), @p1='?' (DbType = Guid), @p2='?' (DbType = Decimal), @p3='?' (DbType = Guid), @p4='?' (DbType = DateTime), @p5='?' (Size = 4000), @p6='?' (DbType = DateTime), @p7='?' (Size = 4000), @p8='?' (Size = 4000), @p9='?' (DbType = Guid), @p10='?' (DbType = Boolean), @p11='?' (DbType = Boolean), @p12='?' (Size = 200), @p13='?' (DbType = DateTime), @p14='?' (Size = 4000)], CommandType='"Text"', CommandTimeout='30']
SET AUTOCOMMIT = 1;
INSERT INTO `FeeStructures` (`Id`, `AcademicYearId`, `Amount`, `ClassRoomId`, `CreatedAt`, `CreatedBy`, `DeletedAt`, `DeletedBy`, `Description`, `FeeHeadId`, `IsDeleted`, `IsRequired`, `Name`, `UpdatedAt`, `UpdatedBy`)
VALUES (@p0, @p1, @p2, @p3, @p4, @p5, @p6, @p7, @p8, @p9, @p10, @p11, @p12, @p13, @p14);
2026-07-22 15:36:34.181 +05:30 [ERR] An exception occurred in the database while saving changes for context type 'SchoolCRM.Infrastructure.Data.ApplicationDbContext'.
Microsoft.EntityFrameworkCore.DbUpdateException: An error occurred while saving the entity changes. See the inner exception for details.
 ---> MySqlConnector.MySqlException (0x80004005): Cannot add or update a child row: a foreign key constraint fails (`schoolcrm`.`FeeStructures`, CONSTRAINT `FK_FeeStructures_FeeHeads_FeeHeadId` FOREIGN KEY (`FeeHeadId`) REFERENCES `FeeHeads` (`Id`) ON DELETE CASCADE)
   at MySqlConnector.Core.ServerSession.ReceiveReplyAsync(IOBehavior ioBehavior, CancellationToken cancellationToken) in /_/src/MySqlConnector/Core/ServerSession.cs:line 894
   at MySqlConnector.Core.ResultSet.ReadResultSetHeaderAsync(IOBehavior ioBehavior) in /_/src/MySqlConnector/Core/ResultSet.cs:line 37
   at MySqlConnector.MySqlDataReader.ActivateResultSet(CancellationToken cancellationToken) in /_/src/MySqlConnector/MySqlDataReader.cs:line 130
   at MySqlConnector.MySqlDataReader.InitAsync(CommandListPosition commandListPosition, ICommandPayloadCreator payloadCreator, IDictionary`2 cachedProcedures, IMySqlCommand command, CommandBehavior behavior, Activity activity, IOBehavior ioBehavior, CancellationToken cancellationToken) in /_/src/MySqlConnector/MySqlDataReader.cs:line 483
   at MySqlConnector.Core.CommandExecutor.ExecuteReaderAsync(CommandListPosition commandListPosition, ICommandPayloadCreator payloadCreator, CommandBehavior behavior, Activity activity, IOBehavior ioBehavior, CancellationToken cancellationToken) in /_/src/MySqlConnector/Core/CommandExecutor.cs:line 56
   at MySqlConnector.MySqlCommand.ExecuteReaderAsync(CommandBehavior behavior, IOBehavior ioBehavior, CancellationToken cancellationToken) in /_/src/MySqlConnector/MySqlCommand.cs:line 357
   at MySqlConnector.MySqlCommand.ExecuteDbDataReaderAsync(CommandBehavior behavior, CancellationToken cancellationToken) in /_/src/MySqlConnector/MySqlCommand.cs:line 350
   at Microsoft.EntityFrameworkCore.Storage.RelationalCommand.ExecuteReaderAsync(RelationalCommandParameterObject parameterObject, CancellationToken cancellationToken)
   at Microsoft.EntityFrameworkCore.Storage.RelationalCommand.ExecuteReaderAsync(RelationalCommandParameterObject parameterObject, CancellationToken cancellationToken)
   at Microsoft.EntityFrameworkCore.Update.ReaderModificationCommandBatch.ExecuteAsync(IRelationalConnection connection, CancellationToken cancellationToken)
   --- End of inner exception stack trace ---
   at Microsoft.EntityFrameworkCore.Update.ReaderModificationCommandBatch.ExecuteAsync(IRelationalConnection connection, CancellationToken cancellationToken)
   at Microsoft.EntityFrameworkCore.Update.Internal.BatchExecutor.ExecuteAsync(IEnumerable`1 commandBatches, IRelationalConnection connection, CancellationToken cancellationToken)
   at Microsoft.EntityFrameworkCore.Update.Internal.BatchExecutor.ExecuteAsync(IEnumerable`1 commandBatches, IRelationalConnection connection, CancellationToken cancellationToken)
   at Microsoft.EntityFrameworkCore.Update.Internal.BatchExecutor.ExecuteAsync(IEnumerable`1 commandBatches, IRelationalConnection connection, CancellationToken cancellationToken)
   at Microsoft.EntityFrameworkCore.ChangeTracking.Internal.StateManager.SaveChangesAsync(IList`1 entriesToSave, CancellationToken cancellationToken)
   at Microsoft.EntityFrameworkCore.ChangeTracking.Internal.StateManager.SaveChangesAsync(StateManager stateManager, Boolean acceptAllChangesOnSuccess, CancellationToken cancellationToken)
   at Microsoft.EntityFrameworkCore.Storage.ExecutionStrategy.<>c__DisplayClass30_0`2.<<ExecuteAsync>b__0>d.MoveNext()
--- End of stack trace from previous location ---
   at Microsoft.EntityFrameworkCore.Storage.ExecutionStrategy.ExecuteImplementationAsync[TState,TResult](Func`4 operation, Func`4 verifySucceeded, TState state, CancellationToken cancellationToken)
   at Microsoft.EntityFrameworkCore.Storage.ExecutionStrategy.ExecuteImplementationAsync[TState,TResult](Func`4 operation, Func`4 verifySucceeded, TState state, CancellationToken cancellationToken)
   at Microsoft.EntityFrameworkCore.Storage.ExecutionStrategy.ExecuteAsync[TState,TResult](TState state, Func`4 operation, Func`4 verifySucceeded, CancellationToken cancellationToken)
   at Microsoft.EntityFrameworkCore.DbContext.SaveChangesAsync(Boolean acceptAllChangesOnSuccess, CancellationToken cancellationToken)
Microsoft.EntityFrameworkCore.DbUpdateException: An error occurred while saving the entity changes. See the inner exception for details.
 ---> MySqlConnector.MySqlException (0x80004005): Cannot add or update a child row: a foreign key constraint fails (`schoolcrm`.`FeeStructures`, CONSTRAINT `FK_FeeStructures_FeeHeads_FeeHeadId` FOREIGN KEY (`FeeHeadId`) REFERENCES `FeeHeads` (`Id`) ON DELETE CASCADE)
   at MySqlConnector.Core.ServerSession.ReceiveReplyAsync(IOBehavior ioBehavior, CancellationToken cancellationToken) in /_/src/MySqlConnector/Core/ServerSession.cs:line 894
   at MySqlConnector.Core.ResultSet.ReadResultSetHeaderAsync(IOBehavior ioBehavior) in /_/src/MySqlConnector/Core/ResultSet.cs:line 37
   at MySqlConnector.MySqlDataReader.ActivateResultSet(CancellationToken cancellationToken) in /_/src/MySqlConnector/MySqlDataReader.cs:line 130
   at MySqlConnector.MySqlDataReader.InitAsync(CommandListPosition commandListPosition, ICommandPayloadCreator payloadCreator, IDictionary`2 cachedProcedures, IMySqlCommand command, CommandBehavior behavior, Activity activity, IOBehavior ioBehavior, CancellationToken cancellationToken) in /_/src/MySqlConnector/MySqlDataReader.cs:line 483
   at MySqlConnector.Core.CommandExecutor.ExecuteReaderAsync(CommandListPosition commandListPosition, ICommandPayloadCreator payloadCreator, CommandBehavior behavior, Activity activity, IOBehavior ioBehavior, CancellationToken cancellationToken) in /_/src/MySqlConnector/Core/CommandExecutor.cs:line 56
   at MySqlConnector.MySqlCommand.ExecuteReaderAsync(CommandBehavior behavior, IOBehavior ioBehavior, CancellationToken cancellationToken) in /_/src/MySqlConnector/MySqlCommand.cs:line 357
   at MySqlConnector.MySqlCommand.ExecuteDbDataReaderAsync(CommandBehavior behavior, CancellationToken cancellationToken) in /_/src/MySqlConnector/MySqlCommand.cs:line 350
   at Microsoft.EntityFrameworkCore.Storage.RelationalCommand.ExecuteReaderAsync(RelationalCommandParameterObject parameterObject, CancellationToken cancellationToken)
   at Microsoft.EntityFrameworkCore.Storage.RelationalCommand.ExecuteReaderAsync(RelationalCommandParameterObject parameterObject, CancellationToken cancellationToken)
   at Microsoft.EntityFrameworkCore.Update.ReaderModificationCommandBatch.ExecuteAsync(IRelationalConnection connection, CancellationToken cancellationToken)
   --- End of inner exception stack trace ---
   at Microsoft.EntityFrameworkCore.Update.ReaderModificationCommandBatch.ExecuteAsync(IRelationalConnection connection, CancellationToken cancellationToken)
   at Microsoft.EntityFrameworkCore.Update.Internal.BatchExecutor.ExecuteAsync(IEnumerable`1 commandBatches, IRelationalConnection connection, CancellationToken cancellationToken)
   at Microsoft.EntityFrameworkCore.Update.Internal.BatchExecutor.ExecuteAsync(IEnumerable`1 commandBatches, IRelationalConnection connection, CancellationToken cancellationToken)
   at Microsoft.EntityFrameworkCore.Update.Internal.BatchExecutor.ExecuteAsync(IEnumerable`1 commandBatches, IRelationalConnection connection, CancellationToken cancellationToken)
   at Microsoft.EntityFrameworkCore.ChangeTracking.Internal.StateManager.SaveChangesAsync(IList`1 entriesToSave, CancellationToken cancellationToken)
   at Microsoft.EntityFrameworkCore.ChangeTracking.Internal.StateManager.SaveChangesAsync(StateManager stateManager, Boolean acceptAllChangesOnSuccess, CancellationToken cancellationToken)
   at Microsoft.EntityFrameworkCore.Storage.ExecutionStrategy.<>c__DisplayClass30_0`2.<<ExecuteAsync>b__0>d.MoveNext()
--- End of stack trace from previous location ---
   at Microsoft.EntityFrameworkCore.Storage.ExecutionStrategy.ExecuteImplementationAsync[TState,TResult](Func`4 operation, Func`4 verifySucceeded, TState state, CancellationToken cancellationToken)
   at Microsoft.EntityFrameworkCore.Storage.ExecutionStrategy.ExecuteImplementationAsync[TState,TResult](Func`4 operation, Func`4 verifySucceeded, TState state, CancellationToken cancellationToken)
   at Microsoft.EntityFrameworkCore.Storage.ExecutionStrategy.ExecuteAsync[TState,TResult](TState state, Func`4 operation, Func`4 verifySucceeded, CancellationToken cancellationToken)
   at Microsoft.EntityFrameworkCore.DbContext.SaveChangesAsync(Boolean acceptAllChangesOnSuccess, CancellationToken cancellationToken)
2026-07-22 15:36:34.187 +05:30 [INF] [e270ea4e-0482-4633-acb4-15e80c515390] POST /api/fees responded 400 in 50ms
2026-07-22 15:36:38.643 +05:30 [INF] [b2f56dfb-380a-4d6b-be9c-02a479d36f6b] GET /api/schools from 127.0.0.1 by Anonymous
2026-07-22 15:36:38.649 +05:30 [INF] [4fe39264-c878-4ec1-9e44-8cc2bce7bdf0] GET /api/fees from 127.0.0.1 by Anonymous
2026-07-22 15:36:38.683 +05:30 [INF] [b2f56dfb-380a-4d6b-be9c-02a479d36f6b] GET /api/schools responded 200 in 40ms
2026-07-22 15:36:38.694 +05:30 [INF] [4fe39264-c878-4ec1-9e44-8cc2bce7bdf0] GET /api/fees responded 200 in 43ms
2026-07-22 15:36:38.708 +05:30 [INF] [469fa05c-2c4c-40aa-af22-291b1b901962] GET /api/fees from 127.0.0.1 by Anonymous
2026-07-22 15:36:38.708 +05:30 [INF] [35084da3-a222-4274-b366-00d872c90b7e] GET /api/schools from 127.0.0.1 by Anonymous
2026-07-22 15:36:38.739 +05:30 [INF] [469fa05c-2c4c-40aa-af22-291b1b901962] GET /api/fees responded 200 in 30ms
2026-07-22 15:36:38.748 +05:30 [INF] [35084da3-a222-4274-b366-00d872c90b7e] GET /api/schools responded 200 in 38ms
2026-07-22 15:36:38.824 +05:30 [INF] [0cba5c1d-ae42-4119-868b-f519df7d2d93] GET /api/schools/93cfbeb0-5697-4af4-9f0b-0115e7e2e14a/classes from 127.0.0.1 by Anonymous
2026-07-22 15:36:38.829 +05:30 [INF] [2388d87a-8414-4f08-8840-a7c591419f62] GET /api/schools/93cfbeb0-5697-4af4-9f0b-0115e7e2e14a/academic-years from 127.0.0.1 by Anonymous
2026-07-22 15:36:38.844 +05:30 [INF] [0cba5c1d-ae42-4119-868b-f519df7d2d93] GET /api/schools/93cfbeb0-5697-4af4-9f0b-0115e7e2e14a/classes responded 200 in 19ms
2026-07-22 15:36:38.854 +05:30 [INF] [2388d87a-8414-4f08-8840-a7c591419f62] GET /api/schools/93cfbeb0-5697-4af4-9f0b-0115e7e2e14a/academic-years responded 200 in 25ms
2026-07-22 15:36:38.908 +05:30 [INF] [db15f187-d531-4d88-b929-dc05feecbab1] GET /api/schools/93cfbeb0-5697-4af4-9f0b-0115e7e2e14a/classes from 127.0.0.1 by Anonymous
2026-07-22 15:36:38.909 +05:30 [INF] [00962d52-94fb-4ab0-8a0f-a0d857a217b5] GET /api/schools/93cfbeb0-5697-4af4-9f0b-0115e7e2e14a/academic-years from 127.0.0.1 by Anonymous
2026-07-22 15:36:38.937 +05:30 [INF] [00962d52-94fb-4ab0-8a0f-a0d857a217b5] GET /api/schools/93cfbeb0-5697-4af4-9f0b-0115e7e2e14a/academic-years responded 200 in 28ms
2026-07-22 15:36:38.942 +05:30 [INF] [db15f187-d531-4d88-b929-dc05feecbab1] GET /api/schools/93cfbeb0-5697-4af4-9f0b-0115e7e2e14a/classes responded 200 in 33ms
2026-07-22 15:37:00.417 +05:30 [INF] [0297d761-a543-480a-85cc-542c94d16752] POST /api/fees from 127.0.0.1 by Anonymous
2026-07-22 15:37:00.459 +05:30 [ERR] Failed executing DbCommand (10ms) [Parameters=[@p0='?' (DbType = Guid), @p1='?' (DbType = Guid), @p2='?' (DbType = Decimal), @p3='?' (DbType = Guid), @p4='?' (DbType = DateTime), @p5='?' (Size = 4000), @p6='?' (DbType = DateTime), @p7='?' (Size = 4000), @p8='?' (Size = 4000), @p9='?' (DbType = Guid), @p10='?' (DbType = Boolean), @p11='?' (DbType = Boolean), @p12='?' (Size = 200), @p13='?' (DbType = DateTime), @p14='?' (Size = 4000)], CommandType='"Text"', CommandTimeout='30']
SET AUTOCOMMIT = 1;
INSERT INTO `FeeStructures` (`Id`, `AcademicYearId`, `Amount`, `ClassRoomId`, `CreatedAt`, `CreatedBy`, `DeletedAt`, `DeletedBy`, `Description`, `FeeHeadId`, `IsDeleted`, `IsRequired`, `Name`, `UpdatedAt`, `UpdatedBy`)
VALUES (@p0, @p1, @p2, @p3, @p4, @p5, @p6, @p7, @p8, @p9, @p10, @p11, @p12, @p13, @p14);
2026-07-22 15:37:00.468 +05:30 [ERR] An exception occurred in the database while saving changes for context type 'SchoolCRM.Infrastructure.Data.ApplicationDbContext'.
Microsoft.EntityFrameworkCore.DbUpdateException: An error occurred while saving the entity changes. See the inner exception for details.
 ---> MySqlConnector.MySqlException (0x80004005): Cannot add or update a child row: a foreign key constraint fails (`schoolcrm`.`FeeStructures`, CONSTRAINT `FK_FeeStructures_FeeHeads_FeeHeadId` FOREIGN KEY (`FeeHeadId`) REFERENCES `FeeHeads` (`Id`) ON DELETE CASCADE)
   at MySqlConnector.Core.ServerSession.ReceiveReplyAsync(IOBehavior ioBehavior, CancellationToken cancellationToken) in /_/src/MySqlConnector/Core/ServerSession.cs:line 894
   at MySqlConnector.Core.ResultSet.ReadResultSetHeaderAsync(IOBehavior ioBehavior) in /_/src/MySqlConnector/Core/ResultSet.cs:line 37
   at MySqlConnector.MySqlDataReader.ActivateResultSet(CancellationToken cancellationToken) in /_/src/MySqlConnector/MySqlDataReader.cs:line 130
   at MySqlConnector.MySqlDataReader.InitAsync(CommandListPosition commandListPosition, ICommandPayloadCreator payloadCreator, IDictionary`2 cachedProcedures, IMySqlCommand command, CommandBehavior behavior, Activity activity, IOBehavior ioBehavior, CancellationToken cancellationToken) in /_/src/MySqlConnector/MySqlDataReader.cs:line 483
   at MySqlConnector.Core.CommandExecutor.ExecuteReaderAsync(CommandListPosition commandListPosition, ICommandPayloadCreator payloadCreator, CommandBehavior behavior, Activity activity, IOBehavior ioBehavior, CancellationToken cancellationToken) in /_/src/MySqlConnector/Core/CommandExecutor.cs:line 56
   at MySqlConnector.MySqlCommand.ExecuteReaderAsync(CommandBehavior behavior, IOBehavior ioBehavior, CancellationToken cancellationToken) in /_/src/MySqlConnector/MySqlCommand.cs:line 357
   at MySqlConnector.MySqlCommand.ExecuteDbDataReaderAsync(CommandBehavior behavior, CancellationToken cancellationToken) in /_/src/MySqlConnector/MySqlCommand.cs:line 350
   at Microsoft.EntityFrameworkCore.Storage.RelationalCommand.ExecuteReaderAsync(RelationalCommandParameterObject parameterObject, CancellationToken cancellationToken)
   at Microsoft.EntityFrameworkCore.Storage.RelationalCommand.ExecuteReaderAsync(RelationalCommandParameterObject parameterObject, CancellationToken cancellationToken)
   at Microsoft.EntityFrameworkCore.Update.ReaderModificationCommandBatch.ExecuteAsync(IRelationalConnection connection, CancellationToken cancellationToken)
   --- End of inner exception stack trace ---
   at Microsoft.EntityFrameworkCore.Update.ReaderModificationCommandBatch.ExecuteAsync(IRelationalConnection connection, CancellationToken cancellationToken)
   at Microsoft.EntityFrameworkCore.Update.Internal.BatchExecutor.ExecuteAsync(IEnumerable`1 commandBatches, IRelationalConnection connection, CancellationToken cancellationToken)
   at Microsoft.EntityFrameworkCore.Update.Internal.BatchExecutor.ExecuteAsync(IEnumerable`1 commandBatches, IRelationalConnection connection, CancellationToken cancellationToken)
   at Microsoft.EntityFrameworkCore.Update.Internal.BatchExecutor.ExecuteAsync(IEnumerable`1 commandBatches, IRelationalConnection connection, CancellationToken cancellationToken)
   at Microsoft.EntityFrameworkCore.ChangeTracking.Internal.StateManager.SaveChangesAsync(IList`1 entriesToSave, CancellationToken cancellationToken)
   at Microsoft.EntityFrameworkCore.ChangeTracking.Internal.StateManager.SaveChangesAsync(StateManager stateManager, Boolean acceptAllChangesOnSuccess, CancellationToken cancellationToken)
   at Microsoft.EntityFrameworkCore.Storage.ExecutionStrategy.<>c__DisplayClass30_0`2.<<ExecuteAsync>b__0>d.MoveNext()
--- End of stack trace from previous location ---
   at Microsoft.EntityFrameworkCore.Storage.ExecutionStrategy.ExecuteImplementationAsync[TState,TResult](Func`4 operation, Func`4 verifySucceeded, TState state, CancellationToken cancellationToken)
   at Microsoft.EntityFrameworkCore.Storage.ExecutionStrategy.ExecuteImplementationAsync[TState,TResult](Func`4 operation, Func`4 verifySucceeded, TState state, CancellationToken cancellationToken)
   at Microsoft.EntityFrameworkCore.Storage.ExecutionStrategy.ExecuteAsync[TState,TResult](TState state, Func`4 operation, Func`4 verifySucceeded, CancellationToken cancellationToken)
   at Microsoft.EntityFrameworkCore.DbContext.SaveChangesAsync(Boolean acceptAllChangesOnSuccess, CancellationToken cancellationToken)
Microsoft.EntityFrameworkCore.DbUpdateException: An error occurred while saving the entity changes. See the inner exception for details.
 ---> MySqlConnector.MySqlException (0x80004005): Cannot add or update a child row: a foreign key constraint fails (`schoolcrm`.`FeeStructures`, CONSTRAINT `FK_FeeStructures_FeeHeads_FeeHeadId` FOREIGN KEY (`FeeHeadId`) REFERENCES `FeeHeads` (`Id`) ON DELETE CASCADE)
   at MySqlConnector.Core.ServerSession.ReceiveReplyAsync(IOBehavior ioBehavior, CancellationToken cancellationToken) in /_/src/MySqlConnector/Core/ServerSession.cs:line 894
   at MySqlConnector.Core.ResultSet.ReadResultSetHeaderAsync(IOBehavior ioBehavior) in /_/src/MySqlConnector/Core/ResultSet.cs:line 37
   at MySqlConnector.MySqlDataReader.ActivateResultSet(CancellationToken cancellationToken) in /_/src/MySqlConnector/MySqlDataReader.cs:line 130
   at MySqlConnector.MySqlDataReader.InitAsync(CommandListPosition commandListPosition, ICommandPayloadCreator payloadCreator, IDictionary`2 cachedProcedures, IMySqlCommand command, CommandBehavior behavior, Activity activity, IOBehavior ioBehavior, CancellationToken cancellationToken) in /_/src/MySqlConnector/MySqlDataReader.cs:line 483
   at MySqlConnector.Core.CommandExecutor.ExecuteReaderAsync(CommandListPosition commandListPosition, ICommandPayloadCreator payloadCreator, CommandBehavior behavior, Activity activity, IOBehavior ioBehavior, CancellationToken cancellationToken) in /_/src/MySqlConnector/Core/CommandExecutor.cs:line 56
   at MySqlConnector.MySqlCommand.ExecuteReaderAsync(CommandBehavior behavior, IOBehavior ioBehavior, CancellationToken cancellationToken) in /_/src/MySqlConnector/MySqlCommand.cs:line 357
   at MySqlConnector.MySqlCommand.ExecuteDbDataReaderAsync(CommandBehavior behavior, CancellationToken cancellationToken) in /_/src/MySqlConnector/MySqlCommand.cs:line 350
   at Microsoft.EntityFrameworkCore.Storage.RelationalCommand.ExecuteReaderAsync(RelationalCommandParameterObject parameterObject, CancellationToken cancellationToken)
   at Microsoft.EntityFrameworkCore.Storage.RelationalCommand.ExecuteReaderAsync(RelationalCommandParameterObject parameterObject, CancellationToken cancellationToken)
   at Microsoft.EntityFrameworkCore.Update.ReaderModificationCommandBatch.ExecuteAsync(IRelationalConnection connection, CancellationToken cancellationToken)
   --- End of inner exception stack trace ---
   at Microsoft.EntityFrameworkCore.Update.ReaderModificationCommandBatch.ExecuteAsync(IRelationalConnection connection, CancellationToken cancellationToken)
   at Microsoft.EntityFrameworkCore.Update.Internal.BatchExecutor.ExecuteAsync(IEnumerable`1 commandBatches, IRelationalConnection connection, CancellationToken cancellationToken)
   at Microsoft.EntityFrameworkCore.Update.Internal.BatchExecutor.ExecuteAsync(IEnumerable`1 commandBatches, IRelationalConnection connection, CancellationToken cancellationToken)
   at Microsoft.EntityFrameworkCore.Update.Internal.BatchExecutor.ExecuteAsync(IEnumerable`1 commandBatches, IRelationalConnection connection, CancellationToken cancellationToken)
   at Microsoft.EntityFrameworkCore.ChangeTracking.Internal.StateManager.SaveChangesAsync(IList`1 entriesToSave, CancellationToken cancellationToken)
   at Microsoft.EntityFrameworkCore.ChangeTracking.Internal.StateManager.SaveChangesAsync(StateManager stateManager, Boolean acceptAllChangesOnSuccess, CancellationToken cancellationToken)
   at Microsoft.EntityFrameworkCore.Storage.ExecutionStrategy.<>c__DisplayClass30_0`2.<<ExecuteAsync>b__0>d.MoveNext()
--- End of stack trace from previous location ---
   at Microsoft.EntityFrameworkCore.Storage.ExecutionStrategy.ExecuteImplementationAsync[TState,TResult](Func`4 operation, Func`4 verifySucceeded, TState state, CancellationToken cancellationToken)
   at Microsoft.EntityFrameworkCore.Storage.ExecutionStrategy.ExecuteImplementationAsync[TState,TResult](Func`4 operation, Func`4 verifySucceeded, TState state, CancellationToken cancellationToken)
   at Microsoft.EntityFrameworkCore.Storage.ExecutionStrategy.ExecuteAsync[TState,TResult](TState state, Func`4 operation, Func`4 verifySucceeded, CancellationToken cancellationToken)
   at Microsoft.EntityFrameworkCore.DbContext.SaveChangesAsync(Boolean acceptAllChangesOnSuccess, CancellationToken cancellationToken)
2026-07-22 15:37:00.479 +05:30 [INF] [0297d761-a543-480a-85cc-542c94d16752] POST /api/fees responded 400 in 61ms
2026-07-22 15:42:20.490 +05:30 [INF] [5917dd21-caa0-4d57-8910-4b68a0d2b39a] GET /api/schools from 127.0.0.1 by Anonymous
2026-07-22 15:42:20.501 +05:30 [INF] [21a09e33-33d8-4a1d-882d-fa39694405d3] GET /api/fees from 127.0.0.1 by Anonymous
2026-07-22 15:42:20.503 +05:30 [INF] [21a09e33-33d8-4a1d-882d-fa39694405d3] GET /api/fees responded 401 in 1ms
2026-07-22 15:42:20.505 +05:30 [INF] [5917dd21-caa0-4d57-8910-4b68a0d2b39a] GET /api/schools responded 401 in 14ms
2026-07-22 15:42:20.522 +05:30 [INF] [3d909f07-fc8a-4b75-a002-2dc1d22a6d81] GET /api/fees from 127.0.0.1 by Anonymous
2026-07-22 15:42:20.524 +05:30 [INF] [3d909f07-fc8a-4b75-a002-2dc1d22a6d81] GET /api/fees responded 401 in 0ms
2026-07-22 15:42:20.527 +05:30 [INF] [c682d01a-6a85-4b8c-b20d-2da6852bc07d] GET /api/schools from 127.0.0.1 by Anonymous
2026-07-22 15:42:20.529 +05:30 [INF] [c682d01a-6a85-4b8c-b20d-2da6852bc07d] GET /api/schools responded 401 in 0ms
2026-07-22 15:42:20.570 +05:30 [INF] [22f5780f-7554-4adc-b78c-406407f797aa] POST /api/auth/refresh from 127.0.0.1 by Anonymous
2026-07-22 15:42:20.589 +05:30 [INF] [d9f67de8-cfe9-4d72-9db8-9f4cb8073a32] POST /api/auth/refresh from 127.0.0.1 by Anonymous
2026-07-22 15:42:20.591 +05:30 [INF] [c40537bd-69b3-43c4-a60d-3a06884baecb] POST /api/auth/refresh from 127.0.0.1 by Anonymous
2026-07-22 15:42:20.602 +05:30 [INF] [3566ddf0-76a1-4025-a818-693eb567e474] POST /api/auth/refresh from 127.0.0.1 by Anonymous
2026-07-22 15:42:21.160 +05:30 [INF] [c40537bd-69b3-43c4-a60d-3a06884baecb] POST /api/auth/refresh responded 400 in 568ms
2026-07-22 15:42:21.160 +05:30 [INF] [22f5780f-7554-4adc-b78c-406407f797aa] POST /api/auth/refresh responded 400 in 590ms
2026-07-22 15:42:21.160 +05:30 [INF] [3566ddf0-76a1-4025-a818-693eb567e474] POST /api/auth/refresh responded 400 in 557ms
2026-07-22 15:42:21.162 +05:30 [INF] [d9f67de8-cfe9-4d72-9db8-9f4cb8073a32] POST /api/auth/refresh responded 400 in 570ms
2026-07-22 15:42:52.953 +05:30 [INF] [9aa359d1-971f-4052-8a39-cffc4f567334] POST /api/auth/login from 127.0.0.1 by Anonymous
2026-07-22 15:43:00.448 +05:30 [INF] [9aa359d1-971f-4052-8a39-cffc4f567334] POST /api/auth/login responded 200 in 7494ms
2026-07-22 15:43:01.522 +05:30 [INF] [ae0c0d5d-dd6c-4e71-8aad-3b16bd2ba69a] GET /api/dashboard/stats from 127.0.0.1 by Anonymous
2026-07-22 15:43:01.544 +05:30 [INF] [d4432fd7-2bf0-4a0c-9153-2beb12bee47e] GET /api/dashboard/attendance-chart from 127.0.0.1 by Anonymous
2026-07-22 15:43:01.553 +05:30 [INF] [3034f4fa-1ae0-48a0-a374-7c67f578601e] GET /api/dashboard/fee-chart from 127.0.0.1 by Anonymous
2026-07-22 15:43:01.615 +05:30 [INF] [ae0c0d5d-dd6c-4e71-8aad-3b16bd2ba69a] GET /api/dashboard/stats responded 200 in 93ms
2026-07-22 15:43:01.618 +05:30 [INF] [3034f4fa-1ae0-48a0-a374-7c67f578601e] GET /api/dashboard/fee-chart responded 200 in 64ms
2026-07-22 15:43:01.659 +05:30 [INF] [abb7a0db-464a-420c-8383-142990580a0b] GET /api/dashboard/stats from 127.0.0.1 by Anonymous
2026-07-22 15:43:01.661 +05:30 [INF] [05df18e2-d299-4f15-bc81-8f591c06d4fe] GET /api/dashboard/fee-chart from 127.0.0.1 by Anonymous
2026-07-22 15:43:01.692 +05:30 [INF] [05df18e2-d299-4f15-bc81-8f591c06d4fe] GET /api/dashboard/fee-chart responded 200 in 29ms
2026-07-22 15:43:01.742 +05:30 [INF] [abb7a0db-464a-420c-8383-142990580a0b] GET /api/dashboard/stats responded 200 in 81ms
2026-07-22 15:43:02.627 +05:30 [INF] [d4432fd7-2bf0-4a0c-9153-2beb12bee47e] GET /api/dashboard/attendance-chart responded 200 in 1083ms
2026-07-22 15:43:02.646 +05:30 [INF] [ff5a30b6-4d1c-4662-aa1c-398068c64ca1] GET /api/dashboard/attendance-chart from 127.0.0.1 by Anonymous
2026-07-22 15:43:03.445 +05:30 [INF] [ff5a30b6-4d1c-4662-aa1c-398068c64ca1] GET /api/dashboard/attendance-chart responded 200 in 799ms
2026-07-22 15:43:32.835 +05:30 [INF] [f92d0814-e9cc-4834-9c0b-4b9298159962] GET /api/students from 127.0.0.1 by Anonymous
2026-07-22 15:43:32.875 +05:30 [INF] [f92d0814-e9cc-4834-9c0b-4b9298159962] GET /api/students responded 200 in 38ms
2026-07-22 15:43:32.892 +05:30 [INF] [88937d72-0f55-4cb3-aa44-6e33f339cb63] GET /api/students from 127.0.0.1 by Anonymous
2026-07-22 15:43:32.924 +05:30 [INF] [88937d72-0f55-4cb3-aa44-6e33f339cb63] GET /api/students responded 200 in 31ms
2026-07-22 15:43:36.683 +05:30 [INF] [72a9ac60-3f77-442e-965f-149a44ee603f] GET /api/schools from 127.0.0.1 by Anonymous
2026-07-22 15:43:36.691 +05:30 [INF] [3a1224c9-a495-422b-8120-7a88f6c90894] GET /api/fees from 127.0.0.1 by Anonymous
2026-07-22 15:43:36.723 +05:30 [INF] [72a9ac60-3f77-442e-965f-149a44ee603f] GET /api/schools responded 200 in 38ms
2026-07-22 15:43:36.739 +05:30 [INF] [3a1224c9-a495-422b-8120-7a88f6c90894] GET /api/fees responded 200 in 47ms
2026-07-22 15:43:36.745 +05:30 [INF] [14c84c1b-6658-4f3b-84f8-d7a1b817d2b2] GET /api/schools from 127.0.0.1 by Anonymous
2026-07-22 15:43:36.750 +05:30 [INF] [2df3aa7c-844f-410d-a766-1e75d33b3046] GET /api/fees from 127.0.0.1 by Anonymous
2026-07-22 15:43:36.772 +05:30 [INF] [14c84c1b-6658-4f3b-84f8-d7a1b817d2b2] GET /api/schools responded 200 in 27ms
2026-07-22 15:43:36.780 +05:30 [INF] [2df3aa7c-844f-410d-a766-1e75d33b3046] GET /api/fees responded 200 in 28ms
2026-07-22 15:43:36.815 +05:30 [INF] [61d3b79c-e5a6-4d28-a51b-6f60b49bb52e] GET /api/schools/93cfbeb0-5697-4af4-9f0b-0115e7e2e14a/classes from 127.0.0.1 by Anonymous
2026-07-22 15:43:36.827 +05:30 [INF] [8d22a54d-6da1-48b2-99c0-28c4bfbe2925] GET /api/schools/93cfbeb0-5697-4af4-9f0b-0115e7e2e14a/academic-years from 127.0.0.1 by Anonymous
2026-07-22 15:43:36.844 +05:30 [INF] [61d3b79c-e5a6-4d28-a51b-6f60b49bb52e] GET /api/schools/93cfbeb0-5697-4af4-9f0b-0115e7e2e14a/classes responded 200 in 27ms
2026-07-22 15:43:36.855 +05:30 [INF] [8d22a54d-6da1-48b2-99c0-28c4bfbe2925] GET /api/schools/93cfbeb0-5697-4af4-9f0b-0115e7e2e14a/academic-years responded 200 in 27ms
2026-07-22 15:43:36.881 +05:30 [INF] [6600b636-acc5-45b8-8c3f-3580210cfca3] GET /api/schools/93cfbeb0-5697-4af4-9f0b-0115e7e2e14a/classes from 127.0.0.1 by Anonymous
2026-07-22 15:43:36.892 +05:30 [INF] [5a6914f4-37af-4b5b-be60-35b35f82c096] GET /api/schools/93cfbeb0-5697-4af4-9f0b-0115e7e2e14a/academic-years from 127.0.0.1 by Anonymous
2026-07-22 15:43:36.909 +05:30 [INF] [6600b636-acc5-45b8-8c3f-3580210cfca3] GET /api/schools/93cfbeb0-5697-4af4-9f0b-0115e7e2e14a/classes responded 200 in 27ms
2026-07-22 15:43:36.922 +05:30 [INF] [5a6914f4-37af-4b5b-be60-35b35f82c096] GET /api/schools/93cfbeb0-5697-4af4-9f0b-0115e7e2e14a/academic-years responded 200 in 28ms
2026-07-22 15:43:55.094 +05:30 [INF] [a996f70b-2aa8-45c5-8a9f-b5103e667302] POST /api/fees from 127.0.0.1 by Anonymous
2026-07-22 15:43:55.126 +05:30 [ERR] Failed executing DbCommand (12ms) [Parameters=[@p0='?' (DbType = Guid), @p1='?' (DbType = Guid), @p2='?' (DbType = Decimal), @p3='?' (DbType = Guid), @p4='?' (DbType = DateTime), @p5='?' (Size = 4000), @p6='?' (DbType = DateTime), @p7='?' (Size = 4000), @p8='?' (Size = 4000), @p9='?' (DbType = Guid), @p10='?' (DbType = Boolean), @p11='?' (DbType = Boolean), @p12='?' (Size = 200), @p13='?' (DbType = DateTime), @p14='?' (Size = 4000)], CommandType='"Text"', CommandTimeout='30']
SET AUTOCOMMIT = 1;
INSERT INTO `FeeStructures` (`Id`, `AcademicYearId`, `Amount`, `ClassRoomId`, `CreatedAt`, `CreatedBy`, `DeletedAt`, `DeletedBy`, `Description`, `FeeHeadId`, `IsDeleted`, `IsRequired`, `Name`, `UpdatedAt`, `UpdatedBy`)
VALUES (@p0, @p1, @p2, @p3, @p4, @p5, @p6, @p7, @p8, @p9, @p10, @p11, @p12, @p13, @p14);
2026-07-22 15:43:55.129 +05:30 [ERR] An exception occurred in the database while saving changes for context type 'SchoolCRM.Infrastructure.Data.ApplicationDbContext'.
Microsoft.EntityFrameworkCore.DbUpdateException: An error occurred while saving the entity changes. See the inner exception for details.
 ---> MySqlConnector.MySqlException (0x80004005): Cannot add or update a child row: a foreign key constraint fails (`schoolcrm`.`FeeStructures`, CONSTRAINT `FK_FeeStructures_FeeHeads_FeeHeadId` FOREIGN KEY (`FeeHeadId`) REFERENCES `FeeHeads` (`Id`) ON DELETE CASCADE)
   at MySqlConnector.Core.ServerSession.ReceiveReplyAsync(IOBehavior ioBehavior, CancellationToken cancellationToken) in /_/src/MySqlConnector/Core/ServerSession.cs:line 894
   at MySqlConnector.Core.ResultSet.ReadResultSetHeaderAsync(IOBehavior ioBehavior) in /_/src/MySqlConnector/Core/ResultSet.cs:line 37
   at MySqlConnector.MySqlDataReader.ActivateResultSet(CancellationToken cancellationToken) in /_/src/MySqlConnector/MySqlDataReader.cs:line 130
   at MySqlConnector.MySqlDataReader.InitAsync(CommandListPosition commandListPosition, ICommandPayloadCreator payloadCreator, IDictionary`2 cachedProcedures, IMySqlCommand command, CommandBehavior behavior, Activity activity, IOBehavior ioBehavior, CancellationToken cancellationToken) in /_/src/MySqlConnector/MySqlDataReader.cs:line 483
   at MySqlConnector.Core.CommandExecutor.ExecuteReaderAsync(CommandListPosition commandListPosition, ICommandPayloadCreator payloadCreator, CommandBehavior behavior, Activity activity, IOBehavior ioBehavior, CancellationToken cancellationToken) in /_/src/MySqlConnector/Core/CommandExecutor.cs:line 56
   at MySqlConnector.MySqlCommand.ExecuteReaderAsync(CommandBehavior behavior, IOBehavior ioBehavior, CancellationToken cancellationToken) in /_/src/MySqlConnector/MySqlCommand.cs:line 357
   at MySqlConnector.MySqlCommand.ExecuteDbDataReaderAsync(CommandBehavior behavior, CancellationToken cancellationToken) in /_/src/MySqlConnector/MySqlCommand.cs:line 350
   at Microsoft.EntityFrameworkCore.Storage.RelationalCommand.ExecuteReaderAsync(RelationalCommandParameterObject parameterObject, CancellationToken cancellationToken)
   at Microsoft.EntityFrameworkCore.Storage.RelationalCommand.ExecuteReaderAsync(RelationalCommandParameterObject parameterObject, CancellationToken cancellationToken)
   at Microsoft.EntityFrameworkCore.Update.ReaderModificationCommandBatch.ExecuteAsync(IRelationalConnection connection, CancellationToken cancellationToken)
   --- End of inner exception stack trace ---
   at Microsoft.EntityFrameworkCore.Update.ReaderModificationCommandBatch.ExecuteAsync(IRelationalConnection connection, CancellationToken cancellationToken)
   at Microsoft.EntityFrameworkCore.Update.Internal.BatchExecutor.ExecuteAsync(IEnumerable`1 commandBatches, IRelationalConnection connection, CancellationToken cancellationToken)
   at Microsoft.EntityFrameworkCore.Update.Internal.BatchExecutor.ExecuteAsync(IEnumerable`1 commandBatches, IRelationalConnection connection, CancellationToken cancellationToken)
   at Microsoft.EntityFrameworkCore.Update.Internal.BatchExecutor.ExecuteAsync(IEnumerable`1 commandBatches, IRelationalConnection connection, CancellationToken cancellationToken)
   at Microsoft.EntityFrameworkCore.ChangeTracking.Internal.StateManager.SaveChangesAsync(IList`1 entriesToSave, CancellationToken cancellationToken)
   at Microsoft.EntityFrameworkCore.ChangeTracking.Internal.StateManager.SaveChangesAsync(StateManager stateManager, Boolean acceptAllChangesOnSuccess, CancellationToken cancellationToken)
   at Microsoft.EntityFrameworkCore.Storage.ExecutionStrategy.<>c__DisplayClass30_0`2.<<ExecuteAsync>b__0>d.MoveNext()
--- End of stack trace from previous location ---
   at Microsoft.EntityFrameworkCore.Storage.ExecutionStrategy.ExecuteImplementationAsync[TState,TResult](Func`4 operation, Func`4 verifySucceeded, TState state, CancellationToken cancellationToken)
   at Microsoft.EntityFrameworkCore.Storage.ExecutionStrategy.ExecuteImplementationAsync[TState,TResult](Func`4 operation, Func`4 verifySucceeded, TState state, CancellationToken cancellationToken)
   at Microsoft.EntityFrameworkCore.Storage.ExecutionStrategy.ExecuteAsync[TState,TResult](TState state, Func`4 operation, Func`4 verifySucceeded, CancellationToken cancellationToken)
   at Microsoft.EntityFrameworkCore.DbContext.SaveChangesAsync(Boolean acceptAllChangesOnSuccess, CancellationToken cancellationToken)
Microsoft.EntityFrameworkCore.DbUpdateException: An error occurred while saving the entity changes. See the inner exception for details.
 ---> MySqlConnector.MySqlException (0x80004005): Cannot add or update a child row: a foreign key constraint fails (`schoolcrm`.`FeeStructures`, CONSTRAINT `FK_FeeStructures_FeeHeads_FeeHeadId` FOREIGN KEY (`FeeHeadId`) REFERENCES `FeeHeads` (`Id`) ON DELETE CASCADE)
   at MySqlConnector.Core.ServerSession.ReceiveReplyAsync(IOBehavior ioBehavior, CancellationToken cancellationToken) in /_/src/MySqlConnector/Core/ServerSession.cs:line 894
   at MySqlConnector.Core.ResultSet.ReadResultSetHeaderAsync(IOBehavior ioBehavior) in /_/src/MySqlConnector/Core/ResultSet.cs:line 37
   at MySqlConnector.MySqlDataReader.ActivateResultSet(CancellationToken cancellationToken) in /_/src/MySqlConnector/MySqlDataReader.cs:line 130
   at MySqlConnector.MySqlDataReader.InitAsync(CommandListPosition commandListPosition, ICommandPayloadCreator payloadCreator, IDictionary`2 cachedProcedures, IMySqlCommand command, CommandBehavior behavior, Activity activity, IOBehavior ioBehavior, CancellationToken cancellationToken) in /_/src/MySqlConnector/MySqlDataReader.cs:line 483
   at MySqlConnector.Core.CommandExecutor.ExecuteReaderAsync(CommandListPosition commandListPosition, ICommandPayloadCreator payloadCreator, CommandBehavior behavior, Activity activity, IOBehavior ioBehavior, CancellationToken cancellationToken) in /_/src/MySqlConnector/Core/CommandExecutor.cs:line 56
   at MySqlConnector.MySqlCommand.ExecuteReaderAsync(CommandBehavior behavior, IOBehavior ioBehavior, CancellationToken cancellationToken) in /_/src/MySqlConnector/MySqlCommand.cs:line 357
   at MySqlConnector.MySqlCommand.ExecuteDbDataReaderAsync(CommandBehavior behavior, CancellationToken cancellationToken) in /_/src/MySqlConnector/MySqlCommand.cs:line 350
   at Microsoft.EntityFrameworkCore.Storage.RelationalCommand.ExecuteReaderAsync(RelationalCommandParameterObject parameterObject, CancellationToken cancellationToken)
   at Microsoft.EntityFrameworkCore.Storage.RelationalCommand.ExecuteReaderAsync(RelationalCommandParameterObject parameterObject, CancellationToken cancellationToken)
   at Microsoft.EntityFrameworkCore.Update.ReaderModificationCommandBatch.ExecuteAsync(IRelationalConnection connection, CancellationToken cancellationToken)
   --- End of inner exception stack trace ---
   at Microsoft.EntityFrameworkCore.Update.ReaderModificationCommandBatch.ExecuteAsync(IRelationalConnection connection, CancellationToken cancellationToken)
   at Microsoft.EntityFrameworkCore.Update.Internal.BatchExecutor.ExecuteAsync(IEnumerable`1 commandBatches, IRelationalConnection connection, CancellationToken cancellationToken)
   at Microsoft.EntityFrameworkCore.Update.Internal.BatchExecutor.ExecuteAsync(IEnumerable`1 commandBatches, IRelationalConnection connection, CancellationToken cancellationToken)
   at Microsoft.EntityFrameworkCore.Update.Internal.BatchExecutor.ExecuteAsync(IEnumerable`1 commandBatches, IRelationalConnection connection, CancellationToken cancellationToken)
   at Microsoft.EntityFrameworkCore.ChangeTracking.Internal.StateManager.SaveChangesAsync(IList`1 entriesToSave, CancellationToken cancellationToken)
   at Microsoft.EntityFrameworkCore.ChangeTracking.Internal.StateManager.SaveChangesAsync(StateManager stateManager, Boolean acceptAllChangesOnSuccess, CancellationToken cancellationToken)
   at Microsoft.EntityFrameworkCore.Storage.ExecutionStrategy.<>c__DisplayClass30_0`2.<<ExecuteAsync>b__0>d.MoveNext()
--- End of stack trace from previous location ---
   at Microsoft.EntityFrameworkCore.Storage.ExecutionStrategy.ExecuteImplementationAsync[TState,TResult](Func`4 operation, Func`4 verifySucceeded, TState state, CancellationToken cancellationToken)
   at Microsoft.EntityFrameworkCore.Storage.ExecutionStrategy.ExecuteImplementationAsync[TState,TResult](Func`4 operation, Func`4 verifySucceeded, TState state, CancellationToken cancellationToken)
   at Microsoft.EntityFrameworkCore.Storage.ExecutionStrategy.ExecuteAsync[TState,TResult](TState state, Func`4 operation, Func`4 verifySucceeded, CancellationToken cancellationToken)
   at Microsoft.EntityFrameworkCore.DbContext.SaveChangesAsync(Boolean acceptAllChangesOnSuccess, CancellationToken cancellationToken)
2026-07-22 15:43:55.142 +05:30 [INF] [a996f70b-2aa8-45c5-8a9f-b5103e667302] POST /api/fees responded 400 in 46ms
2026-07-22 15:44:02.781 +05:30 [INF] [6b831b2e-e9ad-4011-9cb9-f6e065e0ea6e] POST /api/fees from 127.0.0.1 by Anonymous
2026-07-22 15:44:02.811 +05:30 [ERR] Failed executing DbCommand (11ms) [Parameters=[@p0='?' (DbType = Guid), @p1='?' (DbType = Guid), @p2='?' (DbType = Decimal), @p3='?' (DbType = Guid), @p4='?' (DbType = DateTime), @p5='?' (Size = 4000), @p6='?' (DbType = DateTime), @p7='?' (Size = 4000), @p8='?' (Size = 4000), @p9='?' (DbType = Guid), @p10='?' (DbType = Boolean), @p11='?' (DbType = Boolean), @p12='?' (Size = 200), @p13='?' (DbType = DateTime), @p14='?' (Size = 4000)], CommandType='"Text"', CommandTimeout='30']
SET AUTOCOMMIT = 1;
INSERT INTO `FeeStructures` (`Id`, `AcademicYearId`, `Amount`, `ClassRoomId`, `CreatedAt`, `CreatedBy`, `DeletedAt`, `DeletedBy`, `Description`, `FeeHeadId`, `IsDeleted`, `IsRequired`, `Name`, `UpdatedAt`, `UpdatedBy`)
VALUES (@p0, @p1, @p2, @p3, @p4, @p5, @p6, @p7, @p8, @p9, @p10, @p11, @p12, @p13, @p14);
2026-07-22 15:44:02.819 +05:30 [ERR] An exception occurred in the database while saving changes for context type 'SchoolCRM.Infrastructure.Data.ApplicationDbContext'.
Microsoft.EntityFrameworkCore.DbUpdateException: An error occurred while saving the entity changes. See the inner exception for details.
 ---> MySqlConnector.MySqlException (0x80004005): Cannot add or update a child row: a foreign key constraint fails (`schoolcrm`.`FeeStructures`, CONSTRAINT `FK_FeeStructures_FeeHeads_FeeHeadId` FOREIGN KEY (`FeeHeadId`) REFERENCES `FeeHeads` (`Id`) ON DELETE CASCADE)
   at MySqlConnector.Core.ServerSession.ReceiveReplyAsync(IOBehavior ioBehavior, CancellationToken cancellationToken) in /_/src/MySqlConnector/Core/ServerSession.cs:line 894
   at MySqlConnector.Core.ResultSet.ReadResultSetHeaderAsync(IOBehavior ioBehavior) in /_/src/MySqlConnector/Core/ResultSet.cs:line 37
   at MySqlConnector.MySqlDataReader.ActivateResultSet(CancellationToken cancellationToken) in /_/src/MySqlConnector/MySqlDataReader.cs:line 130
   at MySqlConnector.MySqlDataReader.InitAsync(CommandListPosition commandListPosition, ICommandPayloadCreator payloadCreator, IDictionary`2 cachedProcedures, IMySqlCommand command, CommandBehavior behavior, Activity activity, IOBehavior ioBehavior, CancellationToken cancellationToken) in /_/src/MySqlConnector/MySqlDataReader.cs:line 483
   at MySqlConnector.Core.CommandExecutor.ExecuteReaderAsync(CommandListPosition commandListPosition, ICommandPayloadCreator payloadCreator, CommandBehavior behavior, Activity activity, IOBehavior ioBehavior, CancellationToken cancellationToken) in /_/src/MySqlConnector/Core/CommandExecutor.cs:line 56
   at MySqlConnector.MySqlCommand.ExecuteReaderAsync(CommandBehavior behavior, IOBehavior ioBehavior, CancellationToken cancellationToken) in /_/src/MySqlConnector/MySqlCommand.cs:line 357
   at MySqlConnector.MySqlCommand.ExecuteDbDataReaderAsync(CommandBehavior behavior, CancellationToken cancellationToken) in /_/src/MySqlConnector/MySqlCommand.cs:line 350
   at Microsoft.EntityFrameworkCore.Storage.RelationalCommand.ExecuteReaderAsync(RelationalCommandParameterObject parameterObject, CancellationToken cancellationToken)
   at Microsoft.EntityFrameworkCore.Storage.RelationalCommand.ExecuteReaderAsync(RelationalCommandParameterObject parameterObject, CancellationToken cancellationToken)
   at Microsoft.EntityFrameworkCore.Update.ReaderModificationCommandBatch.ExecuteAsync(IRelationalConnection connection, CancellationToken cancellationToken)
   --- End of inner exception stack trace ---
   at Microsoft.EntityFrameworkCore.Update.ReaderModificationCommandBatch.ExecuteAsync(IRelationalConnection connection, CancellationToken cancellationToken)
   at Microsoft.EntityFrameworkCore.Update.Internal.BatchExecutor.ExecuteAsync(IEnumerable`1 commandBatches, IRelationalConnection connection, CancellationToken cancellationToken)
   at Microsoft.EntityFrameworkCore.Update.Internal.BatchExecutor.ExecuteAsync(IEnumerable`1 commandBatches, IRelationalConnection connection, CancellationToken cancellationToken)
   at Microsoft.EntityFrameworkCore.Update.Internal.BatchExecutor.ExecuteAsync(IEnumerable`1 commandBatches, IRelationalConnection connection, CancellationToken cancellationToken)
   at Microsoft.EntityFrameworkCore.ChangeTracking.Internal.StateManager.SaveChangesAsync(IList`1 entriesToSave, CancellationToken cancellationToken)
   at Microsoft.EntityFrameworkCore.ChangeTracking.Internal.StateManager.SaveChangesAsync(StateManager stateManager, Boolean acceptAllChangesOnSuccess, CancellationToken cancellationToken)
   at Microsoft.EntityFrameworkCore.Storage.ExecutionStrategy.<>c__DisplayClass30_0`2.<<ExecuteAsync>b__0>d.MoveNext()
--- End of stack trace from previous location ---
   at Microsoft.EntityFrameworkCore.Storage.ExecutionStrategy.ExecuteImplementationAsync[TState,TResult](Func`4 operation, Func`4 verifySucceeded, TState state, CancellationToken cancellationToken)
   at Microsoft.EntityFrameworkCore.Storage.ExecutionStrategy.ExecuteImplementationAsync[TState,TResult](Func`4 operation, Func`4 verifySucceeded, TState state, CancellationToken cancellationToken)
   at Microsoft.EntityFrameworkCore.Storage.ExecutionStrategy.ExecuteAsync[TState,TResult](TState state, Func`4 operation, Func`4 verifySucceeded, CancellationToken cancellationToken)
   at Microsoft.EntityFrameworkCore.DbContext.SaveChangesAsync(Boolean acceptAllChangesOnSuccess, CancellationToken cancellationToken)
Microsoft.EntityFrameworkCore.DbUpdateException: An error occurred while saving the entity changes. See the inner exception for details.
 ---> MySqlConnector.MySqlException (0x80004005): Cannot add or update a child row: a foreign key constraint fails (`schoolcrm`.`FeeStructures`, CONSTRAINT `FK_FeeStructures_FeeHeads_FeeHeadId` FOREIGN KEY (`FeeHeadId`) REFERENCES `FeeHeads` (`Id`) ON DELETE CASCADE)
   at MySqlConnector.Core.ServerSession.ReceiveReplyAsync(IOBehavior ioBehavior, CancellationToken cancellationToken) in /_/src/MySqlConnector/Core/ServerSession.cs:line 894
   at MySqlConnector.Core.ResultSet.ReadResultSetHeaderAsync(IOBehavior ioBehavior) in /_/src/MySqlConnector/Core/ResultSet.cs:line 37
   at MySqlConnector.MySqlDataReader.ActivateResultSet(CancellationToken cancellationToken) in /_/src/MySqlConnector/MySqlDataReader.cs:line 130
   at MySqlConnector.MySqlDataReader.InitAsync(CommandListPosition commandListPosition, ICommandPayloadCreator payloadCreator, IDictionary`2 cachedProcedures, IMySqlCommand command, CommandBehavior behavior, Activity activity, IOBehavior ioBehavior, CancellationToken cancellationToken) in /_/src/MySqlConnector/MySqlDataReader.cs:line 483
   at MySqlConnector.Core.CommandExecutor.ExecuteReaderAsync(CommandListPosition commandListPosition, ICommandPayloadCreator payloadCreator, CommandBehavior behavior, Activity activity, IOBehavior ioBehavior, CancellationToken cancellationToken) in /_/src/MySqlConnector/Core/CommandExecutor.cs:line 56
   at MySqlConnector.MySqlCommand.ExecuteReaderAsync(CommandBehavior behavior, IOBehavior ioBehavior, CancellationToken cancellationToken) in /_/src/MySqlConnector/MySqlCommand.cs:line 357
   at MySqlConnector.MySqlCommand.ExecuteDbDataReaderAsync(CommandBehavior behavior, CancellationToken cancellationToken) in /_/src/MySqlConnector/MySqlCommand.cs:line 350
   at Microsoft.EntityFrameworkCore.Storage.RelationalCommand.ExecuteReaderAsync(RelationalCommandParameterObject parameterObject, CancellationToken cancellationToken)
   at Microsoft.EntityFrameworkCore.Storage.RelationalCommand.ExecuteReaderAsync(RelationalCommandParameterObject parameterObject, CancellationToken cancellationToken)
   at Microsoft.EntityFrameworkCore.Update.ReaderModificationCommandBatch.ExecuteAsync(IRelationalConnection connection, CancellationToken cancellationToken)
   --- End of inner exception stack trace ---
   at Microsoft.EntityFrameworkCore.Update.ReaderModificationCommandBatch.ExecuteAsync(IRelationalConnection connection, CancellationToken cancellationToken)
   at Microsoft.EntityFrameworkCore.Update.Internal.BatchExecutor.ExecuteAsync(IEnumerable`1 commandBatches, IRelationalConnection connection, CancellationToken cancellationToken)
   at Microsoft.EntityFrameworkCore.Update.Internal.BatchExecutor.ExecuteAsync(IEnumerable`1 commandBatches, IRelationalConnection connection, CancellationToken cancellationToken)
   at Microsoft.EntityFrameworkCore.Update.Internal.BatchExecutor.ExecuteAsync(IEnumerable`1 commandBatches, IRelationalConnection connection, CancellationToken cancellationToken)
   at Microsoft.EntityFrameworkCore.ChangeTracking.Internal.StateManager.SaveChangesAsync(IList`1 entriesToSave, CancellationToken cancellationToken)
   at Microsoft.EntityFrameworkCore.ChangeTracking.Internal.StateManager.SaveChangesAsync(StateManager stateManager, Boolean acceptAllChangesOnSuccess, CancellationToken cancellationToken)
   at Microsoft.EntityFrameworkCore.Storage.ExecutionStrategy.<>c__DisplayClass30_0`2.<<ExecuteAsync>b__0>d.MoveNext()
--- End of stack trace from previous location ---
   at Microsoft.EntityFrameworkCore.Storage.ExecutionStrategy.ExecuteImplementationAsync[TState,TResult](Func`4 operation, Func`4 verifySucceeded, TState state, CancellationToken cancellationToken)
   at Microsoft.EntityFrameworkCore.Storage.ExecutionStrategy.ExecuteImplementationAsync[TState,TResult](Func`4 operation, Func`4 verifySucceeded, TState state, CancellationToken cancellationToken)
   at Microsoft.EntityFrameworkCore.Storage.ExecutionStrategy.ExecuteAsync[TState,TResult](TState state, Func`4 operation, Func`4 verifySucceeded, CancellationToken cancellationToken)
   at Microsoft.EntityFrameworkCore.DbContext.SaveChangesAsync(Boolean acceptAllChangesOnSuccess, CancellationToken cancellationToken)
2026-07-22 15:44:02.830 +05:30 [INF] [6b831b2e-e9ad-4011-9cb9-f6e065e0ea6e] POST /api/fees responded 400 in 48ms
mb4 NULL,
    `CreatedAt` datetime(6) NOT NULL,
    `UpdatedAt` datetime(6) NULL,
    `DeletedAt` datetime(6) NULL,
    `IsDeleted` tinyint(1) NOT NULL,
    CONSTRAINT `PK_StockTransactions` PRIMARY KEY (`Id`),
    CONSTRAINT `FK_StockTransactions_InventoryItems_ItemId` FOREIGN KEY (`ItemId`) REFERENCES `InventoryItems` (`Id`) ON DELETE CASCADE
) CHARACTER SET=utf8mb4;
2026-07-22 15:35:21.477 +05:30 [INF] Executed DbCommand (104ms) [Parameters=[], CommandType='"Text"', CommandTimeout='30']
CREATE TABLE `AcademicYears` (
    `Id` char(36) COLLATE ascii_general_ci NOT NULL,
    `Name` varchar(50) CHARACTER SET utf8mb4 NOT NULL,
    `StartDate` datetime(6) NOT NULL,
    `EndDate` datetime(6) NOT NULL,
    `IsCurrent` tinyint(1) NOT NULL,
    `SchoolId` char(36) COLLATE ascii_general_ci NOT NULL,
    `CreatedBy` longtext CHARACTER SET utf8mb4 NULL,
    `UpdatedBy` longtext CHARACTER SET utf8mb4 NULL,
    `DeletedBy` longtext CHARACTER SET utf8mb4 NULL,
    `CreatedAt` datetime(6) NOT NULL,
    `UpdatedAt` datetime(6) NULL,
    `DeletedAt` datetime(6) NULL,
    `IsDeleted` tinyint(1) NOT NULL,
    CONSTRAINT `PK_AcademicYears` PRIMARY KEY (`Id`)
) CHARACTER SET=utf8mb4;
2026-07-22 15:35:21.606 +05:30 [INF] Executed DbCommand (128ms) [Parameters=[], CommandType='"Text"', CommandTimeout='30']
CREATE TABLE `Schools` (
    `Id` char(36) COLLATE ascii_general_ci NOT NULL,
    `Name` varchar(200) CHARACTER SET utf8mb4 NOT NULL,
    `Code` varchar(50) CHARACTER SET utf8mb4 NOT NULL,
    `Description` longtext CHARACTER SET utf8mb4 NULL,
    `Email` varchar(200) CHARACTER SET utf8mb4 NULL,
    `Phone` varchar(20) CHARACTER SET utf8mb4 NULL,
    `Website` varchar(200) CHARACTER SET utf8mb4 NULL,
    `Address` varchar(500) CHARACTER SET utf8mb4 NULL,
    `City` longtext CHARACTER SET utf8mb4 NULL,
    `State` longtext CHARACTER SET utf8mb4 NULL,
    `Country` longtext CHARACTER SET utf8mb4 NULL,
    `PostalCode` longtext CHARACTER SET utf8mb4 NULL,
    `LogoUrl` varchar(500) CHARACTER SET utf8mb4 NULL,
    `PrincipalName` longtext CHARACTER SET utf8mb4 NULL,
    `EstablishedDate` longtext CHARACTER SET utf8mb4 NULL,
    `RegistrationNumber` longtext CHARACTER SET utf8mb4 NULL,
    `AffiliationNumber` longtext CHARACTER SET utf8mb4 NULL,
    `CurrentAcademicYearId` char(36) COLLATE ascii_general_ci NULL,
    `CreatedBy` longtext CHARACTER SET utf8mb4 NULL,
    `UpdatedBy` longtext CHARACTER SET utf8mb4 NULL,
    `DeletedBy` longtext CHARACTER SET utf8mb4 NULL,
    `CreatedAt` datetime(6) NOT NULL,
    `UpdatedAt` datetime(6) NULL,
    `DeletedAt` datetime(6) NULL,
    `IsDeleted` tinyint(1) NOT NULL,
    CONSTRAINT `PK_Schools` PRIMARY KEY (`Id`),
    CONSTRAINT `FK_Schools_AcademicYears_CurrentAcademicYearId` FOREIGN KEY (`CurrentAcademicYearId`) REFERENCES `AcademicYears` (`Id`) ON DELETE SET NULL
) CHARACTER SET=utf8mb4;
2026-07-22 15:35:21.741 +05:30 [INF] Executed DbCommand (135ms) [Parameters=[], CommandType='"Text"', CommandTimeout='30']
CREATE TABLE `Branches` (
    `Id` char(36) COLLATE ascii_general_ci NOT NULL,
    `Name` varchar(200) CHARACTER SET utf8mb4 NOT NULL,
    `Code` varchar(50) CHARACTER SET utf8mb4 NOT NULL,
    `Address` longtext CHARACTER SET utf8mb4 NULL,
    `City` longtext CHARACTER SET utf8mb4 NULL,
    `State` longtext CHARACTER SET utf8mb4 NULL,
    `Phone` longtext CHARACTER SET utf8mb4 NULL,
    `Email` longtext CHARACTER SET utf8mb4 NULL,
    `InChargeName` longtext CHARACTER SET utf8mb4 NULL,
    `SchoolId` char(36) COLLATE ascii_general_ci NOT NULL,
    `CreatedBy` longtext CHARACTER SET utf8mb4 NULL,
    `UpdatedBy` longtext CHARACTER SET utf8mb4 NULL,
    `DeletedBy` longtext CHARACTER SET utf8mb4 NULL,
    `CreatedAt` datetime(6) NOT NULL,
    `UpdatedAt` datetime(6) NULL,
    `DeletedAt` datetime(6) NULL,
    `IsDeleted` tinyint(1) NOT NULL,
    CONSTRAINT `PK_Branches` PRIMARY KEY (`Id`),
    CONSTRAINT `FK_Branches_Schools_SchoolId` FOREIGN KEY (`SchoolId`) REFERENCES `Schools` (`Id`) ON DELETE CASCADE
) CHARACTER SET=utf8mb4;
2026-07-22 15:35:21.876 +05:30 [INF] Executed DbCommand (135ms) [Parameters=[], CommandType='"Text"', CommandTimeout='30']
CREATE TABLE `Departments` (
    `Id` char(36) COLLATE ascii_general_ci NOT NULL,
    `Name` varchar(200) CHARACTER SET utf8mb4 NOT NULL,
    `Code` varchar(50) CHARACTER SET utf8mb4 NOT NULL,
    `Description` longtext CHARACTER SET utf8mb4 NULL,
    `SchoolId` char(36) COLLATE ascii_general_ci NOT NULL,
    `HeadOfDepartmentId` char(36) COLLATE ascii_general_ci NULL,
    `CreatedBy` longtext CHARACTER SET utf8mb4 NULL,
    `UpdatedBy` longtext CHARACTER SET utf8mb4 NULL,
    `DeletedBy` longtext CHARACTER SET utf8mb4 NULL,
    `CreatedAt` datetime(6) NOT NULL,
    `UpdatedAt` datetime(6) NULL,
    `DeletedAt` datetime(6) NULL,
    `IsDeleted` tinyint(1) NOT NULL,
    CONSTRAINT `PK_Departments` PRIMARY KEY (`Id`),
    CONSTRAINT `FK_Departments_Schools_SchoolId` FOREIGN KEY (`SchoolId`) REFERENCES `Schools` (`Id`) ON DELETE CASCADE
) CHARACTER SET=utf8mb4;
2026-07-22 15:35:22.049 +05:30 [INF] Executed DbCommand (172ms) [Parameters=[], CommandType='"Text"', CommandTimeout='30']
CREATE TABLE `Exams` (
    `Id` char(36) COLLATE ascii_general_ci NOT NULL,
    `Name` varchar(200) CHARACTER SET utf8mb4 NOT NULL,
    `Description` longtext CHARACTER SET utf8mb4 NULL,
    `StartDate` datetime(6) NOT NULL,
    `EndDate` datetime(6) NOT NULL,
    `Status` int NOT NULL,
    `ExamTypeId` char(36) COLLATE ascii_general_ci NOT NULL,
    `SchoolId` char(36) COLLATE ascii_general_ci NOT NULL,
    `AcademicYearId` char(36) COLLATE ascii_general_ci NOT NULL,
    `CreatedBy` longtext CHARACTER SET utf8mb4 NULL,
    `UpdatedBy` longtext CHARACTER SET utf8mb4 NULL,
    `DeletedBy` longtext CHARACTER SET utf8mb4 NULL,
    `CreatedAt` datetime(6) NOT NULL,
    `UpdatedAt` datetime(6) NULL,
    `DeletedAt` datetime(6) NULL,
    `IsDeleted` tinyint(1) NOT NULL,
    CONSTRAINT `PK_Exams` PRIMARY KEY (`Id`),
    CONSTRAINT `FK_Exams_AcademicYears_AcademicYearId` FOREIGN KEY (`AcademicYearId`) REFERENCES `AcademicYears` (`Id`) ON DELETE CASCADE,
    CONSTRAINT `FK_Exams_ExamTypes_ExamTypeId` FOREIGN KEY (`ExamTypeId`) REFERENCES `ExamTypes` (`Id`) ON DELETE CASCADE,
    CONSTRAINT `FK_Exams_Schools_SchoolId` FOREIGN KEY (`SchoolId`) REFERENCES `Schools` (`Id`) ON DELETE CASCADE
) CHARACTER SET=utf8mb4;
2026-07-22 15:35:22.241 +05:30 [INF] Executed DbCommand (191ms) [Parameters=[], CommandType='"Text"', CommandTimeout='30']
CREATE TABLE `ClassRooms` (
    `Id` char(36) COLLATE ascii_general_ci NOT NULL,
    `Name` varchar(100) CHARACTER SET utf8mb4 NOT NULL,
    `Code` varchar(50) CHARACTER SET utf8mb4 NOT NULL,
    `Capacity` int NOT NULL,
    `RoomNumber` longtext CHARACTER SET utf8mb4 NULL,
    `Building` longtext CHARACTER SET utf8mb4 NULL,
    `SchoolId` char(36) COLLATE ascii_general_ci NOT NULL,
    `AcademicYearId` char(36) COLLATE ascii_general_ci NOT NULL,
    `DepartmentId` char(36) COLLATE ascii_general_ci NULL,
    `CreatedBy` longtext CHARACTER SET utf8mb4 NULL,
    `UpdatedBy` longtext CHARACTER SET utf8mb4 NULL,
    `DeletedBy` longtext CHARACTER SET utf8mb4 NULL,
    `CreatedAt` datetime(6) NOT NULL,
    `UpdatedAt` datetime(6) NULL,
    `DeletedAt` datetime(6) NULL,
    `IsDeleted` tinyint(1) NOT NULL,
    CONSTRAINT `PK_ClassRooms` PRIMARY KEY (`Id`),
    CONSTRAINT `FK_ClassRooms_AcademicYears_AcademicYearId` FOREIGN KEY (`AcademicYearId`) REFERENCES `AcademicYears` (`Id`) ON DELETE CASCADE,
    CONSTRAINT `FK_ClassRooms_Departments_DepartmentId` FOREIGN KEY (`DepartmentId`) REFERENCES `Departments` (`Id`) ON DELETE SET NULL,
    CONSTRAINT `FK_ClassRooms_Schools_SchoolId` FOREIGN KEY (`SchoolId`) REFERENCES `Schools` (`Id`) ON DELETE CASCADE
) CHARACTER SET=utf8mb4;
2026-07-22 15:35:22.434 +05:30 [INF] Executed DbCommand (193ms) [Parameters=[], CommandType='"Text"', CommandTimeout='30']
CREATE TABLE `Employees` (
    `Id` char(36) COLLATE ascii_general_ci NOT NULL,
    `EmployeeCode` varchar(50) CHARACTER SET utf8mb4 NOT NULL,
    `UserId` char(36) COLLATE ascii_general_ci NOT NULL,
    `SchoolId` char(36) COLLATE ascii_general_ci NOT NULL,
    `DepartmentId` char(36) COLLATE ascii_general_ci NULL,
    `DesignationId` char(36) COLLATE ascii_general_ci NULL,
    `JoiningDate` datetime(6) NOT NULL,
    `Status` int NOT NULL,
    `EmploymentType` longtext CHARACTER SET utf8mb4 NULL,
    `BasicSalary` decimal(65,30) NULL,
    `BankAccountNumber` longtext CHARACTER SET utf8mb4 NULL,
    `BankName` longtext CHARACTER SET utf8mb4 NULL,
    `PFAccountNumber` longtext CHARACTER SET utf8mb4 NULL,
    `PANNumber` longtext CHARACTER SET utf8mb4 NULL,
    `ContractEndDate` longtext CHARACTER SET utf8mb4 NULL,
    `CreatedBy` longtext CHARACTER SET utf8mb4 NULL,
    `UpdatedBy` longtext CHARACTER SET utf8mb4 NULL,
    `DeletedBy` longtext CHARACTER SET utf8mb4 NULL,
    `CreatedAt` datetime(6) NOT NULL,
    `UpdatedAt` datetime(6) NULL,
    `DeletedAt` datetime(6) NULL,
    `IsDeleted` tinyint(1) NOT NULL,
    CONSTRAINT `PK_Employees` PRIMARY KEY (`Id`),
    CONSTRAINT `FK_Employees_AspNetUsers_UserId` FOREIGN KEY (`UserId`) REFERENCES `AspNetUsers` (`Id`) ON DELETE CASCADE,
    CONSTRAINT `FK_Employees_Departments_DepartmentId` FOREIGN KEY (`DepartmentId`) REFERENCES `Departments` (`Id`) ON DELETE SET NULL,
    CONSTRAINT `FK_Employees_Designations_DesignationId` FOREIGN KEY (`DesignationId`) REFERENCES `Designations` (`Id`) ON DELETE SET NULL,
    CONSTRAINT `FK_Employees_Schools_SchoolId` FOREIGN KEY (`SchoolId`) REFERENCES `Schools` (`Id`) ON DELETE CASCADE
) CHARACTER SET=utf8mb4;
2026-07-22 15:35:22.623 +05:30 [INF] Executed DbCommand (189ms) [Parameters=[], CommandType='"Text"', CommandTimeout='30']
CREATE TABLE `Teachers` (
    `Id` char(36) COLLATE ascii_general_ci NOT NULL,
    `EmployeeCode` varchar(50) CHARACTER SET utf8mb4 NOT NULL,
    `UserId` char(36) COLLATE ascii_general_ci NOT NULL,
    `SchoolId` char(36) COLLATE ascii_general_ci NOT NULL,
    `DepartmentId` char(36) COLLATE ascii_general_ci NULL,
    `JoiningDate` datetime(6) NOT NULL,
    `Status` int NOT NULL,
    `Qualification` longtext CHARACTER SET utf8mb4 NULL,
    `Specialization` longtext CHARACTER SET utf8mb4 NULL,
    `ExperienceYears` int NOT NULL,
    `EmploymentType` longtext CHARACTER SET utf8mb4 NULL,
    `BasicSalary` decimal(65,30) NULL,
    `BankAccountNumber` longtext CHARACTER SET utf8mb4 NULL,
    `BankName` longtext CHARACTER SET utf8mb4 NULL,
    `PFAccountNumber` longtext CHARACTER SET utf8mb4 NULL,
    `PANNumber` longtext CHARACTER SET utf8mb4 NULL,
    `CreatedBy` longtext CHARACTER SET utf8mb4 NULL,
    `UpdatedBy` longtext CHARACTER SET utf8mb4 NULL,
    `DeletedBy` longtext CHARACTER SET utf8mb4 NULL,
    `CreatedAt` datetime(6) NOT NULL,
    `UpdatedAt` datetime(6) NULL,
    `DeletedAt` datetime(6) NULL,
    `IsDeleted` tinyint(1) NOT NULL,
    CONSTRAINT `PK_Teachers` PRIMARY KEY (`Id`),
    CONSTRAINT `FK_Teachers_AspNetUsers_UserId` FOREIGN KEY (`UserId`) REFERENCES `AspNetUsers` (`Id`) ON DELETE CASCADE,
    CONSTRAINT `FK_Teachers_Departments_DepartmentId` FOREIGN KEY (`DepartmentId`) REFERENCES `Departments` (`Id`) ON DELETE SET NULL,
    CONSTRAINT `FK_Teachers_Schools_SchoolId` FOREIGN KEY (`SchoolId`) REFERENCES `Schools` (`Id`) ON DELETE CASCADE
) CHARACTER SET=utf8mb4;
2026-07-22 15:35:22.786 +05:30 [INF] Executed DbCommand (163ms) [Parameters=[], CommandType='"Text"', CommandTimeout='30']
CREATE TABLE `FeeStructures` (
    `Id` char(36) COLLATE ascii_general_ci NOT NULL,
    `Name` varchar(200) CHARACTER SET utf8mb4 NOT NULL,
    `Amount` decimal(18,2) NOT NULL,
    `FeeHeadId` char(36) COLLATE ascii_general_ci NOT NULL,
    `ClassRoomId` char(36) COLLATE ascii_general_ci NOT NULL,
    `AcademicYearId` char(36) COLLATE ascii_general_ci NOT NULL,
    `IsRequired` tinyint(1) NOT NULL,
    `Description` longtext CHARACTER SET utf8mb4 NULL,
    `CreatedBy` longtext CHARACTER SET utf8mb4 NULL,
    `UpdatedBy` longtext CHARACTER SET utf8mb4 NULL,
    `DeletedBy` longtext CHARACTER SET utf8mb4 NULL,
    `CreatedAt` datetime(6) NOT NULL,
    `UpdatedAt` datetime(6) NULL,
    `DeletedAt` datetime(6) NULL,
    `IsDeleted` tinyint(1) NOT NULL,
    CONSTRAINT `PK_FeeStructures` PRIMARY KEY (`Id`),
    CONSTRAINT `FK_FeeStructures_AcademicYears_AcademicYearId` FOREIGN KEY (`AcademicYearId`) REFERENCES `AcademicYears` (`Id`) ON DELETE CASCADE,
    CONSTRAINT `FK_FeeStructures_ClassRooms_ClassRoomId` FOREIGN KEY (`ClassRoomId`) REFERENCES `ClassRooms` (`Id`) ON DELETE CASCADE,
    CONSTRAINT `FK_FeeStructures_FeeHeads_FeeHeadId` FOREIGN KEY (`FeeHeadId`) REFERENCES `FeeHeads` (`Id`) ON DELETE CASCADE
) CHARACTER SET=utf8mb4;
2026-07-22 15:35:22.931 +05:30 [INF] Executed DbCommand (145ms) [Parameters=[], CommandType='"Text"', CommandTimeout='30']
CREATE TABLE `Subjects` (
    `Id` char(36) COLLATE ascii_general_ci NOT NULL,
    `Name` varchar(200) CHARACTER SET utf8mb4 NOT NULL,
    `Code` varchar(50) CHARACTER SET utf8mb4 NOT NULL,
    `Description` longtext CHARACTER SET utf8mb4 NULL,
    `Credits` int NOT NULL,
    `PassMarks` decimal(65,30) NOT NULL,
    `TotalMarks` decimal(65,30) NOT NULL,
    `IsElective` tinyint(1) NOT NULL,
    `SortOrder` int NOT NULL,
    `ClassRoomId` char(36) COLLATE ascii_general_ci NOT NULL,
    `CreatedBy` longtext CHARACTER SET utf8mb4 NULL,
    `UpdatedBy` longtext CHARACTER SET utf8mb4 NULL,
    `DeletedBy` longtext CHARACTER SET utf8mb4 NULL,
    `CreatedAt` datetime(6) NOT NULL,
    `UpdatedAt` datetime(6) NULL,
    `DeletedAt` datetime(6) NULL,
    `IsDeleted` tinyint(1) NOT NULL,
    CONSTRAINT `PK_Subjects` PRIMARY KEY (`Id`),
    CONSTRAINT `FK_Subjects_ClassRooms_ClassRoomId` FOREIGN KEY (`ClassRoomId`) REFERENCES `ClassRooms` (`Id`) ON DELETE CASCADE
) CHARACTER SET=utf8mb4;
2026-07-22 15:35:23.052 +05:30 [INF] Executed DbCommand (121ms) [Parameters=[], CommandType='"Text"', CommandTimeout='30']
CREATE TABLE `EmployeeDocuments` (
    `Id` char(36) COLLATE ascii_general_ci NOT NULL,
    `DocumentName` varchar(200) CHARACTER SET utf8mb4 NOT NULL,
    `DocumentType` int NOT NULL,
    `FileUrl` varchar(500) CHARACTER SET utf8mb4 NOT NULL,
    `FileName` longtext CHARACTER SET utf8mb4 NULL,
    `FileSize` bigint NULL,
    `EmployeeId` char(36) COLLATE ascii_general_ci NOT NULL,
    `CreatedBy` longtext CHARACTER SET utf8mb4 NULL,
    `UpdatedBy` longtext CHARACTER SET utf8mb4 NULL,
    `DeletedBy` longtext CHARACTER SET utf8mb4 NULL,
    `CreatedAt` datetime(6) NOT NULL,
    `UpdatedAt` datetime(6) NULL,
    `DeletedAt` datetime(6) NULL,
    `IsDeleted` tinyint(1) NOT NULL,
    CONSTRAINT `PK_EmployeeDocuments` PRIMARY KEY (`Id`),
    CONSTRAINT `FK_EmployeeDocuments_Employees_EmployeeId` FOREIGN KEY (`EmployeeId`) REFERENCES `Employees` (`Id`) ON DELETE CASCADE
) CHARACTER SET=utf8mb4;
2026-07-22 15:35:23.184 +05:30 [INF] Executed DbCommand (128ms) [Parameters=[], CommandType='"Text"', CommandTimeout='30']
CREATE TABLE `EmployeeLeaves` (
    `Id` char(36) COLLATE ascii_general_ci NOT NULL,
    `EmployeeId` char(36) COLLATE ascii_general_ci NOT NULL,
    `FromDate` datetime(6) NOT NULL,
    `ToDate` datetime(6) NOT NULL,
    `Reason` longtext CHARACTER SET utf8mb4 NOT NULL,
    `DocumentUrl` longtext CHARACTER SET utf8mb4 NULL,
    `Status` int NOT NULL,
    `ApprovedBy` longtext CHARACTER SET utf8mb4 NULL,
    `ApprovedAt` datetime(6) NULL,
    `Remarks` longtext CHARACTER SET utf8mb4 NULL,
    `CreatedBy` longtext CHARACTER SET utf8mb4 NULL,
    `UpdatedBy` longtext CHARACTER SET utf8mb4 NULL,
    `DeletedBy` longtext CHARACTER SET utf8mb4 NULL,
    `CreatedAt` datetime(6) NOT NULL,
    `UpdatedAt` datetime(6) NULL,
    `DeletedAt` datetime(6) NULL,
    `IsDeleted` tinyint(1) NOT NULL,
    CONSTRAINT `PK_EmployeeLeaves` PRIMARY KEY (`Id`),
    CONSTRAINT `FK_EmployeeLeaves_Employees_EmployeeId` FOREIGN KEY (`EmployeeId`) REFERENCES `Employees` (`Id`) ON DELETE CASCADE
) CHARACTER SET=utf8mb4;
2026-07-22 15:35:23.318 +05:30 [INF] Executed DbCommand (134ms) [Parameters=[], CommandType='"Text"', CommandTimeout='30']
CREATE TABLE `EmployeeSalaries` (
    `Id` char(36) COLLATE ascii_general_ci NOT NULL,
    `EmployeeId` char(36) COLLATE ascii_general_ci NOT NULL,
    `Month` int NOT NULL,
    `Year` int NOT NULL,
    `BasicSalary` decimal(65,30) NOT NULL,
    `Allowances` decimal(65,30) NOT NULL,
    `Deductions` decimal(65,30) NOT NULL,
    `NetSalary` decimal(65,30) NOT NULL,
    `PaymentMethod` longtext CHARACTER SET utf8mb4 NULL,
    `PaidAt` datetime(6) NULL,
    `TransactionReference` longtext CHARACTER SET utf8mb4 NULL,
    `Remarks` longtext CHARACTER SET utf8mb4 NULL,
    `CreatedBy` longtext CHARACTER SET utf8mb4 NULL,
    `UpdatedBy` longtext CHARACTER SET utf8mb4 NULL,
    `DeletedBy` longtext CHARACTER SET utf8mb4 NULL,
    `CreatedAt` datetime(6) NOT NULL,
    `UpdatedAt` datetime(6) NULL,
    `DeletedAt` datetime(6) NULL,
    `IsDeleted` tinyint(1) NOT NULL,
    CONSTRAINT `PK_EmployeeSalaries` PRIMARY KEY (`Id`),
    CONSTRAINT `FK_EmployeeSalaries_Employees_EmployeeId` FOREIGN KEY (`EmployeeId`) REFERENCES `Employees` (`Id`) ON DELETE CASCADE
) CHARACTER SET=utf8mb4;
2026-07-22 15:35:23.451 +05:30 [INF] Executed DbCommand (133ms) [Parameters=[], CommandType='"Text"', CommandTimeout='30']
CREATE TABLE `Sections` (
    `Id` char(36) COLLATE ascii_general_ci NOT NULL,
    `Name` varchar(50) CHARACTER SET utf8mb4 NOT NULL,
    `Code` varchar(50) CHARACTER SET utf8mb4 NOT NULL,
    `Capacity` int NOT NULL,
    `ClassRoomId` char(36) COLLATE ascii_general_ci NOT NULL,
    `ClassTeacherId` char(36) COLLATE ascii_general_ci NULL,
    `CreatedBy` longtext CHARACTER SET utf8mb4 NULL,
    `UpdatedBy` longtext CHARACTER SET utf8mb4 NULL,
    `DeletedBy` longtext CHARACTER SET utf8mb4 NULL,
    `CreatedAt` datetime(6) NOT NULL,
    `UpdatedAt` datetime(6) NULL,
    `DeletedAt` datetime(6) NULL,
    `IsDeleted` tinyint(1) NOT NULL,
    CONSTRAINT `PK_Sections` PRIMARY KEY (`Id`),
    CONSTRAINT `FK_Sections_ClassRooms_ClassRoomId` FOREIGN KEY (`ClassRoomId`) REFERENCES `ClassRooms` (`Id`) ON DELETE CASCADE,
    CONSTRAINT `FK_Sections_Teachers_ClassTeacherId` FOREIGN KEY (`ClassTeacherId`) REFERENCES `Teachers` (`Id`) ON DELETE SET NULL
) CHARACTER SET=utf8mb4;
2026-07-22 15:35:23.585 +05:30 [INF] Executed DbCommand (133ms) [Parameters=[], CommandType='"Text"', CommandTimeout='30']
CREATE TABLE `TeacherDocuments` (
    `Id` char(36) COLLATE ascii_general_ci NOT NULL,
    `DocumentName` varchar(200) CHARACTER SET utf8mb4 NOT NULL,
    `DocumentType` int NOT NULL,
    `FileUrl` varchar(500) CHARACTER SET utf8mb4 NOT NULL,
    `FileName` longtext CHARACTER SET utf8mb4 NULL,
    `FileSize` bigint NULL,
    `TeacherId` char(36) COLLATE ascii_general_ci NOT NULL,
    `CreatedBy` longtext CHARACTER SET utf8mb4 NULL,
    `UpdatedBy` longtext CHARACTER SET utf8mb4 NULL,
    `DeletedBy` longtext CHARACTER SET utf8mb4 NULL,
    `CreatedAt` datetime(6) NOT NULL,
    `UpdatedAt` datetime(6) NULL,
    `DeletedAt` datetime(6) NULL,
    `IsDeleted` tinyint(1) NOT NULL,
    CONSTRAINT `PK_TeacherDocuments` PRIMARY KEY (`Id`),
    CONSTRAINT `FK_TeacherDocuments_Teachers_TeacherId` FOREIGN KEY (`TeacherId`) REFERENCES `Teachers` (`Id`) ON DELETE CASCADE
) CHARACTER SET=utf8mb4;
2026-07-22 15:35:23.704 +05:30 [INF] Executed DbCommand (118ms) [Parameters=[], CommandType='"Text"', CommandTimeout='30']
CREATE TABLE `TeacherLeaves` (
    `Id` char(36) COLLATE ascii_general_ci NOT NULL,
    `TeacherId` char(36) COLLATE ascii_general_ci NOT NULL,
    `FromDate` datetime(6) NOT NULL,
    `ToDate` datetime(6) NOT NULL,
    `Reason` longtext CHARACTER SET utf8mb4 NOT NULL,
    `DocumentUrl` longtext CHARACTER SET utf8mb4 NULL,
    `Status` int NOT NULL,
    `ApprovedBy` longtext CHARACTER SET utf8mb4 NULL,
    `ApprovedAt` datetime(6) NULL,
    `Remarks` longtext CHARACTER SET utf8mb4 NULL,
    `CreatedBy` longtext CHARACTER SET utf8mb4 NULL,
    `UpdatedBy` longtext CHARACTER SET utf8mb4 NULL,
    `DeletedBy` longtext CHARACTER SET utf8mb4 NULL,
    `CreatedAt` datetime(6) NOT NULL,
    `UpdatedAt` datetime(6) NULL,
    `DeletedAt` datetime(6) NULL,
    `IsDeleted` tinyint(1) NOT NULL,
    CONSTRAINT `PK_TeacherLeaves` PRIMARY KEY (`Id`),
    CONSTRAINT `FK_TeacherLeaves_Teachers_TeacherId` FOREIGN KEY (`TeacherId`) REFERENCES `Teachers` (`Id`) ON DELETE CASCADE
) CHARACTER SET=utf8mb4;
2026-07-22 15:35:23.831 +05:30 [INF] Executed DbCommand (127ms) [Parameters=[], CommandType='"Text"', CommandTimeout='30']
CREATE TABLE `TeacherPerformances` (
    `Id` char(36) COLLATE ascii_general_ci NOT NULL,
    `TeacherId` char(36) COLLATE ascii_general_ci NOT NULL,
    `ReviewPeriod` longtext CHARACTER SET utf8mb4 NOT NULL,
    `TeachingQualityScore` decimal(65,30) NOT NULL,
    `StudentFeedbackScore` decimal(65,30) NOT NULL,
    `PunctualityScore` decimal(65,30) NOT NULL,
    `OverallScore` decimal(65,30) NOT NULL,
    `ReviewedBy` longtext CHARACTER SET utf8mb4 NULL,
    `Comments` longtext CHARACTER SET utf8mb4 NULL,
    `Recommendations` longtext CHARACTER SET utf8mb4 NULL,
    `ReviewDate` datetime(6) NOT NULL,
    `CreatedBy` longtext CHARACTER SET utf8mb4 NULL,
    `UpdatedBy` longtext CHARACTER SET utf8mb4 NULL,
    `DeletedBy` longtext CHARACTER SET utf8mb4 NULL,
    `CreatedAt` datetime(6) NOT NULL,
    `UpdatedAt` datetime(6) NULL,
    `DeletedAt` datetime(6) NULL,
    `IsDeleted` tinyint(1) NOT NULL,
    CONSTRAINT `PK_TeacherPerformances` PRIMARY KEY (`Id`),
    CONSTRAINT `FK_TeacherPerformances_Teachers_TeacherId` FOREIGN KEY (`TeacherId`) REFERENCES `Teachers` (`Id`) ON DELETE CASCADE
) CHARACTER SET=utf8mb4;
2026-07-22 15:35:23.968 +05:30 [INF] Executed DbCommand (137ms) [Parameters=[], CommandType='"Text"', CommandTimeout='30']
CREATE TABLE `TeacherSalaries` (
    `Id` char(36) COLLATE ascii_general_ci NOT NULL,
    `TeacherId` char(36) COLLATE ascii_general_ci NOT NULL,
    `Month` int NOT NULL,
    `Year` int NOT NULL,
    `BasicSalary` decimal(65,30) NOT NULL,
    `Allowances` decimal(65,30) NOT NULL,
    `Deductions` decimal(65,30) NOT NULL,
    `NetSalary` decimal(65,30) NOT NULL,
    `PaymentMethod` longtext CHARACTER SET utf8mb4 NULL,
    `PaidAt` datetime(6) NULL,
    `TransactionReference` longtext CHARACTER SET utf8mb4 NULL,
    `Remarks` longtext CHARACTER SET utf8mb4 NULL,
    `CreatedBy` longtext CHARACTER SET utf8mb4 NULL,
    `UpdatedBy` longtext CHARACTER SET utf8mb4 NULL,
    `DeletedBy` longtext CHARACTER SET utf8mb4 NULL,
    `CreatedAt` datetime(6) NOT NULL,
    `UpdatedAt` datetime(6) NULL,
    `DeletedAt` datetime(6) NULL,
    `IsDeleted` tinyint(1) NOT NULL,
    CONSTRAINT `PK_TeacherSalaries` PRIMARY KEY (`Id`),
    CONSTRAINT `FK_TeacherSalaries_Teachers_TeacherId` FOREIGN KEY (`TeacherId`) REFERENCES `Teachers` (`Id`) ON DELETE CASCADE
) CHARACTER SET=utf8mb4;
2026-07-22 15:35:24.147 +05:30 [INF] Executed DbCommand (176ms) [Parameters=[], CommandType='"Text"', CommandTimeout='30']
CREATE TABLE `Assignments` (
    `Id` char(36) COLLATE ascii_general_ci NOT NULL,
    `Title` varchar(300) CHARACTER SET utf8mb4 NOT NULL,
    `Description` longtext CHARACTER SET utf8mb4 NOT NULL,
    `AssignedDate` datetime(6) NOT NULL,
    `DueDate` datetime(6) NOT NULL,
    `MaxMarks` decimal(65,30) NULL,
    `ClassRoomId` char(36) COLLATE ascii_general_ci NOT NULL,
    `SubjectId` char(36) COLLATE ascii_general_ci NOT NULL,
    `TeacherId` char(36) COLLATE ascii_general_ci NOT NULL,
    `SchoolId` char(36) COLLATE ascii_general_ci NOT NULL,
    `CreatedBy` longtext CHARACTER SET utf8mb4 NULL,
    `UpdatedBy` longtext CHARACTER SET utf8mb4 NULL,
    `DeletedBy` longtext CHARACTER SET utf8mb4 NULL,
    `CreatedAt` datetime(6) NOT NULL,
    `UpdatedAt` datetime(6) NULL,
    `DeletedAt` datetime(6) NULL,
    `IsDeleted` tinyint(1) NOT NULL,
    CONSTRAINT `PK_Assignments` PRIMARY KEY (`Id`),
    CONSTRAINT `FK_Assignments_ClassRooms_ClassRoomId` FOREIGN KEY (`ClassRoomId`) REFERENCES `ClassRooms` (`Id`) ON DELETE CASCADE,
    CONSTRAINT `FK_Assignments_Subjects_SubjectId` FOREIGN KEY (`SubjectId`) REFERENCES `Subjects` (`Id`) ON DELETE CASCADE,
    CONSTRAINT `FK_Assignments_Teachers_TeacherId` FOREIGN KEY (`TeacherId`) REFERENCES `Teachers` (`Id`) ON DELETE CASCADE
) CHARACTER SET=utf8mb4;
2026-07-22 15:35:24.326 +05:30 [INF] Executed DbCommand (177ms) [Parameters=[], CommandType='"Text"', CommandTimeout='30']
CREATE TABLE `ExamSchedules` (
    `Id` char(36) COLLATE ascii_general_ci NOT NULL,
    `ExamDate` datetime(6) NOT NULL,
    `StartTime` time(6) NOT NULL,
    `EndTime` time(6) NOT NULL,
    `MaxMarks` decimal(65,30) NOT NULL,
    `PassMarks` decimal(65,30) NOT NULL,
    `HallName` longtext CHARACTER SET utf8mb4 NULL,
    `Instructions` longtext CHARACTER SET utf8mb4 NULL,
    `ExamId` char(36) COLLATE ascii_general_ci NOT NULL,
    `SubjectId` char(36) COLLATE ascii_general_ci NOT NULL,
    `CreatedBy` longtext CHARACTER SET utf8mb4 NULL,
    `UpdatedBy` longtext CHARACTER SET utf8mb4 NULL,
    `DeletedBy` longtext CHARACTER SET utf8mb4 NULL,
    `CreatedAt` datetime(6) NOT NULL,
    `UpdatedAt` datetime(6) NULL,
    `DeletedAt` datetime(6) NULL,
    `IsDeleted` tinyint(1) NOT NULL,
    CONSTRAINT `PK_ExamSchedules` PRIMARY KEY (`Id`),
    CONSTRAINT `FK_ExamSchedules_Exams_ExamId` FOREIGN KEY (`ExamId`) REFERENCES `Exams` (`Id`) ON DELETE CASCADE,
    CONSTRAINT `FK_ExamSchedules_Subjects_SubjectId` FOREIGN KEY (`SubjectId`) REFERENCES `Subjects` (`Id`) ON DELETE CASCADE
) CHARACTER SET=utf8mb4;
2026-07-22 15:35:24.523 +05:30 [INF] Executed DbCommand (197ms) [Parameters=[], CommandType='"Text"', CommandTimeout='30']
CREATE TABLE `Homeworks` (
    `Id` char(36) COLLATE ascii_general_ci NOT NULL,
    `Title` varchar(300) CHARACTER SET utf8mb4 NOT NULL,
    `Description` longtext CHARACTER SET utf8mb4 NOT NULL,
    `AssignedDate` datetime(6) NOT NULL,
    `DueDate` datetime(6) NOT NULL,
    `AttachmentUrl` longtext CHARACTER SET utf8mb4 NULL,
    `AttachmentFileName` longtext CHARACTER SET utf8mb4 NULL,
    `MaxMarks` decimal(65,30) NULL,
    `ClassRoomId` char(36) COLLATE ascii_general_ci NOT NULL,
    `SubjectId` char(36) COLLATE ascii_general_ci NOT NULL,
    `TeacherId` char(36) COLLATE ascii_general_ci NOT NULL,
    `SchoolId` char(36) COLLATE ascii_general_ci NOT NULL,
    `CreatedBy` longtext CHARACTER SET utf8mb4 NULL,
    `UpdatedBy` longtext CHARACTER SET utf8mb4 NULL,
    `DeletedBy` longtext CHARACTER SET utf8mb4 NULL,
    `CreatedAt` datetime(6) NOT NULL,
    `UpdatedAt` datetime(6) NULL,
    `DeletedAt` datetime(6) NULL,
    `IsDeleted` tinyint(1) NOT NULL,
    CONSTRAINT `PK_Homeworks` PRIMARY KEY (`Id`),
    CONSTRAINT `FK_Homeworks_ClassRooms_ClassRoomId` FOREIGN KEY (`ClassRoomId`) REFERENCES `ClassRooms` (`Id`) ON DELETE CASCADE,
    CONSTRAINT `FK_Homeworks_Subjects_SubjectId` FOREIGN KEY (`SubjectId`) REFERENCES `Subjects` (`Id`) ON DELETE CASCADE,
    CONSTRAINT `FK_Homeworks_Teachers_TeacherId` FOREIGN KEY (`TeacherId`) REFERENCES `Teachers` (`Id`) ON DELETE CASCADE
) CHARACTER SET=utf8mb4;
2026-07-22 15:35:24.732 +05:30 [INF] Executed DbCommand (208ms) [Parameters=[], CommandType='"Text"', CommandTimeout='30']
CREATE TABLE `Students` (
    `Id` char(36) COLLATE ascii_general_ci NOT NULL,
    `AdmissionNumber` varchar(50) CHARACTER SET utf8mb4 NOT NULL,
    `RollNumber` varchar(50) CHARACTER SET utf8mb4 NOT NULL,
    `UserId` char(36) COLLATE ascii_general_ci NOT NULL,
    `SectionId` char(36) COLLATE ascii_general_ci NOT NULL,
    `SchoolId` char(36) COLLATE ascii_general_ci NOT NULL,
    `AdmissionDate` datetime(6) NOT NULL,
    `Status` int NOT NULL,
    `PreviousSchool` longtext CHARACTER SET utf8mb4 NULL,
    `TransferCertificateNumber` longtext CHARACTER SET utf8mb4 NULL,
    `MedicalCondition` longtext CHARACTER SET utf8mb4 NULL,
    `Allergies` longtext CHARACTER SET utf8mb4 NULL,
    `EmergencyContactName` longtext CHARACTER SET utf8mb4 NULL,
    `EmergencyContactPhone` longtext CHARACTER SET utf8mb4 NULL,
    `TransportRoute` longtext CHARACTER SET utf8mb4 NULL,
    `IsHostelResident` tinyint(1) NOT NULL,
    `BankAccountNumber` longtext CHARACTER SET utf8mb4 NULL,
    `BankName` longtext CHARACTER SET utf8mb4 NULL,
    `ParentId` char(36) COLLATE ascii_general_ci NULL,
    `CreatedBy` longtext CHARACTER SET utf8mb4 NULL,
    `UpdatedBy` longtext CHARACTER SET utf8mb4 NULL,
    `DeletedBy` longtext CHARACTER SET utf8mb4 NULL,
    `CreatedAt` datetime(6) NOT NULL,
    `UpdatedAt` datetime(6) NULL,
    `DeletedAt` datetime(6) NULL,
    `IsDeleted` tinyint(1) NOT NULL,
    CONSTRAINT `PK_Students` PRIMARY KEY (`Id`),
    CONSTRAINT `FK_Students_AspNetUsers_UserId` FOREIGN KEY (`UserId`) REFERENCES `AspNetUsers` (`Id`) ON DELETE CASCADE,
    CONSTRAINT `FK_Students_Parents_ParentId` FOREIGN KEY (`ParentId`) REFERENCES `Parents` (`Id`) ON DELETE SET NULL,
    CONSTRAINT `FK_Students_Schools_SchoolId` FOREIGN KEY (`SchoolId`) REFERENCES `Schools` (`Id`) ON DELETE CASCADE,
    CONSTRAINT `FK_Students_Sections_SectionId` FOREIGN KEY (`SectionId`) REFERENCES `Sections` (`Id`) ON DELETE RESTRICT
) CHARACTER SET=utf8mb4;
2026-07-22 15:35:24.965 +05:30 [INF] Executed DbCommand (233ms) [Parameters=[], CommandType='"Text"', CommandTimeout='30']
CREATE TABLE `Timetables` (
    `Id` char(36) COLLATE ascii_general_ci NOT NULL,
    `DayOfWeek` int NOT NULL,
    `PeriodNumber` int NOT NULL,
    `StartTime` time(6) NOT NULL,
    `EndTime` time(6) NOT NULL,
    `ClassRoomId` char(36) COLLATE ascii_general_ci NOT NULL,
    `SectionId` char(36) COLLATE ascii_general_ci NOT NULL,
    `SubjectId` char(36) COLLATE ascii_general_ci NOT NULL,
    `TeacherId` char(36) COLLATE ascii_general_ci NOT NULL,
    `CreatedBy` longtext CHARACTER SET utf8mb4 NULL,
    `UpdatedBy` longtext CHARACTER SET utf8mb4 NULL,
    `DeletedBy` longtext CHARACTER SET utf8mb4 NULL,
    `CreatedAt` datetime(6) NOT NULL,
    `UpdatedAt` datetime(6) NULL,
    `DeletedAt` datetime(6) NULL,
    `IsDeleted` tinyint(1) NOT NULL,
    CONSTRAINT `PK_Timetables` PRIMARY KEY (`Id`),
    CONSTRAINT `FK_Timetables_ClassRooms_ClassRoomId` FOREIGN KEY (`ClassRoomId`) REFERENCES `ClassRooms` (`Id`) ON DELETE CASCADE,
    CONSTRAINT `FK_Timetables_Sections_SectionId` FOREIGN KEY (`SectionId`) REFERENCES `Sections` (`Id`) ON DELETE CASCADE,
    CONSTRAINT `FK_Timetables_Subjects_SubjectId` FOREIGN KEY (`SubjectId`) REFERENCES `Subjects` (`Id`) ON DELETE CASCADE,
    CONSTRAINT `FK_Timetables_Teachers_TeacherId` FOREIGN KEY (`TeacherId`) REFERENCES `Teachers` (`Id`) ON DELETE CASCADE
) CHARACTER SET=utf8mb4;
2026-07-22 15:35:25.115 +05:30 [INF] Executed DbCommand (149ms) [Parameters=[], CommandType='"Text"', CommandTimeout='30']
CREATE TABLE `AssignmentSubmissions` (
    `Id` char(36) COLLATE ascii_general_ci NOT NULL,
    `SubmittedText` longtext CHARACTER SET utf8mb4 NULL,
    `AttachmentUrl` longtext CHARACTER SET utf8mb4 NULL,
    `SubmittedAt` datetime(6) NOT NULL,
    `Status` int NOT NULL,
    `MarksObtained` decimal(65,30) NULL,
    `Remarks` longtext CHARACTER SET utf8mb4 NULL,
    `ReviewedAt` datetime(6) NULL,
    `AssignmentId` char(36) COLLATE ascii_general_ci NOT NULL,
    `StudentId` char(36) COLLATE ascii_general_ci NOT NULL,
    `CreatedBy` longtext CHARACTER SET utf8mb4 NULL,
    `UpdatedBy` longtext CHARACTER SET utf8mb4 NULL,
    `DeletedBy` longtext CHARACTER SET utf8mb4 NULL,
    `CreatedAt` datetime(6) NOT NULL,
    `UpdatedAt` datetime(6) NULL,
    `DeletedAt` datetime(6) NULL,
    `IsDeleted` tinyint(1) NOT NULL,
    CONSTRAINT `PK_AssignmentSubmissions` PRIMARY KEY (`Id`),
    CONSTRAINT `FK_AssignmentSubmissions_Assignments_AssignmentId` FOREIGN KEY (`AssignmentId`) REFERENCES `Assignments` (`Id`) ON DELETE CASCADE,
    CONSTRAINT `FK_AssignmentSubmissions_Students_StudentId` FOREIGN KEY (`StudentId`) REFERENCES `Students` (`Id`) ON DELETE CASCADE
) CHARACTER SET=utf8mb4;
2026-07-22 15:35:25.307 +05:30 [INF] Executed DbCommand (191ms) [Parameters=[], CommandType='"Text"', CommandTimeout='30']
CREATE TABLE `Attendances` (
    `Id` char(36) COLLATE ascii_general_ci NOT NULL,
    `Date` datetime(6) NOT NULL,
    `Status` int NOT NULL,
    `CheckInTime` time(6) NULL,
    `CheckOutTime` time(6) NULL,
    `QrCode` longtext CHARACTER SET utf8mb4 NULL,
    `BiometricId` longtext CHARACTER SET utf8mb4 NULL,
    `Remarks` longtext CHARACTER SET utf8mb4 NULL,
    `StudentId` char(36) COLLATE ascii_general_ci NULL,
    `TeacherId` char(36) COLLATE ascii_general_ci NULL,
    `EmployeeId` char(36) COLLATE ascii_general_ci NULL,
    `SchoolId` char(36) COLLATE ascii_general_ci NOT NULL,
    `CreatedBy` longtext CHARACTER SET utf8mb4 NULL,
    `UpdatedBy` longtext CHARACTER SET utf8mb4 NULL,
    `DeletedBy` longtext CHARACTER SET utf8mb4 NULL,
    `CreatedAt` datetime(6) NOT NULL,
    `UpdatedAt` datetime(6) NULL,
    `DeletedAt` datetime(6) NULL,
    `IsDeleted` tinyint(1) NOT NULL,
    CONSTRAINT `PK_Attendances` PRIMARY KEY (`Id`),
    CONSTRAINT `FK_Attendances_Employees_EmployeeId` FOREIGN KEY (`EmployeeId`) REFERENCES `Employees` (`Id`) ON DELETE SET NULL,
    CONSTRAINT `FK_Attendances_Schools_SchoolId` FOREIGN KEY (`SchoolId`) REFERENCES `Schools` (`Id`) ON DELETE CASCADE,
    CONSTRAINT `FK_Attendances_Students_StudentId` FOREIGN KEY (`StudentId`) REFERENCES `Students` (`Id`) ON DELETE SET NULL,
    CONSTRAINT `FK_Attendances_Teachers_TeacherId` FOREIGN KEY (`TeacherId`) REFERENCES `Teachers` (`Id`) ON DELETE SET NULL
) CHARACTER SET=utf8mb4;
2026-07-22 15:35:25.489 +05:30 [INF] Executed DbCommand (181ms) [Parameters=[], CommandType='"Text"', CommandTimeout='30']
CREATE TABLE `AttendanceSummaries` (
    `Id` char(36) COLLATE ascii_general_ci NOT NULL,
    `TotalDays` int NOT NULL,
    `PresentDays` int NOT NULL,
    `AbsentDays` int NOT NULL,
    `LateDays` int NOT NULL,
    `HalfDays` int NOT NULL,
    `ExcusedDays` int NOT NULL,
    `AttendancePercentage` decimal(65,30) NOT NULL,
    `Month` int NOT NULL,
    `Year` int NOT NULL,
    `StudentId` char(36) COLLATE ascii_general_ci NULL,
    `TeacherId` char(36) COLLATE ascii_general_ci NULL,
    `EmployeeId` char(36) COLLATE ascii_general_ci NULL,
    `CreatedBy` longtext CHARACTER SET utf8mb4 NULL,
    `UpdatedBy` longtext CHARACTER SET utf8mb4 NULL,
    `DeletedBy` longtext CHARACTER SET utf8mb4 NULL,
    `CreatedAt` datetime(6) NOT NULL,
    `UpdatedAt` datetime(6) NULL,
    `DeletedAt` datetime(6) NULL,
    `IsDeleted` tinyint(1) NOT NULL,
    CONSTRAINT `PK_AttendanceSummaries` PRIMARY KEY (`Id`),
    CONSTRAINT `FK_AttendanceSummaries_Employees_EmployeeId` FOREIGN KEY (`EmployeeId`) REFERENCES `Employees` (`Id`) ON DELETE SET NULL,
    CONSTRAINT `FK_AttendanceSummaries_Students_StudentId` FOREIGN KEY (`StudentId`) REFERENCES `Students` (`Id`) ON DELETE SET NULL,
    CONSTRAINT `FK_AttendanceSummaries_Teachers_TeacherId` FOREIGN KEY (`TeacherId`) REFERENCES `Teachers` (`Id`) ON DELETE SET NULL
) CHARACTER SET=utf8mb4;
2026-07-22 15:35:25.651 +05:30 [INF] Executed DbCommand (162ms) [Parameters=[], CommandType='"Text"', CommandTimeout='30']
CREATE TABLE `BookIssues` (
    `Id` char(36) COLLATE ascii_general_ci NOT NULL,
    `IssueDate` datetime(6) NOT NULL,
    `DueDate` datetime(6) NOT NULL,
    `ReturnDate` datetime(6) NULL,
    `Fine` decimal(65,30) NOT NULL,
    `IsReturned` tinyint(1) NOT NULL,
    `IssuedBy` longtext CHARACTER SET utf8mb4 NULL,
    `ReturnedTo` longtext CHARACTER SET utf8mb4 NULL,
    `Remarks` longtext CHARACTER SET utf8mb4 NULL,
    `BookId` char(36) COLLATE ascii_general_ci NOT NULL,
    `StudentId` char(36) COLLATE ascii_general_ci NOT NULL,
    `CreatedBy` longtext CHARACTER SET utf8mb4 NULL,
    `UpdatedBy` longtext CHARACTER SET utf8mb4 NULL,
    `DeletedBy` longtext CHARACTER SET utf8mb4 NULL,
    `CreatedAt` datetime(6) NOT NULL,
    `UpdatedAt` datetime(6) NULL,
    `DeletedAt` datetime(6) NULL,
    `IsDeleted` tinyint(1) NOT NULL,
    CONSTRAINT `PK_BookIssues` PRIMARY KEY (`Id`),
    CONSTRAINT `FK_BookIssues_Books_BookId` FOREIGN KEY (`BookId`) REFERENCES `Books` (`Id`) ON DELETE CASCADE,
    CONSTRAINT `FK_BookIssues_Students_StudentId` FOREIGN KEY (`StudentId`) REFERENCES `Students` (`Id`) ON DELETE CASCADE
) CHARACTER SET=utf8mb4;
2026-07-22 15:35:25.792 +05:30 [INF] Executed DbCommand (141ms) [Parameters=[], CommandType='"Text"', CommandTimeout='30']
CREATE TABLE `FeeInstallments` (
    `Id` char(36) COLLATE ascii_general_ci NOT NULL,
    `InstallmentNumber` int NOT NULL,
    `Amount` decimal(18,2) NOT NULL,
    `DueDate` datetime(6) NOT NULL,
    `Status` int NOT NULL,
    `PaidAmount` decimal(18,2) NOT NULL,
    `Fine` decimal(18,2) NOT NULL,
    `Discount` decimal(18,2) NOT NULL,
    `Scholarship` decimal(18,2) NOT NULL,
    `StudentId` char(36) COLLATE ascii_general_ci NOT NULL,
    `FeeStructureId` char(36) COLLATE ascii_general_ci NOT NULL,
    `CreatedBy` longtext CHARACTER SET utf8mb4 NULL,
    `UpdatedBy` longtext CHARACTER SET utf8mb4 NULL,
    `DeletedBy` longtext CHARACTER SET utf8mb4 NULL,
    `CreatedAt` datetime(6) NOT NULL,
    `UpdatedAt` datetime(6) NULL,
    `DeletedAt` datetime(6) NULL,
    `IsDeleted` tinyint(1) NOT NULL,
    CONSTRAINT `PK_FeeInstallments` PRIMARY KEY (`Id`),
    CONSTRAINT `FK_FeeInstallments_FeeStructures_FeeStructureId` FOREIGN KEY (`FeeStructureId`) REFERENCES `FeeStructures` (`Id`) ON DELETE CASCADE,
    CONSTRAINT `FK_FeeInstallments_Students_StudentId` FOREIGN KEY (`StudentId`) REFERENCES `Students` (`Id`) ON DELETE CASCADE
) CHARACTER SET=utf8mb4;
2026-07-22 15:35:25.989 +05:30 [INF] Executed DbCommand (197ms) [Parameters=[], CommandType='"Text"', CommandTimeout='30']
CREATE TABLE `HomeworkSubmissions` (
    `Id` char(36) COLLATE ascii_general_ci NOT NULL,
    `SubmittedText` longtext CHARACTER SET utf8mb4 NULL,
    `AttachmentUrl` longtext CHARACTER SET utf8mb4 NULL,
    `AttachmentFileName` longtext CHARACTER SET utf8mb4 NULL,
    `SubmittedAt` datetime(6) NOT NULL,
    `Status` int NOT NULL,
    `MarksObtained` decimal(65,30) NULL,
    `TeacherRemarks` longtext CHARACTER SET utf8mb4 NULL,
    `ReviewedAt` datetime(6) NULL,
    `HomeworkId` char(36) COLLATE ascii_general_ci NOT NULL,
    `StudentId` char(36) COLLATE ascii_general_ci NOT NULL,
    `StudentId1` char(36) COLLATE ascii_general_ci NULL,
    `CreatedBy` longtext CHARACTER SET utf8mb4 NULL,
    `UpdatedBy` longtext CHARACTER SET utf8mb4 NULL,
    `DeletedBy` longtext CHARACTER SET utf8mb4 NULL,
    `CreatedAt` datetime(6) NOT NULL,
    `UpdatedAt` datetime(6) NULL,
    `DeletedAt` datetime(6) NULL,
    `IsDeleted` tinyint(1) NOT NULL,
    CONSTRAINT `PK_HomeworkSubmissions` PRIMARY KEY (`Id`),
    CONSTRAINT `FK_HomeworkSubmissions_Homeworks_HomeworkId` FOREIGN KEY (`HomeworkId`) REFERENCES `Homeworks` (`Id`) ON DELETE CASCADE,
    CONSTRAINT `FK_HomeworkSubmissions_Students_StudentId` FOREIGN KEY (`StudentId`) REFERENCES `Students` (`Id`) ON DELETE CASCADE,
    CONSTRAINT `FK_HomeworkSubmissions_Students_StudentId1` FOREIGN KEY (`StudentId1`) REFERENCES `Students` (`Id`)
) CHARACTER SET=utf8mb4;
2026-07-22 15:35:26.151 +05:30 [INF] Executed DbCommand (162ms) [Parameters=[], CommandType='"Text"', CommandTimeout='30']
CREATE TABLE `HostelAllocations` (
    `Id` char(36) COLLATE ascii_general_ci NOT NULL,
    `StudentId` char(36) COLLATE ascii_general_ci NOT NULL,
    `RoomId` char(36) COLLATE ascii_general_ci NOT NULL,
    `BedId` char(36) COLLATE ascii_general_ci NULL,
    `AllocationDate` datetime(6) NOT NULL,
    `CheckOutDate` datetime(6) NULL,
    `Status` int NOT NULL,
    `Remarks` longtext CHARACTER SET utf8mb4 NULL,
    `CreatedBy` longtext CHARACTER SET utf8mb4 NULL,
    `UpdatedBy` longtext CHARACTER SET utf8mb4 NULL,
    `DeletedBy` longtext CHARACTER SET utf8mb4 NULL,
    `CreatedAt` datetime(6) NOT NULL,
    `UpdatedAt` datetime(6) NULL,
    `DeletedAt` datetime(6) NULL,
    `IsDeleted` tinyint(1) NOT NULL,
    CONSTRAINT `PK_HostelAllocations` PRIMARY KEY (`Id`),
    CONSTRAINT `FK_HostelAllocations_HostelBeds_BedId` FOREIGN KEY (`BedId`) REFERENCES `HostelBeds` (`Id`) ON DELETE SET NULL,
    CONSTRAINT `FK_HostelAllocations_HostelRooms_RoomId` FOREIGN KEY (`RoomId`) REFERENCES `HostelRooms` (`Id`) ON DELETE CASCADE,
    CONSTRAINT `FK_HostelAllocations_Students_StudentId` FOREIGN KEY (`StudentId`) REFERENCES `Students` (`Id`) ON DELETE CASCADE
) CHARACTER SET=utf8mb4;
2026-07-22 15:35:26.313 +05:30 [INF] Executed DbCommand (161ms) [Parameters=[], CommandType='"Text"', CommandTimeout='30']
CREATE TABLE `HostelVisitors` (
    `Id` char(36) COLLATE ascii_general_ci NOT NULL,
    `VisitorName` longtext CHARACTER SET utf8mb4 NOT NULL,
    `Relationship` longtext CHARACTER SET utf8mb4 NULL,
    `Phone` longtext CHARACTER SET utf8mb4 NOT NULL,
    `IdProof` longtext CHARACTER SET utf8mb4 NULL,
    `VisitDate` datetime(6) NOT NULL,
    `ArrivalTime` time(6) NOT NULL,
    `DepartureTime` time(6) NULL,
    `Purpose` longtext CHARACTER SET utf8mb4 NULL,
    `StudentId` char(36) COLLATE ascii_general_ci NOT NULL,
    `RoomId` char(36) COLLATE ascii_general_ci NOT NULL,
    `MeetingWith` longtext CHARACTER SET utf8mb4 NULL,
    `CreatedBy` longtext CHARACTER SET utf8mb4 NULL,
    `UpdatedBy` longtext CHARACTER SET utf8mb4 NULL,
    `DeletedBy` longtext CHARACTER SET utf8mb4 NULL,
    `CreatedAt` datetime(6) NOT NULL,
    `UpdatedAt` datetime(6) NULL,
    `DeletedAt` datetime(6) NULL,
    `IsDeleted` tinyint(1) NOT NULL,
    CONSTRAINT `PK_HostelVisitors` PRIMARY KEY (`Id`),
    CONSTRAINT `FK_HostelVisitors_HostelRooms_RoomId` FOREIGN KEY (`RoomId`) REFERENCES `HostelRooms` (`Id`) ON DELETE CASCADE,
    CONSTRAINT `FK_HostelVisitors_Students_StudentId` FOREIGN KEY (`StudentId`) REFERENCES `Students` (`Id`) ON DELETE CASCADE
) CHARACTER SET=utf8mb4;
2026-07-22 15:35:26.510 +05:30 [INF] Executed DbCommand (197ms) [Parameters=[], CommandType='"Text"', CommandTimeout='30']
CREATE TABLE `Marks` (
    `Id` char(36) COLLATE ascii_general_ci NOT NULL,
    `MarksObtained` decimal(65,30) NOT NULL,
    `Grade` longtext CHARACTER SET utf8mb4 NULL,
    `Remarks` longtext CHARACTER SET utf8mb4 NULL,
    `EnteredBy` longtext CHARACTER SET utf8mb4 NULL,
    `EnteredAt` datetime(6) NULL,
    `IsAbsent` tinyint(1) NOT NULL,
    `IsPublished` tinyint(1) NOT NULL,
    `ExamScheduleId` char(36) COLLATE ascii_general_ci NOT NULL,
    `StudentId` char(36) COLLATE ascii_general_ci NOT NULL,
    `TeacherId` char(36) COLLATE ascii_general_ci NULL,
    `CreatedBy` longtext CHARACTER SET utf8mb4 NULL,
    `UpdatedBy` longtext CHARACTER SET utf8mb4 NULL,
    `DeletedBy` longtext CHARACTER SET utf8mb4 NULL,
    `CreatedAt` datetime(6) NOT NULL,
    `UpdatedAt` datetime(6) NULL,
    `DeletedAt` datetime(6) NULL,
    `IsDeleted` tinyint(1) NOT NULL,
    CONSTRAINT `PK_Marks` PRIMARY KEY (`Id`),
    CONSTRAINT `FK_Marks_ExamSchedules_ExamScheduleId` FOREIGN KEY (`ExamScheduleId`) REFERENCES `ExamSchedules` (`Id`) ON DELETE CASCADE,
    CONSTRAINT `FK_Marks_Students_StudentId` FOREIGN KEY (`StudentId`) REFERENCES `Students` (`Id`) ON DELETE CASCADE,
    CONSTRAINT `FK_Marks_Teachers_TeacherId` FOREIGN KEY (`TeacherId`) REFERENCES `Teachers` (`Id`) ON DELETE SET NULL
) CHARACTER SET=utf8mb4;
2026-07-22 15:35:26.672 +05:30 [INF] Executed DbCommand (162ms) [Parameters=[], CommandType='"Text"', CommandTimeout='30']
CREATE TABLE `ReportCards` (
    `Id` char(36) COLLATE ascii_general_ci NOT NULL,
    `StudentId` char(36) COLLATE ascii_general_ci NOT NULL,
    `ExamId` char(36) COLLATE ascii_general_ci NOT NULL,
    `TotalMarks` decimal(65,30) NOT NULL,
    `MarksObtained` decimal(65,30) NOT NULL,
    `Percentage` decimal(65,30) NOT NULL,
    `Grade` longtext CHARACTER SET utf8mb4 NULL,
    `Rank` int NOT NULL,
    `IsPublished` tinyint(1) NOT NULL,
    `PublishedAt` datetime(6) NULL,
    `Remarks` longtext CHARACTER SET utf8mb4 NULL,
    `GeneratedBy` longtext CHARACTER SET utf8mb4 NULL,
    `CreatedBy` longtext CHARACTER SET utf8mb4 NULL,
    `UpdatedBy` longtext CHARACTER SET utf8mb4 NULL,
    `DeletedBy` longtext CHARACTER SET utf8mb4 NULL,
    `CreatedAt` datetime(6) NOT NULL,
    `UpdatedAt` datetime(6) NULL,
    `DeletedAt` datetime(6) NULL,
    `IsDeleted` tinyint(1) NOT NULL,
    CONSTRAINT `PK_ReportCards` PRIMARY KEY (`Id`),
    CONSTRAINT `FK_ReportCards_Exams_ExamId` FOREIGN KEY (`ExamId`) REFERENCES `Exams` (`Id`) ON DELETE CASCADE,
    CONSTRAINT `FK_ReportCards_Students_StudentId` FOREIGN KEY (`StudentId`) REFERENCES `Students` (`Id`) ON DELETE CASCADE
) CHARACTER SET=utf8mb4;
2026-07-22 15:35:26.799 +05:30 [INF] Executed DbCommand (127ms) [Parameters=[], CommandType='"Text"', CommandTimeout='30']
CREATE TABLE `StudentDocuments` (
    `Id` char(36) COLLATE ascii_general_ci NOT NULL,
    `DocumentName` varchar(200) CHARACTER SET utf8mb4 NOT NULL,
    `DocumentType` int NOT NULL,
    `FileUrl` varchar(500) CHARACTER SET utf8mb4 NOT NULL,
    `FileName` longtext CHARACTER SET utf8mb4 NULL,
    `FileSize` bigint NULL,
    `StudentId` char(36) COLLATE ascii_general_ci NOT NULL,
    `CreatedBy` longtext CHARACTER SET utf8mb4 NULL,
    `UpdatedBy` longtext CHARACTER SET utf8mb4 NULL,
    `DeletedBy` longtext CHARACTER SET utf8mb4 NULL,
    `CreatedAt` datetime(6) NOT NULL,
    `UpdatedAt` datetime(6) NULL,
    `DeletedAt` datetime(6) NULL,
    `IsDeleted` tinyint(1) NOT NULL,
    CONSTRAINT `PK_StudentDocuments` PRIMARY KEY (`Id`),
    CONSTRAINT `FK_StudentDocuments_Students_StudentId` FOREIGN KEY (`StudentId`) REFERENCES `Students` (`Id`) ON DELETE CASCADE
) CHARACTER SET=utf8mb4;
2026-07-22 15:35:26.934 +05:30 [INF] Executed DbCommand (134ms) [Parameters=[], CommandType='"Text"', CommandTimeout='30']
CREATE TABLE `StudentHealthRecords` (
    `Id` char(36) COLLATE ascii_general_ci NOT NULL,
    `Height` decimal(65,30) NULL,
    `Weight` decimal(65,30) NULL,
    `BloodGroup` int NULL,
    `VisionLeft` longtext CHARACTER SET utf8mb4 NULL,
    `VisionRight` longtext CHARACTER SET utf8mb4 NULL,
    `MedicalConditions` longtext CHARACTER SET utf8mb4 NULL,
    `Medications` longtext CHARACTER SET utf8mb4 NULL,
    `Vaccinations` longtext CHARACTER SET utf8mb4 NULL,
    `DoctorName` longtext CHARACTER SET utf8mb4 NULL,
    `DoctorPhone` longtext CHARACTER SET utf8mb4 NULL,
    `InsuranceProvider` longtext CHARACTER SET utf8mb4 NULL,
    `InsurancePolicyNumber` longtext CHARACTER SET utf8mb4 NULL,
    `RecordDate` datetime(6) NOT NULL,
    `Notes` longtext CHARACTER SET utf8mb4 NULL,
    `StudentId` char(36) COLLATE ascii_general_ci NOT NULL,
    `CreatedBy` longtext CHARACTER SET utf8mb4 NULL,
    `UpdatedBy` longtext CHARACTER SET utf8mb4 NULL,
    `DeletedBy` longtext CHARACTER SET utf8mb4 NULL,
    `CreatedAt` datetime(6) NOT NULL,
    `UpdatedAt` datetime(6) NULL,
    `DeletedAt` datetime(6) NULL,
    `IsDeleted` tinyint(1) NOT NULL,
    CONSTRAINT `PK_StudentHealthRecords` PRIMARY KEY (`Id`),
    CONSTRAINT `FK_StudentHealthRecords_Students_StudentId` FOREIGN KEY (`StudentId`) REFERENCES `Students` (`Id`) ON DELETE CASCADE
) CHARACTER SET=utf8mb4;
2026-07-22 15:35:27.070 +05:30 [INF] Executed DbCommand (135ms) [Parameters=[], CommandType='"Text"', CommandTimeout='30']
CREATE TABLE `StudentLeaves` (
    `Id` char(36) COLLATE ascii_general_ci NOT NULL,
    `StudentId` char(36) COLLATE ascii_general_ci NOT NULL,
    `FromDate` datetime(6) NOT NULL,
    `ToDate` datetime(6) NOT NULL,
    `Reason` varchar(500) CHARACTER SET utf8mb4 NOT NULL,
    `DocumentUrl` longtext CHARACTER SET utf8mb4 NULL,
    `Status` int NOT NULL,
    `ApprovedBy` longtext CHARACTER SET utf8mb4 NULL,
    `ApprovedAt` datetime(6) NULL,
    `Remarks` longtext CHARACTER SET utf8mb4 NULL,
    `CreatedBy` longtext CHARACTER SET utf8mb4 NULL,
    `UpdatedBy` longtext CHARACTER SET utf8mb4 NULL,
    `DeletedBy` longtext CHARACTER SET utf8mb4 NULL,
    `CreatedAt` datetime(6) NOT NULL,
    `UpdatedAt` datetime(6) NULL,
    `DeletedAt` datetime(6) NULL,
    `IsDeleted` tinyint(1) NOT NULL,
    CONSTRAINT `PK_StudentLeaves` PRIMARY KEY (`Id`),
    CONSTRAINT `FK_StudentLeaves_Students_StudentId` FOREIGN KEY (`StudentId`) REFERENCES `Students` (`Id`) ON DELETE CASCADE
) CHARACTER SET=utf8mb4;
2026-07-22 15:35:27.201 +05:30 [INF] Executed DbCommand (131ms) [Parameters=[], CommandType='"Text"', CommandTimeout='30']
CREATE TABLE `StudentPromotions` (
    `Id` char(36) COLLATE ascii_general_ci NOT NULL,
    `StudentId` char(36) COLLATE ascii_general_ci NOT NULL,
    `FromSectionId` char(36) COLLATE ascii_general_ci NOT NULL,
    `ToSectionId` char(36) COLLATE ascii_general_ci NOT NULL,
    `FromAcademicYearId` char(36) COLLATE ascii_general_ci NOT NULL,
    `ToAcademicYearId` char(36) COLLATE ascii_general_ci NOT NULL,
    `Remarks` longtext CHARACTER SET utf8mb4 NULL,
    `Percentage` decimal(65,30) NULL,
    `CreatedBy` longtext CHARACTER SET utf8mb4 NULL,
    `UpdatedBy` longtext CHARACTER SET utf8mb4 NULL,
    `DeletedBy` longtext CHARACTER SET utf8mb4 NULL,
    `CreatedAt` datetime(6) NOT NULL,
    `UpdatedAt` datetime(6) NULL,
    `DeletedAt` datetime(6) NULL,
    `IsDeleted` tinyint(1) NOT NULL,
    CONSTRAINT `PK_StudentPromotions` PRIMARY KEY (`Id`),
    CONSTRAINT `FK_StudentPromotions_Students_StudentId` FOREIGN KEY (`StudentId`) REFERENCES `Students` (`Id`) ON DELETE CASCADE
) CHARACTER SET=utf8mb4;
2026-07-22 15:35:27.341 +05:30 [INF] Executed DbCommand (140ms) [Parameters=[], CommandType='"Text"', CommandTimeout='30']
CREATE TABLE `StudentReports` (
    `Id` char(36) COLLATE ascii_general_ci NOT NULL,
    `StudentId` char(36) COLLATE ascii_general_ci NOT NULL,
    `ReportType` longtext CHARACTER SET utf8mb4 NOT NULL,
    `Month` int NOT NULL,
    `Year` int NOT NULL,
    `TotalMarks` decimal(65,30) NULL,
    `MarksObtained` decimal(65,30) NULL,
    `Percentage` decimal(65,30) NULL,
    `Rank` int NULL,
    `TotalStudents` int NULL,
    `AttendancePercentage` decimal(65,30) NULL,
    `GeneratedBy` longtext CHARACTER SET utf8mb4 NULL,
    `GeneratedAt` longtext CHARACTER SET utf8mb4 NULL,
    `ReportData` longtext CHARACTER SET utf8mb4 NULL,
    `CreatedBy` longtext CHARACTER SET utf8mb4 NULL,
    `UpdatedBy` longtext CHARACTER SET utf8mb4 NULL,
    `DeletedBy` longtext CHARACTER SET utf8mb4 NULL,
    `CreatedAt` datetime(6) NOT NULL,
    `UpdatedAt` datetime(6) NULL,
    `DeletedAt` datetime(6) NULL,
    `IsDeleted` tinyint(1) NOT NULL,
    CONSTRAINT `PK_StudentReports` PRIMARY KEY (`Id`),
    CONSTRAINT `FK_StudentReports_Students_StudentId` FOREIGN KEY (`StudentId`) REFERENCES `Students` (`Id`) ON DELETE CASCADE
) CHARACTER SET=utf8mb4;
2026-07-22 15:35:27.472 +05:30 [INF] Executed DbCommand (130ms) [Parameters=[], CommandType='"Text"', CommandTimeout='30']
CREATE TABLE `StudentTransfers` (
    `Id` char(36) COLLATE ascii_general_ci NOT NULL,
    `StudentId` char(36) COLLATE ascii_general_ci NOT NULL,
    `TransferType` int NOT NULL,
    `FromSchool` longtext CHARACTER SET utf8mb4 NULL,
    `ToSchool` longtext CHARACTER SET utf8mb4 NULL,
    `TransferDate` datetime(6) NOT NULL,
    `Reason` longtext CHARACTER SET utf8mb4 NULL,
    `TransferCertificateNumber` longtext CHARACTER SET utf8mb4 NULL,
    `Remarks` longtext CHARACTER SET utf8mb4 NULL,
    `CreatedBy` longtext CHARACTER SET utf8mb4 NULL,
    `UpdatedBy` longtext CHARACTER SET utf8mb4 NULL,
    `DeletedBy` longtext CHARACTER SET utf8mb4 NULL,
    `CreatedAt` datetime(6) NOT NULL,
    `UpdatedAt` datetime(6) NULL,
    `DeletedAt` datetime(6) NULL,
    `IsDeleted` tinyint(1) NOT NULL,
    CONSTRAINT `PK_StudentTransfers` PRIMARY KEY (`Id`),
    CONSTRAINT `FK_StudentTransfers_Students_StudentId` FOREIGN KEY (`StudentId`) REFERENCES `Students` (`Id`) ON DELETE CASCADE
) CHARACTER SET=utf8mb4;
2026-07-22 15:35:27.675 +05:30 [INF] Executed DbCommand (202ms) [Parameters=[], CommandType='"Text"', CommandTimeout='30']
CREATE TABLE `StudentTransportAllocations` (
    `Id` char(36) COLLATE ascii_general_ci NOT NULL,
    `StudentId` char(36) COLLATE ascii_general_ci NOT NULL,
    `RouteId` char(36) COLLATE ascii_general_ci NOT NULL,
    `PickupPointId` char(36) COLLATE ascii_general_ci NULL,
    `Status` int NOT NULL,
    `PickupType` longtext CHARACTER SET utf8mb4 NULL,
    `StartDate` datetime(6) NOT NULL,
    `EndDate` datetime(6) NULL,
    `CreatedBy` longtext CHARACTER SET utf8mb4 NULL,
    `UpdatedBy` longtext CHARACTER SET utf8mb4 NULL,
    `DeletedBy` longtext CHARACTER SET utf8mb4 NULL,
    `CreatedAt` datetime(6) NOT NULL,
    `UpdatedAt` datetime(6) NULL,
    `DeletedAt` datetime(6) NULL,
    `IsDeleted` tinyint(1) NOT NULL,
    CONSTRAINT `PK_StudentTransportAllocations` PRIMARY KEY (`Id`),
    CONSTRAINT `FK_StudentTransportAllocations_PickupPoints_PickupPointId` FOREIGN KEY (`PickupPointId`) REFERENCES `PickupPoints` (`Id`) ON DELETE SET NULL,
    CONSTRAINT `FK_StudentTransportAllocations_Students_StudentId` FOREIGN KEY (`StudentId`) REFERENCES `Students` (`Id`) ON DELETE CASCADE,
    CONSTRAINT `FK_StudentTransportAllocations_TransportRoutes_RouteId` FOREIGN KEY (`RouteId`) REFERENCES `TransportRoutes` (`Id`) ON DELETE CASCADE
) CHARACTER SET=utf8mb4;
2026-07-22 15:35:27.808 +05:30 [INF] Executed DbCommand (132ms) [Parameters=[], CommandType='"Text"', CommandTimeout='30']
CREATE TABLE `FeeReceipts` (
    `Id` char(36) COLLATE ascii_general_ci NOT NULL,
    `ReceiptNumber` varchar(50) CHARACTER SET utf8mb4 NOT NULL,
    `Amount` decimal(18,2) NOT NULL,
    `Fine` decimal(18,2) NOT NULL,
    `Discount` decimal(18,2) NOT NULL,
    `TotalPaid` decimal(18,2) NOT NULL,
    `PaymentMethod` int NOT NULL,
    `TransactionReference` longtext CHARACTER SET utf8mb4 NULL,
    `PaymentNotes` longtext CHARACTER SET utf8mb4 NULL,
    `PaidAt` datetime(6) NOT NULL,
    `ReceivedBy` longtext CHARACTER SET utf8mb4 NULL,
    `FeeInstallmentId` char(36) COLLATE ascii_general_ci NOT NULL,
    `CreatedBy` longtext CHARACTER SET utf8mb4 NULL,
    `UpdatedBy` longtext CHARACTER SET utf8mb4 NULL,
    `DeletedBy` longtext CHARACTER SET utf8mb4 NULL,
    `CreatedAt` datetime(6) NOT NULL,
    `UpdatedAt` datetime(6) NULL,
    `DeletedAt` datetime(6) NULL,
    `IsDeleted` tinyint(1) NOT NULL,
    CONSTRAINT `PK_FeeReceipts` PRIMARY KEY (`Id`),
    CONSTRAINT `FK_FeeReceipts_FeeInstallments_FeeInstallmentId` FOREIGN KEY (`FeeInstallmentId`) REFERENCES `FeeInstallments` (`Id`) ON DELETE CASCADE
) CHARACTER SET=utf8mb4;
2026-07-22 15:35:27.923 +05:30 [INF] Executed DbCommand (116ms) [Parameters=[], CommandType='"Text"', CommandTimeout='30']
CREATE INDEX `IX_AcademicYears_SchoolId` ON `AcademicYears` (`SchoolId`);
2026-07-22 15:35:28.033 +05:30 [INF] Executed DbCommand (110ms) [Parameters=[], CommandType='"Text"', CommandTimeout='30']
CREATE INDEX `IX_AspNetRoleClaims_RoleId` ON `AspNetRoleClaims` (`RoleId`);
2026-07-22 15:35:28.135 +05:30 [INF] Executed DbCommand (102ms) [Parameters=[], CommandType='"Text"', CommandTimeout='30']
CREATE UNIQUE INDEX `RoleNameIndex` ON `AspNetRoles` (`NormalizedName`);
2026-07-22 15:35:28.235 +05:30 [INF] Executed DbCommand (99ms) [Parameters=[], CommandType='"Text"', CommandTimeout='30']
CREATE INDEX `IX_AspNetUserClaims_UserId` ON `AspNetUserClaims` (`UserId`);
2026-07-22 15:35:28.304 +05:30 [INF] Executed DbCommand (69ms) [Parameters=[], CommandType='"Text"', CommandTimeout='30']
CREATE INDEX `IX_AspNetUserLogins_UserId` ON `AspNetUserLogins` (`UserId`);
2026-07-22 15:35:28.387 +05:30 [INF] Executed DbCommand (82ms) [Parameters=[], CommandType='"Text"', CommandTimeout='30']
CREATE INDEX `IX_AspNetUserRoles_RoleId` ON `AspNetUserRoles` (`RoleId`);
2026-07-22 15:35:28.541 +05:30 [INF] Executed DbCommand (154ms) [Parameters=[], CommandType='"Text"', CommandTimeout='30']
CREATE INDEX `EmailIndex` ON `AspNetUsers` (`NormalizedEmail`);
2026-07-22 15:35:28.714 +05:30 [INF] Executed DbCommand (172ms) [Parameters=[], CommandType='"Text"', CommandTimeout='30']
CREATE UNIQUE INDEX `IX_AspNetUsers_Email` ON `AspNetUsers` (`Email`);
2026-07-22 15:35:28.896 +05:30 [INF] Executed DbCommand (182ms) [Parameters=[], CommandType='"Text"', CommandTimeout='30']
CREATE INDEX `IX_AspNetUsers_PhoneNumber` ON `AspNetUsers` (`PhoneNumber`);
2026-07-22 15:35:29.060 +05:30 [INF] Executed DbCommand (163ms) [Parameters=[], CommandType='"Text"', CommandTimeout='30']
CREATE UNIQUE INDEX `IX_AspNetUsers_UserName` ON `AspNetUsers` (`UserName`);
2026-07-22 15:35:29.204 +05:30 [INF] Executed DbCommand (143ms) [Parameters=[], CommandType='"Text"', CommandTimeout='30']
CREATE UNIQUE INDEX `UserNameIndex` ON `AspNetUsers` (`NormalizedUserName`);
2026-07-22 15:35:29.311 +05:30 [INF] Executed DbCommand (106ms) [Parameters=[], CommandType='"Text"', CommandTimeout='30']
CREATE INDEX `IX_Assignments_ClassRoomId` ON `Assignments` (`ClassRoomId`);
2026-07-22 15:35:29.402 +05:30 [INF] Executed DbCommand (91ms) [Parameters=[], CommandType='"Text"', CommandTimeout='30']
CREATE INDEX `IX_Assignments_SubjectId` ON `Assignments` (`SubjectId`);
2026-07-22 15:35:29.519 +05:30 [INF] Executed DbCommand (117ms) [Parameters=[], CommandType='"Text"', CommandTimeout='30']
CREATE INDEX `IX_Assignments_TeacherId` ON `Assignments` (`TeacherId`);
2026-07-22 15:35:29.638 +05:30 [INF] Executed DbCommand (119ms) [Parameters=[], CommandType='"Text"', CommandTimeout='30']
CREATE INDEX `IX_AssignmentSubmissions_AssignmentId` ON `AssignmentSubmissions` (`AssignmentId`);
2026-07-22 15:35:29.729 +05:30 [INF] Executed DbCommand (90ms) [Parameters=[], CommandType='"Text"', CommandTimeout='30']
CREATE INDEX `IX_AssignmentSubmissions_StudentId` ON `AssignmentSubmissions` (`StudentId`);
2026-07-22 15:35:29.819 +05:30 [INF] Executed DbCommand (90ms) [Parameters=[], CommandType='"Text"', CommandTimeout='30']
CREATE INDEX `IX_Attendances_Date_EmployeeId` ON `Attendances` (`Date`, `EmployeeId`);
2026-07-22 15:35:29.901 +05:30 [INF] Executed DbCommand (81ms) [Parameters=[], CommandType='"Text"', CommandTimeout='30']
CREATE INDEX `IX_Attendances_Date_StudentId` ON `Attendances` (`Date`, `StudentId`);
2026-07-22 15:35:29.999 +05:30 [INF] Executed DbCommand (98ms) [Parameters=[], CommandType='"Text"', CommandTimeout='30']
CREATE INDEX `IX_Attendances_Date_TeacherId` ON `Attendances` (`Date`, `TeacherId`);
2026-07-22 15:35:30.108 +05:30 [INF] Executed DbCommand (109ms) [Parameters=[], CommandType='"Text"', CommandTimeout='30']
CREATE INDEX `IX_Attendances_EmployeeId` ON `Attendances` (`EmployeeId`);
2026-07-22 15:35:30.220 +05:30 [INF] Executed DbCommand (112ms) [Parameters=[], CommandType='"Text"', CommandTimeout='30']
CREATE INDEX `IX_Attendances_SchoolId` ON `Attendances` (`SchoolId`);
2026-07-22 15:35:30.314 +05:30 [INF] Executed DbCommand (94ms) [Parameters=[], CommandType='"Text"', CommandTimeout='30']
CREATE INDEX `IX_Attendances_StudentId` ON `Attendances` (`StudentId`);
2026-07-22 15:35:30.423 +05:30 [INF] Executed DbCommand (108ms) [Parameters=[], CommandType='"Text"', CommandTimeout='30']
CREATE INDEX `IX_Attendances_TeacherId` ON `Attendances` (`TeacherId`);
2026-07-22 15:35:30.544 +05:30 [INF] Executed DbCommand (121ms) [Parameters=[], CommandType='"Text"', CommandTimeout='30']
CREATE INDEX `IX_AttendanceSummaries_EmployeeId` ON `AttendanceSummaries` (`EmployeeId`);
2026-07-22 15:35:30.634 +05:30 [INF] Executed DbCommand (90ms) [Parameters=[], CommandType='"Text"', CommandTimeout='30']
CREATE INDEX `IX_AttendanceSummaries_StudentId` ON `AttendanceSummaries` (`StudentId`);
2026-07-22 15:35:30.740 +05:30 [INF] Executed DbCommand (106ms) [Parameters=[], CommandType='"Text"', CommandTimeout='30']
CREATE INDEX `IX_AttendanceSummaries_TeacherId` ON `AttendanceSummaries` (`TeacherId`);
2026-07-22 15:35:30.832 +05:30 [INF] Executed DbCommand (92ms) [Parameters=[], CommandType='"Text"', CommandTimeout='30']
CREATE INDEX `IX_AuditLogs_EntityName_EntityId` ON `AuditLogs` (`EntityName`, `EntityId`);
2026-07-22 15:35:30.925 +05:30 [INF] Executed DbCommand (93ms) [Parameters=[], CommandType='"Text"', CommandTimeout='30']
CREATE INDEX `IX_AuditLogs_Timestamp` ON `AuditLogs` (`Timestamp`);
2026-07-22 15:35:31.043 +05:30 [INF] Executed DbCommand (117ms) [Parameters=[], CommandType='"Text"', CommandTimeout='30']
CREATE INDEX `IX_BookIssues_BookId` ON `BookIssues` (`BookId`);
2026-07-22 15:35:31.128 +05:30 [INF] Executed DbCommand (85ms) [Parameters=[], CommandType='"Text"', CommandTimeout='30']
CREATE INDEX `IX_BookIssues_StudentId` ON `BookIssues` (`StudentId`);
2026-07-22 15:35:31.249 +05:30 [INF] Executed DbCommand (120ms) [Parameters=[], CommandType='"Text"', CommandTimeout='30']
CREATE INDEX `IX_Books_CategoryId` ON `Books` (`CategoryId`);
2026-07-22 15:35:31.343 +05:30 [INF] Executed DbCommand (94ms) [Parameters=[], CommandType='"Text"', CommandTimeout='30']
CREATE INDEX `IX_Books_ISBN` ON `Books` (`ISBN`);
2026-07-22 15:35:31.448 +05:30 [INF] Executed DbCommand (104ms) [Parameters=[], CommandType='"Text"', CommandTimeout='30']
CREATE INDEX `IX_Branches_SchoolId` ON `Branches` (`SchoolId`);
2026-07-22 15:35:31.558 +05:30 [INF] Executed DbCommand (109ms) [Parameters=[], CommandType='"Text"', CommandTimeout='30']
CREATE INDEX `IX_ChatMessages_ParentMessageId` ON `ChatMessages` (`ParentMessageId`);
2026-07-22 15:35:31.646 +05:30 [INF] Executed DbCommand (88ms) [Parameters=[], CommandType='"Text"', CommandTimeout='30']
CREATE INDEX `IX_ChatMessages_ReceiverId` ON `ChatMessages` (`ReceiverId`);
2026-07-22 15:35:31.741 +05:30 [INF] Executed DbCommand (93ms) [Parameters=[], CommandType='"Text"', CommandTimeout='30']
CREATE INDEX `IX_ChatMessages_SenderId` ON `ChatMessages` (`SenderId`);
2026-07-22 15:35:31.901 +05:30 [INF] Executed DbCommand (159ms) [Parameters=[], CommandType='"Text"', CommandTimeout='30']
CREATE INDEX `IX_ClassRooms_AcademicYearId` ON `ClassRooms` (`AcademicYearId`);
2026-07-22 15:35:32.041 +05:30 [INF] Executed DbCommand (139ms) [Parameters=[], CommandType='"Text"', CommandTimeout='30']
CREATE INDEX `IX_ClassRooms_DepartmentId` ON `ClassRooms` (`DepartmentId`);
2026-07-22 15:35:32.157 +05:30 [INF] Executed DbCommand (116ms) [Parameters=[], CommandType='"Text"', CommandTimeout='30']
CREATE INDEX `IX_ClassRooms_SchoolId` ON `ClassRooms` (`SchoolId`);
2026-07-22 15:35:32.287 +05:30 [INF] Executed DbCommand (129ms) [Parameters=[], CommandType='"Text"', CommandTimeout='30']
CREATE INDEX `IX_Departments_SchoolId` ON `Departments` (`SchoolId`);
2026-07-22 15:35:32.384 +05:30 [INF] Executed DbCommand (97ms) [Parameters=[], CommandType='"Text"', CommandTimeout='30']
CREATE INDEX `IX_EmployeeDocuments_EmployeeId` ON `EmployeeDocuments` (`EmployeeId`);
2026-07-22 15:35:32.479 +05:30 [INF] Executed DbCommand (94ms) [Parameters=[], CommandType='"Text"', CommandTimeout='30']
CREATE INDEX `IX_EmployeeLeaves_EmployeeId` ON `EmployeeLeaves` (`EmployeeId`);
2026-07-22 15:35:32.624 +05:30 [INF] Executed DbCommand (144ms) [Parameters=[], CommandType='"Text"', CommandTimeout='30']
CREATE INDEX `IX_Employees_DepartmentId` ON `Employees` (`DepartmentId`);
2026-07-22 15:35:32.751 +05:30 [INF] Executed DbCommand (127ms) [Parameters=[], CommandType='"Text"', CommandTimeout='30']
CREATE INDEX `IX_Employees_DesignationId` ON `Employees` (`DesignationId`);
2026-07-22 15:35:32.871 +05:30 [INF] Executed DbCommand (118ms) [Parameters=[], CommandType='"Text"', CommandTimeout='30']
CREATE UNIQUE INDEX `IX_Employees_EmployeeCode` ON `Employees` (`EmployeeCode`);
2026-07-22 15:35:33.022 +05:30 [INF] Executed DbCommand (151ms) [Parameters=[], CommandType='"Text"', CommandTimeout='30']
CREATE INDEX `IX_Employees_SchoolId` ON `Employees` (`SchoolId`);
2026-07-22 15:35:33.171 +05:30 [INF] Executed DbCommand (148ms) [Parameters=[], CommandType='"Text"', CommandTimeout='30']
CREATE INDEX `IX_Employees_UserId` ON `Employees` (`UserId`);
2026-07-22 15:35:33.266 +05:30 [INF] Executed DbCommand (95ms) [Parameters=[], CommandType='"Text"', CommandTimeout='30']
CREATE INDEX `IX_EmployeeSalaries_EmployeeId` ON `EmployeeSalaries` (`EmployeeId`);
2026-07-22 15:35:33.385 +05:30 [INF] Executed DbCommand (119ms) [Parameters=[], CommandType='"Text"', CommandTimeout='30']
CREATE INDEX `IX_Exams_AcademicYearId` ON `Exams` (`AcademicYearId`);
2026-07-22 15:35:33.498 +05:30 [INF] Executed DbCommand (112ms) [Parameters=[], CommandType='"Text"', CommandTimeout='30']
CREATE INDEX `IX_Exams_ExamTypeId` ON `Exams` (`ExamTypeId`);
2026-07-22 15:35:33.607 +05:30 [INF] Executed DbCommand (109ms) [Parameters=[], CommandType='"Text"', CommandTimeout='30']
CREATE INDEX `IX_Exams_SchoolId` ON `Exams` (`SchoolId`);
2026-07-22 15:35:33.728 +05:30 [INF] Executed DbCommand (121ms) [Parameters=[], CommandType='"Text"', CommandTimeout='30']
CREATE INDEX `IX_ExamSchedules_ExamId` ON `ExamSchedules` (`ExamId`);
2026-07-22 15:35:33.835 +05:30 [INF] Executed DbCommand (106ms) [Parameters=[], CommandType='"Text"', CommandTimeout='30']
CREATE INDEX `IX_ExamSchedules_SubjectId` ON `ExamSchedules` (`SubjectId`);
2026-07-22 15:35:33.970 +05:30 [INF] Executed DbCommand (136ms) [Parameters=[], CommandType='"Text"', CommandTimeout='30']
CREATE INDEX `IX_Expenses_AccountHeadId` ON `Expenses` (`AccountHeadId`);
2026-07-22 15:35:34.086 +05:30 [INF] Executed DbCommand (115ms) [Parameters=[], CommandType='"Text"', CommandTimeout='30']
CREATE INDEX `IX_FeeInstallments_FeeStructureId` ON `FeeInstallments` (`FeeStructureId`);
2026-07-22 15:35:34.201 +05:30 [INF] Executed DbCommand (115ms) [Parameters=[], CommandType='"Text"', CommandTimeout='30']
CREATE INDEX `IX_FeeInstallments_StudentId` ON `FeeInstallments` (`StudentId`);
2026-07-22 15:35:34.305 +05:30 [INF] Executed DbCommand (103ms) [Parameters=[], CommandType='"Text"', CommandTimeout='30']
CREATE INDEX `IX_FeeReceipts_FeeInstallmentId` ON `FeeReceipts` (`FeeInstallmentId`);
2026-07-22 15:35:34.382 +05:30 [INF] Executed DbCommand (77ms) [Parameters=[], CommandType='"Text"', CommandTimeout='30']
CREATE UNIQUE INDEX `IX_FeeReceipts_ReceiptNumber` ON `FeeReceipts` (`ReceiptNumber`);
2026-07-22 15:35:34.492 +05:30 [INF] Executed DbCommand (109ms) [Parameters=[], CommandType='"Text"', CommandTimeout='30']
CREATE INDEX `IX_FeeStructures_AcademicYearId` ON `FeeStructures` (`AcademicYearId`);
2026-07-22 15:35:34.587 +05:30 [INF] Executed DbCommand (95ms) [Parameters=[], CommandType='"Text"', CommandTimeout='30']
CREATE INDEX `IX_FeeStructures_ClassRoomId` ON `FeeStructures` (`ClassRoomId`);
2026-07-22 15:35:34.686 +05:30 [INF] Executed DbCommand (99ms) [Parameters=[], CommandType='"Text"', CommandTimeout='30']
CREATE INDEX `IX_FeeStructures_FeeHeadId` ON `FeeStructures` (`FeeHeadId`);
2026-07-22 15:35:34.776 +05:30 [INF] Executed DbCommand (90ms) [Parameters=[], CommandType='"Text"', CommandTimeout='30']
CREATE INDEX `IX_GuardianDetails_ParentId` ON `GuardianDetails` (`ParentId`);
2026-07-22 15:35:34.906 +05:30 [INF] Executed DbCommand (130ms) [Parameters=[], CommandType='"Text"', CommandTimeout='30']
CREATE INDEX `IX_Homeworks_ClassRoomId` ON `Homeworks` (`ClassRoomId`);
2026-07-22 15:35:35.047 +05:30 [INF] Executed DbCommand (140ms) [Parameters=[], CommandType='"Text"', CommandTimeout='30']
CREATE INDEX `IX_Homeworks_SubjectId` ON `Homeworks` (`SubjectId`);
2026-07-22 15:35:35.146 +05:30 [INF] Executed DbCommand (99ms) [Parameters=[], CommandType='"Text"', CommandTimeout='30']
CREATE INDEX `IX_Homeworks_TeacherId` ON `Homeworks` (`TeacherId`);
2026-07-22 15:35:35.243 +05:30 [INF] Executed DbCommand (97ms) [Parameters=[], CommandType='"Text"', CommandTimeout='30']
CREATE INDEX `IX_HomeworkSubmissions_HomeworkId` ON `HomeworkSubmissions` (`HomeworkId`);
2026-07-22 15:35:35.322 +05:30 [INF] Executed DbCommand (78ms) [Parameters=[], CommandType='"Text"', CommandTimeout='30']
CREATE INDEX `IX_HomeworkSubmissions_StudentId` ON `HomeworkSubmissions` (`StudentId`);
2026-07-22 15:35:35.402 +05:30 [INF] Executed DbCommand (80ms) [Parameters=[], CommandType='"Text"', CommandTimeout='30']
CREATE INDEX `IX_HomeworkSubmissions_StudentId1` ON `HomeworkSubmissions` (`StudentId1`);
2026-07-22 15:35:35.498 +05:30 [INF] Executed DbCommand (96ms) [Parameters=[], CommandType='"Text"', CommandTimeout='30']
CREATE INDEX `IX_HostelAllocations_BedId` ON `HostelAllocations` (`BedId`);
2026-07-22 15:35:35.605 +05:30 [INF] Executed DbCommand (106ms) [Parameters=[], CommandType='"Text"', CommandTimeout='30']
CREATE INDEX `IX_HostelAllocations_RoomId` ON `HostelAllocations` (`RoomId`);
2026-07-22 15:35:35.714 +05:30 [INF] Executed DbCommand (108ms) [Parameters=[], CommandType='"Text"', CommandTimeout='30']
CREATE INDEX `IX_HostelAllocations_StudentId` ON `HostelAllocations` (`StudentId`);
2026-07-22 15:35:35.834 +05:30 [INF] Executed DbCommand (120ms) [Parameters=[], CommandType='"Text"', CommandTimeout='30']
CREATE INDEX `IX_HostelBeds_RoomId` ON `HostelBeds` (`RoomId`);
2026-07-22 15:35:35.941 +05:30 [INF] Executed DbCommand (106ms) [Parameters=[], CommandType='"Text"', CommandTimeout='30']
CREATE INDEX `IX_HostelVisitors_RoomId` ON `HostelVisitors` (`RoomId`);
2026-07-22 15:35:36.031 +05:30 [INF] Executed DbCommand (90ms) [Parameters=[], CommandType='"Text"', CommandTimeout='30']
CREATE INDEX `IX_HostelVisitors_StudentId` ON `HostelVisitors` (`StudentId`);
2026-07-22 15:35:36.139 +05:30 [INF] Executed DbCommand (107ms) [Parameters=[], CommandType='"Text"', CommandTimeout='30']
CREATE INDEX `IX_Incomes_AccountHeadId` ON `Incomes` (`AccountHeadId`);
2026-07-22 15:35:36.267 +05:30 [INF] Executed DbCommand (128ms) [Parameters=[], CommandType='"Text"', CommandTimeout='30']
CREATE INDEX `IX_InventoryItems_CategoryId` ON `InventoryItems` (`CategoryId`);
2026-07-22 15:35:36.377 +05:30 [INF] Executed DbCommand (110ms) [Parameters=[], CommandType='"Text"', CommandTimeout='30']
CREATE INDEX `IX_InventoryItems_VendorId` ON `InventoryItems` (`VendorId`);
2026-07-22 15:35:36.484 +05:30 [INF] Executed DbCommand (106ms) [Parameters=[], CommandType='"Text"', CommandTimeout='30']
CREATE INDEX `IX_LedgerEntries_AccountHeadId` ON `LedgerEntries` (`AccountHeadId`);
2026-07-22 15:35:36.595 +05:30 [INF] Executed DbCommand (110ms) [Parameters=[], CommandType='"Text"', CommandTimeout='30']
CREATE INDEX `IX_LoginHistories_UserId` ON `LoginHistories` (`UserId`);
2026-07-22 15:35:36.701 +05:30 [INF] Executed DbCommand (106ms) [Parameters=[], CommandType='"Text"', CommandTimeout='30']
CREATE UNIQUE INDEX `IX_Marks_ExamScheduleId_StudentId` ON `Marks` (`ExamScheduleId`, `StudentId`);
2026-07-22 15:35:36.817 +05:30 [INF] Executed DbCommand (115ms) [Parameters=[], CommandType='"Text"', CommandTimeout='30']
CREATE INDEX `IX_Marks_StudentId` ON `Marks` (`StudentId`);
2026-07-22 15:35:36.923 +05:30 [INF] Executed DbCommand (105ms) [Parameters=[], CommandType='"Text"', CommandTimeout='30']
CREATE INDEX `IX_Marks_TeacherId` ON `Marks` (`TeacherId`);
2026-07-22 15:35:37.062 +05:30 [INF] Executed DbCommand (139ms) [Parameters=[], CommandType='"Text"', CommandTimeout='30']
CREATE INDEX `IX_Notifications_UserId` ON `Notifications` (`UserId`);
2026-07-22 15:35:37.161 +05:30 [INF] Executed DbCommand (99ms) [Parameters=[], CommandType='"Text"', CommandTimeout='30']
CREATE UNIQUE INDEX `IX_Parents_ParentCode` ON `Parents` (`ParentCode`);
2026-07-22 15:35:37.280 +05:30 [INF] Executed DbCommand (119ms) [Parameters=[], CommandType='"Text"', CommandTimeout='30']
CREATE INDEX `IX_Parents_UserId` ON `Parents` (`UserId`);
2026-07-22 15:35:37.400 +05:30 [INF] Executed DbCommand (120ms) [Parameters=[], CommandType='"Text"', CommandTimeout='30']
CREATE INDEX `IX_PickupPoints_RouteId` ON `PickupPoints` (`RouteId`);
2026-07-22 15:35:37.516 +05:30 [INF] Executed DbCommand (115ms) [Parameters=[], CommandType='"Text"', CommandTimeout='30']
CREATE INDEX `IX_ReportCards_ExamId` ON `ReportCards` (`ExamId`);
2026-07-22 15:35:37.602 +05:30 [INF] Executed DbCommand (85ms) [Parameters=[], CommandType='"Text"', CommandTimeout='30']
CREATE INDEX `IX_ReportCards_StudentId` ON `ReportCards` (`StudentId`);
2026-07-22 15:35:37.711 +05:30 [INF] Executed DbCommand (109ms) [Parameters=[], CommandType='"Text"', CommandTimeout='30']
CREATE INDEX `IX_RolePermissions_PermissionId` ON `RolePermissions` (`PermissionId`);
2026-07-22 15:35:37.791 +05:30 [INF] Executed DbCommand (80ms) [Parameters=[], CommandType='"Text"', CommandTimeout='30']
CREATE INDEX `IX_RolePermissions_RoleId` ON `RolePermissions` (`RoleId`);
2026-07-22 15:35:37.969 +05:30 [INF] Executed DbCommand (177ms) [Parameters=[], CommandType='"Text"', CommandTimeout='30']
CREATE UNIQUE INDEX `IX_Schools_Code` ON `Schools` (`Code`);
2026-07-22 15:35:38.169 +05:30 [INF] Executed DbCommand (199ms) [Parameters=[], CommandType='"Text"', CommandTimeout='30']
CREATE INDEX `IX_Schools_CurrentAcademicYearId` ON `Schools` (`CurrentAcademicYearId`);
2026-07-22 15:35:38.296 +05:30 [INF] Executed DbCommand (127ms) [Parameters=[], CommandType='"Text"', CommandTimeout='30']
CREATE INDEX `IX_Sections_ClassRoomId` ON `Sections` (`ClassRoomId`);
2026-07-22 15:35:38.393 +05:30 [INF] Executed DbCommand (96ms) [Parameters=[], CommandType='"Text"', CommandTimeout='30']
CREATE INDEX `IX_Sections_ClassTeacherId` ON `Sections` (`ClassTeacherId`);
2026-07-22 15:35:38.498 +05:30 [INF] Executed DbCommand (105ms) [Parameters=[], CommandType='"Text"', CommandTimeout='30']
CREATE INDEX `IX_StockTransactions_ItemId` ON `StockTransactions` (`ItemId`);
2026-07-22 15:35:38.590 +05:30 [INF] Executed DbCommand (91ms) [Parameters=[], CommandType='"Text"', CommandTimeout='30']
CREATE INDEX `IX_StudentDocuments_StudentId` ON `StudentDocuments` (`StudentId`);
2026-07-22 15:35:38.691 +05:30 [INF] Executed DbCommand (101ms) [Parameters=[], CommandType='"Text"', CommandTimeout='30']
CREATE INDEX `IX_StudentHealthRecords_StudentId` ON `StudentHealthRecords` (`StudentId`);
2026-07-22 15:35:38.783 +05:30 [INF] Executed DbCommand (92ms) [Parameters=[], CommandType='"Text"', CommandTimeout='30']
CREATE INDEX `IX_StudentLeaves_StudentId` ON `StudentLeaves` (`StudentId`);
2026-07-22 15:35:38.888 +05:30 [INF] Executed DbCommand (104ms) [Parameters=[], CommandType='"Text"', CommandTimeout='30']
CREATE INDEX `IX_StudentPromotions_StudentId` ON `StudentPromotions` (`StudentId`);
2026-07-22 15:35:39.036 +05:30 [INF] Executed DbCommand (147ms) [Parameters=[], CommandType='"Text"', CommandTimeout='30']
CREATE INDEX `IX_StudentReports_StudentId` ON `StudentReports` (`StudentId`);
2026-07-22 15:35:39.248 +05:30 [INF] Executed DbCommand (211ms) [Parameters=[], CommandType='"Text"', CommandTimeout='30']
CREATE UNIQUE INDEX `IX_Students_AdmissionNumber` ON `Students` (`AdmissionNumber`);
2026-07-22 15:35:39.489 +05:30 [INF] Executed DbCommand (241ms) [Parameters=[], CommandType='"Text"', CommandTimeout='30']
CREATE INDEX `IX_Students_ParentId` ON `Students` (`ParentId`);
2026-07-22 15:35:39.683 +05:30 [INF] Executed DbCommand (194ms) [Parameters=[], CommandType='"Text"', CommandTimeout='30']
CREATE INDEX `IX_Students_SchoolId` ON `Students` (`SchoolId`);
2026-07-22 15:35:39.870 +05:30 [INF] Executed DbCommand (186ms) [Parameters=[], CommandType='"Text"', CommandTimeout='30']
CREATE INDEX `IX_Students_SectionId` ON `Students` (`SectionId`);
2026-07-22 15:35:40.136 +05:30 [INF] Executed DbCommand (266ms) [Parameters=[], CommandType='"Text"', CommandTimeout='30']
CREATE INDEX `IX_Students_UserId` ON `Students` (`UserId`);
2026-07-22 15:35:40.227 +05:30 [INF] Executed DbCommand (91ms) [Parameters=[], CommandType='"Text"', CommandTimeout='30']
CREATE INDEX `IX_StudentTransfers_StudentId` ON `StudentTransfers` (`StudentId`);
2026-07-22 15:35:40.333 +05:30 [INF] Executed DbCommand (105ms) [Parameters=[], CommandType='"Text"', CommandTimeout='30']
CREATE INDEX `IX_StudentTransportAllocations_PickupPointId` ON `StudentTransportAllocations` (`PickupPointId`);
2026-07-22 15:35:40.442 +05:30 [INF] Executed DbCommand (109ms) [Parameters=[], CommandType='"Text"', CommandTimeout='30']
CREATE INDEX `IX_StudentTransportAllocations_RouteId` ON `StudentTransportAllocations` (`RouteId`);
2026-07-22 15:35:40.532 +05:30 [INF] Executed DbCommand (90ms) [Parameters=[], CommandType='"Text"', CommandTimeout='30']
CREATE INDEX `IX_StudentTransportAllocations_StudentId` ON `StudentTransportAllocations` (`StudentId`);
2026-07-22 15:35:40.663 +05:30 [INF] Executed DbCommand (131ms) [Parameters=[], CommandType='"Text"', CommandTimeout='30']
CREATE INDEX `IX_Subjects_ClassRoomId` ON `Subjects` (`ClassRoomId`);
2026-07-22 15:35:40.759 +05:30 [INF] Executed DbCommand (96ms) [Parameters=[], CommandType='"Text"', CommandTimeout='30']
CREATE INDEX `IX_TeacherDocuments_TeacherId` ON `TeacherDocuments` (`TeacherId`);
2026-07-22 15:35:40.850 +05:30 [INF] Executed DbCommand (90ms) [Parameters=[], CommandType='"Text"', CommandTimeout='30']
CREATE INDEX `IX_TeacherLeaves_TeacherId` ON `TeacherLeaves` (`TeacherId`);
2026-07-22 15:35:40.963 +05:30 [INF] Executed DbCommand (113ms) [Parameters=[], CommandType='"Text"', CommandTimeout='30']
CREATE INDEX `IX_TeacherPerformances_TeacherId` ON `TeacherPerformances` (`TeacherId`);
2026-07-22 15:35:41.185 +05:30 [INF] Executed DbCommand (222ms) [Parameters=[], CommandType='"Text"', CommandTimeout='30']
CREATE INDEX `IX_Teachers_DepartmentId` ON `Teachers` (`DepartmentId`);
2026-07-22 15:35:41.338 +05:30 [INF] Executed DbCommand (153ms) [Parameters=[], CommandType='"Text"', CommandTimeout='30']
CREATE UNIQUE INDEX `IX_Teachers_EmployeeCode` ON `Teachers` (`EmployeeCode`);
2026-07-22 15:35:41.512 +05:30 [INF] Executed DbCommand (174ms) [Parameters=[], CommandType='"Text"', CommandTimeout='30']
CREATE INDEX `IX_Teachers_SchoolId` ON `Teachers` (`SchoolId`);
2026-07-22 15:35:41.714 +05:30 [INF] Executed DbCommand (202ms) [Parameters=[], CommandType='"Text"', CommandTimeout='30']
CREATE INDEX `IX_Teachers_UserId` ON `Teachers` (`UserId`);
2026-07-22 15:35:41.831 +05:30 [INF] Executed DbCommand (117ms) [Parameters=[], CommandType='"Text"', CommandTimeout='30']
CREATE INDEX `IX_TeacherSalaries_TeacherId` ON `TeacherSalaries` (`TeacherId`);
2026-07-22 15:35:42.085 +05:30 [INF] Executed DbCommand (253ms) [Parameters=[], CommandType='"Text"', CommandTimeout='30']
CREATE INDEX `IX_Timetables_ClassRoomId` ON `Timetables` (`ClassRoomId`);
2026-07-22 15:35:42.227 +05:30 [INF] Executed DbCommand (142ms) [Parameters=[], CommandType='"Text"', CommandTimeout='30']
CREATE INDEX `IX_Timetables_SectionId` ON `Timetables` (`SectionId`);
2026-07-22 15:35:42.304 +05:30 [INF] Executed DbCommand (76ms) [Parameters=[], CommandType='"Text"', CommandTimeout='30']
CREATE INDEX `IX_Timetables_SubjectId` ON `Timetables` (`SubjectId`);
2026-07-22 15:35:42.400 +05:30 [INF] Executed DbCommand (96ms) [Parameters=[], CommandType='"Text"', CommandTimeout='30']
CREATE INDEX `IX_Timetables_TeacherId` ON `Timetables` (`TeacherId`);
2026-07-22 15:35:42.499 +05:30 [INF] Executed DbCommand (99ms) [Parameters=[], CommandType='"Text"', CommandTimeout='30']
CREATE INDEX `IX_Vehicles_DriverId` ON `Vehicles` (`DriverId`);
2026-07-22 15:35:42.616 +05:30 [INF] Executed DbCommand (117ms) [Parameters=[], CommandType='"Text"', CommandTimeout='30']
CREATE INDEX `IX_Vehicles_RouteId` ON `Vehicles` (`RouteId`);
2026-07-22 15:35:42.943 +05:30 [INF] Executed DbCommand (326ms) [Parameters=[], CommandType='"Text"', CommandTimeout='30']
ALTER TABLE `AcademicYears` ADD CONSTRAINT `FK_AcademicYears_Schools_SchoolId` FOREIGN KEY (`SchoolId`) REFERENCES `Schools` (`Id`) ON DELETE CASCADE;
2026-07-22 15:35:42.975 +05:30 [INF] Executed DbCommand (32ms) [Parameters=[], CommandType='"Text"', CommandTimeout='30']
INSERT INTO `__EFMigrationsHistory` (`MigrationId`, `ProductVersion`)
VALUES ('20260722051959_InitialCreate', '8.0.11');
2026-07-22 15:35:43.415 +05:30 [INF] Executed DbCommand (70ms) [Parameters=[], CommandType='"Text"', CommandTimeout='30']
ALTER TABLE `FeeStructures` DROP FOREIGN KEY `FK_FeeStructures_FeeHeads_FeeHeadId`;
2026-07-22 15:35:43.806 +05:30 [INF] Executed DbCommand (390ms) [Parameters=[], CommandType='"Text"', CommandTimeout='30']
ALTER TABLE `Teachers` MODIFY COLUMN `SchoolId` char(36) COLLATE ascii_general_ci NULL;
2026-07-22 15:35:44.182 +05:30 [INF] Executed DbCommand (374ms) [Parameters=[], CommandType='"Text"', CommandTimeout='30']
ALTER TABLE `FeeStructures` MODIFY COLUMN `FeeHeadId` char(36) COLLATE ascii_general_ci NULL;
2026-07-22 15:35:44.562 +05:30 [INF] Executed DbCommand (379ms) [Parameters=[], CommandType='"Text"', CommandTimeout='30']
ALTER TABLE `FeeStructures` ADD CONSTRAINT `FK_FeeStructures_FeeHeads_FeeHeadId` FOREIGN KEY (`FeeHeadId`) REFERENCES `FeeHeads` (`Id`) ON DELETE SET NULL;
2026-07-22 15:35:44.578 +05:30 [INF] Executed DbCommand (16ms) [Parameters=[], CommandType='"Text"', CommandTimeout='30']
INSERT INTO `__EFMigrationsHistory` (`MigrationId`, `ProductVersion`)
VALUES ('20260722100407_MakeFeeHeadNullable', '8.0.11');
2026-07-22 15:47:02.251 +05:30 [WRN] Redis unavailable, falling back to in-memory cache and basic SignalR: It was not possible to connect to the redis server(s). Error connecting right now. To allow this multiplexer to continue retrying until it's able to connect, use abortConnect=false in your connection string or AbortOnConnectFail=false; in your code.
2026-07-22 15:47:10.631 +05:30 [WRN] Entity 'ApplicationRole' has a global query filter defined and is the required end of a relationship with the entity 'ApplicationRoleClaim'. This may lead to unexpected results when the required entity is filtered out. Either configure the navigation as optional, or define matching query filters for both entities in the navigation. See https://go.microsoft.com/fwlink/?linkid=2131316 for more information.
2026-07-22 15:47:10.635 +05:30 [WRN] Entity 'ApplicationUser' has a global query filter defined and is the required end of a relationship with the entity 'ApplicationUserClaim'. This may lead to unexpected results when the required entity is filtered out. Either configure the navigation as optional, or define matching query filters for both entities in the navigation. See https://go.microsoft.com/fwlink/?linkid=2131316 for more information.
2026-07-22 15:47:10.636 +05:30 [WRN] Entity 'ApplicationUser' has a global query filter defined and is the required end of a relationship with the entity 'ApplicationUserLogin'. This may lead to unexpected results when the required entity is filtered out. Either configure the navigation as optional, or define matching query filters for both entities in the navigation. See https://go.microsoft.com/fwlink/?linkid=2131316 for more information.
2026-07-22 15:47:10.636 +05:30 [WRN] Entity 'ApplicationRole' has a global query filter defined and is the required end of a relationship with the entity 'ApplicationUserRole'. This may lead to unexpected results when the required entity is filtered out. Either configure the navigation as optional, or define matching query filters for both entities in the navigation. See https://go.microsoft.com/fwlink/?linkid=2131316 for more information.
2026-07-22 15:47:10.636 +05:30 [WRN] Entity 'ApplicationUser' has a global query filter defined and is the required end of a relationship with the entity 'ApplicationUserToken'. This may lead to unexpected results when the required entity is filtered out. Either configure the navigation as optional, or define matching query filters for both entities in the navigation. See https://go.microsoft.com/fwlink/?linkid=2131316 for more information.
2026-07-22 15:47:10.762 +05:30 [WRN] The foreign key property 'HomeworkSubmission.StudentId1' was created in shadow state because a conflicting property with the simple name 'StudentId' exists in the entity type, but is either not mapped, is already used for another relationship, or is incompatible with the associated primary key type. See https://aka.ms/efcore-relationships for information on mapping relationships in EF Core.
2026-07-22 15:47:14.522 +05:30 [INF] Database migrated successfully
2026-07-22 15:47:15.663 +05:30 [INF] Roles seeded successfully
2026-07-22 15:47:24.400 +05:30 [INF] [3fcd0d33-da07-4d0c-8190-92577cf889f2] GET /health from 127.0.0.1 by Anonymous
2026-07-22 15:47:24.441 +05:30 [WRN] Failed to determine the https port for redirect.
2026-07-22 15:47:24.489 +05:30 [INF] [3fcd0d33-da07-4d0c-8190-92577cf889f2] GET /health responded 404 in 84ms
2026-07-22 15:48:07.571 +05:30 [INF] [97d0427f-fa9e-48bb-b874-9cd13d158182] POST /api/fees from 127.0.0.1 by Anonymous
2026-07-22 15:48:07.591 +05:30 [INF] [97d0427f-fa9e-48bb-b874-9cd13d158182] POST /api/fees responded 401 in 19ms
2026-07-22 15:58:51.136 +05:30 [INF] [3ae9066f-0dce-466c-8dfa-6f25c6b421e5] GET /api/fees from 127.0.0.1 by Anonymous
2026-07-22 15:58:51.136 +05:30 [INF] [316311c3-e00d-4b79-a786-688b268a0820] GET /api/schools from 127.0.0.1 by Anonymous
2026-07-22 15:58:52.087 +05:30 [WRN] The query uses a row limiting operator ('Skip'/'Take') without an 'OrderBy' operator. This may lead to unpredictable results. If the 'Distinct' operator is used after 'OrderBy', then make sure to use the 'OrderBy' operator after 'Distinct' as the ordering would otherwise get erased.
2026-07-22 15:58:52.089 +05:30 [WRN] The query uses a row limiting operator ('Skip'/'Take') without an 'OrderBy' operator. This may lead to unpredictable results. If the 'Distinct' operator is used after 'OrderBy', then make sure to use the 'OrderBy' operator after 'Distinct' as the ordering would otherwise get erased.
2026-07-22 15:58:52.090 +05:30 [WRN] The query uses a row limiting operator ('Skip'/'Take') without an 'OrderBy' operator. This may lead to unpredictable results. If the 'Distinct' operator is used after 'OrderBy', then make sure to use the 'OrderBy' operator after 'Distinct' as the ordering would otherwise get erased.
2026-07-22 15:58:52.090 +05:30 [WRN] The query uses a row limiting operator ('Skip'/'Take') without an 'OrderBy' operator. This may lead to unpredictable results. If the 'Distinct' operator is used after 'OrderBy', then make sure to use the 'OrderBy' operator after 'Distinct' as the ordering would otherwise get erased.
2026-07-22 15:58:52.230 +05:30 [INF] [3ae9066f-0dce-466c-8dfa-6f25c6b421e5] GET /api/fees responded 200 in 1093ms
2026-07-22 15:58:52.230 +05:30 [INF] [316311c3-e00d-4b79-a786-688b268a0820] GET /api/schools responded 200 in 1092ms
2026-07-22 15:58:52.236 +05:30 [INF] [fa00dabd-4b05-4148-9623-429dd7e9355d] GET /api/fees from 127.0.0.1 by Anonymous
2026-07-22 15:58:52.250 +05:30 [INF] [4fa53470-1c7a-435c-afb2-b3a0bcf6df34] GET /api/schools from 127.0.0.1 by Anonymous
2026-07-22 15:58:52.275 +05:30 [INF] [37685ce0-6040-4eee-97aa-ca458d8ab81c] GET /api/schools/93cfbeb0-5697-4af4-9f0b-0115e7e2e14a/classes from 127.0.0.1 by Anonymous
2026-07-22 15:58:52.297 +05:30 [INF] [ca86d3d9-8653-43cc-bacf-dae6f5be93cf] GET /api/schools/93cfbeb0-5697-4af4-9f0b-0115e7e2e14a/academic-years from 127.0.0.1 by Anonymous
2026-07-22 15:58:52.582 +05:30 [INF] [4fa53470-1c7a-435c-afb2-b3a0bcf6df34] GET /api/schools responded 200 in 328ms
2026-07-22 15:58:52.610 +05:30 [INF] [fa00dabd-4b05-4148-9623-429dd7e9355d] GET /api/fees responded 200 in 373ms
2026-07-22 15:58:52.770 +05:30 [INF] [ca86d3d9-8653-43cc-bacf-dae6f5be93cf] GET /api/schools/93cfbeb0-5697-4af4-9f0b-0115e7e2e14a/academic-years responded 200 in 469ms
2026-07-22 15:58:52.780 +05:30 [INF] [f8b4eca8-3a2d-45cc-97fb-e1ffff5a1de9] GET /api/schools/93cfbeb0-5697-4af4-9f0b-0115e7e2e14a/academic-years from 127.0.0.1 by Anonymous
2026-07-22 15:58:52.803 +05:30 [INF] [37685ce0-6040-4eee-97aa-ca458d8ab81c] GET /api/schools/93cfbeb0-5697-4af4-9f0b-0115e7e2e14a/classes responded 200 in 526ms
2026-07-22 15:58:52.804 +05:30 [INF] [f8b4eca8-3a2d-45cc-97fb-e1ffff5a1de9] GET /api/schools/93cfbeb0-5697-4af4-9f0b-0115e7e2e14a/academic-years responded 200 in 22ms
2026-07-22 15:58:52.815 +05:30 [INF] [250c3ba9-707a-43fc-86b1-4ce9772dc738] GET /api/schools/93cfbeb0-5697-4af4-9f0b-0115e7e2e14a/classes from 127.0.0.1 by Anonymous
2026-07-22 15:58:52.841 +05:30 [INF] [250c3ba9-707a-43fc-86b1-4ce9772dc738] GET /api/schools/93cfbeb0-5697-4af4-9f0b-0115e7e2e14a/classes responded 200 in 25ms
2026-07-22 15:59:13.132 +05:30 [INF] [da8aab79-0328-4d29-8fc9-52db8e436f5a] POST /api/fees from 127.0.0.1 by Anonymous
2026-07-22 15:59:13.617 +05:30 [INF] [da8aab79-0328-4d29-8fc9-52db8e436f5a] POST /api/fees responded 201 in 483ms
2026-07-22 15:59:13.631 +05:30 [INF] [aa9a63b9-55ae-4681-a0f2-469f01f5a39d] GET /api/fees from 127.0.0.1 by Anonymous
2026-07-22 15:59:13.666 +05:30 [INF] [aa9a63b9-55ae-4681-a0f2-469f01f5a39d] GET /api/fees responded 200 in 35ms
2026-07-22 15:59:22.293 +05:30 [INF] [287242ca-bbc6-4e6f-96f9-7a36736040e0] GET /api/students from 127.0.0.1 by Anonymous
2026-07-22 15:59:22.308 +05:30 [INF] [d98a7f4b-be3c-472c-9cb7-3e6766831a18] GET /api/fees from 127.0.0.1 by Anonymous
2026-07-22 15:59:22.359 +05:30 [INF] [d98a7f4b-be3c-472c-9cb7-3e6766831a18] GET /api/fees responded 200 in 50ms
2026-07-22 15:59:22.370 +05:30 [INF] [24a11e91-a1df-4cac-8c9f-8e0fd624ce34] GET /api/fees from 127.0.0.1 by Anonymous
2026-07-22 15:59:22.410 +05:30 [INF] [24a11e91-a1df-4cac-8c9f-8e0fd624ce34] GET /api/fees responded 200 in 39ms
2026-07-22 15:59:22.957 +05:30 [INF] [287242ca-bbc6-4e6f-96f9-7a36736040e0] GET /api/students responded 200 in 663ms
2026-07-22 15:59:22.966 +05:30 [INF] [47b40ed5-6839-4ff3-88ee-089f73760121] GET /api/students from 127.0.0.1 by Anonymous
2026-07-22 15:59:23.015 +05:30 [INF] [47b40ed5-6839-4ff3-88ee-089f73760121] GET /api/students responded 200 in 46ms
2026-07-22 15:59:25.347 +05:30 [INF] [74b7d372-0ece-4a21-9733-8e566697cc3e] GET /api/fees/pending from 127.0.0.1 by Anonymous
2026-07-22 15:59:25.477 +05:30 [WRN] The query uses the 'First'/'FirstOrDefault' operator without 'OrderBy' and filter operators. This may lead to unpredictable results.
2026-07-22 15:59:25.710 +05:30 [WRN] Compiling a query which loads related collections for more than one collection navigation, either via 'Include' or through projection, but no 'QuerySplittingBehavior' has been configured. By default, Entity Framework will use 'QuerySplittingBehavior.SingleQuery', which can potentially result in slow query performance. See https://go.microsoft.com/fwlink/?linkid=2134277 for more information. To identify the query that's triggering this warning call 'ConfigureWarnings(w => w.Throw(RelationalEventId.MultipleCollectionIncludeWarning))'.
2026-07-22 15:59:25.903 +05:30 [INF] [74b7d372-0ece-4a21-9733-8e566697cc3e] GET /api/fees/pending responded 200 in 555ms
2026-07-22 15:59:38.357 +05:30 [INF] [09b26c04-9a5c-4d1b-be03-0a958ffff633] POST /api/fees/collect from 127.0.0.1 by Anonymous
2026-07-22 15:59:38.464 +05:30 [INF] [09b26c04-9a5c-4d1b-be03-0a958ffff633] POST /api/fees/collect responded 400 in 106ms
2026-07-22 16:00:06.019 +05:30 [INF] [6d3c8d75-c79a-4b45-b80a-f8e5817e6fce] POST /api/fees/collect from 127.0.0.1 by Anonymous
2026-07-22 16:00:06.057 +05:30 [INF] [6d3c8d75-c79a-4b45-b80a-f8e5817e6fce] POST /api/fees/collect responded 400 in 37ms
2026-07-22 16:08:46.433 +05:30 [WRN] Redis unavailable, falling back to in-memory cache and basic SignalR: It was not possible to connect to the redis server(s). Error connecting right now. To allow this multiplexer to continue retrying until it's able to connect, use abortConnect=false in your connection string or AbortOnConnectFail=false; in your code.
2026-07-22 16:11:39.720 +05:30 [WRN] Redis unavailable, falling back to in-memory cache and basic SignalR: It was not possible to connect to the redis server(s). Error connecting right now. To allow this multiplexer to continue retrying until it's able to connect, use abortConnect=false in your connection string or AbortOnConnectFail=false; in your code.
2026-07-22 16:11:45.972 +05:30 [WRN] Entity 'ApplicationRole' has a global query filter defined and is the required end of a relationship with the entity 'ApplicationRoleClaim'. This may lead to unexpected results when the required entity is filtered out. Either configure the navigation as optional, or define matching query filters for both entities in the navigation. See https://go.microsoft.com/fwlink/?linkid=2131316 for more information.
2026-07-22 16:11:45.974 +05:30 [WRN] Entity 'ApplicationUser' has a global query filter defined and is the required end of a relationship with the entity 'ApplicationUserClaim'. This may lead to unexpected results when the required entity is filtered out. Either configure the navigation as optional, or define matching query filters for both entities in the navigation. See https://go.microsoft.com/fwlink/?linkid=2131316 for more information.
2026-07-22 16:11:45.975 +05:30 [WRN] Entity 'ApplicationUser' has a global query filter defined and is the required end of a relationship with the entity 'ApplicationUserLogin'. This may lead to unexpected results when the required entity is filtered out. Either configure the navigation as optional, or define matching query filters for both entities in the navigation. See https://go.microsoft.com/fwlink/?linkid=2131316 for more information.
2026-07-22 16:11:45.975 +05:30 [WRN] Entity 'ApplicationRole' has a global query filter defined and is the required end of a relationship with the entity 'ApplicationUserRole'. This may lead to unexpected results when the required entity is filtered out. Either configure the navigation as optional, or define matching query filters for both entities in the navigation. See https://go.microsoft.com/fwlink/?linkid=2131316 for more information.
2026-07-22 16:11:45.976 +05:30 [WRN] Entity 'ApplicationUser' has a global query filter defined and is the required end of a relationship with the entity 'ApplicationUserToken'. This may lead to unexpected results when the required entity is filtered out. Either configure the navigation as optional, or define matching query filters for both entities in the navigation. See https://go.microsoft.com/fwlink/?linkid=2131316 for more information.
2026-07-22 16:11:46.115 +05:30 [WRN] The foreign key property 'HomeworkSubmission.StudentId1' was created in shadow state because a conflicting property with the simple name 'StudentId' exists in the entity type, but is either not mapped, is already used for another relationship, or is incompatible with the associated primary key type. See https://aka.ms/efcore-relationships for information on mapping relationships in EF Core.
2026-07-22 16:11:47.474 +05:30 [INF] Database migrated successfully
2026-07-22 16:11:48.496 +05:30 [INF] Roles seeded successfully
2026-07-22 16:33:23.919 +05:30 [WRN] Redis unavailable, falling back to in-memory cache and basic SignalR: It was not possible to connect to the redis server(s). Error connecting right now. To allow this multiplexer to continue retrying until it's able to connect, use abortConnect=false in your connection string or AbortOnConnectFail=false; in your code.
2026-07-22 16:37:38.866 +05:30 [WRN] Redis unavailable, falling back to in-memory cache and basic SignalR: Redis not connected
2026-07-22 16:37:46.098 +05:30 [WRN] Entity 'ApplicationRole' has a global query filter defined and is the required end of a relationship with the entity 'ApplicationRoleClaim'. This may lead to unexpected results when the required entity is filtered out. Either configure the navigation as optional, or define matching query filters for both entities in the navigation. See https://go.microsoft.com/fwlink/?linkid=2131316 for more information.
2026-07-22 16:37:46.107 +05:30 [WRN] Entity 'ApplicationUser' has a global query filter defined and is the required end of a relationship with the entity 'ApplicationUserClaim'. This may lead to unexpected results when the required entity is filtered out. Either configure the navigation as optional, or define matching query filters for both entities in the navigation. See https://go.microsoft.com/fwlink/?linkid=2131316 for more information.
2026-07-22 16:37:46.107 +05:30 [WRN] Entity 'ApplicationUser' has a global query filter defined and is the required end of a relationship with the entity 'ApplicationUserLogin'. This may lead to unexpected results when the required entity is filtered out. Either configure the navigation as optional, or define matching query filters for both entities in the navigation. See https://go.microsoft.com/fwlink/?linkid=2131316 for more information.
2026-07-22 16:37:46.108 +05:30 [WRN] Entity 'ApplicationRole' has a global query filter defined and is the required end of a relationship with the entity 'ApplicationUserRole'. This may lead to unexpected results when the required entity is filtered out. Either configure the navigation as optional, or define matching query filters for both entities in the navigation. See https://go.microsoft.com/fwlink/?linkid=2131316 for more information.
2026-07-22 16:37:46.108 +05:30 [WRN] Entity 'ApplicationUser' has a global query filter defined and is the required end of a relationship with the entity 'ApplicationUserToken'. This may lead to unexpected results when the required entity is filtered out. Either configure the navigation as optional, or define matching query filters for both entities in the navigation. See https://go.microsoft.com/fwlink/?linkid=2131316 for more information.
2026-07-22 16:37:46.281 +05:30 [WRN] The foreign key property 'HomeworkSubmission.StudentId1' was created in shadow state because a conflicting property with the simple name 'StudentId' exists in the entity type, but is either not mapped, is already used for another relationship, or is incompatible with the associated primary key type. See https://aka.ms/efcore-relationships for information on mapping relationships in EF Core.
2026-07-22 16:37:47.938 +05:30 [INF] Database migrated successfully
2026-07-22 16:37:48.964 +05:30 [INF] Roles seeded successfully
2026-07-22 16:38:16.596 +05:30 [WRN] Redis unavailable, falling back to in-memory cache and basic SignalR: Redis not connected
2026-07-22 16:39:19.878 +05:30 [WRN] Redis unavailable, falling back to in-memory cache and basic SignalR: Redis not connected
2026-07-22 16:39:25.826 +05:30 [WRN] Entity 'ApplicationRole' has a global query filter defined and is the required end of a relationship with the entity 'ApplicationRoleClaim'. This may lead to unexpected results when the required entity is filtered out. Either configure the navigation as optional, or define matching query filters for both entities in the navigation. See https://go.microsoft.com/fwlink/?linkid=2131316 for more information.
2026-07-22 16:39:25.829 +05:30 [WRN] Entity 'ApplicationUser' has a global query filter defined and is the required end of a relationship with the entity 'ApplicationUserClaim'. This may lead to unexpected results when the required entity is filtered out. Either configure the navigation as optional, or define matching query filters for both entities in the navigation. See https://go.microsoft.com/fwlink/?linkid=2131316 for more information.
2026-07-22 16:39:25.830 +05:30 [WRN] Entity 'ApplicationUser' has a global query filter defined and is the required end of a relationship with the entity 'ApplicationUserLogin'. This may lead to unexpected results when the required entity is filtered out. Either configure the navigation as optional, or define matching query filters for both entities in the navigation. See https://go.microsoft.com/fwlink/?linkid=2131316 for more information.
2026-07-22 16:39:25.830 +05:30 [WRN] Entity 'ApplicationRole' has a global query filter defined and is the required end of a relationship with the entity 'ApplicationUserRole'. This may lead to unexpected results when the required entity is filtered out. Either configure the navigation as optional, or define matching query filters for both entities in the navigation. See https://go.microsoft.com/fwlink/?linkid=2131316 for more information.
2026-07-22 16:39:25.831 +05:30 [WRN] Entity 'ApplicationUser' has a global query filter defined and is the required end of a relationship with the entity 'ApplicationUserToken'. This may lead to unexpected results when the required entity is filtered out. Either configure the navigation as optional, or define matching query filters for both entities in the navigation. See https://go.microsoft.com/fwlink/?linkid=2131316 for more information.
2026-07-22 16:39:25.848 +05:30 [WRN] Sensitive data logging is enabled. Log entries and exception messages may include sensitive application data; this mode should only be enabled during development.
2026-07-22 16:39:25.990 +05:30 [WRN] The foreign key property 'HomeworkSubmission.StudentId1' was created in shadow state because a conflicting property with the simple name 'StudentId' exists in the entity type, but is either not mapped, is already used for another relationship, or is incompatible with the associated primary key type. See https://aka.ms/efcore-relationships for information on mapping relationships in EF Core.
2026-07-22 16:39:27.544 +05:30 [INF] Executed DbCommand (21ms) [Parameters=[], CommandType='"Text"', CommandTimeout='30']
SELECT 1 FROM INFORMATION_SCHEMA.TABLES WHERE TABLE_SCHEMA='schoolcrm_dev' AND TABLE_NAME='__EFMigrationsHistory';
2026-07-22 16:39:27.589 +05:30 [INF] Executed DbCommand (2ms) [Parameters=[], CommandType='"Text"', CommandTimeout='30']
SELECT 1 FROM INFORMATION_SCHEMA.TABLES WHERE TABLE_SCHEMA='schoolcrm_dev' AND TABLE_NAME='__EFMigrationsHistory';
2026-07-22 16:39:27.634 +05:30 [INF] Executed DbCommand (3ms) [Parameters=[], CommandType='"Text"', CommandTimeout='30']
SELECT `MigrationId`, `ProductVersion`
FROM `__EFMigrationsHistory`
ORDER BY `MigrationId`;
2026-07-22 16:39:27.670 +05:30 [INF] Database migrated successfully
2026-07-22 16:39:27.702 +05:30 [INF] User profile is available. Using '/home/siddhartha/.aspnet/DataProtection-Keys' as key repository; keys will not be encrypted at rest.
2026-07-22 16:39:28.506 +05:30 [INF] Executed DbCommand (92ms) [Parameters=[@__normalizedName_0='SUPERADMIN' (Size = 256)], CommandType='"Text"', CommandTimeout='30']
SELECT `a`.`Id`, `a`.`ConcurrencyStamp`, `a`.`CreatedAt`, `a`.`Description`, `a`.`IsActive`, `a`.`IsDeleted`, `a`.`Name`, `a`.`NormalizedName`, `a`.`RoleType`, `a`.`UpdatedAt`
FROM `AspNetRoles` AS `a`
WHERE NOT (`a`.`IsDeleted`) AND (`a`.`NormalizedName` = @__normalizedName_0)
LIMIT 1
2026-07-22 16:39:28.591 +05:30 [INF] Executed DbCommand (5ms) [Parameters=[@__normalizedName_0='SUPERADMIN' (Size = 256)], CommandType='"Text"', CommandTimeout='30']
SELECT `a`.`Id`, `a`.`ConcurrencyStamp`, `a`.`CreatedAt`, `a`.`Description`, `a`.`IsActive`, `a`.`IsDeleted`, `a`.`Name`, `a`.`NormalizedName`, `a`.`RoleType`, `a`.`UpdatedAt`
FROM `AspNetRoles` AS `a`
WHERE NOT (`a`.`IsDeleted`) AND (`a`.`NormalizedName` = @__normalizedName_0)
LIMIT 1
2026-07-22 16:39:29.050 +05:30 [INF] Executed DbCommand (18ms) [Parameters=[@p0='08dee7e1-b2c9-4f99-8fb7-5ffd21b04813', @p1=NULL (Size = 4000), @p2='2026-07-22T11:09:28.5538859Z' (DbType = DateTime), @p3=NULL (Size = 500), @p4='True', @p5='False', @p6='SuperAdmin' (Nullable = false) (Size = 100), @p7='SUPERADMIN' (Size = 256), @p8='0', @p9=NULL (DbType = DateTime)], CommandType='"Text"', CommandTimeout='30']
SET AUTOCOMMIT = 1;
INSERT INTO `AspNetRoles` (`Id`, `ConcurrencyStamp`, `CreatedAt`, `Description`, `IsActive`, `IsDeleted`, `Name`, `NormalizedName`, `RoleType`, `UpdatedAt`)
VALUES (@p0, @p1, @p2, @p3, @p4, @p5, @p6, @p7, @p8, @p9);
2026-07-22 16:39:29.095 +05:30 [INF] Executed DbCommand (1ms) [Parameters=[@__normalizedName_0='SCHOOLADMIN' (Size = 256)], CommandType='"Text"', CommandTimeout='30']
SELECT `a`.`Id`, `a`.`ConcurrencyStamp`, `a`.`CreatedAt`, `a`.`Description`, `a`.`IsActive`, `a`.`IsDeleted`, `a`.`Name`, `a`.`NormalizedName`, `a`.`RoleType`, `a`.`UpdatedAt`
FROM `AspNetRoles` AS `a`
WHERE NOT (`a`.`IsDeleted`) AND (`a`.`NormalizedName` = @__normalizedName_0)
LIMIT 1
2026-07-22 16:39:29.098 +05:30 [INF] Executed DbCommand (1ms) [Parameters=[@__normalizedName_0='SCHOOLADMIN' (Size = 256)], CommandType='"Text"', CommandTimeout='30']
SELECT `a`.`Id`, `a`.`ConcurrencyStamp`, `a`.`CreatedAt`, `a`.`Description`, `a`.`IsActive`, `a`.`IsDeleted`, `a`.`Name`, `a`.`NormalizedName`, `a`.`RoleType`, `a`.`UpdatedAt`
FROM `AspNetRoles` AS `a`
WHERE NOT (`a`.`IsDeleted`) AND (`a`.`NormalizedName` = @__normalizedName_0)
LIMIT 1
2026-07-22 16:39:29.125 +05:30 [INF] Executed DbCommand (18ms) [Parameters=[@p0='08dee7e1-b30f-4d7d-8fdb-59edc533a64b', @p1=NULL (Size = 4000), @p2='2026-07-22T11:09:29.0959281Z' (DbType = DateTime), @p3=NULL (Size = 500), @p4='True', @p5='False', @p6='SchoolAdmin' (Nullable = false) (Size = 100), @p7='SCHOOLADMIN' (Size = 256), @p8='0', @p9=NULL (DbType = DateTime)], CommandType='"Text"', CommandTimeout='30']
SET AUTOCOMMIT = 1;
INSERT INTO `AspNetRoles` (`Id`, `ConcurrencyStamp`, `CreatedAt`, `Description`, `IsActive`, `IsDeleted`, `Name`, `NormalizedName`, `RoleType`, `UpdatedAt`)
VALUES (@p0, @p1, @p2, @p3, @p4, @p5, @p6, @p7, @p8, @p9);
2026-07-22 16:39:29.133 +05:30 [INF] Executed DbCommand (3ms) [Parameters=[@__normalizedName_0='PRINCIPAL' (Size = 256)], CommandType='"Text"', CommandTimeout='30']
SELECT `a`.`Id`, `a`.`ConcurrencyStamp`, `a`.`CreatedAt`, `a`.`Description`, `a`.`IsActive`, `a`.`IsDeleted`, `a`.`Name`, `a`.`NormalizedName`, `a`.`RoleType`, `a`.`UpdatedAt`
FROM `AspNetRoles` AS `a`
WHERE NOT (`a`.`IsDeleted`) AND (`a`.`NormalizedName` = @__normalizedName_0)
LIMIT 1
2026-07-22 16:39:29.140 +05:30 [INF] Executed DbCommand (2ms) [Parameters=[@__normalizedName_0='PRINCIPAL' (Size = 256)], CommandType='"Text"', CommandTimeout='30']
SELECT `a`.`Id`, `a`.`ConcurrencyStamp`, `a`.`CreatedAt`, `a`.`Description`, `a`.`IsActive`, `a`.`IsDeleted`, `a`.`Name`, `a`.`NormalizedName`, `a`.`RoleType`, `a`.`UpdatedAt`
FROM `AspNetRoles` AS `a`
WHERE NOT (`a`.`IsDeleted`) AND (`a`.`NormalizedName` = @__normalizedName_0)
LIMIT 1
2026-07-22 16:39:29.159 +05:30 [INF] Executed DbCommand (14ms) [Parameters=[@p0='08dee7e1-b316-40b0-8900-7cf7cdfa25fa', @p1=NULL (Size = 4000), @p2='2026-07-22T11:09:29.1357174Z' (DbType = DateTime), @p3=NULL (Size = 500), @p4='True', @p5='False', @p6='Principal' (Nullable = false) (Size = 100), @p7='PRINCIPAL' (Size = 256), @p8='0', @p9=NULL (DbType = DateTime)], CommandType='"Text"', CommandTimeout='30']
SET AUTOCOMMIT = 1;
INSERT INTO `AspNetRoles` (`Id`, `ConcurrencyStamp`, `CreatedAt`, `Description`, `IsActive`, `IsDeleted`, `Name`, `NormalizedName`, `RoleType`, `UpdatedAt`)
VALUES (@p0, @p1, @p2, @p3, @p4, @p5, @p6, @p7, @p8, @p9);
2026-07-22 16:39:29.162 +05:30 [INF] Executed DbCommand (2ms) [Parameters=[@__normalizedName_0='VICEPRINCIPAL' (Size = 256)], CommandType='"Text"', CommandTimeout='30']
SELECT `a`.`Id`, `a`.`ConcurrencyStamp`, `a`.`CreatedAt`, `a`.`Description`, `a`.`IsActive`, `a`.`IsDeleted`, `a`.`Name`, `a`.`NormalizedName`, `a`.`RoleType`, `a`.`UpdatedAt`
FROM `AspNetRoles` AS `a`
WHERE NOT (`a`.`IsDeleted`) AND (`a`.`NormalizedName` = @__normalizedName_0)
LIMIT 1
2026-07-22 16:39:29.168 +05:30 [INF] Executed DbCommand (3ms) [Parameters=[@__normalizedName_0='VICEPRINCIPAL' (Size = 256)], CommandType='"Text"', CommandTimeout='30']
SELECT `a`.`Id`, `a`.`ConcurrencyStamp`, `a`.`CreatedAt`, `a`.`Description`, `a`.`IsActive`, `a`.`IsDeleted`, `a`.`Name`, `a`.`NormalizedName`, `a`.`RoleType`, `a`.`UpdatedAt`
FROM `AspNetRoles` AS `a`
WHERE NOT (`a`.`IsDeleted`) AND (`a`.`NormalizedName` = @__normalizedName_0)
LIMIT 1
2026-07-22 16:39:29.192 +05:30 [INF] Executed DbCommand (19ms) [Parameters=[@p0='08dee7e1-b31a-4450-85c3-36bcd89c59e9', @p1=NULL (Size = 4000), @p2='2026-07-22T11:09:29.1634321Z' (DbType = DateTime), @p3=NULL (Size = 500), @p4='True', @p5='False', @p6='VicePrincipal' (Nullable = false) (Size = 100), @p7='VICEPRINCIPAL' (Size = 256), @p8='0', @p9=NULL (DbType = DateTime)], CommandType='"Text"', CommandTimeout='30']
SET AUTOCOMMIT = 1;
INSERT INTO `AspNetRoles` (`Id`, `ConcurrencyStamp`, `CreatedAt`, `Description`, `IsActive`, `IsDeleted`, `Name`, `NormalizedName`, `RoleType`, `UpdatedAt`)
VALUES (@p0, @p1, @p2, @p3, @p4, @p5, @p6, @p7, @p8, @p9);
2026-07-22 16:39:29.195 +05:30 [INF] Executed DbCommand (1ms) [Parameters=[@__normalizedName_0='TEACHER' (Size = 256)], CommandType='"Text"', CommandTimeout='30']
SELECT `a`.`Id`, `a`.`ConcurrencyStamp`, `a`.`CreatedAt`, `a`.`Description`, `a`.`IsActive`, `a`.`IsDeleted`, `a`.`Name`, `a`.`NormalizedName`, `a`.`RoleType`, `a`.`UpdatedAt`
FROM `AspNetRoles` AS `a`
WHERE NOT (`a`.`IsDeleted`) AND (`a`.`NormalizedName` = @__normalizedName_0)
LIMIT 1
2026-07-22 16:39:29.198 +05:30 [INF] Executed DbCommand (1ms) [Parameters=[@__normalizedName_0='TEACHER' (Size = 256)], CommandType='"Text"', CommandTimeout='30']
SELECT `a`.`Id`, `a`.`ConcurrencyStamp`, `a`.`CreatedAt`, `a`.`Description`, `a`.`IsActive`, `a`.`IsDeleted`, `a`.`Name`, `a`.`NormalizedName`, `a`.`RoleType`, `a`.`UpdatedAt`
FROM `AspNetRoles` AS `a`
WHERE NOT (`a`.`IsDeleted`) AND (`a`.`NormalizedName` = @__normalizedName_0)
LIMIT 1
2026-07-22 16:39:29.215 +05:30 [INF] Executed DbCommand (14ms) [Parameters=[@p0='08dee7e1-b31e-4dca-84eb-38e4e340edb8', @p1=NULL (Size = 4000), @p2='2026-07-22T11:09:29.1961592Z' (DbType = DateTime), @p3=NULL (Size = 500), @p4='True', @p5='False', @p6='Teacher' (Nullable = false) (Size = 100), @p7='TEACHER' (Size = 256), @p8='0', @p9=NULL (DbType = DateTime)], CommandType='"Text"', CommandTimeout='30']
SET AUTOCOMMIT = 1;
INSERT INTO `AspNetRoles` (`Id`, `ConcurrencyStamp`, `CreatedAt`, `Description`, `IsActive`, `IsDeleted`, `Name`, `NormalizedName`, `RoleType`, `UpdatedAt`)
VALUES (@p0, @p1, @p2, @p3, @p4, @p5, @p6, @p7, @p8, @p9);
2026-07-22 16:39:29.220 +05:30 [INF] Executed DbCommand (1ms) [Parameters=[@__normalizedName_0='CLASSTEACHER' (Size = 256)], CommandType='"Text"', CommandTimeout='30']
SELECT `a`.`Id`, `a`.`ConcurrencyStamp`, `a`.`CreatedAt`, `a`.`Description`, `a`.`IsActive`, `a`.`IsDeleted`, `a`.`Name`, `a`.`NormalizedName`, `a`.`RoleType`, `a`.`UpdatedAt`
FROM `AspNetRoles` AS `a`
WHERE NOT (`a`.`IsDeleted`) AND (`a`.`NormalizedName` = @__normalizedName_0)
LIMIT 1
2026-07-22 16:39:29.225 +05:30 [INF] Executed DbCommand (2ms) [Parameters=[@__normalizedName_0='CLASSTEACHER' (Size = 256)], CommandType='"Text"', CommandTimeout='30']
SELECT `a`.`Id`, `a`.`ConcurrencyStamp`, `a`.`CreatedAt`, `a`.`Description`, `a`.`IsActive`, `a`.`IsDeleted`, `a`.`Name`, `a`.`NormalizedName`, `a`.`RoleType`, `a`.`UpdatedAt`
FROM `AspNetRoles` AS `a`
WHERE NOT (`a`.`IsDeleted`) AND (`a`.`NormalizedName` = @__normalizedName_0)
LIMIT 1
2026-07-22 16:39:29.246 +05:30 [INF] Executed DbCommand (17ms) [Parameters=[@p0='08dee7e1-b322-4fda-8140-b722224ac1c6', @p1=NULL (Size = 4000), @p2='2026-07-22T11:09:29.2210992Z' (DbType = DateTime), @p3=NULL (Size = 500), @p4='True', @p5='False', @p6='ClassTeacher' (Nullable = false) (Size = 100), @p7='CLASSTEACHER' (Size = 256), @p8='0', @p9=NULL (DbType = DateTime)], CommandType='"Text"', CommandTimeout='30']
SET AUTOCOMMIT = 1;
INSERT INTO `AspNetRoles` (`Id`, `ConcurrencyStamp`, `CreatedAt`, `Description`, `IsActive`, `IsDeleted`, `Name`, `NormalizedName`, `RoleType`, `UpdatedAt`)
VALUES (@p0, @p1, @p2, @p3, @p4, @p5, @p6, @p7, @p8, @p9);
2026-07-22 16:39:29.252 +05:30 [INF] Executed DbCommand (1ms) [Parameters=[@__normalizedName_0='ACCOUNTANT' (Size = 256)], CommandType='"Text"', CommandTimeout='30']
SELECT `a`.`Id`, `a`.`ConcurrencyStamp`, `a`.`CreatedAt`, `a`.`Description`, `a`.`IsActive`, `a`.`IsDeleted`, `a`.`Name`, `a`.`NormalizedName`, `a`.`RoleType`, `a`.`UpdatedAt`
FROM `AspNetRoles` AS `a`
WHERE NOT (`a`.`IsDeleted`) AND (`a`.`NormalizedName` = @__normalizedName_0)
LIMIT 1
2026-07-22 16:39:29.255 +05:30 [INF] Executed DbCommand (1ms) [Parameters=[@__normalizedName_0='ACCOUNTANT' (Size = 256)], CommandType='"Text"', CommandTimeout='30']
SELECT `a`.`Id`, `a`.`ConcurrencyStamp`, `a`.`CreatedAt`, `a`.`Description`, `a`.`IsActive`, `a`.`IsDeleted`, `a`.`Name`, `a`.`NormalizedName`, `a`.`RoleType`, `a`.`UpdatedAt`
FROM `AspNetRoles` AS `a`
WHERE NOT (`a`.`IsDeleted`) AND (`a`.`NormalizedName` = @__normalizedName_0)
LIMIT 1
2026-07-22 16:39:29.271 +05:30 [INF] Executed DbCommand (14ms) [Parameters=[@p0='08dee7e1-b327-47c7-89cf-f9c97d556de5', @p1=NULL (Size = 4000), @p2='2026-07-22T11:09:29.2524432Z' (DbType = DateTime), @p3=NULL (Size = 500), @p4='True', @p5='False', @p6='Accountant' (Nullable = false) (Size = 100), @p7='ACCOUNTANT' (Size = 256), @p8='0', @p9=NULL (DbType = DateTime)], CommandType='"Text"', CommandTimeout='30']
SET AUTOCOMMIT = 1;
INSERT INTO `AspNetRoles` (`Id`, `ConcurrencyStamp`, `CreatedAt`, `Description`, `IsActive`, `IsDeleted`, `Name`, `NormalizedName`, `RoleType`, `UpdatedAt`)
VALUES (@p0, @p1, @p2, @p3, @p4, @p5, @p6, @p7, @p8, @p9);
2026-07-22 16:39:29.274 +05:30 [INF] Executed DbCommand (1ms) [Parameters=[@__normalizedName_0='RECEPTIONIST' (Size = 256)], CommandType='"Text"', CommandTimeout='30']
SELECT `a`.`Id`, `a`.`ConcurrencyStamp`, `a`.`CreatedAt`, `a`.`Description`, `a`.`IsActive`, `a`.`IsDeleted`, `a`.`Name`, `a`.`NormalizedName`, `a`.`RoleType`, `a`.`UpdatedAt`
FROM `AspNetRoles` AS `a`
WHERE NOT (`a`.`IsDeleted`) AND (`a`.`NormalizedName` = @__normalizedName_0)
LIMIT 1
2026-07-22 16:39:29.277 +05:30 [INF] Executed DbCommand (1ms) [Parameters=[@__normalizedName_0='RECEPTIONIST' (Size = 256)], CommandType='"Text"', CommandTimeout='30']
SELECT `a`.`Id`, `a`.`ConcurrencyStamp`, `a`.`CreatedAt`, `a`.`Description`, `a`.`IsActive`, `a`.`IsDeleted`, `a`.`Name`, `a`.`NormalizedName`, `a`.`RoleType`, `a`.`UpdatedAt`
FROM `AspNetRoles` AS `a`
WHERE NOT (`a`.`IsDeleted`) AND (`a`.`NormalizedName` = @__normalizedName_0)
LIMIT 1
2026-07-22 16:39:29.293 +05:30 [INF] Executed DbCommand (13ms) [Parameters=[@p0='08dee7e1-b32a-4dbd-8bb2-5ef006a842c0', @p1=NULL (Size = 4000), @p2='2026-07-22T11:09:29.2751121Z' (DbType = DateTime), @p3=NULL (Size = 500), @p4='True', @p5='False', @p6='Receptionist' (Nullable = false) (Size = 100), @p7='RECEPTIONIST' (Size = 256), @p8='0', @p9=NULL (DbType = DateTime)], CommandType='"Text"', CommandTimeout='30']
SET AUTOCOMMIT = 1;
INSERT INTO `AspNetRoles` (`Id`, `ConcurrencyStamp`, `CreatedAt`, `Description`, `IsActive`, `IsDeleted`, `Name`, `NormalizedName`, `RoleType`, `UpdatedAt`)
VALUES (@p0, @p1, @p2, @p3, @p4, @p5, @p6, @p7, @p8, @p9);
2026-07-22 16:39:29.296 +05:30 [INF] Executed DbCommand (1ms) [Parameters=[@__normalizedName_0='LIBRARIAN' (Size = 256)], CommandType='"Text"', CommandTimeout='30']
SELECT `a`.`Id`, `a`.`ConcurrencyStamp`, `a`.`CreatedAt`, `a`.`Description`, `a`.`IsActive`, `a`.`IsDeleted`, `a`.`Name`, `a`.`NormalizedName`, `a`.`RoleType`, `a`.`UpdatedAt`
FROM `AspNetRoles` AS `a`
WHERE NOT (`a`.`IsDeleted`) AND (`a`.`NormalizedName` = @__normalizedName_0)
LIMIT 1
2026-07-22 16:39:29.299 +05:30 [INF] Executed DbCommand (1ms) [Parameters=[@__normalizedName_0='LIBRARIAN' (Size = 256)], CommandType='"Text"', CommandTimeout='30']
SELECT `a`.`Id`, `a`.`ConcurrencyStamp`, `a`.`CreatedAt`, `a`.`Description`, `a`.`IsActive`, `a`.`IsDeleted`, `a`.`Name`, `a`.`NormalizedName`, `a`.`RoleType`, `a`.`UpdatedAt`
FROM `AspNetRoles` AS `a`
WHERE NOT (`a`.`IsDeleted`) AND (`a`.`NormalizedName` = @__normalizedName_0)
LIMIT 1
2026-07-22 16:39:29.319 +05:30 [INF] Executed DbCommand (14ms) [Parameters=[@p0='08dee7e1-b32e-44cc-8ce5-8ad4876d76f2', @p1=NULL (Size = 4000), @p2='2026-07-22T11:09:29.2968284Z' (DbType = DateTime), @p3=NULL (Size = 500), @p4='True', @p5='False', @p6='Librarian' (Nullable = false) (Size = 100), @p7='LIBRARIAN' (Size = 256), @p8='0', @p9=NULL (DbType = DateTime)], CommandType='"Text"', CommandTimeout='30']
SET AUTOCOMMIT = 1;
INSERT INTO `AspNetRoles` (`Id`, `ConcurrencyStamp`, `CreatedAt`, `Description`, `IsActive`, `IsDeleted`, `Name`, `NormalizedName`, `RoleType`, `UpdatedAt`)
VALUES (@p0, @p1, @p2, @p3, @p4, @p5, @p6, @p7, @p8, @p9);
2026-07-22 16:39:29.342 +05:30 [INF] Executed DbCommand (1ms) [Parameters=[@__normalizedName_0='STUDENT' (Size = 256)], CommandType='"Text"', CommandTimeout='30']
SELECT `a`.`Id`, `a`.`ConcurrencyStamp`, `a`.`CreatedAt`, `a`.`Description`, `a`.`IsActive`, `a`.`IsDeleted`, `a`.`Name`, `a`.`NormalizedName`, `a`.`RoleType`, `a`.`UpdatedAt`
FROM `AspNetRoles` AS `a`
WHERE NOT (`a`.`IsDeleted`) AND (`a`.`NormalizedName` = @__normalizedName_0)
LIMIT 1
2026-07-22 16:39:29.349 +05:30 [INF] Executed DbCommand (1ms) [Parameters=[@__normalizedName_0='STUDENT' (Size = 256)], CommandType='"Text"', CommandTimeout='30']
SELECT `a`.`Id`, `a`.`ConcurrencyStamp`, `a`.`CreatedAt`, `a`.`Description`, `a`.`IsActive`, `a`.`IsDeleted`, `a`.`Name`, `a`.`NormalizedName`, `a`.`RoleType`, `a`.`UpdatedAt`
FROM `AspNetRoles` AS `a`
WHERE NOT (`a`.`IsDeleted`) AND (`a`.`NormalizedName` = @__normalizedName_0)
LIMIT 1
2026-07-22 16:39:29.371 +05:30 [INF] Executed DbCommand (17ms) [Parameters=[@p0='08dee7e1-b336-406c-8517-adf4572069fb', @p1=NULL (Size = 4000), @p2='2026-07-22T11:09:29.3428291Z' (DbType = DateTime), @p3=NULL (Size = 500), @p4='True', @p5='False', @p6='Student' (Nullable = false) (Size = 100), @p7='STUDENT' (Size = 256), @p8='0', @p9=NULL (DbType = DateTime)], CommandType='"Text"', CommandTimeout='30']
SET AUTOCOMMIT = 1;
INSERT INTO `AspNetRoles` (`Id`, `ConcurrencyStamp`, `CreatedAt`, `Description`, `IsActive`, `IsDeleted`, `Name`, `NormalizedName`, `RoleType`, `UpdatedAt`)
VALUES (@p0, @p1, @p2, @p3, @p4, @p5, @p6, @p7, @p8, @p9);
2026-07-22 16:39:29.375 +05:30 [INF] Executed DbCommand (2ms) [Parameters=[@__normalizedName_0='PARENT' (Size = 256)], CommandType='"Text"', CommandTimeout='30']
SELECT `a`.`Id`, `a`.`ConcurrencyStamp`, `a`.`CreatedAt`, `a`.`Description`, `a`.`IsActive`, `a`.`IsDeleted`, `a`.`Name`, `a`.`NormalizedName`, `a`.`RoleType`, `a`.`UpdatedAt`
FROM `AspNetRoles` AS `a`
WHERE NOT (`a`.`IsDeleted`) AND (`a`.`NormalizedName` = @__normalizedName_0)
LIMIT 1
2026-07-22 16:39:29.378 +05:30 [INF] Executed DbCommand (1ms) [Parameters=[@__normalizedName_0='PARENT' (Size = 256)], CommandType='"Text"', CommandTimeout='30']
SELECT `a`.`Id`, `a`.`ConcurrencyStamp`, `a`.`CreatedAt`, `a`.`Description`, `a`.`IsActive`, `a`.`IsDeleted`, `a`.`Name`, `a`.`NormalizedName`, `a`.`RoleType`, `a`.`UpdatedAt`
FROM `AspNetRoles` AS `a`
WHERE NOT (`a`.`IsDeleted`) AND (`a`.`NormalizedName` = @__normalizedName_0)
LIMIT 1
2026-07-22 16:39:29.398 +05:30 [INF] Executed DbCommand (16ms) [Parameters=[@p0='08dee7e1-b33a-4642-8baa-83c25cb66602', @p1=NULL (Size = 4000), @p2='2026-07-22T11:09:29.3760707Z' (DbType = DateTime), @p3=NULL (Size = 500), @p4='True', @p5='False', @p6='Parent' (Nullable = false) (Size = 100), @p7='PARENT' (Size = 256), @p8='0', @p9=NULL (DbType = DateTime)], CommandType='"Text"', CommandTimeout='30']
SET AUTOCOMMIT = 1;
INSERT INTO `AspNetRoles` (`Id`, `ConcurrencyStamp`, `CreatedAt`, `Description`, `IsActive`, `IsDeleted`, `Name`, `NormalizedName`, `RoleType`, `UpdatedAt`)
VALUES (@p0, @p1, @p2, @p3, @p4, @p5, @p6, @p7, @p8, @p9);
2026-07-22 16:39:29.398 +05:30 [INF] Roles seeded successfully
2026-07-22 16:39:29.452 +05:30 [INF] Executed DbCommand (6ms) [Parameters=[@__normalizedEmail_0='ADMIN@SCHOOLCRM.COM' (Size = 256)], CommandType='"Text"', CommandTimeout='30']
SELECT `a`.`Id`, `a`.`AccessFailedCount`, `a`.`Address`, `a`.`BloodGroup`, `a`.`City`, `a`.`ConcurrencyStamp`, `a`.`Country`, `a`.`CreatedAt`, `a`.`CreatedBy`, `a`.`DateOfBirth`, `a`.`DeletedAt`, `a`.`DeletedBy`, `a`.`Email`, `a`.`EmailConfirmed`, `a`.`FailedLoginAttempts`, `a`.`FirstName`, `a`.`Gender`, `a`.`IsActive`, `a`.`IsDeleted`, `a`.`LastName`, `a`.`LockoutEnabled`, `a`.`LockoutEnd`, `a`.`MiddleName`, `a`.`Nationality`, `a`.`NormalizedEmail`, `a`.`NormalizedUserName`, `a`.`PasswordHash`, `a`.`PasswordResetToken`, `a`.`PasswordResetTokenExpiry`, `a`.`PhoneNumber`, `a`.`PhoneNumber2`, `a`.`PhoneNumberConfirmed`, `a`.`PostalCode`, `a`.`ProfilePictureUrl`, `a`.`RefreshToken`, `a`.`RefreshTokenExpiry`, `a`.`Religion`, `a`.`SecurityStamp`, `a`.`State`, `a`.`TwoFactorEnabled`, `a`.`UpdatedAt`, `a`.`UpdatedBy`, `a`.`UserName`
FROM `AspNetUsers` AS `a`
WHERE NOT (`a`.`IsDeleted`) AND (`a`.`NormalizedEmail` = @__normalizedEmail_0)
LIMIT 2
2026-07-22 16:39:29.836 +05:30 [INF] Executed DbCommand (1ms) [Parameters=[@__normalizedUserName_0='ADMIN@SCHOOLCRM.COM' (Size = 256)], CommandType='"Text"', CommandTimeout='30']
SELECT `a`.`Id`, `a`.`AccessFailedCount`, `a`.`Address`, `a`.`BloodGroup`, `a`.`City`, `a`.`ConcurrencyStamp`, `a`.`Country`, `a`.`CreatedAt`, `a`.`CreatedBy`, `a`.`DateOfBirth`, `a`.`DeletedAt`, `a`.`DeletedBy`, `a`.`Email`, `a`.`EmailConfirmed`, `a`.`FailedLoginAttempts`, `a`.`FirstName`, `a`.`Gender`, `a`.`IsActive`, `a`.`IsDeleted`, `a`.`LastName`, `a`.`LockoutEnabled`, `a`.`LockoutEnd`, `a`.`MiddleName`, `a`.`Nationality`, `a`.`NormalizedEmail`, `a`.`NormalizedUserName`, `a`.`PasswordHash`, `a`.`PasswordResetToken`, `a`.`PasswordResetTokenExpiry`, `a`.`PhoneNumber`, `a`.`PhoneNumber2`, `a`.`PhoneNumberConfirmed`, `a`.`PostalCode`, `a`.`ProfilePictureUrl`, `a`.`RefreshToken`, `a`.`RefreshTokenExpiry`, `a`.`Religion`, `a`.`SecurityStamp`, `a`.`State`, `a`.`TwoFactorEnabled`, `a`.`UpdatedAt`, `a`.`UpdatedBy`, `a`.`UserName`
FROM `AspNetUsers` AS `a`
WHERE NOT (`a`.`IsDeleted`) AND (`a`.`NormalizedUserName` = @__normalizedUserName_0)
LIMIT 1
2026-07-22 16:39:29.844 +05:30 [INF] Executed DbCommand (1ms) [Parameters=[@__normalizedEmail_0='ADMIN@SCHOOLCRM.COM' (Size = 256)], CommandType='"Text"', CommandTimeout='30']
SELECT `a`.`Id`, `a`.`AccessFailedCount`, `a`.`Address`, `a`.`BloodGroup`, `a`.`City`, `a`.`ConcurrencyStamp`, `a`.`Country`, `a`.`CreatedAt`, `a`.`CreatedBy`, `a`.`DateOfBirth`, `a`.`DeletedAt`, `a`.`DeletedBy`, `a`.`Email`, `a`.`EmailConfirmed`, `a`.`FailedLoginAttempts`, `a`.`FirstName`, `a`.`Gender`, `a`.`IsActive`, `a`.`IsDeleted`, `a`.`LastName`, `a`.`LockoutEnabled`, `a`.`LockoutEnd`, `a`.`MiddleName`, `a`.`Nationality`, `a`.`NormalizedEmail`, `a`.`NormalizedUserName`, `a`.`PasswordHash`, `a`.`PasswordResetToken`, `a`.`PasswordResetTokenExpiry`, `a`.`PhoneNumber`, `a`.`PhoneNumber2`, `a`.`PhoneNumberConfirmed`, `a`.`PostalCode`, `a`.`ProfilePictureUrl`, `a`.`RefreshToken`, `a`.`RefreshTokenExpiry`, `a`.`Religion`, `a`.`SecurityStamp`, `a`.`State`, `a`.`TwoFactorEnabled`, `a`.`UpdatedAt`, `a`.`UpdatedBy`, `a`.`UserName`
FROM `AspNetUsers` AS `a`
WHERE NOT (`a`.`IsDeleted`) AND (`a`.`NormalizedEmail` = @__normalizedEmail_0)
LIMIT 2
2026-07-22 16:39:30.227 +05:30 [INF] Executed DbCommand (14ms) [Parameters=[@p0='08dee7e1-b385-42ea-8dc9-b941ff162055', @p1='0', @p2=NULL (Size = 500), @p3=NULL (DbType = Int32), @p4=NULL (Size = 100), @p5='911381f4-79ec-4221-ac48-7abfa7678b9a' (Size = 4000), @p6=NULL (Size = 100), @p7='2026-07-22T11:09:29.4628881Z' (DbType = DateTime), @p8=NULL (Size = 4000), @p9=NULL (DbType = DateTime), @p10=NULL (DbType = DateTime), @p11=NULL (Size = 4000), @p12='admin@schoolcrm.com' (Size = 256), @p13='True', @p14='0', @p15='Super' (Nullable = false) (Size = 100), @p16='1', @p17='True', @p18='False', @p19='Admin' (Nullable = false) (Size = 100), @p20='True', @p21=NULL (DbType = DateTimeOffset), @p22=NULL (Size = 100), @p23=NULL (Size = 100), @p24='ADMIN@SCHOOLCRM.COM' (Size = 256), @p25='ADMIN@SCHOOLCRM.COM' (Size = 256), @p26='AQAAAAIAAYagAAAAEOYRzg4IGrzuYAz5SQPQZdotQIzDoM9ztlZvVrBovxmt+w32dQYT3g+j3gEWacByIw==' (Size = 4000), @p27=NULL (Size = 4000), @p28=NULL (DbType = DateTime), @p29=NULL (Size = 255), @p30=NULL (Size = 4000), @p31='False', @p32=NULL (Size = 20), @p33=NULL (Size = 500), @p34=NULL (Size = 4000), @p35=NULL (DbType = DateTime), @p36=NULL (Size = 100), @p37='6BO4IXTRVPBVTBV5YDD3BF2WDYYUSTQU' (Size = 4000), @p38=NULL (Size = 100), @p39='False', @p40=NULL (DbType = DateTime), @p41=NULL (Size = 4000), @p42='admin@schoolcrm.com' (Size = 256)], CommandType='"Text"', CommandTimeout='30']
SET AUTOCOMMIT = 1;
INSERT INTO `AspNetUsers` (`Id`, `AccessFailedCount`, `Address`, `BloodGroup`, `City`, `ConcurrencyStamp`, `Country`, `CreatedAt`, `CreatedBy`, `DateOfBirth`, `DeletedAt`, `DeletedBy`, `Email`, `EmailConfirmed`, `FailedLoginAttempts`, `FirstName`, `Gender`, `IsActive`, `IsDeleted`, `LastName`, `LockoutEnabled`, `LockoutEnd`, `MiddleName`, `Nationality`, `NormalizedEmail`, `NormalizedUserName`, `PasswordHash`, `PasswordResetToken`, `PasswordResetTokenExpiry`, `PhoneNumber`, `PhoneNumber2`, `PhoneNumberConfirmed`, `PostalCode`, `ProfilePictureUrl`, `RefreshToken`, `RefreshTokenExpiry`, `Religion`, `SecurityStamp`, `State`, `TwoFactorEnabled`, `UpdatedAt`, `UpdatedBy`, `UserName`)
VALUES (@p0, @p1, @p2, @p3, @p4, @p5, @p6, @p7, @p8, @p9, @p10, @p11, @p12, @p13, @p14, @p15, @p16, @p17, @p18, @p19, @p20, @p21, @p22, @p23, @p24, @p25, @p26, @p27, @p28, @p29, @p30, @p31, @p32, @p33, @p34, @p35, @p36, @p37, @p38, @p39, @p40, @p41, @p42);
2026-07-22 16:39:30.270 +05:30 [INF] Executed DbCommand (1ms) [Parameters=[@__normalizedRoleName_0='SUPERADMIN' (Size = 256)], CommandType='"Text"', CommandTimeout='30']
SELECT `a`.`Id`, `a`.`ConcurrencyStamp`, `a`.`CreatedAt`, `a`.`Description`, `a`.`IsActive`, `a`.`IsDeleted`, `a`.`Name`, `a`.`NormalizedName`, `a`.`RoleType`, `a`.`UpdatedAt`
FROM `AspNetRoles` AS `a`
WHERE NOT (`a`.`IsDeleted`) AND (`a`.`NormalizedName` = @__normalizedRoleName_0)
LIMIT 2
2026-07-22 16:39:30.397 +05:30 [INF] Executed DbCommand (2ms) [Parameters=[@__get_Item_0='08dee7e1-b385-42ea-8dc9-b941ff162055' (Nullable = true), @__get_Item_1='08dee7e1-b2c9-4f99-8fb7-5ffd21b04813' (Nullable = true)], CommandType='"Text"', CommandTimeout='30']
SELECT `a`.`UserId`, `a`.`RoleId`
FROM `AspNetUserRoles` AS `a`
WHERE (`a`.`UserId` = @__get_Item_0) AND (`a`.`RoleId` = @__get_Item_1)
LIMIT 1
2026-07-22 16:39:30.404 +05:30 [INF] Executed DbCommand (1ms) [Parameters=[@__normalizedRoleName_0='SUPERADMIN' (Size = 256)], CommandType='"Text"', CommandTimeout='30']
SELECT `a`.`Id`, `a`.`ConcurrencyStamp`, `a`.`CreatedAt`, `a`.`Description`, `a`.`IsActive`, `a`.`IsDeleted`, `a`.`Name`, `a`.`NormalizedName`, `a`.`RoleType`, `a`.`UpdatedAt`
FROM `AspNetRoles` AS `a`
WHERE NOT (`a`.`IsDeleted`) AND (`a`.`NormalizedName` = @__normalizedRoleName_0)
LIMIT 2
2026-07-22 16:39:30.467 +05:30 [INF] Executed DbCommand (1ms) [Parameters=[@__normalizedUserName_0='ADMIN@SCHOOLCRM.COM' (Size = 256)], CommandType='"Text"', CommandTimeout='30']
SELECT `a`.`Id`, `a`.`AccessFailedCount`, `a`.`Address`, `a`.`BloodGroup`, `a`.`City`, `a`.`ConcurrencyStamp`, `a`.`Country`, `a`.`CreatedAt`, `a`.`CreatedBy`, `a`.`DateOfBirth`, `a`.`DeletedAt`, `a`.`DeletedBy`, `a`.`Email`, `a`.`EmailConfirmed`, `a`.`FailedLoginAttempts`, `a`.`FirstName`, `a`.`Gender`, `a`.`IsActive`, `a`.`IsDeleted`, `a`.`LastName`, `a`.`LockoutEnabled`, `a`.`LockoutEnd`, `a`.`MiddleName`, `a`.`Nationality`, `a`.`NormalizedEmail`, `a`.`NormalizedUserName`, `a`.`PasswordHash`, `a`.`PasswordResetToken`, `a`.`PasswordResetTokenExpiry`, `a`.`PhoneNumber`, `a`.`PhoneNumber2`, `a`.`PhoneNumberConfirmed`, `a`.`PostalCode`, `a`.`ProfilePictureUrl`, `a`.`RefreshToken`, `a`.`RefreshTokenExpiry`, `a`.`Religion`, `a`.`SecurityStamp`, `a`.`State`, `a`.`TwoFactorEnabled`, `a`.`UpdatedAt`, `a`.`UpdatedBy`, `a`.`UserName`
FROM `AspNetUsers` AS `a`
WHERE NOT (`a`.`IsDeleted`) AND (`a`.`NormalizedUserName` = @__normalizedUserName_0)
LIMIT 1
2026-07-22 16:39:30.480 +05:30 [INF] Executed DbCommand (6ms) [Parameters=[@__normalizedEmail_0='ADMIN@SCHOOLCRM.COM' (Size = 256)], CommandType='"Text"', CommandTimeout='30']
SELECT `a`.`Id`, `a`.`AccessFailedCount`, `a`.`Address`, `a`.`BloodGroup`, `a`.`City`, `a`.`ConcurrencyStamp`, `a`.`Country`, `a`.`CreatedAt`, `a`.`CreatedBy`, `a`.`DateOfBirth`, `a`.`DeletedAt`, `a`.`DeletedBy`, `a`.`Email`, `a`.`EmailConfirmed`, `a`.`FailedLoginAttempts`, `a`.`FirstName`, `a`.`Gender`, `a`.`IsActive`, `a`.`IsDeleted`, `a`.`LastName`, `a`.`LockoutEnabled`, `a`.`LockoutEnd`, `a`.`MiddleName`, `a`.`Nationality`, `a`.`NormalizedEmail`, `a`.`NormalizedUserName`, `a`.`PasswordHash`, `a`.`PasswordResetToken`, `a`.`PasswordResetTokenExpiry`, `a`.`PhoneNumber`, `a`.`PhoneNumber2`, `a`.`PhoneNumberConfirmed`, `a`.`PostalCode`, `a`.`ProfilePictureUrl`, `a`.`RefreshToken`, `a`.`RefreshTokenExpiry`, `a`.`Religion`, `a`.`SecurityStamp`, `a`.`State`, `a`.`TwoFactorEnabled`, `a`.`UpdatedAt`, `a`.`UpdatedBy`, `a`.`UserName`
FROM `AspNetUsers` AS `a`
WHERE NOT (`a`.`IsDeleted`) AND (`a`.`NormalizedEmail` = @__normalizedEmail_0)
LIMIT 2
2026-07-22 16:39:30.551 +05:30 [INF] Executed DbCommand (2ms) [Parameters=[@p0='08dee7e1-b2c9-4f99-8fb7-5ffd21b04813', @p1='08dee7e1-b385-42ea-8dc9-b941ff162055', @p44='08dee7e1-b385-42ea-8dc9-b941ff162055', @p2='0', @p3=NULL (Size = 500), @p4=NULL (DbType = Int32), @p5=NULL (Size = 100), @p6='f3ed6d7a-3ae6-443b-a1d1-5782b4b42d9d' (Size = 4000), @p45='911381f4-79ec-4221-ac48-7abfa7678b9a' (Size = 4000), @p7=NULL (Size = 100), @p8='2026-07-22T11:09:29.4628881Z' (DbType = DateTime), @p9=NULL (Size = 4000), @p10=NULL (DbType = DateTime), @p11=NULL (DbType = DateTime), @p12=NULL (Size = 4000), @p13='admin@schoolcrm.com' (Size = 256), @p14='True', @p15='0', @p16='Super' (Nullable = false) (Size = 100), @p17='1', @p18='True', @p19='False', @p20='Admin' (Nullable = false) (Size = 100), @p21='True', @p22=NULL (DbType = DateTimeOffset), @p23=NULL (Size = 100), @p24=NULL (Size = 100), @p25='ADMIN@SCHOOLCRM.COM' (Size = 256), @p26='ADMIN@SCHOOLCRM.COM' (Size = 256), @p27='AQAAAAIAAYagAAAAEOYRzg4IGrzuYAz5SQPQZdotQIzDoM9ztlZvVrBovxmt+w32dQYT3g+j3gEWacByIw==' (Size = 4000), @p28=NULL (Size = 4000), @p29=NULL (DbType = DateTime), @p30=NULL (Size = 255), @p31=NULL (Size = 4000), @p32='False', @p33=NULL (Size = 20), @p34=NULL (Size = 500), @p35=NULL (Size = 4000), @p36=NULL (DbType = DateTime), @p37=NULL (Size = 100), @p38='6BO4IXTRVPBVTBV5YDD3BF2WDYYUSTQU' (Size = 4000), @p39=NULL (Size = 100), @p40='False', @p41=NULL (DbType = DateTime), @p42=NULL (Size = 4000), @p43='admin@schoolcrm.com' (Size = 256)], CommandType='"Text"', CommandTimeout='30']
INSERT INTO `AspNetUserRoles` (`RoleId`, `UserId`)
VALUES (@p0, @p1);
UPDATE `AspNetUsers` SET `AccessFailedCount` = @p2, `Address` = @p3, `BloodGroup` = @p4, `City` = @p5, `ConcurrencyStamp` = @p6, `Country` = @p7, `CreatedAt` = @p8, `CreatedBy` = @p9, `DateOfBirth` = @p10, `DeletedAt` = @p11, `DeletedBy` = @p12, `Email` = @p13, `EmailConfirmed` = @p14, `FailedLoginAttempts` = @p15, `FirstName` = @p16, `Gender` = @p17, `IsActive` = @p18, `IsDeleted` = @p19, `LastName` = @p20, `LockoutEnabled` = @p21, `LockoutEnd` = @p22, `MiddleName` = @p23, `Nationality` = @p24, `NormalizedEmail` = @p25, `NormalizedUserName` = @p26, `PasswordHash` = @p27, `PasswordResetToken` = @p28, `PasswordResetTokenExpiry` = @p29, `PhoneNumber` = @p30, `PhoneNumber2` = @p31, `PhoneNumberConfirmed` = @p32, `PostalCode` = @p33, `ProfilePictureUrl` = @p34, `RefreshToken` = @p35, `RefreshTokenExpiry` = @p36, `Religion` = @p37, `SecurityStamp` = @p38, `State` = @p39, `TwoFactorEnabled` = @p40, `UpdatedAt` = @p41, `UpdatedBy` = @p42, `UserName` = @p43
WHERE `Id` = @p44 AND `ConcurrencyStamp` = @p45;
SELECT ROW_COUNT();
2026-07-22 16:39:30.594 +05:30 [INF] Seeded user admin@schoolcrm.com with role SuperAdmin
2026-07-22 16:39:30.596 +05:30 [INF] Executed DbCommand (1ms) [Parameters=[@__normalizedEmail_0='TEACHER@SCHOOLCRM.COM' (Size = 256)], CommandType='"Text"', CommandTimeout='30']
SELECT `a`.`Id`, `a`.`AccessFailedCount`, `a`.`Address`, `a`.`BloodGroup`, `a`.`City`, `a`.`ConcurrencyStamp`, `a`.`Country`, `a`.`CreatedAt`, `a`.`CreatedBy`, `a`.`DateOfBirth`, `a`.`DeletedAt`, `a`.`DeletedBy`, `a`.`Email`, `a`.`EmailConfirmed`, `a`.`FailedLoginAttempts`, `a`.`FirstName`, `a`.`Gender`, `a`.`IsActive`, `a`.`IsDeleted`, `a`.`LastName`, `a`.`LockoutEnabled`, `a`.`LockoutEnd`, `a`.`MiddleName`, `a`.`Nationality`, `a`.`NormalizedEmail`, `a`.`NormalizedUserName`, `a`.`PasswordHash`, `a`.`PasswordResetToken`, `a`.`PasswordResetTokenExpiry`, `a`.`PhoneNumber`, `a`.`PhoneNumber2`, `a`.`PhoneNumberConfirmed`, `a`.`PostalCode`, `a`.`ProfilePictureUrl`, `a`.`RefreshToken`, `a`.`RefreshTokenExpiry`, `a`.`Religion`, `a`.`SecurityStamp`, `a`.`State`, `a`.`TwoFactorEnabled`, `a`.`UpdatedAt`, `a`.`UpdatedBy`, `a`.`UserName`
FROM `AspNetUsers` AS `a`
WHERE NOT (`a`.`IsDeleted`) AND (`a`.`NormalizedEmail` = @__normalizedEmail_0)
LIMIT 2
2026-07-22 16:39:30.873 +05:30 [INF] Executed DbCommand (1ms) [Parameters=[@__normalizedUserName_0='TEACHER@SCHOOLCRM.COM' (Size = 256)], CommandType='"Text"', CommandTimeout='30']
SELECT `a`.`Id`, `a`.`AccessFailedCount`, `a`.`Address`, `a`.`BloodGroup`, `a`.`City`, `a`.`ConcurrencyStamp`, `a`.`Country`, `a`.`CreatedAt`, `a`.`CreatedBy`, `a`.`DateOfBirth`, `a`.`DeletedAt`, `a`.`DeletedBy`, `a`.`Email`, `a`.`EmailConfirmed`, `a`.`FailedLoginAttempts`, `a`.`FirstName`, `a`.`Gender`, `a`.`IsActive`, `a`.`IsDeleted`, `a`.`LastName`, `a`.`LockoutEnabled`, `a`.`LockoutEnd`, `a`.`MiddleName`, `a`.`Nationality`, `a`.`NormalizedEmail`, `a`.`NormalizedUserName`, `a`.`PasswordHash`, `a`.`PasswordResetToken`, `a`.`PasswordResetTokenExpiry`, `a`.`PhoneNumber`, `a`.`PhoneNumber2`, `a`.`PhoneNumberConfirmed`, `a`.`PostalCode`, `a`.`ProfilePictureUrl`, `a`.`RefreshToken`, `a`.`RefreshTokenExpiry`, `a`.`Religion`, `a`.`SecurityStamp`, `a`.`State`, `a`.`TwoFactorEnabled`, `a`.`UpdatedAt`, `a`.`UpdatedBy`, `a`.`UserName`
FROM `AspNetUsers` AS `a`
WHERE NOT (`a`.`IsDeleted`) AND (`a`.`NormalizedUserName` = @__normalizedUserName_0)
LIMIT 1
2026-07-22 16:39:30.879 +05:30 [INF] Executed DbCommand (4ms) [Parameters=[@__normalizedEmail_0='TEACHER@SCHOOLCRM.COM' (Size = 256)], CommandType='"Text"', CommandTimeout='30']
SELECT `a`.`Id`, `a`.`AccessFailedCount`, `a`.`Address`, `a`.`BloodGroup`, `a`.`City`, `a`.`ConcurrencyStamp`, `a`.`Country`, `a`.`CreatedAt`, `a`.`CreatedBy`, `a`.`DateOfBirth`, `a`.`DeletedAt`, `a`.`DeletedBy`, `a`.`Email`, `a`.`EmailConfirmed`, `a`.`FailedLoginAttempts`, `a`.`FirstName`, `a`.`Gender`, `a`.`IsActive`, `a`.`IsDeleted`, `a`.`LastName`, `a`.`LockoutEnabled`, `a`.`LockoutEnd`, `a`.`MiddleName`, `a`.`Nationality`, `a`.`NormalizedEmail`, `a`.`NormalizedUserName`, `a`.`PasswordHash`, `a`.`PasswordResetToken`, `a`.`PasswordResetTokenExpiry`, `a`.`PhoneNumber`, `a`.`PhoneNumber2`, `a`.`PhoneNumberConfirmed`, `a`.`PostalCode`, `a`.`ProfilePictureUrl`, `a`.`RefreshToken`, `a`.`RefreshTokenExpiry`, `a`.`Religion`, `a`.`SecurityStamp`, `a`.`State`, `a`.`TwoFactorEnabled`, `a`.`UpdatedAt`, `a`.`UpdatedBy`, `a`.`UserName`
FROM `AspNetUsers` AS `a`
WHERE NOT (`a`.`IsDeleted`) AND (`a`.`NormalizedEmail` = @__normalizedEmail_0)
LIMIT 2
2026-07-22 16:39:30.916 +05:30 [INF] Executed DbCommand (14ms) [Parameters=[@p0='08dee7e1-b41f-4659-8833-dcd7cee0ec06', @p1='0', @p2=NULL (Size = 500), @p3=NULL (DbType = Int32), @p4=NULL (Size = 100), @p5='92228268-733e-4bc9-9e84-fc49825a5cf7' (Size = 4000), @p6=NULL (Size = 100), @p7='2026-07-22T11:09:30.5977870Z' (DbType = DateTime), @p8=NULL (Size = 4000), @p9=NULL (DbType = DateTime), @p10=NULL (DbType = DateTime), @p11=NULL (Size = 4000), @p12='teacher@schoolcrm.com' (Size = 256), @p13='True', @p14='0', @p15='John' (Nullable = false) (Size = 100), @p16='1', @p17='True', @p18='False', @p19='Smith' (Nullable = false) (Size = 100), @p20='True', @p21=NULL (DbType = DateTimeOffset), @p22=NULL (Size = 100), @p23=NULL (Size = 100), @p24='TEACHER@SCHOOLCRM.COM' (Size = 256), @p25='TEACHER@SCHOOLCRM.COM' (Size = 256), @p26='AQAAAAIAAYagAAAAELfnk3aRPt/J7byaRpF2rwOxkkfzeVx7oIf389CMtmTGzeF3m0XMVnoWWuSPduog6w==' (Size = 4000), @p27=NULL (Size = 4000), @p28=NULL (DbType = DateTime), @p29=NULL (Size = 255), @p30=NULL (Size = 4000), @p31='False', @p32=NULL (Size = 20), @p33=NULL (Size = 500), @p34=NULL (Size = 4000), @p35=NULL (DbType = DateTime), @p36=NULL (Size = 100), @p37='4HCTW7XZMPND4DJU3JSSYE7Q6JJXSGUS' (Size = 4000), @p38=NULL (Size = 100), @p39='False', @p40=NULL (DbType = DateTime), @p41=NULL (Size = 4000), @p42='teacher@schoolcrm.com' (Size = 256)], CommandType='"Text"', CommandTimeout='30']
SET AUTOCOMMIT = 1;
INSERT INTO `AspNetUsers` (`Id`, `AccessFailedCount`, `Address`, `BloodGroup`, `City`, `ConcurrencyStamp`, `Country`, `CreatedAt`, `CreatedBy`, `DateOfBirth`, `DeletedAt`, `DeletedBy`, `Email`, `EmailConfirmed`, `FailedLoginAttempts`, `FirstName`, `Gender`, `IsActive`, `IsDeleted`, `LastName`, `LockoutEnabled`, `LockoutEnd`, `MiddleName`, `Nationality`, `NormalizedEmail`, `NormalizedUserName`, `PasswordHash`, `PasswordResetToken`, `PasswordResetTokenExpiry`, `PhoneNumber`, `PhoneNumber2`, `PhoneNumberConfirmed`, `PostalCode`, `ProfilePictureUrl`, `RefreshToken`, `RefreshTokenExpiry`, `Religion`, `SecurityStamp`, `State`, `TwoFactorEnabled`, `UpdatedAt`, `UpdatedBy`, `UserName`)
VALUES (@p0, @p1, @p2, @p3, @p4, @p5, @p6, @p7, @p8, @p9, @p10, @p11, @p12, @p13, @p14, @p15, @p16, @p17, @p18, @p19, @p20, @p21, @p22, @p23, @p24, @p25, @p26, @p27, @p28, @p29, @p30, @p31, @p32, @p33, @p34, @p35, @p36, @p37, @p38, @p39, @p40, @p41, @p42);
2026-07-22 16:39:30.921 +05:30 [INF] Executed DbCommand (1ms) [Parameters=[@__normalizedRoleName_0='TEACHER' (Size = 256)], CommandType='"Text"', CommandTimeout='30']
SELECT `a`.`Id`, `a`.`ConcurrencyStamp`, `a`.`CreatedAt`, `a`.`Description`, `a`.`IsActive`, `a`.`IsDeleted`, `a`.`Name`, `a`.`NormalizedName`, `a`.`RoleType`, `a`.`UpdatedAt`
FROM `AspNetRoles` AS `a`
WHERE NOT (`a`.`IsDeleted`) AND (`a`.`NormalizedName` = @__normalizedRoleName_0)
LIMIT 2
2026-07-22 16:39:30.927 +05:30 [INF] Executed DbCommand (1ms) [Parameters=[@__get_Item_0='08dee7e1-b41f-4659-8833-dcd7cee0ec06' (Nullable = true), @__get_Item_1='08dee7e1-b31e-4dca-84eb-38e4e340edb8' (Nullable = true)], CommandType='"Text"', CommandTimeout='30']
SELECT `a`.`UserId`, `a`.`RoleId`
FROM `AspNetUserRoles` AS `a`
WHERE (`a`.`UserId` = @__get_Item_0) AND (`a`.`RoleId` = @__get_Item_1)
LIMIT 1
2026-07-22 16:39:30.929 +05:30 [INF] Executed DbCommand (1ms) [Parameters=[@__normalizedRoleName_0='TEACHER' (Size = 256)], CommandType='"Text"', CommandTimeout='30']
SELECT `a`.`Id`, `a`.`ConcurrencyStamp`, `a`.`CreatedAt`, `a`.`Description`, `a`.`IsActive`, `a`.`IsDeleted`, `a`.`Name`, `a`.`NormalizedName`, `a`.`RoleType`, `a`.`UpdatedAt`
FROM `AspNetRoles` AS `a`
WHERE NOT (`a`.`IsDeleted`) AND (`a`.`NormalizedName` = @__normalizedRoleName_0)
LIMIT 2
2026-07-22 16:39:30.935 +05:30 [INF] Executed DbCommand (2ms) [Parameters=[@__normalizedUserName_0='TEACHER@SCHOOLCRM.COM' (Size = 256)], CommandType='"Text"', CommandTimeout='30']
SELECT `a`.`Id`, `a`.`AccessFailedCount`, `a`.`Address`, `a`.`BloodGroup`, `a`.`City`, `a`.`ConcurrencyStamp`, `a`.`Country`, `a`.`CreatedAt`, `a`.`CreatedBy`, `a`.`DateOfBirth`, `a`.`DeletedAt`, `a`.`DeletedBy`, `a`.`Email`, `a`.`EmailConfirmed`, `a`.`FailedLoginAttempts`, `a`.`FirstName`, `a`.`Gender`, `a`.`IsActive`, `a`.`IsDeleted`, `a`.`LastName`, `a`.`LockoutEnabled`, `a`.`LockoutEnd`, `a`.`MiddleName`, `a`.`Nationality`, `a`.`NormalizedEmail`, `a`.`NormalizedUserName`, `a`.`PasswordHash`, `a`.`PasswordResetToken`, `a`.`PasswordResetTokenExpiry`, `a`.`PhoneNumber`, `a`.`PhoneNumber2`, `a`.`PhoneNumberConfirmed`, `a`.`PostalCode`, `a`.`ProfilePictureUrl`, `a`.`RefreshToken`, `a`.`RefreshTokenExpiry`, `a`.`Religion`, `a`.`SecurityStamp`, `a`.`State`, `a`.`TwoFactorEnabled`, `a`.`UpdatedAt`, `a`.`UpdatedBy`, `a`.`UserName`
FROM `AspNetUsers` AS `a`
WHERE NOT (`a`.`IsDeleted`) AND (`a`.`NormalizedUserName` = @__normalizedUserName_0)
LIMIT 1
2026-07-22 16:39:30.944 +05:30 [INF] Executed DbCommand (1ms) [Parameters=[@__normalizedEmail_0='TEACHER@SCHOOLCRM.COM' (Size = 256)], CommandType='"Text"', CommandTimeout='30']
SELECT `a`.`Id`, `a`.`AccessFailedCount`, `a`.`Address`, `a`.`BloodGroup`, `a`.`City`, `a`.`ConcurrencyStamp`, `a`.`Country`, `a`.`CreatedAt`, `a`.`CreatedBy`, `a`.`DateOfBirth`, `a`.`DeletedAt`, `a`.`DeletedBy`, `a`.`Email`, `a`.`EmailConfirmed`, `a`.`FailedLoginAttempts`, `a`.`FirstName`, `a`.`Gender`, `a`.`IsActive`, `a`.`IsDeleted`, `a`.`LastName`, `a`.`LockoutEnabled`, `a`.`LockoutEnd`, `a`.`MiddleName`, `a`.`Nationality`, `a`.`NormalizedEmail`, `a`.`NormalizedUserName`, `a`.`PasswordHash`, `a`.`PasswordResetToken`, `a`.`PasswordResetTokenExpiry`, `a`.`PhoneNumber`, `a`.`PhoneNumber2`, `a`.`PhoneNumberConfirmed`, `a`.`PostalCode`, `a`.`ProfilePictureUrl`, `a`.`RefreshToken`, `a`.`RefreshTokenExpiry`, `a`.`Religion`, `a`.`SecurityStamp`, `a`.`State`, `a`.`TwoFactorEnabled`, `a`.`UpdatedAt`, `a`.`UpdatedBy`, `a`.`UserName`
FROM `AspNetUsers` AS `a`
WHERE NOT (`a`.`IsDeleted`) AND (`a`.`NormalizedEmail` = @__normalizedEmail_0)
LIMIT 2
2026-07-22 16:39:30.982 +05:30 [INF] Executed DbCommand (22ms) [Parameters=[@p0='08dee7e1-b31e-4dca-84eb-38e4e340edb8', @p1='08dee7e1-b41f-4659-8833-dcd7cee0ec06', @p44='08dee7e1-b41f-4659-8833-dcd7cee0ec06', @p2='0', @p3=NULL (Size = 500), @p4=NULL (DbType = Int32), @p5=NULL (Size = 100), @p6='72438a6f-f30a-420d-9026-b936224a4068' (Size = 4000), @p45='92228268-733e-4bc9-9e84-fc49825a5cf7' (Size = 4000), @p7=NULL (Size = 100), @p8='2026-07-22T11:09:30.5977870Z' (DbType = DateTime), @p9=NULL (Size = 4000), @p10=NULL (DbType = DateTime), @p11=NULL (DbType = DateTime), @p12=NULL (Size = 4000), @p13='teacher@schoolcrm.com' (Size = 256), @p14='True', @p15='0', @p16='John' (Nullable = false) (Size = 100), @p17='1', @p18='True', @p19='False', @p20='Smith' (Nullable = false) (Size = 100), @p21='True', @p22=NULL (DbType = DateTimeOffset), @p23=NULL (Size = 100), @p24=NULL (Size = 100), @p25='TEACHER@SCHOOLCRM.COM' (Size = 256), @p26='TEACHER@SCHOOLCRM.COM' (Size = 256), @p27='AQAAAAIAAYagAAAAELfnk3aRPt/J7byaRpF2rwOxkkfzeVx7oIf389CMtmTGzeF3m0XMVnoWWuSPduog6w==' (Size = 4000), @p28=NULL (Size = 4000), @p29=NULL (DbType = DateTime), @p30=NULL (Size = 255), @p31=NULL (Size = 4000), @p32='False', @p33=NULL (Size = 20), @p34=NULL (Size = 500), @p35=NULL (Size = 4000), @p36=NULL (DbType = DateTime), @p37=NULL (Size = 100), @p38='4HCTW7XZMPND4DJU3JSSYE7Q6JJXSGUS' (Size = 4000), @p39=NULL (Size = 100), @p40='False', @p41=NULL (DbType = DateTime), @p42=NULL (Size = 4000), @p43='teacher@schoolcrm.com' (Size = 256)], CommandType='"Text"', CommandTimeout='30']
INSERT INTO `AspNetUserRoles` (`RoleId`, `UserId`)
VALUES (@p0, @p1);
UPDATE `AspNetUsers` SET `AccessFailedCount` = @p2, `Address` = @p3, `BloodGroup` = @p4, `City` = @p5, `ConcurrencyStamp` = @p6, `Country` = @p7, `CreatedAt` = @p8, `CreatedBy` = @p9, `DateOfBirth` = @p10, `DeletedAt` = @p11, `DeletedBy` = @p12, `Email` = @p13, `EmailConfirmed` = @p14, `FailedLoginAttempts` = @p15, `FirstName` = @p16, `Gender` = @p17, `IsActive` = @p18, `IsDeleted` = @p19, `LastName` = @p20, `LockoutEnabled` = @p21, `LockoutEnd` = @p22, `MiddleName` = @p23, `Nationality` = @p24, `NormalizedEmail` = @p25, `NormalizedUserName` = @p26, `PasswordHash` = @p27, `PasswordResetToken` = @p28, `PasswordResetTokenExpiry` = @p29, `PhoneNumber` = @p30, `PhoneNumber2` = @p31, `PhoneNumberConfirmed` = @p32, `PostalCode` = @p33, `ProfilePictureUrl` = @p34, `RefreshToken` = @p35, `RefreshTokenExpiry` = @p36, `Religion` = @p37, `SecurityStamp` = @p38, `State` = @p39, `TwoFactorEnabled` = @p40, `UpdatedAt` = @p41, `UpdatedBy` = @p42, `UserName` = @p43
WHERE `Id` = @p44 AND `ConcurrencyStamp` = @p45;
SELECT ROW_COUNT();
2026-07-22 16:39:31.010 +05:30 [INF] Seeded user teacher@schoolcrm.com with role Teacher
2026-07-22 16:39:31.013 +05:30 [INF] Executed DbCommand (1ms) [Parameters=[@__normalizedEmail_0='STUDENT@SCHOOLCRM.COM' (Size = 256)], CommandType='"Text"', CommandTimeout='30']
SELECT `a`.`Id`, `a`.`AccessFailedCount`, `a`.`Address`, `a`.`BloodGroup`, `a`.`City`, `a`.`ConcurrencyStamp`, `a`.`Country`, `a`.`CreatedAt`, `a`.`CreatedBy`, `a`.`DateOfBirth`, `a`.`DeletedAt`, `a`.`DeletedBy`, `a`.`Email`, `a`.`EmailConfirmed`, `a`.`FailedLoginAttempts`, `a`.`FirstName`, `a`.`Gender`, `a`.`IsActive`, `a`.`IsDeleted`, `a`.`LastName`, `a`.`LockoutEnabled`, `a`.`LockoutEnd`, `a`.`MiddleName`, `a`.`Nationality`, `a`.`NormalizedEmail`, `a`.`NormalizedUserName`, `a`.`PasswordHash`, `a`.`PasswordResetToken`, `a`.`PasswordResetTokenExpiry`, `a`.`PhoneNumber`, `a`.`PhoneNumber2`, `a`.`PhoneNumberConfirmed`, `a`.`PostalCode`, `a`.`ProfilePictureUrl`, `a`.`RefreshToken`, `a`.`RefreshTokenExpiry`, `a`.`Religion`, `a`.`SecurityStamp`, `a`.`State`, `a`.`TwoFactorEnabled`, `a`.`UpdatedAt`, `a`.`UpdatedBy`, `a`.`UserName`
FROM `AspNetUsers` AS `a`
WHERE NOT (`a`.`IsDeleted`) AND (`a`.`NormalizedEmail` = @__normalizedEmail_0)
LIMIT 2
2026-07-22 16:39:31.436 +05:30 [INF] Executed DbCommand (1ms) [Parameters=[@__normalizedUserName_0='STUDENT@SCHOOLCRM.COM' (Size = 256)], CommandType='"Text"', CommandTimeout='30']
SELECT `a`.`Id`, `a`.`AccessFailedCount`, `a`.`Address`, `a`.`BloodGroup`, `a`.`City`, `a`.`ConcurrencyStamp`, `a`.`Country`, `a`.`CreatedAt`, `a`.`CreatedBy`, `a`.`DateOfBirth`, `a`.`DeletedAt`, `a`.`DeletedBy`, `a`.`Email`, `a`.`EmailConfirmed`, `a`.`FailedLoginAttempts`, `a`.`FirstName`, `a`.`Gender`, `a`.`IsActive`, `a`.`IsDeleted`, `a`.`LastName`, `a`.`LockoutEnabled`, `a`.`LockoutEnd`, `a`.`MiddleName`, `a`.`Nationality`, `a`.`NormalizedEmail`, `a`.`NormalizedUserName`, `a`.`PasswordHash`, `a`.`PasswordResetToken`, `a`.`PasswordResetTokenExpiry`, `a`.`PhoneNumber`, `a`.`PhoneNumber2`, `a`.`PhoneNumberConfirmed`, `a`.`PostalCode`, `a`.`ProfilePictureUrl`, `a`.`RefreshToken`, `a`.`RefreshTokenExpiry`, `a`.`Religion`, `a`.`SecurityStamp`, `a`.`State`, `a`.`TwoFactorEnabled`, `a`.`UpdatedAt`, `a`.`UpdatedBy`, `a`.`UserName`
FROM `AspNetUsers` AS `a`
WHERE NOT (`a`.`IsDeleted`) AND (`a`.`NormalizedUserName` = @__normalizedUserName_0)
LIMIT 1
2026-07-22 16:39:31.441 +05:30 [INF] Executed DbCommand (1ms) [Parameters=[@__normalizedEmail_0='STUDENT@SCHOOLCRM.COM' (Size = 256)], CommandType='"Text"', CommandTimeout='30']
SELECT `a`.`Id`, `a`.`AccessFailedCount`, `a`.`Address`, `a`.`BloodGroup`, `a`.`City`, `a`.`ConcurrencyStamp`, `a`.`Country`, `a`.`CreatedAt`, `a`.`CreatedBy`, `a`.`DateOfBirth`, `a`.`DeletedAt`, `a`.`DeletedBy`, `a`.`Email`, `a`.`EmailConfirmed`, `a`.`FailedLoginAttempts`, `a`.`FirstName`, `a`.`Gender`, `a`.`IsActive`, `a`.`IsDeleted`, `a`.`LastName`, `a`.`LockoutEnabled`, `a`.`LockoutEnd`, `a`.`MiddleName`, `a`.`Nationality`, `a`.`NormalizedEmail`, `a`.`NormalizedUserName`, `a`.`PasswordHash`, `a`.`PasswordResetToken`, `a`.`PasswordResetTokenExpiry`, `a`.`PhoneNumber`, `a`.`PhoneNumber2`, `a`.`PhoneNumberConfirmed`, `a`.`PostalCode`, `a`.`ProfilePictureUrl`, `a`.`RefreshToken`, `a`.`RefreshTokenExpiry`, `a`.`Religion`, `a`.`SecurityStamp`, `a`.`State`, `a`.`TwoFactorEnabled`, `a`.`UpdatedAt`, `a`.`UpdatedBy`, `a`.`UserName`
FROM `AspNetUsers` AS `a`
WHERE NOT (`a`.`IsDeleted`) AND (`a`.`NormalizedEmail` = @__normalizedEmail_0)
LIMIT 2
2026-07-22 16:39:31.465 +05:30 [INF] Executed DbCommand (15ms) [Parameters=[@p0='08dee7e1-b475-439e-8c3f-e386f97080ba', @p1='0', @p2=NULL (Size = 500), @p3=NULL (DbType = Int32), @p4=NULL (Size = 100), @p5='29badbf8-349e-4cfd-8839-bd437e751abb' (Size = 4000), @p6=NULL (Size = 100), @p7='2026-07-22T11:09:31.0141384Z' (DbType = DateTime), @p8=NULL (Size = 4000), @p9=NULL (DbType = DateTime), @p10=NULL (DbType = DateTime), @p11=NULL (Size = 4000), @p12='student@schoolcrm.com' (Size = 256), @p13='True', @p14='0', @p15='Jane' (Nullable = false) (Size = 100), @p16='2', @p17='True', @p18='False', @p19='Doe' (Nullable = false) (Size = 100), @p20='True', @p21=NULL (DbType = DateTimeOffset), @p22=NULL (Size = 100), @p23=NULL (Size = 100), @p24='STUDENT@SCHOOLCRM.COM' (Size = 256), @p25='STUDENT@SCHOOLCRM.COM' (Size = 256), @p26='AQAAAAIAAYagAAAAEAZM7SwQn2FXMzEyF3W2ubtuY19yuLiNYYnk+QSuZmNMUp6C3Z4a/i9u/ZMM8jEL3Q==' (Size = 4000), @p27=NULL (Size = 4000), @p28=NULL (DbType = DateTime), @p29=NULL (Size = 255), @p30=NULL (Size = 4000), @p31='False', @p32=NULL (Size = 20), @p33=NULL (Size = 500), @p34=NULL (Size = 4000), @p35=NULL (DbType = DateTime), @p36=NULL (Size = 100), @p37='4YMQAY6FAKHHENIFP6GKXHPV3GMTF7VQ' (Size = 4000), @p38=NULL (Size = 100), @p39='False', @p40=NULL (DbType = DateTime), @p41=NULL (Size = 4000), @p42='student@schoolcrm.com' (Size = 256)], CommandType='"Text"', CommandTimeout='30']
SET AUTOCOMMIT = 1;
INSERT INTO `AspNetUsers` (`Id`, `AccessFailedCount`, `Address`, `BloodGroup`, `City`, `ConcurrencyStamp`, `Country`, `CreatedAt`, `CreatedBy`, `DateOfBirth`, `DeletedAt`, `DeletedBy`, `Email`, `EmailConfirmed`, `FailedLoginAttempts`, `FirstName`, `Gender`, `IsActive`, `IsDeleted`, `LastName`, `LockoutEnabled`, `LockoutEnd`, `MiddleName`, `Nationality`, `NormalizedEmail`, `NormalizedUserName`, `PasswordHash`, `PasswordResetToken`, `PasswordResetTokenExpiry`, `PhoneNumber`, `PhoneNumber2`, `PhoneNumberConfirmed`, `PostalCode`, `ProfilePictureUrl`, `RefreshToken`, `RefreshTokenExpiry`, `Religion`, `SecurityStamp`, `State`, `TwoFactorEnabled`, `UpdatedAt`, `UpdatedBy`, `UserName`)
VALUES (@p0, @p1, @p2, @p3, @p4, @p5, @p6, @p7, @p8, @p9, @p10, @p11, @p12, @p13, @p14, @p15, @p16, @p17, @p18, @p19, @p20, @p21, @p22, @p23, @p24, @p25, @p26, @p27, @p28, @p29, @p30, @p31, @p32, @p33, @p34, @p35, @p36, @p37, @p38, @p39, @p40, @p41, @p42);
2026-07-22 16:39:31.468 +05:30 [INF] Executed DbCommand (2ms) [Parameters=[@__normalizedRoleName_0='STUDENT' (Size = 256)], CommandType='"Text"', CommandTimeout='30']
SELECT `a`.`Id`, `a`.`ConcurrencyStamp`, `a`.`CreatedAt`, `a`.`Description`, `a`.`IsActive`, `a`.`IsDeleted`, `a`.`Name`, `a`.`NormalizedName`, `a`.`RoleType`, `a`.`UpdatedAt`
FROM `AspNetRoles` AS `a`
WHERE NOT (`a`.`IsDeleted`) AND (`a`.`NormalizedName` = @__normalizedRoleName_0)
LIMIT 2
2026-07-22 16:39:31.478 +05:30 [INF] Executed DbCommand (1ms) [Parameters=[@__get_Item_0='08dee7e1-b475-439e-8c3f-e386f97080ba' (Nullable = true), @__get_Item_1='08dee7e1-b336-406c-8517-adf4572069fb' (Nullable = true)], CommandType='"Text"', CommandTimeout='30']
SELECT `a`.`UserId`, `a`.`RoleId`
FROM `AspNetUserRoles` AS `a`
WHERE (`a`.`UserId` = @__get_Item_0) AND (`a`.`RoleId` = @__get_Item_1)
LIMIT 1
2026-07-22 16:39:31.481 +05:30 [INF] Executed DbCommand (1ms) [Parameters=[@__normalizedRoleName_0='STUDENT' (Size = 256)], CommandType='"Text"', CommandTimeout='30']
SELECT `a`.`Id`, `a`.`ConcurrencyStamp`, `a`.`CreatedAt`, `a`.`Description`, `a`.`IsActive`, `a`.`IsDeleted`, `a`.`Name`, `a`.`NormalizedName`, `a`.`RoleType`, `a`.`UpdatedAt`
FROM `AspNetRoles` AS `a`
WHERE NOT (`a`.`IsDeleted`) AND (`a`.`NormalizedName` = @__normalizedRoleName_0)
LIMIT 2
2026-07-22 16:39:31.489 +05:30 [INF] Executed DbCommand (5ms) [Parameters=[@__normalizedUserName_0='STUDENT@SCHOOLCRM.COM' (Size = 256)], CommandType='"Text"', CommandTimeout='30']
SELECT `a`.`Id`, `a`.`AccessFailedCount`, `a`.`Address`, `a`.`BloodGroup`, `a`.`City`, `a`.`ConcurrencyStamp`, `a`.`Country`, `a`.`CreatedAt`, `a`.`CreatedBy`, `a`.`DateOfBirth`, `a`.`DeletedAt`, `a`.`DeletedBy`, `a`.`Email`, `a`.`EmailConfirmed`, `a`.`FailedLoginAttempts`, `a`.`FirstName`, `a`.`Gender`, `a`.`IsActive`, `a`.`IsDeleted`, `a`.`LastName`, `a`.`LockoutEnabled`, `a`.`LockoutEnd`, `a`.`MiddleName`, `a`.`Nationality`, `a`.`NormalizedEmail`, `a`.`NormalizedUserName`, `a`.`PasswordHash`, `a`.`PasswordResetToken`, `a`.`PasswordResetTokenExpiry`, `a`.`PhoneNumber`, `a`.`PhoneNumber2`, `a`.`PhoneNumberConfirmed`, `a`.`PostalCode`, `a`.`ProfilePictureUrl`, `a`.`RefreshToken`, `a`.`RefreshTokenExpiry`, `a`.`Religion`, `a`.`SecurityStamp`, `a`.`State`, `a`.`TwoFactorEnabled`, `a`.`UpdatedAt`, `a`.`UpdatedBy`, `a`.`UserName`
FROM `AspNetUsers` AS `a`
WHERE NOT (`a`.`IsDeleted`) AND (`a`.`NormalizedUserName` = @__normalizedUserName_0)
LIMIT 1
2026-07-22 16:39:31.494 +05:30 [INF] Executed DbCommand (1ms) [Parameters=[@__normalizedEmail_0='STUDENT@SCHOOLCRM.COM' (Size = 256)], CommandType='"Text"', CommandTimeout='30']
SELECT `a`.`Id`, `a`.`AccessFailedCount`, `a`.`Address`, `a`.`BloodGroup`, `a`.`City`, `a`.`ConcurrencyStamp`, `a`.`Country`, `a`.`CreatedAt`, `a`.`CreatedBy`, `a`.`DateOfBirth`, `a`.`DeletedAt`, `a`.`DeletedBy`, `a`.`Email`, `a`.`EmailConfirmed`, `a`.`FailedLoginAttempts`, `a`.`FirstName`, `a`.`Gender`, `a`.`IsActive`, `a`.`IsDeleted`, `a`.`LastName`, `a`.`LockoutEnabled`, `a`.`LockoutEnd`, `a`.`MiddleName`, `a`.`Nationality`, `a`.`NormalizedEmail`, `a`.`NormalizedUserName`, `a`.`PasswordHash`, `a`.`PasswordResetToken`, `a`.`PasswordResetTokenExpiry`, `a`.`PhoneNumber`, `a`.`PhoneNumber2`, `a`.`PhoneNumberConfirmed`, `a`.`PostalCode`, `a`.`ProfilePictureUrl`, `a`.`RefreshToken`, `a`.`RefreshTokenExpiry`, `a`.`Religion`, `a`.`SecurityStamp`, `a`.`State`, `a`.`TwoFactorEnabled`, `a`.`UpdatedAt`, `a`.`UpdatedBy`, `a`.`UserName`
FROM `AspNetUsers` AS `a`
WHERE NOT (`a`.`IsDeleted`) AND (`a`.`NormalizedEmail` = @__normalizedEmail_0)
LIMIT 2
2026-07-22 16:39:31.506 +05:30 [INF] Executed DbCommand (2ms) [Parameters=[@p0='08dee7e1-b336-406c-8517-adf4572069fb', @p1='08dee7e1-b475-439e-8c3f-e386f97080ba', @p44='08dee7e1-b475-439e-8c3f-e386f97080ba', @p2='0', @p3=NULL (Size = 500), @p4=NULL (DbType = Int32), @p5=NULL (Size = 100), @p6='5ff3ed24-bc58-444f-bc99-64231ef1d314' (Size = 4000), @p45='29badbf8-349e-4cfd-8839-bd437e751abb' (Size = 4000), @p7=NULL (Size = 100), @p8='2026-07-22T11:09:31.0141384Z' (DbType = DateTime), @p9=NULL (Size = 4000), @p10=NULL (DbType = DateTime), @p11=NULL (DbType = DateTime), @p12=NULL (Size = 4000), @p13='student@schoolcrm.com' (Size = 256), @p14='True', @p15='0', @p16='Jane' (Nullable = false) (Size = 100), @p17='2', @p18='True', @p19='False', @p20='Doe' (Nullable = false) (Size = 100), @p21='True', @p22=NULL (DbType = DateTimeOffset), @p23=NULL (Size = 100), @p24=NULL (Size = 100), @p25='STUDENT@SCHOOLCRM.COM' (Size = 256), @p26='STUDENT@SCHOOLCRM.COM' (Size = 256), @p27='AQAAAAIAAYagAAAAEAZM7SwQn2FXMzEyF3W2ubtuY19yuLiNYYnk+QSuZmNMUp6C3Z4a/i9u/ZMM8jEL3Q==' (Size = 4000), @p28=NULL (Size = 4000), @p29=NULL (DbType = DateTime), @p30=NULL (Size = 255), @p31=NULL (Size = 4000), @p32='False', @p33=NULL (Size = 20), @p34=NULL (Size = 500), @p35=NULL (Size = 4000), @p36=NULL (DbType = DateTime), @p37=NULL (Size = 100), @p38='4YMQAY6FAKHHENIFP6GKXHPV3GMTF7VQ' (Size = 4000), @p39=NULL (Size = 100), @p40='False', @p41=NULL (DbType = DateTime), @p42=NULL (Size = 4000), @p43='student@schoolcrm.com' (Size = 256)], CommandType='"Text"', CommandTimeout='30']
INSERT INTO `AspNetUserRoles` (`RoleId`, `UserId`)
VALUES (@p0, @p1);
UPDATE `AspNetUsers` SET `AccessFailedCount` = @p2, `Address` = @p3, `BloodGroup` = @p4, `City` = @p5, `ConcurrencyStamp` = @p6, `Country` = @p7, `CreatedAt` = @p8, `CreatedBy` = @p9, `DateOfBirth` = @p10, `DeletedAt` = @p11, `DeletedBy` = @p12, `Email` = @p13, `EmailConfirmed` = @p14, `FailedLoginAttempts` = @p15, `FirstName` = @p16, `Gender` = @p17, `IsActive` = @p18, `IsDeleted` = @p19, `LastName` = @p20, `LockoutEnabled` = @p21, `LockoutEnd` = @p22, `MiddleName` = @p23, `Nationality` = @p24, `NormalizedEmail` = @p25, `NormalizedUserName` = @p26, `PasswordHash` = @p27, `PasswordResetToken` = @p28, `PasswordResetTokenExpiry` = @p29, `PhoneNumber` = @p30, `PhoneNumber2` = @p31, `PhoneNumberConfirmed` = @p32, `PostalCode` = @p33, `ProfilePictureUrl` = @p34, `RefreshToken` = @p35, `RefreshTokenExpiry` = @p36, `Religion` = @p37, `SecurityStamp` = @p38, `State` = @p39, `TwoFactorEnabled` = @p40, `UpdatedAt` = @p41, `UpdatedBy` = @p42, `UserName` = @p43
WHERE `Id` = @p44 AND `ConcurrencyStamp` = @p45;
SELECT ROW_COUNT();
2026-07-22 16:39:31.523 +05:30 [INF] Seeded user student@schoolcrm.com with role Student
2026-07-22 16:39:31.525 +05:30 [INF] Executed DbCommand (1ms) [Parameters=[@__normalizedEmail_0='PARENT@SCHOOLCRM.COM' (Size = 256)], CommandType='"Text"', CommandTimeout='30']
SELECT `a`.`Id`, `a`.`AccessFailedCount`, `a`.`Address`, `a`.`BloodGroup`, `a`.`City`, `a`.`ConcurrencyStamp`, `a`.`Country`, `a`.`CreatedAt`, `a`.`CreatedBy`, `a`.`DateOfBirth`, `a`.`DeletedAt`, `a`.`DeletedBy`, `a`.`Email`, `a`.`EmailConfirmed`, `a`.`FailedLoginAttempts`, `a`.`FirstName`, `a`.`Gender`, `a`.`IsActive`, `a`.`IsDeleted`, `a`.`LastName`, `a`.`LockoutEnabled`, `a`.`LockoutEnd`, `a`.`MiddleName`, `a`.`Nationality`, `a`.`NormalizedEmail`, `a`.`NormalizedUserName`, `a`.`PasswordHash`, `a`.`PasswordResetToken`, `a`.`PasswordResetTokenExpiry`, `a`.`PhoneNumber`, `a`.`PhoneNumber2`, `a`.`PhoneNumberConfirmed`, `a`.`PostalCode`, `a`.`ProfilePictureUrl`, `a`.`RefreshToken`, `a`.`RefreshTokenExpiry`, `a`.`Religion`, `a`.`SecurityStamp`, `a`.`State`, `a`.`TwoFactorEnabled`, `a`.`UpdatedAt`, `a`.`UpdatedBy`, `a`.`UserName`
FROM `AspNetUsers` AS `a`
WHERE NOT (`a`.`IsDeleted`) AND (`a`.`NormalizedEmail` = @__normalizedEmail_0)
LIMIT 2
2026-07-22 16:39:31.799 +05:30 [INF] Executed DbCommand (1ms) [Parameters=[@__normalizedUserName_0='PARENT@SCHOOLCRM.COM' (Size = 256)], CommandType='"Text"', CommandTimeout='30']
SELECT `a`.`Id`, `a`.`AccessFailedCount`, `a`.`Address`, `a`.`BloodGroup`, `a`.`City`, `a`.`ConcurrencyStamp`, `a`.`Country`, `a`.`CreatedAt`, `a`.`CreatedBy`, `a`.`DateOfBirth`, `a`.`DeletedAt`, `a`.`DeletedBy`, `a`.`Email`, `a`.`EmailConfirmed`, `a`.`FailedLoginAttempts`, `a`.`FirstName`, `a`.`Gender`, `a`.`IsActive`, `a`.`IsDeleted`, `a`.`LastName`, `a`.`LockoutEnabled`, `a`.`LockoutEnd`, `a`.`MiddleName`, `a`.`Nationality`, `a`.`NormalizedEmail`, `a`.`NormalizedUserName`, `a`.`PasswordHash`, `a`.`PasswordResetToken`, `a`.`PasswordResetTokenExpiry`, `a`.`PhoneNumber`, `a`.`PhoneNumber2`, `a`.`PhoneNumberConfirmed`, `a`.`PostalCode`, `a`.`ProfilePictureUrl`, `a`.`RefreshToken`, `a`.`RefreshTokenExpiry`, `a`.`Religion`, `a`.`SecurityStamp`, `a`.`State`, `a`.`TwoFactorEnabled`, `a`.`UpdatedAt`, `a`.`UpdatedBy`, `a`.`UserName`
FROM `AspNetUsers` AS `a`
WHERE NOT (`a`.`IsDeleted`) AND (`a`.`NormalizedUserName` = @__normalizedUserName_0)
LIMIT 1
2026-07-22 16:39:31.802 +05:30 [INF] Executed DbCommand (1ms) [Parameters=[@__normalizedEmail_0='PARENT@SCHOOLCRM.COM' (Size = 256)], CommandType='"Text"', CommandTimeout='30']
SELECT `a`.`Id`, `a`.`AccessFailedCount`, `a`.`Address`, `a`.`BloodGroup`, `a`.`City`, `a`.`ConcurrencyStamp`, `a`.`Country`, `a`.`CreatedAt`, `a`.`CreatedBy`, `a`.`DateOfBirth`, `a`.`DeletedAt`, `a`.`DeletedBy`, `a`.`Email`, `a`.`EmailConfirmed`, `a`.`FailedLoginAttempts`, `a`.`FirstName`, `a`.`Gender`, `a`.`IsActive`, `a`.`IsDeleted`, `a`.`LastName`, `a`.`LockoutEnabled`, `a`.`LockoutEnd`, `a`.`MiddleName`, `a`.`Nationality`, `a`.`NormalizedEmail`, `a`.`NormalizedUserName`, `a`.`PasswordHash`, `a`.`PasswordResetToken`, `a`.`PasswordResetTokenExpiry`, `a`.`PhoneNumber`, `a`.`PhoneNumber2`, `a`.`PhoneNumberConfirmed`, `a`.`PostalCode`, `a`.`ProfilePictureUrl`, `a`.`RefreshToken`, `a`.`RefreshTokenExpiry`, `a`.`Religion`, `a`.`SecurityStamp`, `a`.`State`, `a`.`TwoFactorEnabled`, `a`.`UpdatedAt`, `a`.`UpdatedBy`, `a`.`UserName`
FROM `AspNetUsers` AS `a`
WHERE NOT (`a`.`IsDeleted`) AND (`a`.`NormalizedEmail` = @__normalizedEmail_0)
LIMIT 2
2026-07-22 16:39:31.826 +05:30 [INF] Executed DbCommand (17ms) [Parameters=[@p0='08dee7e1-b4ac-43d9-8d19-13642cc6f0c9', @p1='0', @p2=NULL (Size = 500), @p3=NULL (DbType = Int32), @p4=NULL (Size = 100), @p5='552e820c-0251-466e-ba59-ea3967628787' (Size = 4000), @p6=NULL (Size = 100), @p7='2026-07-22T11:09:31.5259495Z' (DbType = DateTime), @p8=NULL (Size = 4000), @p9=NULL (DbType = DateTime), @p10=NULL (DbType = DateTime), @p11=NULL (Size = 4000), @p12='parent@schoolcrm.com' (Size = 256), @p13='True', @p14='0', @p15='Robert' (Nullable = false) (Size = 100), @p16='1', @p17='True', @p18='False', @p19='Doe' (Nullable = false) (Size = 100), @p20='True', @p21=NULL (DbType = DateTimeOffset), @p22=NULL (Size = 100), @p23=NULL (Size = 100), @p24='PARENT@SCHOOLCRM.COM' (Size = 256), @p25='PARENT@SCHOOLCRM.COM' (Size = 256), @p26='AQAAAAIAAYagAAAAEMvzlcLYrQMKoDIyvraAP6VLJRm880GG3tqekb16UNncT21lduom2W0nri9lS+DUsg==' (Size = 4000), @p27=NULL (Size = 4000), @p28=NULL (DbType = DateTime), @p29=NULL (Size = 255), @p30=NULL (Size = 4000), @p31='False', @p32=NULL (Size = 20), @p33=NULL (Size = 500), @p34=NULL (Size = 4000), @p35=NULL (DbType = DateTime), @p36=NULL (Size = 100), @p37='B5RDD36POEVCCZJTIDQMVSAZ2QM5USM5' (Size = 4000), @p38=NULL (Size = 100), @p39='False', @p40=NULL (DbType = DateTime), @p41=NULL (Size = 4000), @p42='parent@schoolcrm.com' (Size = 256)], CommandType='"Text"', CommandTimeout='30']
SET AUTOCOMMIT = 1;
INSERT INTO `AspNetUsers` (`Id`, `AccessFailedCount`, `Address`, `BloodGroup`, `City`, `ConcurrencyStamp`, `Country`, `CreatedAt`, `CreatedBy`, `DateOfBirth`, `DeletedAt`, `DeletedBy`, `Email`, `EmailConfirmed`, `FailedLoginAttempts`, `FirstName`, `Gender`, `IsActive`, `IsDeleted`, `LastName`, `LockoutEnabled`, `LockoutEnd`, `MiddleName`, `Nationality`, `NormalizedEmail`, `NormalizedUserName`, `PasswordHash`, `PasswordResetToken`, `PasswordResetTokenExpiry`, `PhoneNumber`, `PhoneNumber2`, `PhoneNumberConfirmed`, `PostalCode`, `ProfilePictureUrl`, `RefreshToken`, `RefreshTokenExpiry`, `Religion`, `SecurityStamp`, `State`, `TwoFactorEnabled`, `UpdatedAt`, `UpdatedBy`, `UserName`)
VALUES (@p0, @p1, @p2, @p3, @p4, @p5, @p6, @p7, @p8, @p9, @p10, @p11, @p12, @p13, @p14, @p15, @p16, @p17, @p18, @p19, @p20, @p21, @p22, @p23, @p24, @p25, @p26, @p27, @p28, @p29, @p30, @p31, @p32, @p33, @p34, @p35, @p36, @p37, @p38, @p39, @p40, @p41, @p42);
2026-07-22 16:39:31.831 +05:30 [INF] Executed DbCommand (1ms) [Parameters=[@__normalizedRoleName_0='PARENT' (Size = 256)], CommandType='"Text"', CommandTimeout='30']
SELECT `a`.`Id`, `a`.`ConcurrencyStamp`, `a`.`CreatedAt`, `a`.`Description`, `a`.`IsActive`, `a`.`IsDeleted`, `a`.`Name`, `a`.`NormalizedName`, `a`.`RoleType`, `a`.`UpdatedAt`
FROM `AspNetRoles` AS `a`
WHERE NOT (`a`.`IsDeleted`) AND (`a`.`NormalizedName` = @__normalizedRoleName_0)
LIMIT 2
2026-07-22 16:39:31.836 +05:30 [INF] Executed DbCommand (1ms) [Parameters=[@__get_Item_0='08dee7e1-b4ac-43d9-8d19-13642cc6f0c9' (Nullable = true), @__get_Item_1='08dee7e1-b33a-4642-8baa-83c25cb66602' (Nullable = true)], CommandType='"Text"', CommandTimeout='30']
SELECT `a`.`UserId`, `a`.`RoleId`
FROM `AspNetUserRoles` AS `a`
WHERE (`a`.`UserId` = @__get_Item_0) AND (`a`.`RoleId` = @__get_Item_1)
LIMIT 1
2026-07-22 16:39:31.842 +05:30 [INF] Executed DbCommand (2ms) [Parameters=[@__normalizedRoleName_0='PARENT' (Size = 256)], CommandType='"Text"', CommandTimeout='30']
SELECT `a`.`Id`, `a`.`ConcurrencyStamp`, `a`.`CreatedAt`, `a`.`Description`, `a`.`IsActive`, `a`.`IsDeleted`, `a`.`Name`, `a`.`NormalizedName`, `a`.`RoleType`, `a`.`UpdatedAt`
FROM `AspNetRoles` AS `a`
WHERE NOT (`a`.`IsDeleted`) AND (`a`.`NormalizedName` = @__normalizedRoleName_0)
LIMIT 2
2026-07-22 16:39:31.846 +05:30 [INF] Executed DbCommand (1ms) [Parameters=[@__normalizedUserName_0='PARENT@SCHOOLCRM.COM' (Size = 256)], CommandType='"Text"', CommandTimeout='30']
SELECT `a`.`Id`, `a`.`AccessFailedCount`, `a`.`Address`, `a`.`BloodGroup`, `a`.`City`, `a`.`ConcurrencyStamp`, `a`.`Country`, `a`.`CreatedAt`, `a`.`CreatedBy`, `a`.`DateOfBirth`, `a`.`DeletedAt`, `a`.`DeletedBy`, `a`.`Email`, `a`.`EmailConfirmed`, `a`.`FailedLoginAttempts`, `a`.`FirstName`, `a`.`Gender`, `a`.`IsActive`, `a`.`IsDeleted`, `a`.`LastName`, `a`.`LockoutEnabled`, `a`.`LockoutEnd`, `a`.`MiddleName`, `a`.`Nationality`, `a`.`NormalizedEmail`, `a`.`NormalizedUserName`, `a`.`PasswordHash`, `a`.`PasswordResetToken`, `a`.`PasswordResetTokenExpiry`, `a`.`PhoneNumber`, `a`.`PhoneNumber2`, `a`.`PhoneNumberConfirmed`, `a`.`PostalCode`, `a`.`ProfilePictureUrl`, `a`.`RefreshToken`, `a`.`RefreshTokenExpiry`, `a`.`Religion`, `a`.`SecurityStamp`, `a`.`State`, `a`.`TwoFactorEnabled`, `a`.`UpdatedAt`, `a`.`UpdatedBy`, `a`.`UserName`
FROM `AspNetUsers` AS `a`
WHERE NOT (`a`.`IsDeleted`) AND (`a`.`NormalizedUserName` = @__normalizedUserName_0)
LIMIT 1
2026-07-22 16:39:31.851 +05:30 [INF] Executed DbCommand (2ms) [Parameters=[@__normalizedEmail_0='PARENT@SCHOOLCRM.COM' (Size = 256)], CommandType='"Text"', CommandTimeout='30']
SELECT `a`.`Id`, `a`.`AccessFailedCount`, `a`.`Address`, `a`.`BloodGroup`, `a`.`City`, `a`.`ConcurrencyStamp`, `a`.`Country`, `a`.`CreatedAt`, `a`.`CreatedBy`, `a`.`DateOfBirth`, `a`.`DeletedAt`, `a`.`DeletedBy`, `a`.`Email`, `a`.`EmailConfirmed`, `a`.`FailedLoginAttempts`, `a`.`FirstName`, `a`.`Gender`, `a`.`IsActive`, `a`.`IsDeleted`, `a`.`LastName`, `a`.`LockoutEnabled`, `a`.`LockoutEnd`, `a`.`MiddleName`, `a`.`Nationality`, `a`.`NormalizedEmail`, `a`.`NormalizedUserName`, `a`.`PasswordHash`, `a`.`PasswordResetToken`, `a`.`PasswordResetTokenExpiry`, `a`.`PhoneNumber`, `a`.`PhoneNumber2`, `a`.`PhoneNumberConfirmed`, `a`.`PostalCode`, `a`.`ProfilePictureUrl`, `a`.`RefreshToken`, `a`.`RefreshTokenExpiry`, `a`.`Religion`, `a`.`SecurityStamp`, `a`.`State`, `a`.`TwoFactorEnabled`, `a`.`UpdatedAt`, `a`.`UpdatedBy`, `a`.`UserName`
FROM `AspNetUsers` AS `a`
WHERE NOT (`a`.`IsDeleted`) AND (`a`.`NormalizedEmail` = @__normalizedEmail_0)
LIMIT 2
2026-07-22 16:39:31.861 +05:30 [INF] Executed DbCommand (2ms) [Parameters=[@p0='08dee7e1-b33a-4642-8baa-83c25cb66602', @p1='08dee7e1-b4ac-43d9-8d19-13642cc6f0c9', @p44='08dee7e1-b4ac-43d9-8d19-13642cc6f0c9', @p2='0', @p3=NULL (Size = 500), @p4=NULL (DbType = Int32), @p5=NULL (Size = 100), @p6='c6d02b26-d0ed-408b-8dd6-bcbc5721bda1' (Size = 4000), @p45='552e820c-0251-466e-ba59-ea3967628787' (Size = 4000), @p7=NULL (Size = 100), @p8='2026-07-22T11:09:31.5259495Z' (DbType = DateTime), @p9=NULL (Size = 4000), @p10=NULL (DbType = DateTime), @p11=NULL (DbType = DateTime), @p12=NULL (Size = 4000), @p13='parent@schoolcrm.com' (Size = 256), @p14='True', @p15='0', @p16='Robert' (Nullable = false) (Size = 100), @p17='1', @p18='True', @p19='False', @p20='Doe' (Nullable = false) (Size = 100), @p21='True', @p22=NULL (DbType = DateTimeOffset), @p23=NULL (Size = 100), @p24=NULL (Size = 100), @p25='PARENT@SCHOOLCRM.COM' (Size = 256), @p26='PARENT@SCHOOLCRM.COM' (Size = 256), @p27='AQAAAAIAAYagAAAAEMvzlcLYrQMKoDIyvraAP6VLJRm880GG3tqekb16UNncT21lduom2W0nri9lS+DUsg==' (Size = 4000), @p28=NULL (Size = 4000), @p29=NULL (DbType = DateTime), @p30=NULL (Size = 255), @p31=NULL (Size = 4000), @p32='False', @p33=NULL (Size = 20), @p34=NULL (Size = 500), @p35=NULL (Size = 4000), @p36=NULL (DbType = DateTime), @p37=NULL (Size = 100), @p38='B5RDD36POEVCCZJTIDQMVSAZ2QM5USM5' (Size = 4000), @p39=NULL (Size = 100), @p40='False', @p41=NULL (DbType = DateTime), @p42=NULL (Size = 4000), @p43='parent@schoolcrm.com' (Size = 256)], CommandType='"Text"', CommandTimeout='30']
INSERT INTO `AspNetUserRoles` (`RoleId`, `UserId`)
VALUES (@p0, @p1);
UPDATE `AspNetUsers` SET `AccessFailedCount` = @p2, `Address` = @p3, `BloodGroup` = @p4, `City` = @p5, `ConcurrencyStamp` = @p6, `Country` = @p7, `CreatedAt` = @p8, `CreatedBy` = @p9, `DateOfBirth` = @p10, `DeletedAt` = @p11, `DeletedBy` = @p12, `Email` = @p13, `EmailConfirmed` = @p14, `FailedLoginAttempts` = @p15, `FirstName` = @p16, `Gender` = @p17, `IsActive` = @p18, `IsDeleted` = @p19, `LastName` = @p20, `LockoutEnabled` = @p21, `LockoutEnd` = @p22, `MiddleName` = @p23, `Nationality` = @p24, `NormalizedEmail` = @p25, `NormalizedUserName` = @p26, `PasswordHash` = @p27, `PasswordResetToken` = @p28, `PasswordResetTokenExpiry` = @p29, `PhoneNumber` = @p30, `PhoneNumber2` = @p31, `PhoneNumberConfirmed` = @p32, `PostalCode` = @p33, `ProfilePictureUrl` = @p34, `RefreshToken` = @p35, `RefreshTokenExpiry` = @p36, `Religion` = @p37, `SecurityStamp` = @p38, `State` = @p39, `TwoFactorEnabled` = @p40, `UpdatedAt` = @p41, `UpdatedBy` = @p42, `UserName` = @p43
WHERE `Id` = @p44 AND `ConcurrencyStamp` = @p45;
SELECT ROW_COUNT();
2026-07-22 16:39:31.875 +05:30 [INF] Seeded user parent@schoolcrm.com with role Parent
2026-07-22 16:39:31.924 +05:30 [INF] Executed DbCommand (3ms) [Parameters=[], CommandType='"Text"', CommandTimeout='30']
SELECT `s`.`Id`, `s`.`Address`, `s`.`AffiliationNumber`, `s`.`City`, `s`.`Code`, `s`.`Country`, `s`.`CreatedAt`, `s`.`CreatedBy`, `s`.`CurrentAcademicYearId`, `s`.`DeletedAt`, `s`.`DeletedBy`, `s`.`Description`, `s`.`Email`, `s`.`EstablishedDate`, `s`.`IsDeleted`, `s`.`LogoUrl`, `s`.`Name`, `s`.`Phone`, `s`.`PostalCode`, `s`.`PrincipalName`, `s`.`RegistrationNumber`, `s`.`State`, `s`.`UpdatedAt`, `s`.`UpdatedBy`, `s`.`Website`
FROM `Schools` AS `s`
WHERE NOT (`s`.`IsDeleted`)
LIMIT 1
2026-07-22 16:39:32.167 +05:30 [INF] Executed DbCommand (14ms) [Parameters=[@p0='2af84e54-98ae-4e52-acd9-fbf248360cae', @p1='123 School Street' (Size = 500), @p2=NULL (Size = 4000), @p3='Springfield' (Size = 4000), @p4='SA001' (Nullable = false) (Size = 50), @p5='USA' (Size = 4000), @p6='2026-07-22T11:09:32.1372747Z' (DbType = DateTime), @p7='System' (Size = 4000), @p8=NULL (DbType = Guid), @p9=NULL (DbType = DateTime), @p10=NULL (Size = 4000), @p11=NULL (Size = 4000), @p12='admin@springfield.edu' (Size = 200), @p13=NULL (Size = 4000), @p14='False', @p15=NULL (Size = 500), @p16='Springfield Academy' (Nullable = false) (Size = 200), @p17='1234567890' (Size = 20), @p18='62701' (Size = 4000), @p19=NULL (Size = 4000), @p20=NULL (Size = 4000), @p21='Illinois' (Size = 4000), @p22=NULL (DbType = DateTime), @p23=NULL (Size = 4000), @p24=NULL (Size = 200)], CommandType='"Text"', CommandTimeout='30']
SET AUTOCOMMIT = 1;
INSERT INTO `Schools` (`Id`, `Address`, `AffiliationNumber`, `City`, `Code`, `Country`, `CreatedAt`, `CreatedBy`, `CurrentAcademicYearId`, `DeletedAt`, `DeletedBy`, `Description`, `Email`, `EstablishedDate`, `IsDeleted`, `LogoUrl`, `Name`, `Phone`, `PostalCode`, `PrincipalName`, `RegistrationNumber`, `State`, `UpdatedAt`, `UpdatedBy`, `Website`)
VALUES (@p0, @p1, @p2, @p3, @p4, @p5, @p6, @p7, @p8, @p9, @p10, @p11, @p12, @p13, @p14, @p15, @p16, @p17, @p18, @p19, @p20, @p21, @p22, @p23, @p24);
2026-07-22 16:39:32.299 +05:30 [INF] Executed DbCommand (17ms) [Parameters=[@p0='fcb0e1a6-9e67-4cc5-b13c-a4e787fc32ba', @p1='2026-07-22T11:09:32.2769649Z' (DbType = DateTime), @p2='System' (Size = 4000), @p3=NULL (DbType = DateTime), @p4=NULL (Size = 4000), @p5='2027-03-31T00:00:00.0000000' (DbType = DateTime), @p6='True', @p7='False', @p8='2026-2027' (Nullable = false) (Size = 50), @p9='2af84e54-98ae-4e52-acd9-fbf248360cae', @p10='2026-04-01T00:00:00.0000000' (DbType = DateTime), @p11=NULL (DbType = DateTime), @p12=NULL (Size = 4000)], CommandType='"Text"', CommandTimeout='30']
SET AUTOCOMMIT = 1;
INSERT INTO `AcademicYears` (`Id`, `CreatedAt`, `CreatedBy`, `DeletedAt`, `DeletedBy`, `EndDate`, `IsCurrent`, `IsDeleted`, `Name`, `SchoolId`, `StartDate`, `UpdatedAt`, `UpdatedBy`)
VALUES (@p0, @p1, @p2, @p3, @p4, @p5, @p6, @p7, @p8, @p9, @p10, @p11, @p12);
2026-07-22 16:39:32.350 +05:30 [INF] Executed DbCommand (23ms) [Parameters=[@p24='2af84e54-98ae-4e52-acd9-fbf248360cae', @p0='123 School Street' (Size = 500), @p1=NULL (Size = 4000), @p2='Springfield' (Size = 4000), @p3='SA001' (Nullable = false) (Size = 50), @p4='USA' (Size = 4000), @p5='2026-07-22T11:09:32.1372747Z' (DbType = DateTime), @p6='System' (Size = 4000), @p7='fcb0e1a6-9e67-4cc5-b13c-a4e787fc32ba' (Nullable = true), @p8=NULL (DbType = DateTime), @p9=NULL (Size = 4000), @p10=NULL (Size = 4000), @p11='admin@springfield.edu' (Size = 200), @p12=NULL (Size = 4000), @p13='False', @p14=NULL (Size = 500), @p15='Springfield Academy' (Nullable = false) (Size = 200), @p16='1234567890' (Size = 20), @p17='62701' (Size = 4000), @p18=NULL (Size = 4000), @p19=NULL (Size = 4000), @p20='Illinois' (Size = 4000), @p21='2026-07-22T11:09:32.3199888Z' (Nullable = true) (DbType = DateTime), @p22='System' (Size = 4000), @p23=NULL (Size = 200)], CommandType='"Text"', CommandTimeout='30']
SET AUTOCOMMIT = 1;
UPDATE `Schools` SET `Address` = @p0, `AffiliationNumber` = @p1, `City` = @p2, `Code` = @p3, `Country` = @p4, `CreatedAt` = @p5, `CreatedBy` = @p6, `CurrentAcademicYearId` = @p7, `DeletedAt` = @p8, `DeletedBy` = @p9, `Description` = @p10, `Email` = @p11, `EstablishedDate` = @p12, `IsDeleted` = @p13, `LogoUrl` = @p14, `Name` = @p15, `Phone` = @p16, `PostalCode` = @p17, `PrincipalName` = @p18, `RegistrationNumber` = @p19, `State` = @p20, `UpdatedAt` = @p21, `UpdatedBy` = @p22, `Website` = @p23
WHERE `Id` = @p24;
SELECT ROW_COUNT();
2026-07-22 16:39:32.665 +05:30 [INF] Executed DbCommand (11ms) [Parameters=[@p0='27db31a8-442f-4ac7-8abe-0dcbb5780d07', @p1='fcb0e1a6-9e67-4cc5-b13c-a4e787fc32ba', @p2=NULL (Size = 4000), @p3='40', @p4='CLS08' (Nullable = false) (Size = 50), @p5='2026-07-22T11:09:32.6070620Z' (DbType = DateTime), @p6='System' (Size = 4000), @p7=NULL (DbType = DateTime), @p8=NULL (Size = 4000), @p9=NULL (DbType = Guid), @p10='False', @p11='Class 8' (Nullable = false) (Size = 100), @p12=NULL (Size = 4000), @p13='2af84e54-98ae-4e52-acd9-fbf248360cae', @p14=NULL (DbType = DateTime), @p15=NULL (Size = 4000), @p16='32654184-df35-49a7-b923-98d96ef20c89', @p17='fcb0e1a6-9e67-4cc5-b13c-a4e787fc32ba', @p18=NULL (Size = 4000), @p19='40', @p20='CLS07' (Nullable = false) (Size = 50), @p21='2026-07-22T11:09:32.6070576Z' (DbType = DateTime), @p22='System' (Size = 4000), @p23=NULL (DbType = DateTime), @p24=NULL (Size = 4000), @p25=NULL (DbType = Guid), @p26='False', @p27='Class 7' (Nullable = false) (Size = 100), @p28=NULL (Size = 4000), @p29='2af84e54-98ae-4e52-acd9-fbf248360cae', @p30=NULL (DbType = DateTime), @p31=NULL (Size = 4000), @p32='3b03be0e-b1e9-49f2-a07d-ae061cfbfb4c', @p33='fcb0e1a6-9e67-4cc5-b13c-a4e787fc32ba', @p34=NULL (Size = 4000), @p35='40', @p36='CLS02' (Nullable = false) (Size = 50), @p37='2026-07-22T11:09:32.6070348Z' (DbType = DateTime), @p38='System' (Size = 4000), @p39=NULL (DbType = DateTime), @p40=NULL (Size = 4000), @p41=NULL (DbType = Guid), @p42='False', @p43='Class 2' (Nullable = false) (Size = 100), @p44=NULL (Size = 4000), @p45='2af84e54-98ae-4e52-acd9-fbf248360cae', @p46=NULL (DbType = DateTime), @p47=NULL (Size = 4000), @p48='5eef7778-8ce4-41c8-a4e3-3d241d365a20', @p49='fcb0e1a6-9e67-4cc5-b13c-a4e787fc32ba', @p50=NULL (Size = 4000), @p51='40', @p52='CLS10' (Nullable = false) (Size = 50), @p53='2026-07-22T11:09:32.6070714Z' (DbType = DateTime), @p54='System' (Size = 4000), @p55=NULL (DbType = DateTime), @p56=NULL (Size = 4000), @p57=NULL (DbType = Guid), @p58='False', @p59='Class 10' (Nullable = false) (Size = 100), @p60=NULL (Size = 4000), @p61='2af84e54-98ae-4e52-acd9-fbf248360cae', @p62=NULL (DbType = DateTime), @p63=NULL (Size = 4000), @p64='63ef5b15-2a1a-4358-9b50-9056e960cb31', @p65='fcb0e1a6-9e67-4cc5-b13c-a4e787fc32ba', @p66=NULL (Size = 4000), @p67='40', @p68='CLS05' (Nullable = false) (Size = 50), @p69='2026-07-22T11:09:32.6070489Z' (DbType = DateTime), @p70='System' (Size = 4000), @p71=NULL (DbType = DateTime), @p72=NULL (Size = 4000), @p73=NULL (DbType = Guid), @p74='False', @p75='Class 5' (Nullable = false) (Size = 100), @p76=NULL (Size = 4000), @p77='2af84e54-98ae-4e52-acd9-fbf248360cae', @p78=NULL (DbType = DateTime), @p79=NULL (Size = 4000), @p80='87a016a5-57ee-429b-9aa8-6a3b6c472c6a', @p81='fcb0e1a6-9e67-4cc5-b13c-a4e787fc32ba', @p82=NULL (Size = 4000), @p83='40', @p84='CLS06' (Nullable = false) (Size = 50), @p85='2026-07-22T11:09:32.6070530Z' (DbType = DateTime), @p86='System' (Size = 4000), @p87=NULL (DbType = DateTime), @p88=NULL (Size = 4000), @p89=NULL (DbType = Guid), @p90='False', @p91='Class 6' (Nullable = false) (Size = 100), @p92=NULL (Size = 4000), @p93='2af84e54-98ae-4e52-acd9-fbf248360cae', @p94=NULL (DbType = DateTime), @p95=NULL (Size = 4000), @p96='881a8be8-4fd6-45b4-b144-f39a076f1b2d', @p97='fcb0e1a6-9e67-4cc5-b13c-a4e787fc32ba', @p98=NULL (Size = 4000), @p99='40', @p100='CLS04' (Nullable = false) (Size = 50), @p101='2026-07-22T11:09:32.6070441Z' (DbType = DateTime), @p102='System' (Size = 4000), @p103=NULL (DbType = DateTime), @p104=NULL (Size = 4000), @p105=NULL (DbType = Guid), @p106='False', @p107='Class 4' (Nullable = false) (Size = 100), @p108=NULL (Size = 4000), @p109='2af84e54-98ae-4e52-acd9-fbf248360cae', @p110=NULL (DbType = DateTime), @p111=NULL (Size = 4000), @p112='97ce0e5b-09fb-4e79-88e0-1107dbc49fd9', @p113='fcb0e1a6-9e67-4cc5-b13c-a4e787fc32ba', @p114=NULL (Size = 4000), @p115='40', @p116='CLS12' (Nullable = false) (Size = 50), @p117='2026-07-22T11:09:32.6070801Z' (DbType = DateTime), @p118='System' (Size = 4000), @p119=NULL (DbType = DateTime), @p120=NULL (Size = 4000), @p121=NULL (DbType = Guid), @p122='False', @p123='Class 12' (Nullable = false) (Size = 100), @p124=NULL (Size = 4000), @p125='2af84e54-98ae-4e52-acd9-fbf248360cae', @p126=NULL (DbType = DateTime), @p127=NULL (Size = 4000), @p128='b02b125b-448f-4e9e-adf2-1516400dbd8f', @p129='fcb0e1a6-9e67-4cc5-b13c-a4e787fc32ba', @p130=NULL (Size = 4000), @p131='40', @p132='CLS11' (Nullable = false) (Size = 50), @p133='2026-07-22T11:09:32.6070757Z' (DbType = DateTime), @p134='System' (Size = 4000), @p135=NULL (DbType = DateTime), @p136=NULL (Size = 4000), @p137=NULL (DbType = Guid), @p138='False', @p139='Class 11' (Nullable = false) (Size = 100), @p140=NULL (Size = 4000), @p141='2af84e54-98ae-4e52-acd9-fbf248360cae', @p142=NULL (DbType = DateTime), @p143=NULL (Size = 4000), @p144='b88e30e3-0115-4b54-b602-443f7af9e821', @p145='fcb0e1a6-9e67-4cc5-b13c-a4e787fc32ba', @p146=NULL (Size = 4000), @p147='40', @p148='CLS01' (Nullable = false) (Size = 50), @p149='2026-07-22T11:09:32.6070293Z' (DbType = DateTime), @p150='System' (Size = 4000), @p151=NULL (DbType = DateTime), @p152=NULL (Size = 4000), @p153=NULL (DbType = Guid), @p154='False', @p155='Class 1' (Nullable = false) (Size = 100), @p156=NULL (Size = 4000), @p157='2af84e54-98ae-4e52-acd9-fbf248360cae', @p158=NULL (DbType = DateTime), @p159=NULL (Size = 4000), @p160='e195c2ea-5b85-4194-a419-e64f855fe159', @p161='fcb0e1a6-9e67-4cc5-b13c-a4e787fc32ba', @p162=NULL (Size = 4000), @p163='40', @p164='CLS03' (Nullable = false) (Size = 50), @p165='2026-07-22T11:09:32.6070392Z' (DbType = DateTime), @p166='System' (Size = 4000), @p167=NULL (DbType = DateTime), @p168=NULL (Size = 4000), @p169=NULL (DbType = Guid), @p170='False', @p171='Class 3' (Nullable = false) (Size = 100), @p172=NULL (Size = 4000), @p173='2af84e54-98ae-4e52-acd9-fbf248360cae', @p174=NULL (DbType = DateTime), @p175=NULL (Size = 4000), @p176='e3517685-f3d1-46b3-86b6-8a91c42264bf', @p177='fcb0e1a6-9e67-4cc5-b13c-a4e787fc32ba', @p178=NULL (Size = 4000), @p179='40', @p180='CLS09' (Nullable = false) (Size = 50), @p181='2026-07-22T11:09:32.6070669Z' (DbType = DateTime), @p182='System' (Size = 4000), @p183=NULL (DbType = DateTime), @p184=NULL (Size = 4000), @p185=NULL (DbType = Guid), @p186='False', @p187='Class 9' (Nullable = false) (Size = 100), @p188=NULL (Size = 4000), @p189='2af84e54-98ae-4e52-acd9-fbf248360cae', @p190=NULL (DbType = DateTime), @p191=NULL (Size = 4000), @p192='01fc7c90-bda2-48d5-9ede-9a196ccffbc4', @p193='40', @p194='97ce0e5b-09fb-4e79-88e0-1107dbc49fd9', @p195=NULL (DbType = Guid), @p196='12A' (Nullable = false) (Size = 50), @p197='2026-07-22T11:09:32.6070811Z' (DbType = DateTime), @p198='System' (Size = 4000), @p199=NULL (DbType = DateTime), @p200=NULL (Size = 4000), @p201='False', @p202='A' (Nullable = false) (Size = 50), @p203=NULL (DbType = DateTime), @p204=NULL (Size = 4000), @p205='03e18282-9362-48da-a90a-5b4baa0238a3', @p206='40', @p207='b02b125b-448f-4e9e-adf2-1516400dbd8f', @p208=NULL (DbType = Guid), @p209='11C' (Nullable = false) (Size = 50), @p210='2026-07-22T11:09:32.6070790Z' (DbType = DateTime), @p211='System' (Size = 4000), @p212=NULL (DbType = DateTime), @p213=NULL (Size = 4000), @p214='False', @p215='C' (Nullable = false) (Size = 50), @p216=NULL (DbType = DateTime), @p217=NULL (Size = 4000), @p218='09666167-4633-456b-8af5-588451f0c1b9', @p219='40', @p220='3b03be0e-b1e9-49f2-a07d-ae061cfbfb4c', @p221=NULL (DbType = Guid), @p222='2C' (Nullable = false) (Size = 50), @p223='2026-07-22T11:09:32.6070382Z' (DbType = DateTime), @p224='System' (Size = 4000), @p225=NULL (DbType = DateTime), @p226=NULL (Size = 4000), @p227='False', @p228='C' (Nullable = false) (Size = 50), @p229=NULL (DbType = DateTime), @p230=NULL (Size = 4000), @p231='1b24e1b4-a643-4e6d-8add-55709941cfdd', @p232='40', @p233='b02b125b-448f-4e9e-adf2-1516400dbd8f', @p234=NULL (DbType = Guid), @p235='11B' (Nullable = false) (Size = 50), @p236='2026-07-22T11:09:32.6070779Z' (DbType = DateTime), @p237='System' (Size = 4000), @p238=NULL (DbType = DateTime), @p239=NULL (Size = 4000), @p240='False', @p241='B' (Nullable = false) (Size = 50), @p242=NULL (DbType = DateTime), @p243=NULL (Size = 4000), @p244='237697c0-4e08-4894-a573-9f5c6c37483e', @p245='40', @p246='27db31a8-442f-4ac7-8abe-0dcbb5780d07', @p247=NULL (DbType = Guid), @p248='8C' (Nullable = false) (Size = 50), @p249='2026-07-22T11:09:32.6070658Z' (DbType = DateTime), @p250='System' (Size = 4000), @p251=NULL (DbType = DateTime), @p252=NULL (Size = 4000), @p253='False', @p254='C' (Nullable = false) (Size = 50), @p255=NULL (DbType = DateTime), @p256=NULL (Size = 4000), @p257='243bad3c-4a5a-40f2-9c35-f7adfd3c435b', @p258='40', @p259='e195c2ea-5b85-4194-a419-e64f855fe159', @p260=NULL (DbType = Guid), @p261='3B' (Nullable = false) (Size = 50), @p262='2026-07-22T11:09:32.6070418Z' (DbType = DateTime), @p263='System' (Size = 4000), @p264=NULL (DbType = DateTime), @p265=NULL (Size = 4000), @p266='False', @p267='B' (Nullable = false) (Size = 50), @p268=NULL (DbType = DateTime), @p269=NULL (Size = 4000), @p270='2e8c1bb4-cfbf-4f5a-9590-12b3f3760835', @p271='40', @p272='e3517685-f3d1-46b3-86b6-8a91c42264bf', @p273=NULL (DbType = Guid), @p274='9B' (Nullable = false) (Size = 50), @p275='2026-07-22T11:09:32.6070691Z' (DbType = DateTime), @p276='System' (Size = 4000), @p277=NULL (DbType = DateTime), @p278=NULL (Size = 4000), @p279='False', @p280='B' (Nullable = false) (Size = 50), @p281=NULL (DbType = DateTime), @p282=NULL (Size = 4000), @p283='375a469f-0dc9-4661-a65b-d1792ecac7ae', @p284='40', @p285='5eef7778-8ce4-41c8-a4e3-3d241d365a20', @p286=NULL (DbType = Guid), @p287='10C' (Nullable = false) (Size = 50), @p288='2026-07-22T11:09:32.6070746Z' (DbType = DateTime), @p289='System' (Size = 4000), @p290=NULL (DbType = DateTime), @p291=NULL (Size = 4000), @p292='False', @p293='C' (Nullable = false) (Size = 50), @p294=NULL (DbType = DateTime), @p295=NULL (Size = 4000), @p296='3c036182-b03d-45b6-ad19-f469fd6fd28f', @p297='40', @p298='3b03be0e-b1e9-49f2-a07d-ae061cfbfb4c', @p299=NULL (DbType = Guid), @p300='2B' (Nullable = false) (Size = 50), @p301='2026-07-22T11:09:32.6070371Z' (DbType = DateTime), @p302='System' (Size = 4000), @p303=NULL (DbType = DateTime), @p304=NULL (Size = 4000), @p305='False', @p306='B' (Nullable = false) (Size = 50), @p307=NULL (DbType = DateTime), @p308=NULL (Size = 4000), @p309='3ceac51c-91ee-4d6e-b684-21256eb1bcbe', @p310='40', @p311='27db31a8-442f-4ac7-8abe-0dcbb5780d07', @p312=NULL (DbType = Guid), @p313='8B' (Nullable = false) (Size = 50), @p314='2026-07-22T11:09:32.6070644Z' (DbType = DateTime), @p315='System' (Size = 4000), @p316=NULL (DbType = DateTime), @p317=NULL (Size = 4000), @p318='False', @p319='B' (Nullable = false) (Size = 50), @p320=NULL (DbType = DateTime), @p321=NULL (Size = 4000), @p322='3fe3fc7b-7b3b-4d4c-b8de-47d000ad8c60', @p323='40', @p324='32654184-df35-49a7-b923-98d96ef20c89', @p325=NULL (DbType = Guid), @p326='7C' (Nullable = false) (Size = 50), @p327='2026-07-22T11:09:32.6070608Z' (DbType = DateTime), @p328='System' (Size = 4000), @p329=NULL (DbType = DateTime), @p330=NULL (Size = 4000), @p331='False', @p332='C' (Nullable = false) (Size = 50), @p333=NULL (DbType = DateTime), @p334=NULL (Size = 4000), @p335='441d646b-6ce4-4a3a-9388-7c6899211b39', @p336='40', @p337='3b03be0e-b1e9-49f2-a07d-ae061cfbfb4c', @p338=NULL (DbType = Guid), @p339='2A' (Nullable = false) (Size = 50), @p340='2026-07-22T11:09:32.6070360Z' (DbType = DateTime), @p341='System' (Size = 4000), @p342=NULL (DbType = DateTime), @p343=NULL (Size = 4000), @p344='False', @p345='A' (Nullable = false) (Size = 50), @p346=NULL (DbType = DateTime), @p347=NULL (Size = 4000), @p348='44eaea5e-96e8-4bcb-864c-4729fde480e3', @p349='40', @p350='27db31a8-442f-4ac7-8abe-0dcbb5780d07', @p351=NULL (DbType = Guid), @p352='8A' (Nullable = false) (Size = 50), @p353='2026-07-22T11:09:32.6070631Z' (DbType = DateTime), @p354='System' (Size = 4000), @p355=NULL (DbType = DateTime), @p356=NULL (Size = 4000), @p357='False', @p358='A' (Nullable = false) (Size = 50), @p359=NULL (DbType = DateTime), @p360=NULL (Size = 4000), @p361='458860ca-6dfe-4dd1-ac8b-9d4fea564a0b', @p362='40', @p363='881a8be8-4fd6-45b4-b144-f39a076f1b2d', @p364=NULL (DbType = Guid), @p365='4A' (Nullable = false) (Size = 50), @p366='2026-07-22T11:09:32.6070453Z' (DbType = DateTime), @p367='System' (Size = 4000), @p368=NULL (DbType = DateTime), @p369=NULL (Size = 4000), @p370='False', @p371='A' (Nullable = false) (Size = 50), @p372=NULL (DbType = DateTime), @p373=NULL (Size = 4000), @p374='6b111663-a42e-4796-88cf-c9b75d0e0738', @p375='40', @p376='e195c2ea-5b85-4194-a419-e64f855fe159', @p377=NULL (DbType = Guid), @p378='3A' (Nullable = false) (Size = 50), @p379='2026-07-22T11:09:32.6070407Z' (DbType = DateTime), @p380='System' (Size = 4000), @p381=NULL (DbType = DateTime), @p382=NULL (Size = 4000), @p383='False', @p384='A' (Nullable = false) (Size = 50), @p385=NULL (DbType = DateTime), @p386=NULL (Size = 4000), @p387='7616c70d-e861-4d70-8bd2-3cce805dd1d2', @p388='40', @p389='b88e30e3-0115-4b54-b602-443f7af9e821', @p390=NULL (DbType = Guid), @p391='1B' (Nullable = false) (Size = 50), @p392='2026-07-22T11:09:32.6070325Z' (DbType = DateTime), @p393='System' (Size = 4000), @p394=NULL (DbType = DateTime), @p395=NULL (Size = 4000), @p396='False', @p397='B' (Nullable = false) (Size = 50), @p398=NULL (DbType = DateTime), @p399=NULL (Size = 4000), @p400='7ddb75b8-25f1-4cdd-b607-47d450a982ed', @p401='40', @p402='63ef5b15-2a1a-4358-9b50-9056e960cb31', @p403=NULL (DbType = Guid), @p404='5B' (Nullable = false) (Size = 50), @p405='2026-07-22T11:09:32.6070509Z' (DbType = DateTime), @p406='System' (Size = 4000), @p407=NULL (DbType = DateTime), @p408=NULL (Size = 4000), @p409='False', @p410='B' (Nullable = false) (Size = 50), @p411=NULL (DbType = DateTime), @p412=NULL (Size = 4000), @p413='82bdcf8f-c686-497c-a35b-f6dd83ed814b', @p414='40', @p415='b88e30e3-0115-4b54-b602-443f7af9e821', @p416=NULL (DbType = Guid), @p417='1A' (Nullable = false) (Size = 50), @p418='2026-07-22T11:09:32.6070310Z' (DbType = DateTime), @p419='System' (Size = 4000), @p420=NULL (DbType = DateTime), @p421=NULL (Size = 4000), @p422='False', @p423='A' (Nullable = false) (Size = 50), @p424=NULL (DbType = DateTime), @p425=NULL (Size = 4000), @p426='8886db2b-77d8-449c-814b-e33c2ba240bf', @p427='40', @p428='87a016a5-57ee-429b-9aa8-6a3b6c472c6a', @p429=NULL (DbType = Guid), @p430='6C' (Nullable = false) (Size = 50), @p431='2026-07-22T11:09:32.6070563Z' (DbType = DateTime), @p432='System' (Size = 4000), @p433=NULL (DbType = DateTime), @p434=NULL (Size = 4000), @p435='False', @p436='C' (Nullable = false) (Size = 50), @p437=NULL (DbType = DateTime), @p438=NULL (Size = 4000), @p439='903d47b2-5387-4b21-a3a7-ab6431d0fc63', @p440='40', @p441='5eef7778-8ce4-41c8-a4e3-3d241d365a20', @p442=NULL (DbType = Guid), @p443='10B' (Nullable = false) (Size = 50), @p444='2026-07-22T11:09:32.6070737Z' (DbType = DateTime), @p445='System' (Size = 4000), @p446=NULL (DbType = DateTime), @p447=NULL (Size = 4000), @p448='False', @p449='B' (Nullable = false) (Size = 50), @p450=NULL (DbType = DateTime), @p451=NULL (Size = 4000), @p452='930edb18-4644-470c-a006-d468dbda4c58', @p453='40', @p454='e3517685-f3d1-46b3-86b6-8a91c42264bf', @p455=NULL (DbType = Guid), @p456='9A' (Nullable = false) (Size = 50), @p457='2026-07-22T11:09:32.6070681Z' (DbType = DateTime), @p458='System' (Size = 4000), @p459=NULL (DbType = DateTime), @p460=NULL (Size = 4000), @p461='False', @p462='A' (Nullable = false) (Size = 50), @p463=NULL (DbType = DateTime), @p464=NULL (Size = 4000), @p465='978307ab-8282-4e3e-8c79-04203dfbf218', @p466='40', @p467='e195c2ea-5b85-4194-a419-e64f855fe159', @p468=NULL (DbType = Guid), @p469='3C' (Nullable = false) (Size = 50), @p470='2026-07-22T11:09:32.6070429Z' (DbType = DateTime), @p471='System' (Size = 4000), @p472=NULL (DbType = DateTime), @p473=NULL (Size = 4000), @p474='False', @p475='C' (Nullable = false) (Size = 50), @p476=NULL (DbType = DateTime), @p477=NULL (Size = 4000), @p478='9a527b5a-8687-4f5c-81a5-263b3ee9d4c3', @p479='40', @p480='97ce0e5b-09fb-4e79-88e0-1107dbc49fd9', @p481=NULL (DbType = Guid), @p482='12C' (Nullable = false) (Size = 50), @p483='2026-07-22T11:09:32.6070832Z' (DbType = DateTime), @p484='System' (Size = 4000), @p485=NULL (DbType = DateTime), @p486=NULL (Size = 4000), @p487='False', @p488='C' (Nullable = false) (Size = 50), @p489=NULL (DbType = DateTime), @p490=NULL (Size = 4000), @p491='a2ba29c1-0c2f-42d8-be8c-fd34df771ce7', @p492='40', @p493='97ce0e5b-09fb-4e79-88e0-1107dbc49fd9', @p494=NULL (DbType = Guid), @p495='12B' (Nullable = false) (Size = 50), @p496='2026-07-22T11:09:32.6070822Z' (DbType = DateTime), @p497='System' (Size = 4000), @p498=NULL (DbType = DateTime), @p499=NULL (Size = 4000), @p500='False', @p501='B' (Nullable = false) (Size = 50), @p502=NULL (DbType = DateTime), @p503=NULL (Size = 4000), @p504='a7c14366-ab8f-4fbf-a4a0-2c167a3c5b5a', @p505='40', @p506='63ef5b15-2a1a-4358-9b50-9056e960cb31', @p507=NULL (DbType = Guid), @p508='5C' (Nullable = false) (Size = 50), @p509='2026-07-22T11:09:32.6070519Z' (DbType = DateTime), @p510='System' (Size = 4000), @p511=NULL (DbType = DateTime), @p512=NULL (Size = 4000), @p513='False', @p514='C' (Nullable = false) (Size = 50), @p515=NULL (DbType = DateTime), @p516=NULL (Size = 4000), @p517='a9d81241-d4f8-4212-bfb0-2c333bbabe41', @p518='40', @p519='63ef5b15-2a1a-4358-9b50-9056e960cb31', @p520=NULL (DbType = Guid), @p521='5A' (Nullable = false) (Size = 50), @p522='2026-07-22T11:09:32.6070499Z' (DbType = DateTime), @p523='System' (Size = 4000), @p524=NULL (DbType = DateTime), @p525=NULL (Size = 4000), @p526='False', @p527='A' (Nullable = false) (Size = 50), @p528=NULL (DbType = DateTime), @p529=NULL (Size = 4000), @p530='aaa0249c-e1ad-49c2-b152-2daec1619bca', @p531='40', @p532='881a8be8-4fd6-45b4-b144-f39a076f1b2d', @p533=NULL (DbType = Guid), @p534='4C' (Nullable = false) (Size = 50), @p535='2026-07-22T11:09:32.6070478Z' (DbType = DateTime), @p536='System' (Size = 4000), @p537=NULL (DbType = DateTime), @p538=NULL (Size = 4000), @p539='False', @p540='C' (Nullable = false) (Size = 50), @p541=NULL (DbType = DateTime), @p542=NULL (Size = 4000), @p543='ad947129-73ad-4144-8c6e-f4c67673193d', @p544='40', @p545='881a8be8-4fd6-45b4-b144-f39a076f1b2d', @p546=NULL (DbType = Guid), @p547='4B' (Nullable = false) (Size = 50), @p548='2026-07-22T11:09:32.6070465Z' (DbType = DateTime), @p549='System' (Size = 4000), @p550=NULL (DbType = DateTime), @p551=NULL (Size = 4000), @p552='False', @p553='B' (Nullable = false) (Size = 50), @p554=NULL (DbType = DateTime), @p555=NULL (Size = 4000), @p556='bb571cf4-656e-4d5e-ada6-fd8af13e836c', @p557='40', @p558='5eef7778-8ce4-41c8-a4e3-3d241d365a20', @p559=NULL (DbType = Guid), @p560='10A' (Nullable = false) (Size = 50), @p561='2026-07-22T11:09:32.6070724Z' (DbType = DateTime), @p562='System' (Size = 4000), @p563=NULL (DbType = DateTime), @p564=NULL (Size = 4000), @p565='False', @p566='A' (Nullable = false) (Size = 50), @p567=NULL (DbType = DateTime), @p568=NULL (Size = 4000), @p569='bd3d93e3-0abe-4e37-acc1-bdfa4d08eb69', @p570='40', @p571='e3517685-f3d1-46b3-86b6-8a91c42264bf', @p572=NULL (DbType = Guid), @p573='9C' (Nullable = false) (Size = 50), @p574='2026-07-22T11:09:32.6070703Z' (DbType = DateTime), @p575='System' (Size = 4000), @p576=NULL (DbType = DateTime), @p577=NULL (Size = 4000), @p578='False', @p579='C' (Nullable = false) (Size = 50), @p580=NULL (DbType = DateTime), @p581=NULL (Size = 4000)], CommandType='"Text"', CommandTimeout='30']
INSERT INTO `ClassRooms` (`Id`, `AcademicYearId`, `Building`, `Capacity`, `Code`, `CreatedAt`, `CreatedBy`, `DeletedAt`, `DeletedBy`, `DepartmentId`, `IsDeleted`, `Name`, `RoomNumber`, `SchoolId`, `UpdatedAt`, `UpdatedBy`)
VALUES (@p0, @p1, @p2, @p3, @p4, @p5, @p6, @p7, @p8, @p9, @p10, @p11, @p12, @p13, @p14, @p15),
(@p16, @p17, @p18, @p19, @p20, @p21, @p22, @p23, @p24, @p25, @p26, @p27, @p28, @p29, @p30, @p31),
(@p32, @p33, @p34, @p35, @p36, @p37, @p38, @p39, @p40, @p41, @p42, @p43, @p44, @p45, @p46, @p47),
(@p48, @p49, @p50, @p51, @p52, @p53, @p54, @p55, @p56, @p57, @p58, @p59, @p60, @p61, @p62, @p63),
(@p64, @p65, @p66, @p67, @p68, @p69, @p70, @p71, @p72, @p73, @p74, @p75, @p76, @p77, @p78, @p79),
(@p80, @p81, @p82, @p83, @p84, @p85, @p86, @p87, @p88, @p89, @p90, @p91, @p92, @p93, @p94, @p95),
(@p96, @p97, @p98, @p99, @p100, @p101, @p102, @p103, @p104, @p105, @p106, @p107, @p108, @p109, @p110, @p111),
(@p112, @p113, @p114, @p115, @p116, @p117, @p118, @p119, @p120, @p121, @p122, @p123, @p124, @p125, @p126, @p127),
(@p128, @p129, @p130, @p131, @p132, @p133, @p134, @p135, @p136, @p137, @p138, @p139, @p140, @p141, @p142, @p143),
(@p144, @p145, @p146, @p147, @p148, @p149, @p150, @p151, @p152, @p153, @p154, @p155, @p156, @p157, @p158, @p159),
(@p160, @p161, @p162, @p163, @p164, @p165, @p166, @p167, @p168, @p169, @p170, @p171, @p172, @p173, @p174, @p175),
(@p176, @p177, @p178, @p179, @p180, @p181, @p182, @p183, @p184, @p185, @p186, @p187, @p188, @p189, @p190, @p191);
INSERT INTO `Sections` (`Id`, `Capacity`, `ClassRoomId`, `ClassTeacherId`, `Code`, `CreatedAt`, `CreatedBy`, `DeletedAt`, `DeletedBy`, `IsDeleted`, `Name`, `UpdatedAt`, `UpdatedBy`)
VALUES (@p192, @p193, @p194, @p195, @p196, @p197, @p198, @p199, @p200, @p201, @p202, @p203, @p204),
(@p205, @p206, @p207, @p208, @p209, @p210, @p211, @p212, @p213, @p214, @p215, @p216, @p217),
(@p218, @p219, @p220, @p221, @p222, @p223, @p224, @p225, @p226, @p227, @p228, @p229, @p230),
(@p231, @p232, @p233, @p234, @p235, @p236, @p237, @p238, @p239, @p240, @p241, @p242, @p243),
(@p244, @p245, @p246, @p247, @p248, @p249, @p250, @p251, @p252, @p253, @p254, @p255, @p256),
(@p257, @p258, @p259, @p260, @p261, @p262, @p263, @p264, @p265, @p266, @p267, @p268, @p269),
(@p270, @p271, @p272, @p273, @p274, @p275, @p276, @p277, @p278, @p279, @p280, @p281, @p282),
(@p283, @p284, @p285, @p286, @p287, @p288, @p289, @p290, @p291, @p292, @p293, @p294, @p295),
(@p296, @p297, @p298, @p299, @p300, @p301, @p302, @p303, @p304, @p305, @p306, @p307, @p308),
(@p309, @p310, @p311, @p312, @p313, @p314, @p315, @p316, @p317, @p318, @p319, @p320, @p321),
(@p322, @p323, @p324, @p325, @p326, @p327, @p328, @p329, @p330, @p331, @p332, @p333, @p334),
(@p335, @p336, @p337, @p338, @p339, @p340, @p341, @p342, @p343, @p344, @p345, @p346, @p347),
(@p348, @p349, @p350, @p351, @p352, @p353, @p354, @p355, @p356, @p357, @p358, @p359, @p360),
(@p361, @p362, @p363, @p364, @p365, @p366, @p367, @p368, @p369, @p370, @p371, @p372, @p373),
(@p374, @p375, @p376, @p377, @p378, @p379, @p380, @p381, @p382, @p383, @p384, @p385, @p386),
(@p387, @p388, @p389, @p390, @p391, @p392, @p393, @p394, @p395, @p396, @p397, @p398, @p399),
(@p400, @p401, @p402, @p403, @p404, @p405, @p406, @p407, @p408, @p409, @p410, @p411, @p412),
(@p413, @p414, @p415, @p416, @p417, @p418, @p419, @p420, @p421, @p422, @p423, @p424, @p425),
(@p426, @p427, @p428, @p429, @p430, @p431, @p432, @p433, @p434, @p435, @p436, @p437, @p438),
(@p439, @p440, @p441, @p442, @p443, @p444, @p445, @p446, @p447, @p448, @p449, @p450, @p451),
(@p452, @p453, @p454, @p455, @p456, @p457, @p458, @p459, @p460, @p461, @p462, @p463, @p464),
(@p465, @p466, @p467, @p468, @p469, @p470, @p471, @p472, @p473, @p474, @p475, @p476, @p477),
(@p478, @p479, @p480, @p481, @p482, @p483, @p484, @p485, @p486, @p487, @p488, @p489, @p490),
(@p491, @p492, @p493, @p494, @p495, @p496, @p497, @p498, @p499, @p500, @p501, @p502, @p503),
(@p504, @p505, @p506, @p507, @p508, @p509, @p510, @p511, @p512, @p513, @p514, @p515, @p516),
(@p517, @p518, @p519, @p520, @p521, @p522, @p523, @p524, @p525, @p526, @p527, @p528, @p529),
(@p530, @p531, @p532, @p533, @p534, @p535, @p536, @p537, @p538, @p539, @p540, @p541, @p542),
(@p543, @p544, @p545, @p546, @p547, @p548, @p549, @p550, @p551, @p552, @p553, @p554, @p555),
(@p556, @p557, @p558, @p559, @p560, @p561, @p562, @p563, @p564, @p565, @p566, @p567, @p568),
(@p569, @p570, @p571, @p572, @p573, @p574, @p575, @p576, @p577, @p578, @p579, @p580, @p581);
2026-07-22 16:39:32.673 +05:30 [INF] Executed DbCommand (2ms) [Parameters=[@p0='bfffe553-f59c-497a-888e-394622da496f', @p1='40', @p2='32654184-df35-49a7-b923-98d96ef20c89', @p3=NULL (DbType = Guid), @p4='7A' (Nullable = false) (Size = 50), @p5='2026-07-22T11:09:32.6070587Z' (DbType = DateTime), @p6='System' (Size = 4000), @p7=NULL (DbType = DateTime), @p8=NULL (Size = 4000), @p9='False', @p10='A' (Nullable = false) (Size = 50), @p11=NULL (DbType = DateTime), @p12=NULL (Size = 4000), @p13='df0be972-9106-42b0-8543-792c0fb81caf', @p14='40', @p15='b88e30e3-0115-4b54-b602-443f7af9e821', @p16=NULL (DbType = Guid), @p17='1C' (Nullable = false) (Size = 50), @p18='2026-07-22T11:09:32.6070336Z' (DbType = DateTime), @p19='System' (Size = 4000), @p20=NULL (DbType = DateTime), @p21=NULL (Size = 4000), @p22='False', @p23='C' (Nullable = false) (Size = 50), @p24=NULL (DbType = DateTime), @p25=NULL (Size = 4000), @p26='e1e9fe12-2461-437b-9bc6-cddd948c164e', @p27='40', @p28='32654184-df35-49a7-b923-98d96ef20c89', @p29=NULL (DbType = Guid), @p30='7B' (Nullable = false) (Size = 50), @p31='2026-07-22T11:09:32.6070598Z' (DbType = DateTime), @p32='System' (Size = 4000), @p33=NULL (DbType = DateTime), @p34=NULL (Size = 4000), @p35='False', @p36='B' (Nullable = false) (Size = 50), @p37=NULL (DbType = DateTime), @p38=NULL (Size = 4000), @p39='e54e839e-4863-44ac-976b-7dce816cd06e', @p40='40', @p41='87a016a5-57ee-429b-9aa8-6a3b6c472c6a', @p42=NULL (DbType = Guid), @p43='6A' (Nullable = false) (Size = 50), @p44='2026-07-22T11:09:32.6070541Z' (DbType = DateTime), @p45='System' (Size = 4000), @p46=NULL (DbType = DateTime), @p47=NULL (Size = 4000), @p48='False', @p49='A' (Nullable = false) (Size = 50), @p50=NULL (DbType = DateTime), @p51=NULL (Size = 4000), @p52='efa21feb-9913-4ef8-ab43-2a8118bd9e73', @p53='40', @p54='87a016a5-57ee-429b-9aa8-6a3b6c472c6a', @p55=NULL (DbType = Guid), @p56='6B' (Nullable = false) (Size = 50), @p57='2026-07-22T11:09:32.6070552Z' (DbType = DateTime), @p58='System' (Size = 4000), @p59=NULL (DbType = DateTime), @p60=NULL (Size = 4000), @p61='False', @p62='B' (Nullable = false) (Size = 50), @p63=NULL (DbType = DateTime), @p64=NULL (Size = 4000), @p65='fa865813-4d7e-4682-9773-e9f857c912e8', @p66='40', @p67='b02b125b-448f-4e9e-adf2-1516400dbd8f', @p68=NULL (DbType = Guid), @p69='11A' (Nullable = false) (Size = 50), @p70='2026-07-22T11:09:32.6070768Z' (DbType = DateTime), @p71='System' (Size = 4000), @p72=NULL (DbType = DateTime), @p73=NULL (Size = 4000), @p74='False', @p75='A' (Nullable = false) (Size = 50), @p76=NULL (DbType = DateTime), @p77=NULL (Size = 4000)], CommandType='"Text"', CommandTimeout='30']
SET AUTOCOMMIT = 1;
INSERT INTO `Sections` (`Id`, `Capacity`, `ClassRoomId`, `ClassTeacherId`, `Code`, `CreatedAt`, `CreatedBy`, `DeletedAt`, `DeletedBy`, `IsDeleted`, `Name`, `UpdatedAt`, `UpdatedBy`)
VALUES (@p0, @p1, @p2, @p3, @p4, @p5, @p6, @p7, @p8, @p9, @p10, @p11, @p12),
(@p13, @p14, @p15, @p16, @p17, @p18, @p19, @p20, @p21, @p22, @p23, @p24, @p25),
(@p26, @p27, @p28, @p29, @p30, @p31, @p32, @p33, @p34, @p35, @p36, @p37, @p38),
(@p39, @p40, @p41, @p42, @p43, @p44, @p45, @p46, @p47, @p48, @p49, @p50, @p51),
(@p52, @p53, @p54, @p55, @p56, @p57, @p58, @p59, @p60, @p61, @p62, @p63, @p64),
(@p65, @p66, @p67, @p68, @p69, @p70, @p71, @p72, @p73, @p74, @p75, @p76, @p77);
2026-07-22 16:39:32.691 +05:30 [INF] Seeded school 'Springfield Academy' with 12 classes and 36 sections
2026-07-22 16:39:32.903 +05:30 [INF] Now listening on: http://localhost:5000
2026-07-22 16:39:32.910 +05:30 [INF] Application started. Press Ctrl+C to shut down.
2026-07-22 16:39:32.911 +05:30 [INF] Hosting environment: Development
2026-07-22 16:39:32.911 +05:30 [INF] Content root path: /var/www/html/school-crm/src/SchoolCRM.API
2026-07-22 16:39:52.417 +05:30 [INF] Application is shutting down...
2026-07-22 16:40:23.884 +05:30 [WRN] Redis unavailable, falling back to in-memory cache and basic SignalR: Redis not connected
2026-07-22 16:40:30.625 +05:30 [WRN] Entity 'ApplicationRole' has a global query filter defined and is the required end of a relationship with the entity 'ApplicationRoleClaim'. This may lead to unexpected results when the required entity is filtered out. Either configure the navigation as optional, or define matching query filters for both entities in the navigation. See https://go.microsoft.com/fwlink/?linkid=2131316 for more information.
2026-07-22 16:40:30.629 +05:30 [WRN] Entity 'ApplicationUser' has a global query filter defined and is the required end of a relationship with the entity 'ApplicationUserClaim'. This may lead to unexpected results when the required entity is filtered out. Either configure the navigation as optional, or define matching query filters for both entities in the navigation. See https://go.microsoft.com/fwlink/?linkid=2131316 for more information.
2026-07-22 16:40:30.629 +05:30 [WRN] Entity 'ApplicationUser' has a global query filter defined and is the required end of a relationship with the entity 'ApplicationUserLogin'. This may lead to unexpected results when the required entity is filtered out. Either configure the navigation as optional, or define matching query filters for both entities in the navigation. See https://go.microsoft.com/fwlink/?linkid=2131316 for more information.
2026-07-22 16:40:30.629 +05:30 [WRN] Entity 'ApplicationRole' has a global query filter defined and is the required end of a relationship with the entity 'ApplicationUserRole'. This may lead to unexpected results when the required entity is filtered out. Either configure the navigation as optional, or define matching query filters for both entities in the navigation. See https://go.microsoft.com/fwlink/?linkid=2131316 for more information.
2026-07-22 16:40:30.629 +05:30 [WRN] Entity 'ApplicationUser' has a global query filter defined and is the required end of a relationship with the entity 'ApplicationUserToken'. This may lead to unexpected results when the required entity is filtered out. Either configure the navigation as optional, or define matching query filters for both entities in the navigation. See https://go.microsoft.com/fwlink/?linkid=2131316 for more information.
2026-07-22 16:40:30.795 +05:30 [WRN] The foreign key property 'HomeworkSubmission.StudentId1' was created in shadow state because a conflicting property with the simple name 'StudentId' exists in the entity type, but is either not mapped, is already used for another relationship, or is incompatible with the associated primary key type. See https://aka.ms/efcore-relationships for information on mapping relationships in EF Core.
2026-07-22 16:40:32.281 +05:30 [INF] Database migrated successfully
2026-07-22 16:40:33.451 +05:30 [INF] Roles seeded successfully
2026-07-22 16:41:14.219 +05:30 [INF] [14908748-62ed-4e93-b2dd-2c6d712101ff] GET /api/fees from 127.0.0.1 by Anonymous
2026-07-22 16:41:14.222 +05:30 [INF] [f28ff60b-43f4-4873-a2cb-f225431c3edc] GET /api/students from 127.0.0.1 by Anonymous
2026-07-22 16:41:14.291 +05:30 [WRN] Failed to determine the https port for redirect.
2026-07-22 16:41:14.397 +05:30 [INF] [f28ff60b-43f4-4873-a2cb-f225431c3edc] GET /api/students responded 401 in 156ms
2026-07-22 16:41:14.393 +05:30 [INF] [14908748-62ed-4e93-b2dd-2c6d712101ff] GET /api/fees responded 401 in 162ms
2026-07-22 16:41:26.342 +05:30 [INF] [dc473051-e268-4417-9d5a-ef0fe3aa943f] POST /api/auth/login from 127.0.0.1 by Anonymous
2026-07-22 16:41:26.563 +05:30 [ERR] An unhandled exception occurred: Invalid email or password.
System.UnauthorizedAccessException: Invalid email or password.
   at SchoolCRM.Infrastructure.Services.AuthService.LoginAsync(LoginDto dto, String ipAddress) in /var/www/html/school-crm/src/SchoolCRM.Infrastructure/Services/AuthService.cs:line 44
   at SchoolCRM.API.Controllers.AuthController.LoginAsync(LoginDto dto) in /var/www/html/school-crm/src/SchoolCRM.API/Controllers/AuthController.cs:line 28
   at lambda_method661(Closure, Object)
   at Microsoft.AspNetCore.Mvc.Infrastructure.ActionMethodExecutor.AwaitableObjectResultExecutor.Execute(ActionContext actionContext, IActionResultTypeMapper mapper, ObjectMethodExecutor executor, Object controller, Object[] arguments)
   at Microsoft.AspNetCore.Mvc.Infrastructure.ControllerActionInvoker.<InvokeActionMethodAsync>g__Awaited|12_0(ControllerActionInvoker invoker, ValueTask`1 actionResultValueTask)
   at Microsoft.AspNetCore.Mvc.Infrastructure.ControllerActionInvoker.<InvokeNextActionFilterAsync>g__Awaited|10_0(ControllerActionInvoker invoker, Task lastTask, State next, Scope scope, Object state, Boolean isCompleted)
   at Microsoft.AspNetCore.Mvc.Infrastructure.ControllerActionInvoker.Rethrow(ActionExecutedContextSealed context)
   at Microsoft.AspNetCore.Mvc.Infrastructure.ControllerActionInvoker.Next(State& next, Scope& scope, Object& state, Boolean& isCompleted)
   at Microsoft.AspNetCore.Mvc.Infrastructure.ControllerActionInvoker.<InvokeInnerFilterAsync>g__Awaited|13_0(ControllerActionInvoker invoker, Task lastTask, State next, Scope scope, Object state, Boolean isCompleted)
   at Microsoft.AspNetCore.Mvc.Infrastructure.ResourceInvoker.<InvokeFilterPipelineAsync>g__Awaited|20_0(ResourceInvoker invoker, Task lastTask, State next, Scope scope, Object state, Boolean isCompleted)
   at Microsoft.AspNetCore.Mvc.Infrastructure.ResourceInvoker.<InvokeAsync>g__Awaited|17_0(ResourceInvoker invoker, Task task, IDisposable scope)
   at Microsoft.AspNetCore.Mvc.Infrastructure.ResourceInvoker.<InvokeAsync>g__Awaited|17_0(ResourceInvoker invoker, Task task, IDisposable scope)
   at Microsoft.AspNetCore.Authorization.AuthorizationMiddleware.Invoke(HttpContext context)
   at Microsoft.AspNetCore.Authentication.AuthenticationMiddleware.Invoke(HttpContext context)
   at Swashbuckle.AspNetCore.SwaggerUI.SwaggerUIMiddleware.Invoke(HttpContext httpContext)
   at Swashbuckle.AspNetCore.Swagger.SwaggerMiddleware.Invoke(HttpContext httpContext, ISwaggerProvider swaggerProvider)
   at SchoolCRM.API.Middleware.RequestLoggingMiddleware.InvokeAsync(HttpContext context) in /var/www/html/school-crm/src/SchoolCRM.API/Middleware/RequestLoggingMiddleware.cs:line 33
   at SchoolCRM.API.Middleware.GlobalExceptionMiddleware.InvokeAsync(HttpContext context) in /var/www/html/school-crm/src/SchoolCRM.API/Middleware/GlobalExceptionMiddleware.cs:line 23
2026-07-22 16:41:39.479 +05:30 [INF] [d5ee9d6b-7d97-4471-968d-5826b19271cc] POST /api/auth/login from 127.0.0.1 by Anonymous
2026-07-22 16:41:40.702 +05:30 [INF] [d5ee9d6b-7d97-4471-968d-5826b19271cc] POST /api/auth/login responded 200 in 1222ms
2026-07-22 16:41:49.238 +05:30 [INF] [c52a6c14-778b-429c-9d74-e27818298386] POST /api/auth/login from 127.0.0.1 by Anonymous
2026-07-22 16:41:49.626 +05:30 [INF] [c52a6c14-778b-429c-9d74-e27818298386] POST /api/auth/login responded 200 in 387ms
2026-07-22 16:41:49.657 +05:30 [INF] [4539e142-7d90-4a3d-8a2a-de1ea5da04f9] GET /api/students from 127.0.0.1 by Anonymous
2026-07-22 16:41:50.556 +05:30 [INF] [4539e142-7d90-4a3d-8a2a-de1ea5da04f9] GET /api/students responded 200 in 895ms
2026-07-22 16:41:50.617 +05:30 [INF] [97e069f8-85c8-41f8-ae9a-da0d14bc157e] GET /api/fees from 127.0.0.1 by Anonymous
2026-07-22 16:41:50.691 +05:30 [WRN] The query uses a row limiting operator ('Skip'/'Take') without an 'OrderBy' operator. This may lead to unpredictable results. If the 'Distinct' operator is used after 'OrderBy', then make sure to use the 'OrderBy' operator after 'Distinct' as the ordering would otherwise get erased.
2026-07-22 16:41:50.692 +05:30 [WRN] The query uses a row limiting operator ('Skip'/'Take') without an 'OrderBy' operator. This may lead to unpredictable results. If the 'Distinct' operator is used after 'OrderBy', then make sure to use the 'OrderBy' operator after 'Distinct' as the ordering would otherwise get erased.
2026-07-22 16:41:50.850 +05:30 [INF] [97e069f8-85c8-41f8-ae9a-da0d14bc157e] GET /api/fees responded 200 in 232ms
2026-07-22 16:41:50.894 +05:30 [INF] [cf01440c-9b49-4c69-a54c-15969bdceceb] GET /api/fees/pending from 127.0.0.1 by Anonymous
2026-07-22 16:41:50.963 +05:30 [INF] [cf01440c-9b49-4c69-a54c-15969bdceceb] GET /api/fees/pending responded 400 in 68ms
2026-07-22 16:50:06.554 +05:30 [INF] [209bc305-a582-4486-96bd-346b7a18603a] GET /api/students from 127.0.0.1 by Anonymous
2026-07-22 16:50:06.566 +05:30 [INF] [1c00bbc7-9a3d-46fd-a6f9-eff22229a25c] GET /api/fees from 127.0.0.1 by Anonymous
2026-07-22 16:50:06.570 +05:30 [INF] [209bc305-a582-4486-96bd-346b7a18603a] GET /api/students responded 401 in 15ms
2026-07-22 16:50:06.571 +05:30 [INF] [1c00bbc7-9a3d-46fd-a6f9-eff22229a25c] GET /api/fees responded 401 in 3ms
2026-07-22 16:50:06.584 +05:30 [INF] [e9cf1284-1247-478f-97d7-304f3869a648] GET /api/fees from 127.0.0.1 by Anonymous
2026-07-22 16:50:06.584 +05:30 [INF] [ee8c30df-7ad9-4f56-9371-e27a854dbc56] GET /api/students from 127.0.0.1 by Anonymous
2026-07-22 16:50:06.586 +05:30 [INF] [e9cf1284-1247-478f-97d7-304f3869a648] GET /api/fees responded 401 in 1ms
2026-07-22 16:50:06.586 +05:30 [INF] [ee8c30df-7ad9-4f56-9371-e27a854dbc56] GET /api/students responded 401 in 0ms
2026-07-22 16:50:06.730 +05:30 [INF] [134250af-6d1d-47db-8765-1f99c9293886] POST /api/auth/refresh from 127.0.0.1 by Anonymous
2026-07-22 16:50:06.737 +05:30 [INF] [a0803639-272b-4e41-923f-2fb3782db747] POST /api/auth/refresh from 127.0.0.1 by Anonymous
2026-07-22 16:50:06.751 +05:30 [INF] [01f4891e-fec3-4f65-aaf8-0615105d67e0] POST /api/auth/refresh from 127.0.0.1 by Anonymous
2026-07-22 16:50:06.769 +05:30 [INF] [761c87b1-8d98-44f9-8857-5d87a50b1109] POST /api/auth/refresh from 127.0.0.1 by Anonymous
2026-07-22 16:50:07.337 +05:30 [INF] [134250af-6d1d-47db-8765-1f99c9293886] POST /api/auth/refresh responded 400 in 606ms
2026-07-22 16:50:07.337 +05:30 [INF] [761c87b1-8d98-44f9-8857-5d87a50b1109] POST /api/auth/refresh responded 400 in 568ms
2026-07-22 16:50:07.338 +05:30 [INF] [a0803639-272b-4e41-923f-2fb3782db747] POST /api/auth/refresh responded 400 in 596ms
2026-07-22 16:50:07.341 +05:30 [INF] [01f4891e-fec3-4f65-aaf8-0615105d67e0] POST /api/auth/refresh responded 400 in 589ms
2026-07-22 16:50:24.069 +05:30 [INF] [8aca299a-b4e2-4230-9243-7a467e47ba63] POST /api/auth/login from 127.0.0.1 by Anonymous
2026-07-22 16:50:24.324 +05:30 [INF] [8aca299a-b4e2-4230-9243-7a467e47ba63] POST /api/auth/login responded 200 in 254ms
2026-07-22 16:50:25.235 +05:30 [INF] [88138702-a284-4555-9a4d-5c756e4388f2] GET /api/dashboard/stats from 127.0.0.1 by Anonymous
2026-07-22 16:50:25.277 +05:30 [INF] [390d92a9-4994-48e2-b6f5-4020f637d52d] GET /api/dashboard/attendance-chart from 127.0.0.1 by Anonymous
2026-07-22 16:50:25.277 +05:30 [INF] [e97b3fb6-e5c7-4eba-92e9-be27c44bbd95] GET /api/dashboard/fee-chart from 127.0.0.1 by Anonymous
2026-07-22 16:50:25.438 +05:30 [INF] [e97b3fb6-e5c7-4eba-92e9-be27c44bbd95] GET /api/dashboard/fee-chart responded 200 in 155ms
2026-07-22 16:50:25.449 +05:30 [INF] [d6285ab2-9307-4583-a781-cf4c48c51cca] GET /api/dashboard/fee-chart from 127.0.0.1 by Anonymous
2026-07-22 16:50:25.476 +05:30 [INF] [d6285ab2-9307-4583-a781-cf4c48c51cca] GET /api/dashboard/fee-chart responded 200 in 26ms
2026-07-22 16:50:25.749 +05:30 [WRN] The query uses a row limiting operator ('Skip'/'Take') without an 'OrderBy' operator. This may lead to unpredictable results. If the 'Distinct' operator is used after 'OrderBy', then make sure to use the 'OrderBy' operator after 'Distinct' as the ordering would otherwise get erased.
2026-07-22 16:50:25.750 +05:30 [WRN] The query uses a row limiting operator ('Skip'/'Take') without an 'OrderBy' operator. This may lead to unpredictable results. If the 'Distinct' operator is used after 'OrderBy', then make sure to use the 'OrderBy' operator after 'Distinct' as the ordering would otherwise get erased.
2026-07-22 16:50:25.794 +05:30 [INF] [88138702-a284-4555-9a4d-5c756e4388f2] GET /api/dashboard/stats responded 200 in 557ms
2026-07-22 16:50:25.805 +05:30 [INF] [c8caf48d-be35-42c9-8b6e-9a586a6471e2] GET /api/dashboard/stats from 127.0.0.1 by Anonymous
2026-07-22 16:50:25.865 +05:30 [INF] [c8caf48d-be35-42c9-8b6e-9a586a6471e2] GET /api/dashboard/stats responded 200 in 59ms
2026-07-22 16:50:26.791 +05:30 [INF] [390d92a9-4994-48e2-b6f5-4020f637d52d] GET /api/dashboard/attendance-chart responded 200 in 1513ms
2026-07-22 16:50:26.800 +05:30 [INF] [1015a483-cae1-466f-b9b1-ed0ea4a0f925] GET /api/dashboard/attendance-chart from 127.0.0.1 by Anonymous
2026-07-22 16:50:27.721 +05:30 [INF] [1015a483-cae1-466f-b9b1-ed0ea4a0f925] GET /api/dashboard/attendance-chart responded 200 in 920ms
2026-07-22 16:50:35.047 +05:30 [INF] [b852520e-3da0-49f4-86e1-f29580a0a4a3] GET /api/schools from 127.0.0.1 by Anonymous
2026-07-22 16:50:35.049 +05:30 [INF] [7678ab12-9bb1-442c-a203-ebc71b437f9b] GET /api/fees from 127.0.0.1 by Anonymous
2026-07-22 16:50:35.119 +05:30 [INF] [7678ab12-9bb1-442c-a203-ebc71b437f9b] GET /api/fees responded 200 in 67ms
2026-07-22 16:50:35.138 +05:30 [INF] [0d2ca847-7c2b-4885-a5ac-88019095a111] GET /api/fees from 127.0.0.1 by Anonymous
2026-07-22 16:50:35.145 +05:30 [WRN] The query uses a row limiting operator ('Skip'/'Take') without an 'OrderBy' operator. This may lead to unpredictable results. If the 'Distinct' operator is used after 'OrderBy', then make sure to use the 'OrderBy' operator after 'Distinct' as the ordering would otherwise get erased.
2026-07-22 16:50:35.148 +05:30 [WRN] The query uses a row limiting operator ('Skip'/'Take') without an 'OrderBy' operator. This may lead to unpredictable results. If the 'Distinct' operator is used after 'OrderBy', then make sure to use the 'OrderBy' operator after 'Distinct' as the ordering would otherwise get erased.
2026-07-22 16:50:35.174 +05:30 [INF] [0d2ca847-7c2b-4885-a5ac-88019095a111] GET /api/fees responded 200 in 35ms
2026-07-22 16:50:35.213 +05:30 [INF] [b852520e-3da0-49f4-86e1-f29580a0a4a3] GET /api/schools responded 200 in 166ms
2026-07-22 16:50:35.228 +05:30 [INF] [3219ea7a-9f1d-493c-9d00-9d9fb2c831e4] GET /api/schools from 127.0.0.1 by Anonymous
2026-07-22 16:50:35.262 +05:30 [INF] [3219ea7a-9f1d-493c-9d00-9d9fb2c831e4] GET /api/schools responded 200 in 32ms
2026-07-22 16:50:35.456 +05:30 [INF] [1951afbf-c146-44ad-abf5-9d4bd26bf912] GET /api/schools/93cfbeb0-5697-4af4-9f0b-0115e7e2e14a/classes from 127.0.0.1 by Anonymous
2026-07-22 16:50:35.471 +05:30 [INF] [3f35346c-9898-490d-bdff-9506d784a20c] GET /api/schools/93cfbeb0-5697-4af4-9f0b-0115e7e2e14a/academic-years from 127.0.0.1 by Anonymous
2026-07-22 16:50:35.546 +05:30 [INF] [1951afbf-c146-44ad-abf5-9d4bd26bf912] GET /api/schools/93cfbeb0-5697-4af4-9f0b-0115e7e2e14a/classes responded 200 in 89ms
2026-07-22 16:50:35.560 +05:30 [INF] [d372aca5-b598-4906-a3b7-3cbd1565c268] GET /api/schools/93cfbeb0-5697-4af4-9f0b-0115e7e2e14a/classes from 127.0.0.1 by Anonymous
2026-07-22 16:50:35.580 +05:30 [INF] [d372aca5-b598-4906-a3b7-3cbd1565c268] GET /api/schools/93cfbeb0-5697-4af4-9f0b-0115e7e2e14a/classes responded 200 in 19ms
2026-07-22 16:50:35.606 +05:30 [INF] [3f35346c-9898-490d-bdff-9506d784a20c] GET /api/schools/93cfbeb0-5697-4af4-9f0b-0115e7e2e14a/academic-years responded 200 in 134ms
2026-07-22 16:50:35.613 +05:30 [INF] [55ca81b8-2f0e-42ed-b67c-f37cd40302a2] GET /api/schools/93cfbeb0-5697-4af4-9f0b-0115e7e2e14a/academic-years from 127.0.0.1 by Anonymous
2026-07-22 16:50:35.631 +05:30 [INF] [55ca81b8-2f0e-42ed-b67c-f37cd40302a2] GET /api/schools/93cfbeb0-5697-4af4-9f0b-0115e7e2e14a/academic-years responded 200 in 18ms
2026-07-22 16:50:39.783 +05:30 [INF] [e7eb04c5-7fd1-4475-8d57-e2edf5d8d93a] GET /api/students from 127.0.0.1 by Anonymous
2026-07-22 16:50:39.783 +05:30 [INF] [edc36c7c-c3fa-4676-9ad9-22d8e1607ef2] GET /api/fees from 127.0.0.1 by Anonymous
2026-07-22 16:50:39.851 +05:30 [INF] [edc36c7c-c3fa-4676-9ad9-22d8e1607ef2] GET /api/fees responded 200 in 67ms
2026-07-22 16:50:39.849 +05:30 [INF] [e7eb04c5-7fd1-4475-8d57-e2edf5d8d93a] GET /api/students responded 200 in 65ms
2026-07-22 16:50:39.858 +05:30 [INF] [a2ac2bca-e776-4e80-bc7d-b38643798e99] GET /api/students from 127.0.0.1 by Anonymous
2026-07-22 16:50:39.862 +05:30 [INF] [b5c3c78f-5a27-4e14-8e05-dbd0fae187eb] GET /api/fees from 127.0.0.1 by Anonymous
2026-07-22 16:50:39.890 +05:30 [INF] [b5c3c78f-5a27-4e14-8e05-dbd0fae187eb] GET /api/fees responded 200 in 28ms
2026-07-22 16:50:39.890 +05:30 [INF] [a2ac2bca-e776-4e80-bc7d-b38643798e99] GET /api/students responded 200 in 31ms
2026-07-22 16:50:42.452 +05:30 [INF] [83dad3e9-129a-4415-a497-9c49869c4f15] GET /api/fees/pending from 127.0.0.1 by Anonymous
2026-07-22 16:50:42.553 +05:30 [WRN] The query uses the 'First'/'FirstOrDefault' operator without 'OrderBy' and filter operators. This may lead to unpredictable results.
2026-07-22 16:50:42.711 +05:30 [WRN] Compiling a query which loads related collections for more than one collection navigation, either via 'Include' or through projection, but no 'QuerySplittingBehavior' has been configured. By default, Entity Framework will use 'QuerySplittingBehavior.SingleQuery', which can potentially result in slow query performance. See https://go.microsoft.com/fwlink/?linkid=2134277 for more information. To identify the query that's triggering this warning call 'ConfigureWarnings(w => w.Throw(RelationalEventId.MultipleCollectionIncludeWarning))'.
2026-07-22 16:50:42.876 +05:30 [INF] [83dad3e9-129a-4415-a497-9c49869c4f15] GET /api/fees/pending responded 200 in 422ms
2026-07-22 16:50:56.832 +05:30 [INF] [b09a1b0f-d605-41b6-b90c-301f1c0fd650] POST /api/fees/collect from 127.0.0.1 by Anonymous
2026-07-22 16:50:57.302 +05:30 [INF] [b09a1b0f-d605-41b6-b90c-301f1c0fd650] POST /api/fees/collect responded 400 in 469ms
2026-07-22 16:55:36.672 +05:30 [WRN] Redis unavailable, falling back to in-memory cache and basic SignalR: Redis not connected
2026-07-22 16:55:42.324 +05:30 [WRN] Entity 'ApplicationRole' has a global query filter defined and is the required end of a relationship with the entity 'ApplicationRoleClaim'. This may lead to unexpected results when the required entity is filtered out. Either configure the navigation as optional, or define matching query filters for both entities in the navigation. See https://go.microsoft.com/fwlink/?linkid=2131316 for more information.
2026-07-22 16:55:42.329 +05:30 [WRN] Entity 'ApplicationUser' has a global query filter defined and is the required end of a relationship with the entity 'ApplicationUserClaim'. This may lead to unexpected results when the required entity is filtered out. Either configure the navigation as optional, or define matching query filters for both entities in the navigation. See https://go.microsoft.com/fwlink/?linkid=2131316 for more information.
2026-07-22 16:55:42.330 +05:30 [WRN] Entity 'ApplicationUser' has a global query filter defined and is the required end of a relationship with the entity 'ApplicationUserLogin'. This may lead to unexpected results when the required entity is filtered out. Either configure the navigation as optional, or define matching query filters for both entities in the navigation. See https://go.microsoft.com/fwlink/?linkid=2131316 for more information.
2026-07-22 16:55:42.330 +05:30 [WRN] Entity 'ApplicationRole' has a global query filter defined and is the required end of a relationship with the entity 'ApplicationUserRole'. This may lead to unexpected results when the required entity is filtered out. Either configure the navigation as optional, or define matching query filters for both entities in the navigation. See https://go.microsoft.com/fwlink/?linkid=2131316 for more information.
2026-07-22 16:55:42.331 +05:30 [WRN] Entity 'ApplicationUser' has a global query filter defined and is the required end of a relationship with the entity 'ApplicationUserToken'. This may lead to unexpected results when the required entity is filtered out. Either configure the navigation as optional, or define matching query filters for both entities in the navigation. See https://go.microsoft.com/fwlink/?linkid=2131316 for more information.
2026-07-22 16:55:42.470 +05:30 [WRN] The foreign key property 'HomeworkSubmission.StudentId1' was created in shadow state because a conflicting property with the simple name 'StudentId' exists in the entity type, but is either not mapped, is already used for another relationship, or is incompatible with the associated primary key type. See https://aka.ms/efcore-relationships for information on mapping relationships in EF Core.
2026-07-22 16:55:43.801 +05:30 [INF] Database migrated successfully
2026-07-22 16:55:44.807 +05:30 [INF] Roles seeded successfully
2026-07-22 16:56:08.936 +05:30 [INF] [1ee1c86d-2556-470f-bf92-f18167516cac] POST /api/auth/login from 127.0.0.1 by Anonymous
2026-07-22 16:56:08.979 +05:30 [WRN] Failed to determine the https port for redirect.
2026-07-22 16:56:10.302 +05:30 [INF] [1ee1c86d-2556-470f-bf92-f18167516cac] POST /api/auth/login responded 200 in 1361ms
2026-07-22 16:56:10.349 +05:30 [INF] [fca82786-850e-4ab8-a6c8-1407200dcefa] POST /api/fees/collect from 127.0.0.1 by Anonymous
2026-07-22 16:56:10.789 +05:30 [INF] [fca82786-850e-4ab8-a6c8-1407200dcefa] POST /api/fees/collect responded 400 in 439ms
2026-07-22 16:56:32.032 +05:30 [INF] [6d097625-08eb-4d10-8d1a-53b77a55c890] POST /api/auth/login from 127.0.0.1 by Anonymous
2026-07-22 16:56:32.365 +05:30 [INF] [6d097625-08eb-4d10-8d1a-53b77a55c890] POST /api/auth/login responded 200 in 331ms
2026-07-22 16:56:32.399 +05:30 [INF] [e00aa734-3248-489c-8e8c-07e8822207a8] GET /api/schools from 127.0.0.1 by Anonymous
2026-07-22 16:56:32.558 +05:30 [WRN] The query uses a row limiting operator ('Skip'/'Take') without an 'OrderBy' operator. This may lead to unpredictable results. If the 'Distinct' operator is used after 'OrderBy', then make sure to use the 'OrderBy' operator after 'Distinct' as the ordering would otherwise get erased.
2026-07-22 16:56:32.560 +05:30 [WRN] The query uses a row limiting operator ('Skip'/'Take') without an 'OrderBy' operator. This may lead to unpredictable results. If the 'Distinct' operator is used after 'OrderBy', then make sure to use the 'OrderBy' operator after 'Distinct' as the ordering would otherwise get erased.
2026-07-22 16:56:32.609 +05:30 [INF] [e00aa734-3248-489c-8e8c-07e8822207a8] GET /api/schools responded 200 in 209ms
2026-07-22 16:56:32.653 +05:30 [INF] [2e06ee99-7e77-465a-91fc-17217f00c69a] GET /api/schools/93cfbeb0-5697-4af4-9f0b-0115e7e2e14a/classes from 127.0.0.1 by Anonymous
2026-07-22 16:56:32.831 +05:30 [INF] [2e06ee99-7e77-465a-91fc-17217f00c69a] GET /api/schools/93cfbeb0-5697-4af4-9f0b-0115e7e2e14a/classes responded 200 in 177ms
2026-07-22 16:56:32.864 +05:30 [INF] [d4208119-a21d-4e78-b224-fcd2a799272a] GET /api/schools/93cfbeb0-5697-4af4-9f0b-0115e7e2e14a/academic-years from 127.0.0.1 by Anonymous
2026-07-22 16:56:32.991 +05:30 [INF] [d4208119-a21d-4e78-b224-fcd2a799272a] GET /api/schools/93cfbeb0-5697-4af4-9f0b-0115e7e2e14a/academic-years responded 200 in 126ms
2026-07-22 16:56:33.017 +05:30 [INF] [bf8d01ee-733f-4504-8922-c5a9a7187d15] POST /api/fees from 127.0.0.1 by Anonymous
2026-07-22 16:56:33.334 +05:30 [INF] [bf8d01ee-733f-4504-8922-c5a9a7187d15] POST /api/fees responded 201 in 316ms
2026-07-22 16:56:42.929 +05:30 [INF] [c4064efe-d9be-4dae-90e8-2f450089a7f9] POST /api/auth/login from 127.0.0.1 by Anonymous
2026-07-22 16:56:43.303 +05:30 [INF] [c4064efe-d9be-4dae-90e8-2f450089a7f9] POST /api/auth/login responded 200 in 373ms
2026-07-22 16:56:43.342 +05:30 [INF] [d0a88882-d604-49e9-96d2-8cda69cb1e5e] GET /api/schools/93cfbeb0-5697-4af4-9f0b-0115e7e2e14a/classes from 127.0.0.1 by Anonymous
2026-07-22 16:56:43.373 +05:30 [INF] [d0a88882-d604-49e9-96d2-8cda69cb1e5e] GET /api/schools/93cfbeb0-5697-4af4-9f0b-0115e7e2e14a/classes responded 200 in 28ms
2026-07-22 16:56:57.980 +05:30 [INF] [faf5a4c5-f6a1-4b9f-9864-8e6231e49e89] POST /api/auth/login from 127.0.0.1 by Anonymous
2026-07-22 16:56:58.303 +05:30 [INF] [faf5a4c5-f6a1-4b9f-9864-8e6231e49e89] POST /api/auth/login responded 200 in 322ms
2026-07-22 16:56:58.324 +05:30 [INF] [b850bdce-aada-4709-b98c-2d2e4587551a] GET /api/schools/93cfbeb0-5697-4af4-9f0b-0115e7e2e14a/classes from 127.0.0.1 by Anonymous
2026-07-22 16:56:58.340 +05:30 [INF] [b850bdce-aada-4709-b98c-2d2e4587551a] GET /api/schools/93cfbeb0-5697-4af4-9f0b-0115e7e2e14a/classes responded 200 in 15ms
2026-07-22 16:57:20.115 +05:30 [INF] [0cc694ed-c416-4b96-9100-1a166851e157] POST /api/auth/login from 127.0.0.1 by Anonymous
2026-07-22 16:57:20.486 +05:30 [INF] [0cc694ed-c416-4b96-9100-1a166851e157] POST /api/auth/login responded 200 in 370ms
2026-07-22 16:57:20.531 +05:30 [INF] [4c4f73c8-bc45-4f93-824f-03637e66ab4c] GET /api/sections from 127.0.0.1 by Anonymous
2026-07-22 16:57:20.555 +05:30 [INF] [4c4f73c8-bc45-4f93-824f-03637e66ab4c] GET /api/sections responded 404 in 22ms
2026-07-22 16:57:26.284 +05:30 [INF] [6a6f038f-e3e2-4d42-821b-28548e955581] POST /api/auth/login from 127.0.0.1 by Anonymous
2026-07-22 16:57:26.597 +05:30 [INF] [6a6f038f-e3e2-4d42-821b-28548e955581] POST /api/auth/login responded 200 in 312ms
2026-07-22 16:57:26.627 +05:30 [INF] [11c58c02-a032-49ab-a88b-b7b1693e81e1] POST /api/sections from 127.0.0.1 by Anonymous
2026-07-22 16:57:26.651 +05:30 [INF] [11c58c02-a032-49ab-a88b-b7b1693e81e1] POST /api/sections responded 404 in 22ms
2026-07-22 16:57:36.118 +05:30 [INF] [c9cfedc3-eec0-44a5-9e46-6b19133987a2] POST /api/auth/login from 127.0.0.1 by Anonymous
2026-07-22 16:57:36.440 +05:30 [INF] [c9cfedc3-eec0-44a5-9e46-6b19133987a2] POST /api/auth/login responded 200 in 321ms
2026-07-22 16:57:36.459 +05:30 [INF] [680dbbd6-6e1f-4072-b433-c737014e276a] POST /api/sections from 127.0.0.1 by Anonymous
2026-07-22 16:57:36.468 +05:30 [INF] [680dbbd6-6e1f-4072-b433-c737014e276a] POST /api/sections responded 404 in 8ms
2026-07-22 16:57:47.931 +05:30 [INF] [b4a85f69-8277-43f8-9b01-0717c378c4e4] POST /api/auth/login from 127.0.0.1 by Anonymous
2026-07-22 16:57:48.304 +05:30 [INF] [b4a85f69-8277-43f8-9b01-0717c378c4e4] POST /api/auth/login responded 200 in 373ms
2026-07-22 16:57:48.345 +05:30 [INF] [381d9b60-3a17-4632-9247-1d8595eccf3d] GET /api/classes/0749a600-0d79-4d2c-bc65-bdc71a4ef469/sections from 127.0.0.1 by Anonymous
2026-07-22 16:57:48.365 +05:30 [INF] [381d9b60-3a17-4632-9247-1d8595eccf3d] GET /api/classes/0749a600-0d79-4d2c-bc65-bdc71a4ef469/sections responded 404 in 19ms
2026-07-22 16:58:35.571 +05:30 [INF] [fc61dc31-9259-4c6b-8da7-7d70ef22b980] GET /api/fees from 127.0.0.1 by Anonymous
2026-07-22 16:58:35.573 +05:30 [INF] [ec6d3b41-53c3-4e82-992d-ca13cdf3d7a4] GET /api/students from 127.0.0.1 by Anonymous
2026-07-22 16:58:35.691 +05:30 [WRN] The query uses a row limiting operator ('Skip'/'Take') without an 'OrderBy' operator. This may lead to unpredictable results. If the 'Distinct' operator is used after 'OrderBy', then make sure to use the 'OrderBy' operator after 'Distinct' as the ordering would otherwise get erased.
2026-07-22 16:58:35.691 +05:30 [WRN] The query uses a row limiting operator ('Skip'/'Take') without an 'OrderBy' operator. This may lead to unpredictable results. If the 'Distinct' operator is used after 'OrderBy', then make sure to use the 'OrderBy' operator after 'Distinct' as the ordering would otherwise get erased.
2026-07-22 16:58:35.721 +05:30 [INF] [fc61dc31-9259-4c6b-8da7-7d70ef22b980] GET /api/fees responded 200 in 148ms
2026-07-22 16:58:35.736 +05:30 [INF] [ef96f8c9-ed77-4f74-866b-b99a8ee501da] GET /api/fees from 127.0.0.1 by Anonymous
2026-07-22 16:58:35.770 +05:30 [INF] [ef96f8c9-ed77-4f74-866b-b99a8ee501da] GET /api/fees responded 200 in 33ms
2026-07-22 16:58:36.241 +05:30 [INF] [ec6d3b41-53c3-4e82-992d-ca13cdf3d7a4] GET /api/students responded 200 in 667ms
2026-07-22 16:58:36.257 +05:30 [INF] [8f062e07-f8ad-4bde-99ba-2273e0a8ed69] GET /api/students from 127.0.0.1 by Anonymous
2026-07-22 16:58:36.297 +05:30 [INF] [8f062e07-f8ad-4bde-99ba-2273e0a8ed69] GET /api/students responded 200 in 39ms
2026-07-22 16:58:39.133 +05:30 [INF] [7f135249-9c66-4e92-8e81-af0c6836bcb8] GET /api/fees/pending from 127.0.0.1 by Anonymous
2026-07-22 16:58:39.251 +05:30 [WRN] The query uses the 'First'/'FirstOrDefault' operator without 'OrderBy' and filter operators. This may lead to unpredictable results.
2026-07-22 16:58:39.469 +05:30 [WRN] Compiling a query which loads related collections for more than one collection navigation, either via 'Include' or through projection, but no 'QuerySplittingBehavior' has been configured. By default, Entity Framework will use 'QuerySplittingBehavior.SingleQuery', which can potentially result in slow query performance. See https://go.microsoft.com/fwlink/?linkid=2134277 for more information. To identify the query that's triggering this warning call 'ConfigureWarnings(w => w.Throw(RelationalEventId.MultipleCollectionIncludeWarning))'.
2026-07-22 16:58:39.660 +05:30 [INF] [7f135249-9c66-4e92-8e81-af0c6836bcb8] GET /api/fees/pending responded 200 in 525ms
2026-07-22 16:58:48.066 +05:30 [INF] [0f52c606-3bc1-427f-b450-6dfc816eb5f5] POST /api/fees/collect from 127.0.0.1 by Anonymous
2026-07-22 16:58:48.412 +05:30 [INF] [0f52c606-3bc1-427f-b450-6dfc816eb5f5] POST /api/fees/collect responded 201 in 345ms
2026-07-22 16:58:49.059 +05:30 [INF] [8a87120f-b123-40fa-ab04-dd4b0c23372c] GET /api/schools from 127.0.0.1 by Anonymous
2026-07-22 16:58:49.068 +05:30 [INF] [32503b9f-cf11-4656-9485-0182ee756840] GET /api/fees from 127.0.0.1 by Anonymous
2026-07-22 16:58:49.102 +05:30 [INF] [8a87120f-b123-40fa-ab04-dd4b0c23372c] GET /api/schools responded 200 in 42ms
2026-07-22 16:58:49.107 +05:30 [INF] [32503b9f-cf11-4656-9485-0182ee756840] GET /api/fees responded 200 in 38ms
2026-07-22 16:58:49.125 +05:30 [INF] [9e9f7b6c-cf68-4ee2-935d-a088dcc0a2c8] GET /api/schools from 127.0.0.1 by Anonymous
2026-07-22 16:58:49.125 +05:30 [INF] [d6c58fab-3fb9-4629-93ba-16ce88062428] GET /api/fees from 127.0.0.1 by Anonymous
2026-07-22 16:58:49.150 +05:30 [INF] [d6c58fab-3fb9-4629-93ba-16ce88062428] GET /api/fees responded 200 in 24ms
2026-07-22 16:58:49.152 +05:30 [INF] [9e9f7b6c-cf68-4ee2-935d-a088dcc0a2c8] GET /api/schools responded 200 in 27ms
2026-07-22 16:58:49.177 +05:30 [INF] [936ea7d8-b273-4d54-84b5-61fdcd26518c] GET /api/schools/93cfbeb0-5697-4af4-9f0b-0115e7e2e14a/classes from 127.0.0.1 by Anonymous
2026-07-22 16:58:49.190 +05:30 [INF] [307a9e67-1d90-402a-8839-ae6b8ed42059] GET /api/schools/93cfbeb0-5697-4af4-9f0b-0115e7e2e14a/academic-years from 127.0.0.1 by Anonymous
2026-07-22 16:58:49.205 +05:30 [INF] [936ea7d8-b273-4d54-84b5-61fdcd26518c] GET /api/schools/93cfbeb0-5697-4af4-9f0b-0115e7e2e14a/classes responded 200 in 26ms
2026-07-22 16:58:49.225 +05:30 [INF] [307a9e67-1d90-402a-8839-ae6b8ed42059] GET /api/schools/93cfbeb0-5697-4af4-9f0b-0115e7e2e14a/academic-years responded 200 in 34ms
2026-07-22 16:58:49.371 +05:30 [INF] [0f1528a9-2733-4ec2-a412-756bf8694022] GET /api/schools/93cfbeb0-5697-4af4-9f0b-0115e7e2e14a/classes from 127.0.0.1 by Anonymous
2026-07-22 16:58:49.391 +05:30 [INF] [6c0e8ff4-a29c-4006-b79a-10d1d9c26cb5] GET /api/schools/93cfbeb0-5697-4af4-9f0b-0115e7e2e14a/academic-years from 127.0.0.1 by Anonymous
2026-07-22 16:58:49.412 +05:30 [INF] [0f1528a9-2733-4ec2-a412-756bf8694022] GET /api/schools/93cfbeb0-5697-4af4-9f0b-0115e7e2e14a/classes responded 200 in 40ms
2026-07-22 16:58:49.431 +05:30 [INF] [6c0e8ff4-a29c-4006-b79a-10d1d9c26cb5] GET /api/schools/93cfbeb0-5697-4af4-9f0b-0115e7e2e14a/academic-years responded 200 in 39ms
2026-07-22 16:58:57.148 +05:30 [INF] [0fa85885-6906-4caf-a370-3aaf6d4521b5] GET /api/dashboard/stats from 127.0.0.1 by Anonymous
2026-07-22 16:58:57.161 +05:30 [INF] [35220771-f100-4a64-b729-dd4af1600b31] GET /api/dashboard/fee-chart from 127.0.0.1 by Anonymous
2026-07-22 16:58:57.161 +05:30 [INF] [80e5bb1e-3d6e-448d-aaaa-59ccf0bbdc52] GET /api/dashboard/attendance-chart from 127.0.0.1 by Anonymous
2026-07-22 16:58:57.288 +05:30 [INF] [35220771-f100-4a64-b729-dd4af1600b31] GET /api/dashboard/fee-chart responded 200 in 126ms
2026-07-22 16:58:57.295 +05:30 [INF] [c6db3c42-cacc-43b2-8ed7-d39ed0f7596a] GET /api/dashboard/fee-chart from 127.0.0.1 by Anonymous
2026-07-22 16:58:57.319 +05:30 [INF] [c6db3c42-cacc-43b2-8ed7-d39ed0f7596a] GET /api/dashboard/fee-chart responded 200 in 23ms
2026-07-22 16:58:57.637 +05:30 [WRN] The query uses a row limiting operator ('Skip'/'Take') without an 'OrderBy' operator. This may lead to unpredictable results. If the 'Distinct' operator is used after 'OrderBy', then make sure to use the 'OrderBy' operator after 'Distinct' as the ordering would otherwise get erased.
2026-07-22 16:58:57.637 +05:30 [WRN] The query uses a row limiting operator ('Skip'/'Take') without an 'OrderBy' operator. This may lead to unpredictable results. If the 'Distinct' operator is used after 'OrderBy', then make sure to use the 'OrderBy' operator after 'Distinct' as the ordering would otherwise get erased.
2026-07-22 16:58:57.700 +05:30 [INF] [0fa85885-6906-4caf-a370-3aaf6d4521b5] GET /api/dashboard/stats responded 200 in 551ms
2026-07-22 16:58:57.713 +05:30 [INF] [92823ed5-1e6d-4208-bd9b-b1c2df7b6f81] GET /api/dashboard/stats from 127.0.0.1 by Anonymous
2026-07-22 16:58:57.794 +05:30 [INF] [92823ed5-1e6d-4208-bd9b-b1c2df7b6f81] GET /api/dashboard/stats responded 200 in 80ms
2026-07-22 16:58:58.470 +05:30 [INF] [80e5bb1e-3d6e-448d-aaaa-59ccf0bbdc52] GET /api/dashboard/attendance-chart responded 200 in 1306ms
2026-07-22 16:58:58.476 +05:30 [INF] [8133f0ae-3612-4745-9ad2-7d949a5da060] GET /api/dashboard/attendance-chart from 127.0.0.1 by Anonymous
2026-07-22 16:58:59.258 +05:30 [INF] [8133f0ae-3612-4745-9ad2-7d949a5da060] GET /api/dashboard/attendance-chart responded 200 in 778ms
2026-07-22 16:59:17.408 +05:30 [INF] [2847cc31-6655-46c8-bd28-3b983487864f] GET /api/schools from 127.0.0.1 by Anonymous
2026-07-22 16:59:17.413 +05:30 [INF] [a52506af-5a40-4039-9880-b463bb8a0d81] GET /api/fees from 127.0.0.1 by Anonymous
2026-07-22 16:59:17.463 +05:30 [INF] [2847cc31-6655-46c8-bd28-3b983487864f] GET /api/schools responded 200 in 54ms
2026-07-22 16:59:17.464 +05:30 [INF] [a52506af-5a40-4039-9880-b463bb8a0d81] GET /api/fees responded 200 in 51ms
2026-07-22 16:59:17.481 +05:30 [INF] [1d96321a-5b04-4d2f-afdd-f28149785f42] GET /api/schools from 127.0.0.1 by Anonymous
2026-07-22 16:59:17.488 +05:30 [INF] [60c99524-670a-4e6d-97d6-5f8c2c7436a4] GET /api/fees from 127.0.0.1 by Anonymous
2026-07-22 16:59:17.517 +05:30 [INF] [60c99524-670a-4e6d-97d6-5f8c2c7436a4] GET /api/fees responded 200 in 28ms
2026-07-22 16:59:17.524 +05:30 [INF] [1d96321a-5b04-4d2f-afdd-f28149785f42] GET /api/schools responded 200 in 42ms
2026-07-22 16:59:17.525 +05:30 [INF] [fd884abc-37a3-4448-a049-22726dd5baf0] GET /api/schools/93cfbeb0-5697-4af4-9f0b-0115e7e2e14a/classes from 127.0.0.1 by Anonymous
2026-07-22 16:59:17.548 +05:30 [INF] [beecf4b6-3c56-414b-af85-4eed706371f3] GET /api/schools/93cfbeb0-5697-4af4-9f0b-0115e7e2e14a/academic-years from 127.0.0.1 by Anonymous
2026-07-22 16:59:17.554 +05:30 [INF] [fd884abc-37a3-4448-a049-22726dd5baf0] GET /api/schools/93cfbeb0-5697-4af4-9f0b-0115e7e2e14a/classes responded 200 in 27ms
2026-07-22 16:59:17.572 +05:30 [INF] [beecf4b6-3c56-414b-af85-4eed706371f3] GET /api/schools/93cfbeb0-5697-4af4-9f0b-0115e7e2e14a/academic-years responded 200 in 23ms
2026-07-22 16:59:17.676 +05:30 [INF] [6e0b6499-7e7f-40d7-a7c5-7dfbd11b08f2] GET /api/schools/93cfbeb0-5697-4af4-9f0b-0115e7e2e14a/classes from 127.0.0.1 by Anonymous
2026-07-22 16:59:17.677 +05:30 [INF] [d379ad07-0bf0-4309-870b-bc4ce4a2ab99] GET /api/schools/93cfbeb0-5697-4af4-9f0b-0115e7e2e14a/academic-years from 127.0.0.1 by Anonymous
2026-07-22 16:59:17.706 +05:30 [INF] [6e0b6499-7e7f-40d7-a7c5-7dfbd11b08f2] GET /api/schools/93cfbeb0-5697-4af4-9f0b-0115e7e2e14a/classes responded 200 in 29ms
2026-07-22 16:59:17.707 +05:30 [INF] [d379ad07-0bf0-4309-870b-bc4ce4a2ab99] GET /api/schools/93cfbeb0-5697-4af4-9f0b-0115e7e2e14a/academic-years responded 200 in 30ms
2026-07-22 17:00:13.241 +05:30 [INF] [4a1b1c77-f204-4af4-9ae1-df6758569859] POST /api/auth/login from 127.0.0.1 by Anonymous
2026-07-22 17:00:13.559 +05:30 [INF] [4a1b1c77-f204-4af4-9ae1-df6758569859] POST /api/auth/login responded 200 in 318ms
2026-07-22 17:00:13.595 +05:30 [INF] [bf5e86d3-ac54-42b7-baeb-dedf3f3c5964] GET /api/fees/receipts from 127.0.0.1 by Anonymous
2026-07-22 17:00:13.659 +05:30 [INF] [bf5e86d3-ac54-42b7-baeb-dedf3f3c5964] GET /api/fees/receipts responded 200 in 64ms
2026-07-22 17:02:38.564 +05:30 [INF] [7b7efd4e-61be-4ace-95ee-a5f982246459] GET /api/schools from 127.0.0.1 by Anonymous
2026-07-22 17:02:38.578 +05:30 [INF] [78520ea3-9a56-422b-8554-772bb72e57ec] GET /api/fees from 127.0.0.1 by Anonymous
2026-07-22 17:02:39.288 +05:30 [INF] [7b7efd4e-61be-4ace-95ee-a5f982246459] GET /api/schools responded 200 in 723ms
2026-07-22 17:02:39.295 +05:30 [INF] [78520ea3-9a56-422b-8554-772bb72e57ec] GET /api/fees responded 200 in 716ms
2026-07-22 17:02:39.321 +05:30 [INF] [5be2cec5-28db-4629-9abb-30703b9595fc] GET /api/schools from 127.0.0.1 by Anonymous
2026-07-22 17:02:39.322 +05:30 [INF] [a01198f5-4253-49b5-90d6-7f7ec5257588] GET /api/fees from 127.0.0.1 by Anonymous
2026-07-22 17:02:39.333 +05:30 [INF] [65fa8a42-0df2-401b-8050-0305fdced9a6] GET /api/schools/93cfbeb0-5697-4af4-9f0b-0115e7e2e14a/classes from 127.0.0.1 by Anonymous
2026-07-22 17:02:39.362 +05:30 [INF] [5be2cec5-28db-4629-9abb-30703b9595fc] GET /api/schools responded 200 in 41ms
2026-07-22 17:02:39.364 +05:30 [INF] [1e03f466-60e2-46c5-b02a-4002f1ec9853] GET /api/schools/93cfbeb0-5697-4af4-9f0b-0115e7e2e14a/academic-years from 127.0.0.1 by Anonymous
2026-07-22 17:02:39.367 +05:30 [INF] [a01198f5-4253-49b5-90d6-7f7ec5257588] GET /api/fees responded 200 in 44ms
2026-07-22 17:02:39.372 +05:30 [INF] [65fa8a42-0df2-401b-8050-0305fdced9a6] GET /api/schools/93cfbeb0-5697-4af4-9f0b-0115e7e2e14a/classes responded 200 in 39ms
2026-07-22 17:02:39.387 +05:30 [INF] [1e03f466-60e2-46c5-b02a-4002f1ec9853] GET /api/schools/93cfbeb0-5697-4af4-9f0b-0115e7e2e14a/academic-years responded 200 in 23ms
2026-07-22 17:02:39.628 +05:30 [INF] [998e837a-1025-49db-803a-aba9055b75a8] GET /api/schools/93cfbeb0-5697-4af4-9f0b-0115e7e2e14a/classes from 127.0.0.1 by Anonymous
2026-07-22 17:02:39.653 +05:30 [INF] [998e837a-1025-49db-803a-aba9055b75a8] GET /api/schools/93cfbeb0-5697-4af4-9f0b-0115e7e2e14a/classes responded 200 in 24ms
2026-07-22 17:02:39.655 +05:30 [INF] [5e523cef-a5bc-4171-9ecc-ac11027bb4fb] GET /api/schools/93cfbeb0-5697-4af4-9f0b-0115e7e2e14a/academic-years from 127.0.0.1 by Anonymous
2026-07-22 17:02:39.697 +05:30 [INF] [5e523cef-a5bc-4171-9ecc-ac11027bb4fb] GET /api/schools/93cfbeb0-5697-4af4-9f0b-0115e7e2e14a/academic-years responded 200 in 40ms
2026-07-22 17:02:46.532 +05:30 [INF] [95b51dce-ab72-45a0-9900-0212eed0289f] GET /api/schools from 127.0.0.1 by Anonymous
2026-07-22 17:02:46.553 +05:30 [INF] [95b51dce-ab72-45a0-9900-0212eed0289f] GET /api/schools responded 200 in 21ms
2026-07-22 17:02:46.612 +05:30 [INF] [993e4ea8-b9c2-4fda-bf06-a7b91e8f636e] GET /api/fees from 127.0.0.1 by Anonymous
2026-07-22 17:02:46.631 +05:30 [INF] [754f999d-a00b-44e0-bc48-dc11df56a506] GET /api/schools from 127.0.0.1 by Anonymous
2026-07-22 17:02:46.643 +05:30 [INF] [a80f5a95-f9c8-47f2-9f80-591f708a5bdb] GET /api/schools/93cfbeb0-5697-4af4-9f0b-0115e7e2e14a/classes from 127.0.0.1 by Anonymous
2026-07-22 17:02:46.645 +05:30 [INF] [993e4ea8-b9c2-4fda-bf06-a7b91e8f636e] GET /api/fees responded 200 in 32ms
2026-07-22 17:02:46.650 +05:30 [INF] [58ac36b1-55a5-4ff0-9fb0-f50342e9d969] GET /api/schools/93cfbeb0-5697-4af4-9f0b-0115e7e2e14a/academic-years from 127.0.0.1 by Anonymous
2026-07-22 17:02:46.664 +05:30 [INF] [754f999d-a00b-44e0-bc48-dc11df56a506] GET /api/schools responded 200 in 32ms
2026-07-22 17:02:46.680 +05:30 [INF] [a80f5a95-f9c8-47f2-9f80-591f708a5bdb] GET /api/schools/93cfbeb0-5697-4af4-9f0b-0115e7e2e14a/classes responded 200 in 34ms
2026-07-22 17:02:46.710 +05:30 [INF] [5d8a8cba-235d-4bdc-813e-49c6427de887] GET /api/fees from 127.0.0.1 by Anonymous
2026-07-22 17:02:46.710 +05:30 [INF] [58ac36b1-55a5-4ff0-9fb0-f50342e9d969] GET /api/schools/93cfbeb0-5697-4af4-9f0b-0115e7e2e14a/academic-years responded 200 in 57ms
2026-07-22 17:02:46.764 +05:30 [INF] [5d8a8cba-235d-4bdc-813e-49c6427de887] GET /api/fees responded 200 in 50ms
2026-07-22 17:02:46.818 +05:30 [INF] [302eada6-0d1d-4319-8d89-965dd623d753] GET /api/schools/93cfbeb0-5697-4af4-9f0b-0115e7e2e14a/classes from 127.0.0.1 by Anonymous
2026-07-22 17:02:46.820 +05:30 [INF] [afde1a59-673c-4698-a396-fd3b6d75bc8d] GET /api/schools/93cfbeb0-5697-4af4-9f0b-0115e7e2e14a/academic-years from 127.0.0.1 by Anonymous
2026-07-22 17:02:46.857 +05:30 [INF] [afde1a59-673c-4698-a396-fd3b6d75bc8d] GET /api/schools/93cfbeb0-5697-4af4-9f0b-0115e7e2e14a/academic-years responded 200 in 36ms
2026-07-22 17:02:46.869 +05:30 [INF] [302eada6-0d1d-4319-8d89-965dd623d753] GET /api/schools/93cfbeb0-5697-4af4-9f0b-0115e7e2e14a/classes responded 200 in 50ms
2026-07-22 17:03:04.023 +05:30 [INF] [e2ca004d-c058-4d6d-aefa-c3e7ae11dedf] GET /api/schools from 127.0.0.1 by Anonymous
2026-07-22 17:03:04.056 +05:30 [INF] [e2ca004d-c058-4d6d-aefa-c3e7ae11dedf] GET /api/schools responded 200 in 32ms
2026-07-22 17:03:04.088 +05:30 [INF] [eff738aa-8866-4516-a8b6-a499be601cdb] GET /api/fees from 127.0.0.1 by Anonymous
2026-07-22 17:03:04.102 +05:30 [INF] [bcec66ac-0b1b-4ae0-927d-b1fd9e7ff23b] GET /api/schools from 127.0.0.1 by Anonymous
2026-07-22 17:03:04.133 +05:30 [INF] [eff738aa-8866-4516-a8b6-a499be601cdb] GET /api/fees responded 200 in 44ms
2026-07-22 17:03:04.144 +05:30 [INF] [9954ad16-9e1b-4f43-846e-7bb1a0257b9f] GET /api/schools/93cfbeb0-5697-4af4-9f0b-0115e7e2e14a/classes from 127.0.0.1 by Anonymous
2026-07-22 17:03:04.147 +05:30 [INF] [bcec66ac-0b1b-4ae0-927d-b1fd9e7ff23b] GET /api/schools responded 200 in 44ms
2026-07-22 17:03:04.165 +05:30 [INF] [354ef5d7-b1da-47a7-9b4e-e64e8c2bb70b] GET /api/fees from 127.0.0.1 by Anonymous
2026-07-22 17:03:04.180 +05:30 [INF] [b315ca24-2bf1-443c-9ad5-78f37f49994b] GET /api/schools/93cfbeb0-5697-4af4-9f0b-0115e7e2e14a/academic-years from 127.0.0.1 by Anonymous
2026-07-22 17:03:04.190 +05:30 [INF] [9954ad16-9e1b-4f43-846e-7bb1a0257b9f] GET /api/schools/93cfbeb0-5697-4af4-9f0b-0115e7e2e14a/classes responded 200 in 44ms
2026-07-22 17:03:04.199 +05:30 [INF] [354ef5d7-b1da-47a7-9b4e-e64e8c2bb70b] GET /api/fees responded 200 in 34ms
2026-07-22 17:03:04.213 +05:30 [INF] [b315ca24-2bf1-443c-9ad5-78f37f49994b] GET /api/schools/93cfbeb0-5697-4af4-9f0b-0115e7e2e14a/academic-years responded 200 in 33ms
2026-07-22 17:03:04.274 +05:30 [INF] [f3435f37-ac90-4cb5-8a02-4cdc07247925] GET /api/schools/93cfbeb0-5697-4af4-9f0b-0115e7e2e14a/classes from 127.0.0.1 by Anonymous
2026-07-22 17:03:04.279 +05:30 [INF] [056d30aa-59d2-4839-9648-8a9e207c165a] GET /api/schools/93cfbeb0-5697-4af4-9f0b-0115e7e2e14a/academic-years from 127.0.0.1 by Anonymous
2026-07-22 17:03:04.313 +05:30 [INF] [056d30aa-59d2-4839-9648-8a9e207c165a] GET /api/schools/93cfbeb0-5697-4af4-9f0b-0115e7e2e14a/academic-years responded 200 in 33ms
2026-07-22 17:03:04.316 +05:30 [INF] [f3435f37-ac90-4cb5-8a02-4cdc07247925] GET /api/schools/93cfbeb0-5697-4af4-9f0b-0115e7e2e14a/classes responded 200 in 38ms
2026-07-22 17:06:06.571 +05:30 [INF] [b2b1e08d-b6c7-44c3-9553-02f818d046cc] GET /api/schools from 127.0.0.1 by Anonymous
2026-07-22 17:06:06.584 +05:30 [INF] [a928842e-21b4-428d-872b-6ad9873bde44] GET /api/fees from 127.0.0.1 by Anonymous
2026-07-22 17:06:06.620 +05:30 [INF] [b2b1e08d-b6c7-44c3-9553-02f818d046cc] GET /api/schools responded 200 in 48ms
2026-07-22 17:06:06.625 +05:30 [INF] [a928842e-21b4-428d-872b-6ad9873bde44] GET /api/fees responded 200 in 40ms
2026-07-22 17:06:06.639 +05:30 [INF] [4ea365f8-0754-4971-aa29-87e09d856f2c] GET /api/schools from 127.0.0.1 by Anonymous
2026-07-22 17:06:06.640 +05:30 [INF] [059de0be-681e-4d24-b25b-bff7818811ea] GET /api/fees from 127.0.0.1 by Anonymous
2026-07-22 17:06:06.669 +05:30 [INF] [4ea365f8-0754-4971-aa29-87e09d856f2c] GET /api/schools responded 200 in 28ms
2026-07-22 17:06:06.677 +05:30 [INF] [21f8a597-697b-435c-aab6-39a95fcd21e9] GET /api/schools/93cfbeb0-5697-4af4-9f0b-0115e7e2e14a/classes from 127.0.0.1 by Anonymous
2026-07-22 17:06:06.677 +05:30 [INF] [059de0be-681e-4d24-b25b-bff7818811ea] GET /api/fees responded 200 in 36ms
2026-07-22 17:06:06.703 +05:30 [INF] [21f8a597-697b-435c-aab6-39a95fcd21e9] GET /api/schools/93cfbeb0-5697-4af4-9f0b-0115e7e2e14a/classes responded 200 in 26ms
2026-07-22 17:06:06.714 +05:30 [INF] [53d8cee5-9170-4ba8-8eba-c119db359c92] GET /api/schools/93cfbeb0-5697-4af4-9f0b-0115e7e2e14a/academic-years from 127.0.0.1 by Anonymous
2026-07-22 17:06:06.740 +05:30 [INF] [53d8cee5-9170-4ba8-8eba-c119db359c92] GET /api/schools/93cfbeb0-5697-4af4-9f0b-0115e7e2e14a/academic-years responded 200 in 25ms
2026-07-22 17:06:06.934 +05:30 [INF] [f8981299-dbc4-4296-a9f7-ad11873833d6] GET /api/schools/93cfbeb0-5697-4af4-9f0b-0115e7e2e14a/classes from 127.0.0.1 by Anonymous
2026-07-22 17:06:06.937 +05:30 [INF] [e460a0a4-4871-4496-8bbf-68036b2a475b] GET /api/schools/93cfbeb0-5697-4af4-9f0b-0115e7e2e14a/academic-years from 127.0.0.1 by Anonymous
2026-07-22 17:06:06.957 +05:30 [INF] [e460a0a4-4871-4496-8bbf-68036b2a475b] GET /api/schools/93cfbeb0-5697-4af4-9f0b-0115e7e2e14a/academic-years responded 200 in 20ms
2026-07-22 17:06:06.959 +05:30 [INF] [f8981299-dbc4-4296-a9f7-ad11873833d6] GET /api/schools/93cfbeb0-5697-4af4-9f0b-0115e7e2e14a/classes responded 200 in 24ms
2026-07-22 17:06:10.195 +05:30 [INF] [0e2535ee-3557-447f-9e61-af61d35d7363] GET /api/fees/receipts from 127.0.0.1 by Anonymous
2026-07-22 17:06:10.215 +05:30 [INF] [0e2535ee-3557-447f-9e61-af61d35d7363] GET /api/fees/receipts responded 200 in 20ms
2026-07-22 17:06:10.236 +05:30 [INF] [41a52d53-c824-4105-b8b8-67fd2ddb52a9] GET /api/fees/receipts from 127.0.0.1 by Anonymous
2026-07-22 17:06:10.258 +05:30 [INF] [41a52d53-c824-4105-b8b8-67fd2ddb52a9] GET /api/fees/receipts responded 200 in 21ms
2026-07-22 17:06:21.020 +05:30 [INF] [76f67134-fe11-4979-9981-d0f62e2d2d95] GET /api/schools from 127.0.0.1 by Anonymous
2026-07-22 17:06:21.022 +05:30 [INF] [e047222d-d63e-4b92-aae7-11c53617a10b] GET /api/fees from 127.0.0.1 by Anonymous
2026-07-22 17:06:21.040 +05:30 [INF] [e047222d-d63e-4b92-aae7-11c53617a10b] GET /api/fees responded 200 in 17ms
2026-07-22 17:06:21.041 +05:30 [INF] [76f67134-fe11-4979-9981-d0f62e2d2d95] GET /api/schools responded 200 in 20ms
2026-07-22 17:06:21.054 +05:30 [INF] [278a5adf-a467-4779-8a4a-e3e8a52729c2] GET /api/fees from 127.0.0.1 by Anonymous
2026-07-22 17:06:21.059 +05:30 [INF] [f7dc919f-2825-4d09-9228-63bccbc4b5e6] GET /api/schools from 127.0.0.1 by Anonymous
2026-07-22 17:06:21.073 +05:30 [INF] [356b50ca-5b65-4be6-9ecd-472dc2ceda7b] GET /api/schools/93cfbeb0-5697-4af4-9f0b-0115e7e2e14a/classes from 127.0.0.1 by Anonymous
2026-07-22 17:06:21.078 +05:30 [INF] [071bd776-f8e2-4645-8533-6a3708b8a736] GET /api/schools/93cfbeb0-5697-4af4-9f0b-0115e7e2e14a/academic-years from 127.0.0.1 by Anonymous
2026-07-22 17:06:21.087 +05:30 [INF] [278a5adf-a467-4779-8a4a-e3e8a52729c2] GET /api/fees responded 200 in 32ms
2026-07-22 17:06:21.101 +05:30 [INF] [071bd776-f8e2-4645-8533-6a3708b8a736] GET /api/schools/93cfbeb0-5697-4af4-9f0b-0115e7e2e14a/academic-years responded 200 in 23ms
2026-07-22 17:06:21.105 +05:30 [INF] [f7dc919f-2825-4d09-9228-63bccbc4b5e6] GET /api/schools responded 200 in 46ms
2026-07-22 17:06:21.123 +05:30 [INF] [356b50ca-5b65-4be6-9ecd-472dc2ceda7b] GET /api/schools/93cfbeb0-5697-4af4-9f0b-0115e7e2e14a/classes responded 200 in 49ms
2026-07-22 17:06:21.192 +05:30 [INF] [6b669f57-3a49-425b-9e12-e8708d1e79f3] GET /api/schools/93cfbeb0-5697-4af4-9f0b-0115e7e2e14a/classes from 127.0.0.1 by Anonymous
2026-07-22 17:06:21.194 +05:30 [INF] [f468db65-768f-40b2-87bb-427d587c6d9a] GET /api/schools/93cfbeb0-5697-4af4-9f0b-0115e7e2e14a/academic-years from 127.0.0.1 by Anonymous
2026-07-22 17:06:21.211 +05:30 [INF] [f468db65-768f-40b2-87bb-427d587c6d9a] GET /api/schools/93cfbeb0-5697-4af4-9f0b-0115e7e2e14a/academic-years responded 200 in 15ms
2026-07-22 17:06:21.212 +05:30 [INF] [6b669f57-3a49-425b-9e12-e8708d1e79f3] GET /api/schools/93cfbeb0-5697-4af4-9f0b-0115e7e2e14a/classes responded 200 in 19ms
2026-07-22 17:06:22.674 +05:30 [INF] [7f68d228-3e38-438c-86e2-25e354ce4448] GET /api/fees/receipts from 127.0.0.1 by Anonymous
2026-07-22 17:06:22.696 +05:30 [INF] [7f68d228-3e38-438c-86e2-25e354ce4448] GET /api/fees/receipts responded 200 in 21ms
2026-07-22 17:06:22.709 +05:30 [INF] [0ce3788d-cc93-4e8c-bcf3-de4ed20ede47] GET /api/fees/receipts from 127.0.0.1 by Anonymous
2026-07-22 17:06:22.733 +05:30 [INF] [0ce3788d-cc93-4e8c-bcf3-de4ed20ede47] GET /api/fees/receipts responded 200 in 23ms
2026-07-22 17:06:28.176 +05:30 [INF] [b61c3927-155b-4726-8aec-bc12f2246ad8] GET /api/schools from 127.0.0.1 by Anonymous
2026-07-22 17:06:28.178 +05:30 [INF] [2fa2eb4f-62f8-4ba3-911e-7ab8b2f2b9f5] GET /api/fees from 127.0.0.1 by Anonymous
2026-07-22 17:06:28.200 +05:30 [INF] [b61c3927-155b-4726-8aec-bc12f2246ad8] GET /api/schools responded 200 in 22ms
2026-07-22 17:06:28.206 +05:30 [INF] [2fa2eb4f-62f8-4ba3-911e-7ab8b2f2b9f5] GET /api/fees responded 200 in 28ms
2026-07-22 17:06:28.219 +05:30 [INF] [3b6b41f1-b994-4340-80ee-6b244499e863] GET /api/schools from 127.0.0.1 by Anonymous
2026-07-22 17:06:28.229 +05:30 [INF] [76770d65-5cbe-4c4c-8aea-2dab3f218e31] GET /api/schools/93cfbeb0-5697-4af4-9f0b-0115e7e2e14a/classes from 127.0.0.1 by Anonymous
2026-07-22 17:06:28.236 +05:30 [INF] [ee9c5806-3987-4468-b73b-a85bfcfef953] GET /api/fees from 127.0.0.1 by Anonymous
2026-07-22 17:06:28.236 +05:30 [INF] [756fd51e-462c-4001-b436-239304cbfaa8] GET /api/schools/93cfbeb0-5697-4af4-9f0b-0115e7e2e14a/academic-years from 127.0.0.1 by Anonymous
2026-07-22 17:06:28.251 +05:30 [INF] [3b6b41f1-b994-4340-80ee-6b244499e863] GET /api/schools responded 200 in 32ms
2026-07-22 17:06:28.265 +05:30 [INF] [76770d65-5cbe-4c4c-8aea-2dab3f218e31] GET /api/schools/93cfbeb0-5697-4af4-9f0b-0115e7e2e14a/classes responded 200 in 35ms
2026-07-22 17:06:28.274 +05:30 [INF] [756fd51e-462c-4001-b436-239304cbfaa8] GET /api/schools/93cfbeb0-5697-4af4-9f0b-0115e7e2e14a/academic-years responded 200 in 35ms
2026-07-22 17:06:28.282 +05:30 [INF] [ee9c5806-3987-4468-b73b-a85bfcfef953] GET /api/fees responded 200 in 45ms
2026-07-22 17:06:28.320 +05:30 [INF] [d9c27c35-27bc-4022-b0de-4e51c9ce5280] GET /api/schools/93cfbeb0-5697-4af4-9f0b-0115e7e2e14a/classes from 127.0.0.1 by Anonymous
2026-07-22 17:06:28.322 +05:30 [INF] [b20dddd9-39e6-44c2-a1a8-3b59057f54cf] GET /api/schools/93cfbeb0-5697-4af4-9f0b-0115e7e2e14a/academic-years from 127.0.0.1 by Anonymous
2026-07-22 17:06:28.341 +05:30 [INF] [d9c27c35-27bc-4022-b0de-4e51c9ce5280] GET /api/schools/93cfbeb0-5697-4af4-9f0b-0115e7e2e14a/classes responded 200 in 20ms
2026-07-22 17:06:28.348 +05:30 [INF] [b20dddd9-39e6-44c2-a1a8-3b59057f54cf] GET /api/schools/93cfbeb0-5697-4af4-9f0b-0115e7e2e14a/academic-years responded 200 in 25ms
2026-07-22 17:06:31.284 +05:30 [INF] [4ff87cb0-09c9-4da5-a266-c684ea070b5c] GET /api/hostel from 127.0.0.1 by Anonymous
2026-07-22 17:06:31.405 +05:30 [INF] [4ff87cb0-09c9-4da5-a266-c684ea070b5c] GET /api/hostel responded 200 in 120ms
2026-07-22 17:06:31.409 +05:30 [INF] [4558f99d-37df-4f0b-b419-f1161eff0c97] GET /api/hostel from 127.0.0.1 by Anonymous
2026-07-22 17:06:31.424 +05:30 [INF] [4558f99d-37df-4f0b-b419-f1161eff0c97] GET /api/hostel responded 200 in 14ms
2026-07-22 17:06:52.181 +05:30 [INF] [f38bc69c-010b-4cb0-8a09-0f00723acb9e] POST /api/hostel/rooms from 127.0.0.1 by Anonymous
2026-07-22 17:06:52.234 +05:30 [INF] [f38bc69c-010b-4cb0-8a09-0f00723acb9e] POST /api/hostel/rooms responded 400 in 52ms
2026-07-22 17:06:58.679 +05:30 [INF] [c98ff8b2-1348-4952-b385-06782080b20f] GET /api/hostel/allocations from 127.0.0.1 by Anonymous
2026-07-22 17:06:58.733 +05:30 [INF] [c98ff8b2-1348-4952-b385-06782080b20f] GET /api/hostel/allocations responded 200 in 51ms
2026-07-22 17:07:17.146 +05:30 [INF] [71297183-5ca7-4bd1-999c-b3812c575d2e] POST /api/hostel/rooms from 127.0.0.1 by Anonymous
2026-07-22 17:07:17.166 +05:30 [INF] [71297183-5ca7-4bd1-999c-b3812c575d2e] POST /api/hostel/rooms responded 400 in 19ms
2026-07-22 17:07:32.692 +05:30 [INF] [b5e7d0b3-bc38-4aa1-b14b-eb5c6acf8f92] POST /api/hostel/rooms from 127.0.0.1 by Anonymous
2026-07-22 17:07:32.734 +05:30 [INF] [b5e7d0b3-bc38-4aa1-b14b-eb5c6acf8f92] POST /api/hostel/rooms responded 400 in 41ms
2026-07-22 17:11:34.406 +05:30 [INF] [2400f310-4830-4a88-b538-2b4414703c93] GET /api/hostel from 127.0.0.1 by Anonymous
2026-07-22 17:11:34.877 +05:30 [INF] [2400f310-4830-4a88-b538-2b4414703c93] GET /api/hostel responded 200 in 471ms
2026-07-22 17:11:34.884 +05:30 [INF] [95fac3af-65d9-46a7-ad62-42e218e7e079] GET /api/hostel from 127.0.0.1 by Anonymous
2026-07-22 17:11:34.898 +05:30 [INF] [95fac3af-65d9-46a7-ad62-42e218e7e079] GET /api/hostel responded 200 in 14ms
2026-07-22 17:11:53.945 +05:30 [INF] [ffd2cd30-fa89-4fb6-abf9-49815455aee6] POST /api/hostel/rooms from 127.0.0.1 by Anonymous
2026-07-22 17:11:53.963 +05:30 [INF] [ffd2cd30-fa89-4fb6-abf9-49815455aee6] POST /api/hostel/rooms responded 400 in 17ms
2026-07-22 17:12:25.095 +05:30 [INF] [cf5fc6af-fb74-45bc-9fb3-25811ef750f7] GET /api/hostel from 127.0.0.1 by Anonymous
2026-07-22 17:12:25.141 +05:30 [INF] [cf5fc6af-fb74-45bc-9fb3-25811ef750f7] GET /api/hostel responded 200 in 46ms
2026-07-22 17:12:25.151 +05:30 [INF] [d2c5f1e9-12e7-44bc-92db-d704a9419265] GET /api/hostel from 127.0.0.1 by Anonymous
2026-07-22 17:12:25.172 +05:30 [INF] [d2c5f1e9-12e7-44bc-92db-d704a9419265] GET /api/hostel responded 200 in 20ms
2026-07-22 17:12:29.785 +05:30 [INF] [918fe784-8c07-47ce-8dae-8893d750635a] GET /api/exams from 127.0.0.1 by Anonymous
2026-07-22 17:12:29.918 +05:30 [INF] [918fe784-8c07-47ce-8dae-8893d750635a] GET /api/exams responded 200 in 133ms
2026-07-22 17:12:29.946 +05:30 [INF] [8a46844e-4121-43ab-9a56-35bb321a14fb] GET /api/exams from 127.0.0.1 by Anonymous
2026-07-22 17:12:29.972 +05:30 [INF] [8a46844e-4121-43ab-9a56-35bb321a14fb] GET /api/exams responded 200 in 25ms
2026-07-22 17:12:36.441 +05:30 [INF] [713e80e4-b192-4b6a-b2ab-f6c77ff8d392] POST /api/auth/login from 127.0.0.1 by Anonymous
2026-07-22 17:12:36.842 +05:30 [INF] [713e80e4-b192-4b6a-b2ab-f6c77ff8d392] POST /api/auth/login responded 200 in 400ms
2026-07-22 17:12:36.888 +05:30 [INF] [b1365bb6-00cd-49fc-a79e-01781feaf615] POST /api/hostel/rooms from 127.0.0.1 by Anonymous
2026-07-22 17:12:37.122 +05:30 [INF] [b1365bb6-00cd-49fc-a79e-01781feaf615] POST /api/hostel/rooms responded 201 in 233ms
2026-07-22 17:12:37.453 +05:30 [INF] [27b025a7-1f41-471a-9308-d12afed776cc] GET /api/attendance from 127.0.0.1 by Anonymous
2026-07-22 17:12:37.943 +05:30 [INF] [27b025a7-1f41-471a-9308-d12afed776cc] GET /api/attendance responded 200 in 486ms
2026-07-22 17:12:37.981 +05:30 [INF] [db47aa32-e497-466b-9ff2-0d5a9295a965] GET /api/attendance from 127.0.0.1 by Anonymous
2026-07-22 17:12:38.029 +05:30 [INF] [db47aa32-e497-466b-9ff2-0d5a9295a965] GET /api/attendance responded 200 in 46ms
2026-07-22 17:12:40.318 +05:30 [INF] [f0742be9-cd6c-49f2-b0f2-ce92430741d1] GET /api/schools from 127.0.0.1 by Anonymous
2026-07-22 17:12:40.341 +05:30 [INF] [f0742be9-cd6c-49f2-b0f2-ce92430741d1] GET /api/schools responded 200 in 22ms
2026-07-22 17:12:40.363 +05:30 [INF] [221d9a1c-1fcd-4286-ae1f-1a85f50d9182] GET /api/schools from 127.0.0.1 by Anonymous
2026-07-22 17:12:40.390 +05:30 [INF] [221d9a1c-1fcd-4286-ae1f-1a85f50d9182] GET /api/schools responded 200 in 26ms
2026-07-22 17:12:40.416 +05:30 [INF] [8a34ba1f-2e5a-44bb-9701-fc409ea45db0] GET /api/schools/93cfbeb0-5697-4af4-9f0b-0115e7e2e14a/classes from 127.0.0.1 by Anonymous
2026-07-22 17:12:40.439 +05:30 [INF] [8a34ba1f-2e5a-44bb-9701-fc409ea45db0] GET /api/schools/93cfbeb0-5697-4af4-9f0b-0115e7e2e14a/classes responded 200 in 22ms
2026-07-22 17:12:40.472 +05:30 [INF] [d9501534-0bd7-47bf-a0e8-a0b3d2d32b88] GET /api/schools/93cfbeb0-5697-4af4-9f0b-0115e7e2e14a/classes from 127.0.0.1 by Anonymous
2026-07-22 17:12:40.494 +05:30 [INF] [d9501534-0bd7-47bf-a0e8-a0b3d2d32b88] GET /api/schools/93cfbeb0-5697-4af4-9f0b-0115e7e2e14a/classes responded 200 in 20ms
2026-07-22 17:12:45.919 +05:30 [INF] [d0d159c4-796a-44ca-84a7-10ccbb7a8cda] GET /api/schools/classes/2670db49-93f6-49ed-b41d-c696262c79df/sections from 127.0.0.1 by Anonymous
2026-07-22 17:12:46.005 +05:30 [INF] [d0d159c4-796a-44ca-84a7-10ccbb7a8cda] GET /api/schools/classes/2670db49-93f6-49ed-b41d-c696262c79df/sections responded 200 in 85ms
2026-07-22 17:12:47.616 +05:30 [INF] [3432279c-00a0-451c-83b1-8dda06bb9dd9] GET /api/students from 127.0.0.1 by Anonymous
2026-07-22 17:12:47.738 +05:30 [INF] [3432279c-00a0-451c-83b1-8dda06bb9dd9] GET /api/students responded 200 in 122ms
2026-07-22 17:12:54.468 +05:30 [INF] [1190be9a-1093-4e61-884b-e8dd86e84799] GET /api/students from 127.0.0.1 by Anonymous
2026-07-22 17:12:54.515 +05:30 [INF] [1190be9a-1093-4e61-884b-e8dd86e84799] GET /api/students responded 200 in 44ms
2026-07-22 17:13:04.711 +05:30 [INF] [e9aff5b4-5137-446a-aebf-7971b56786f8] POST /api/attendance from 127.0.0.1 by Anonymous
2026-07-22 17:13:04.757 +05:30 [INF] [e9aff5b4-5137-446a-aebf-7971b56786f8] POST /api/attendance responded 405 in 44ms
2026-07-22 17:13:14.485 +05:30 [INF] [81e83d51-7ac4-4255-a5cb-f3e4866762c2] POST /api/attendance from 127.0.0.1 by Anonymous
2026-07-22 17:13:14.504 +05:30 [INF] [81e83d51-7ac4-4255-a5cb-f3e4866762c2] POST /api/attendance responded 405 in 19ms
2026-07-22 17:13:29.985 +05:30 [INF] [35e372e8-aa7f-4364-82a7-5fbd8786ebdc] POST /api/attendance from 127.0.0.1 by Anonymous
2026-07-22 17:13:30.014 +05:30 [INF] [35e372e8-aa7f-4364-82a7-5fbd8786ebdc] POST /api/attendance responded 405 in 28ms
2026-07-22 17:13:36.812 +05:30 [INF] [b7e0b947-0dfc-44ea-acf7-dc4abcb09451] GET /api/employees from 127.0.0.1 by Anonymous
2026-07-22 17:13:37.068 +05:30 [INF] [b7e0b947-0dfc-44ea-acf7-dc4abcb09451] GET /api/employees responded 200 in 255ms
2026-07-22 17:13:37.079 +05:30 [INF] [e437042f-67b8-4ff3-8613-8723ea67f9f1] GET /api/employees from 127.0.0.1 by Anonymous
2026-07-22 17:13:37.116 +05:30 [INF] [e437042f-67b8-4ff3-8613-8723ea67f9f1] GET /api/employees responded 200 in 36ms
2026-07-22 17:13:44.512 +05:30 [INF] [4ecee47a-2e09-4e5e-9479-15100be750a7] GET /api/parents from 127.0.0.1 by Anonymous
2026-07-22 17:13:44.721 +05:30 [INF] [4ecee47a-2e09-4e5e-9479-15100be750a7] GET /api/parents responded 200 in 209ms
2026-07-22 17:13:44.732 +05:30 [INF] [aecd1711-8a69-41db-8cdf-a89c7161f599] GET /api/parents from 127.0.0.1 by Anonymous
2026-07-22 17:13:44.757 +05:30 [INF] [aecd1711-8a69-41db-8cdf-a89c7161f599] GET /api/parents responded 200 in 25ms
2026-07-22 17:13:49.706 +05:30 [INF] [ea95161a-b749-40cc-a008-e69d396c4319] GET /api/teachers from 127.0.0.1 by Anonymous
2026-07-22 17:13:50.139 +05:30 [INF] [ea95161a-b749-40cc-a008-e69d396c4319] GET /api/teachers responded 200 in 432ms
2026-07-22 17:13:50.173 +05:30 [INF] [73f75eb6-3445-4018-b2fa-4adb66d1cf8e] GET /api/teachers from 127.0.0.1 by Anonymous
2026-07-22 17:13:50.196 +05:30 [INF] [73f75eb6-3445-4018-b2fa-4adb66d1cf8e] GET /api/teachers responded 200 in 22ms
2026-07-22 17:14:03.266 +05:30 [INF] [a92cbc7e-30ec-495a-8585-93371c0db56b] GET /api/inventory from 127.0.0.1 by Anonymous
2026-07-22 17:14:03.341 +05:30 [INF] [a92cbc7e-30ec-495a-8585-93371c0db56b] GET /api/inventory responded 200 in 73ms
2026-07-22 17:14:03.351 +05:30 [INF] [21eacf0b-c874-408f-8948-fbd3872b3468] GET /api/inventory from 127.0.0.1 by Anonymous
2026-07-22 17:14:03.369 +05:30 [INF] [21eacf0b-c874-408f-8948-fbd3872b3468] GET /api/inventory responded 200 in 18ms
2026-07-22 17:14:07.030 +05:30 [INF] [d8bae9f1-47e2-4368-b533-f9b81e5701ac] GET /api/inventory/vendors from 127.0.0.1 by Anonymous
2026-07-22 17:14:07.030 +05:30 [INF] [4e73775a-2cbd-4f2c-a95f-ce3094c8e228] GET /api/inventory from 127.0.0.1 by Anonymous
2026-07-22 17:14:07.082 +05:30 [INF] [4e73775a-2cbd-4f2c-a95f-ce3094c8e228] GET /api/inventory responded 200 in 48ms
2026-07-22 17:14:07.110 +05:30 [INF] [3b833f67-d76c-43fc-b748-6dfd0a5a374d] GET /api/inventory from 127.0.0.1 by Anonymous
2026-07-22 17:14:07.140 +05:30 [INF] [3b833f67-d76c-43fc-b748-6dfd0a5a374d] GET /api/inventory responded 200 in 28ms
2026-07-22 17:14:07.168 +05:30 [INF] [d8bae9f1-47e2-4368-b533-f9b81e5701ac] GET /api/inventory/vendors responded 200 in 137ms
2026-07-22 17:14:07.187 +05:30 [INF] [2fc088e2-471b-4bfb-9c45-bd5b554f4dfb] GET /api/inventory/vendors from 127.0.0.1 by Anonymous
2026-07-22 17:14:07.210 +05:30 [INF] [2fc088e2-471b-4bfb-9c45-bd5b554f4dfb] GET /api/inventory/vendors responded 200 in 23ms
2026-07-22 17:14:40.032 +05:30 [INF] [29cbcabe-f3cb-4e06-9597-3d3948ad323f] POST /api/inventory from 127.0.0.1 by Anonymous
2026-07-22 17:14:40.209 +05:30 [ERR] Failed executing DbCommand (14ms) [Parameters=[@p0='?' (DbType = Guid), @p1='?' (DbType = Guid), @p2='?' (Size = 50), @p3='?' (DbType = DateTime), @p4='?' (Size = 4000), @p5='?' (DbType = Int32), @p6='?' (DbType = DateTime), @p7='?' (Size = 4000), @p8='?' (Size = 4000), @p9='?' (DbType = Boolean), @p10='?' (DbType = Boolean), @p11='?' (Size = 4000), @p12='?' (DbType = Int32), @p13='?' (DbType = Int32), @p14='?' (Size = 200), @p15='?' (DbType = Decimal), @p16='?' (DbType = Guid), @p17='?' (DbType = Decimal), @p18='?' (Size = 4000), @p19='?' (DbType = DateTime), @p20='?' (Size = 4000), @p21='?' (DbType = Guid)], CommandType='"Text"', CommandTimeout='30']
SET AUTOCOMMIT = 1;
INSERT INTO `InventoryItems` (`Id`, `CategoryId`, `Code`, `CreatedAt`, `CreatedBy`, `CurrentStock`, `DeletedAt`, `DeletedBy`, `Description`, `IsActive`, `IsDeleted`, `Location`, `MaximumStock`, `MinimumStock`, `Name`, `PurchasePrice`, `SchoolId`, `SellingPrice`, `Unit`, `UpdatedAt`, `UpdatedBy`, `VendorId`)
VALUES (@p0, @p1, @p2, @p3, @p4, @p5, @p6, @p7, @p8, @p9, @p10, @p11, @p12, @p13, @p14, @p15, @p16, @p17, @p18, @p19, @p20, @p21);
2026-07-22 17:14:40.240 +05:30 [ERR] An exception occurred in the database while saving changes for context type 'SchoolCRM.Infrastructure.Data.ApplicationDbContext'.
Microsoft.EntityFrameworkCore.DbUpdateException: An error occurred while saving the entity changes. See the inner exception for details.
 ---> MySqlConnector.MySqlException (0x80004005): Cannot add or update a child row: a foreign key constraint fails (`schoolcrm`.`InventoryItems`, CONSTRAINT `FK_InventoryItems_InventoryCategories_CategoryId` FOREIGN KEY (`CategoryId`) REFERENCES `InventoryCategories` (`Id`) ON DELETE CASCADE)
   at MySqlConnector.Core.ServerSession.ReceiveReplyAsync(IOBehavior ioBehavior, CancellationToken cancellationToken) in /_/src/MySqlConnector/Core/ServerSession.cs:line 894
   at MySqlConnector.Core.ResultSet.ReadResultSetHeaderAsync(IOBehavior ioBehavior) in /_/src/MySqlConnector/Core/ResultSet.cs:line 37
   at MySqlConnector.MySqlDataReader.ActivateResultSet(CancellationToken cancellationToken) in /_/src/MySqlConnector/MySqlDataReader.cs:line 130
   at MySqlConnector.MySqlDataReader.InitAsync(CommandListPosition commandListPosition, ICommandPayloadCreator payloadCreator, IDictionary`2 cachedProcedures, IMySqlCommand command, CommandBehavior behavior, Activity activity, IOBehavior ioBehavior, CancellationToken cancellationToken) in /_/src/MySqlConnector/MySqlDataReader.cs:line 483
   at MySqlConnector.Core.CommandExecutor.ExecuteReaderAsync(CommandListPosition commandListPosition, ICommandPayloadCreator payloadCreator, CommandBehavior behavior, Activity activity, IOBehavior ioBehavior, CancellationToken cancellationToken) in /_/src/MySqlConnector/Core/CommandExecutor.cs:line 56
   at MySqlConnector.MySqlCommand.ExecuteReaderAsync(CommandBehavior behavior, IOBehavior ioBehavior, CancellationToken cancellationToken) in /_/src/MySqlConnector/MySqlCommand.cs:line 357
   at MySqlConnector.MySqlCommand.ExecuteDbDataReaderAsync(CommandBehavior behavior, CancellationToken cancellationToken) in /_/src/MySqlConnector/MySqlCommand.cs:line 350
   at Microsoft.EntityFrameworkCore.Storage.RelationalCommand.ExecuteReaderAsync(RelationalCommandParameterObject parameterObject, CancellationToken cancellationToken)
   at Microsoft.EntityFrameworkCore.Storage.RelationalCommand.ExecuteReaderAsync(RelationalCommandParameterObject parameterObject, CancellationToken cancellationToken)
   at Microsoft.EntityFrameworkCore.Update.ReaderModificationCommandBatch.ExecuteAsync(IRelationalConnection connection, CancellationToken cancellationToken)
   --- End of inner exception stack trace ---
   at Microsoft.EntityFrameworkCore.Update.ReaderModificationCommandBatch.ExecuteAsync(IRelationalConnection connection, CancellationToken cancellationToken)
   at Microsoft.EntityFrameworkCore.Update.Internal.BatchExecutor.ExecuteAsync(IEnumerable`1 commandBatches, IRelationalConnection connection, CancellationToken cancellationToken)
   at Microsoft.EntityFrameworkCore.Update.Internal.BatchExecutor.ExecuteAsync(IEnumerable`1 commandBatches, IRelationalConnection connection, CancellationToken cancellationToken)
   at Microsoft.EntityFrameworkCore.Update.Internal.BatchExecutor.ExecuteAsync(IEnumerable`1 commandBatches, IRelationalConnection connection, CancellationToken cancellationToken)
   at Microsoft.EntityFrameworkCore.ChangeTracking.Internal.StateManager.SaveChangesAsync(IList`1 entriesToSave, CancellationToken cancellationToken)
   at Microsoft.EntityFrameworkCore.ChangeTracking.Internal.StateManager.SaveChangesAsync(StateManager stateManager, Boolean acceptAllChangesOnSuccess, CancellationToken cancellationToken)
   at Microsoft.EntityFrameworkCore.Storage.ExecutionStrategy.<>c__DisplayClass30_0`2.<<ExecuteAsync>b__0>d.MoveNext()
--- End of stack trace from previous location ---
   at Microsoft.EntityFrameworkCore.Storage.ExecutionStrategy.ExecuteImplementationAsync[TState,TResult](Func`4 operation, Func`4 verifySucceeded, TState state, CancellationToken cancellationToken)
   at Microsoft.EntityFrameworkCore.Storage.ExecutionStrategy.ExecuteImplementationAsync[TState,TResult](Func`4 operation, Func`4 verifySucceeded, TState state, CancellationToken cancellationToken)
   at Microsoft.EntityFrameworkCore.Storage.ExecutionStrategy.ExecuteAsync[TState,TResult](TState state, Func`4 operation, Func`4 verifySucceeded, CancellationToken cancellationToken)
   at Microsoft.EntityFrameworkCore.DbContext.SaveChangesAsync(Boolean acceptAllChangesOnSuccess, CancellationToken cancellationToken)
Microsoft.EntityFrameworkCore.DbUpdateException: An error occurred while saving the entity changes. See the inner exception for details.
 ---> MySqlConnector.MySqlException (0x80004005): Cannot add or update a child row: a foreign key constraint fails (`schoolcrm`.`InventoryItems`, CONSTRAINT `FK_InventoryItems_InventoryCategories_CategoryId` FOREIGN KEY (`CategoryId`) REFERENCES `InventoryCategories` (`Id`) ON DELETE CASCADE)
   at MySqlConnector.Core.ServerSession.ReceiveReplyAsync(IOBehavior ioBehavior, CancellationToken cancellationToken) in /_/src/MySqlConnector/Core/ServerSession.cs:line 894
   at MySqlConnector.Core.ResultSet.ReadResultSetHeaderAsync(IOBehavior ioBehavior) in /_/src/MySqlConnector/Core/ResultSet.cs:line 37
   at MySqlConnector.MySqlDataReader.ActivateResultSet(CancellationToken cancellationToken) in /_/src/MySqlConnector/MySqlDataReader.cs:line 130
   at MySqlConnector.MySqlDataReader.InitAsync(CommandListPosition commandListPosition, ICommandPayloadCreator payloadCreator, IDictionary`2 cachedProcedures, IMySqlCommand command, CommandBehavior behavior, Activity activity, IOBehavior ioBehavior, CancellationToken cancellationToken) in /_/src/MySqlConnector/MySqlDataReader.cs:line 483
   at MySqlConnector.Core.CommandExecutor.ExecuteReaderAsync(CommandListPosition commandListPosition, ICommandPayloadCreator payloadCreator, CommandBehavior behavior, Activity activity, IOBehavior ioBehavior, CancellationToken cancellationToken) in /_/src/MySqlConnector/Core/CommandExecutor.cs:line 56
   at MySqlConnector.MySqlCommand.ExecuteReaderAsync(CommandBehavior behavior, IOBehavior ioBehavior, CancellationToken cancellationToken) in /_/src/MySqlConnector/MySqlCommand.cs:line 357
   at MySqlConnector.MySqlCommand.ExecuteDbDataReaderAsync(CommandBehavior behavior, CancellationToken cancellationToken) in /_/src/MySqlConnector/MySqlCommand.cs:line 350
   at Microsoft.EntityFrameworkCore.Storage.RelationalCommand.ExecuteReaderAsync(RelationalCommandParameterObject parameterObject, CancellationToken cancellationToken)
   at Microsoft.EntityFrameworkCore.Storage.RelationalCommand.ExecuteReaderAsync(RelationalCommandParameterObject parameterObject, CancellationToken cancellationToken)
   at Microsoft.EntityFrameworkCore.Update.ReaderModificationCommandBatch.ExecuteAsync(IRelationalConnection connection, CancellationToken cancellationToken)
   --- End of inner exception stack trace ---
   at Microsoft.EntityFrameworkCore.Update.ReaderModificationCommandBatch.ExecuteAsync(IRelationalConnection connection, CancellationToken cancellationToken)
   at Microsoft.EntityFrameworkCore.Update.Internal.BatchExecutor.ExecuteAsync(IEnumerable`1 commandBatches, IRelationalConnection connection, CancellationToken cancellationToken)
   at Microsoft.EntityFrameworkCore.Update.Internal.BatchExecutor.ExecuteAsync(IEnumerable`1 commandBatches, IRelationalConnection connection, CancellationToken cancellationToken)
   at Microsoft.EntityFrameworkCore.Update.Internal.BatchExecutor.ExecuteAsync(IEnumerable`1 commandBatches, IRelationalConnection connection, CancellationToken cancellationToken)
   at Microsoft.EntityFrameworkCore.ChangeTracking.Internal.StateManager.SaveChangesAsync(IList`1 entriesToSave, CancellationToken cancellationToken)
   at Microsoft.EntityFrameworkCore.ChangeTracking.Internal.StateManager.SaveChangesAsync(StateManager stateManager, Boolean acceptAllChangesOnSuccess, CancellationToken cancellationToken)
   at Microsoft.EntityFrameworkCore.Storage.ExecutionStrategy.<>c__DisplayClass30_0`2.<<ExecuteAsync>b__0>d.MoveNext()
--- End of stack trace from previous location ---
   at Microsoft.EntityFrameworkCore.Storage.ExecutionStrategy.ExecuteImplementationAsync[TState,TResult](Func`4 operation, Func`4 verifySucceeded, TState state, CancellationToken cancellationToken)
   at Microsoft.EntityFrameworkCore.Storage.ExecutionStrategy.ExecuteImplementationAsync[TState,TResult](Func`4 operation, Func`4 verifySucceeded, TState state, CancellationToken cancellationToken)
   at Microsoft.EntityFrameworkCore.Storage.ExecutionStrategy.ExecuteAsync[TState,TResult](TState state, Func`4 operation, Func`4 verifySucceeded, CancellationToken cancellationToken)
   at Microsoft.EntityFrameworkCore.DbContext.SaveChangesAsync(Boolean acceptAllChangesOnSuccess, CancellationToken cancellationToken)
2026-07-22 17:14:40.247 +05:30 [INF] [29cbcabe-f3cb-4e06-9597-3d3948ad323f] POST /api/inventory responded 400 in 215ms
2026-07-22 17:14:46.492 +05:30 [INF] [e25fd80b-e8e1-4370-8af6-2651811f5b6b] GET /api/inventory from 127.0.0.1 by Anonymous
2026-07-22 17:14:46.518 +05:30 [INF] [e25fd80b-e8e1-4370-8af6-2651811f5b6b] GET /api/inventory responded 200 in 25ms
2026-07-22 17:14:46.535 +05:30 [INF] [eda2de98-028f-4c11-b7de-3f979470e38f] GET /api/inventory from 127.0.0.1 by Anonymous
2026-07-22 17:14:46.553 +05:30 [INF] [eda2de98-028f-4c11-b7de-3f979470e38f] GET /api/inventory responded 200 in 17ms
2026-07-22 17:14:50.314 +05:30 [INF] [cdfddca2-5abb-4e4b-b54f-6e346e1333bd] GET /api/accounts/income from 127.0.0.1 by Anonymous
2026-07-22 17:14:50.386 +05:30 [INF] [cdfddca2-5abb-4e4b-b54f-6e346e1333bd] GET /api/accounts/income responded 200 in 72ms
2026-07-22 17:14:50.403 +05:30 [INF] [e8975521-cad7-4ba1-9c15-b7849458560d] GET /api/accounts/income from 127.0.0.1 by Anonymous
2026-07-22 17:14:50.425 +05:30 [INF] [e8975521-cad7-4ba1-9c15-b7849458560d] GET /api/accounts/income responded 200 in 20ms
2026-07-22 17:14:55.416 +05:30 [INF] [2e234bf7-5648-4367-af11-564e46377941] GET /api/accounts/expense from 127.0.0.1 by Anonymous
2026-07-22 17:14:55.497 +05:30 [INF] [2e234bf7-5648-4367-af11-564e46377941] GET /api/accounts/expense responded 200 in 80ms
2026-07-22 17:15:03.506 +05:30 [INF] [0f89fb52-8d13-4515-b312-8b4e8b720ff4] GET /api/accounts/income from 127.0.0.1 by Anonymous
2026-07-22 17:15:03.532 +05:30 [INF] [0f89fb52-8d13-4515-b312-8b4e8b720ff4] GET /api/accounts/income responded 200 in 24ms
2026-07-22 17:15:29.673 +05:30 [INF] [73a201ae-68c8-4747-bf15-2ea386dc0b7a] POST /api/accounts/income from 127.0.0.1 by Anonymous
2026-07-22 17:15:29.863 +05:30 [ERR] Failed executing DbCommand (8ms) [Parameters=[@p0='?' (DbType = Guid), @p1='?' (DbType = Guid), @p2='?' (DbType = Decimal), @p3='?' (Size = 4000), @p4='?' (DbType = DateTime), @p5='?' (Size = 4000), @p6='?' (DbType = DateTime), @p7='?' (DbType = DateTime), @p8='?' (Size = 4000), @p9='?' (Size = 500), @p10='?' (DbType = Boolean), @p11='?' (DbType = Boolean), @p12='?' (DbType = Int32), @p13='?' (Size = 4000), @p14='?' (Size = 4000), @p15='?' (Size = 4000), @p16='?' (Size = 4000), @p17='?' (DbType = Guid), @p18='?' (Size = 4000), @p19='?' (DbType = DateTime), @p20='?' (Size = 4000), @p21='?' (Size = 4000)], CommandType='"Text"', CommandTimeout='30']
SET AUTOCOMMIT = 1;
INSERT INTO `Incomes` (`Id`, `AccountHeadId`, `Amount`, `Category`, `CreatedAt`, `CreatedBy`, `Date`, `DeletedAt`, `DeletedBy`, `Description`, `IsDeleted`, `IsVerified`, `PaymentMethod`, `ReceiptNumber`, `ReceivedBy`, `ReceivedFrom`, `Remarks`, `SchoolId`, `TransactionReference`, `UpdatedAt`, `UpdatedBy`, `VerifiedBy`)
VALUES (@p0, @p1, @p2, @p3, @p4, @p5, @p6, @p7, @p8, @p9, @p10, @p11, @p12, @p13, @p14, @p15, @p16, @p17, @p18, @p19, @p20, @p21);
2026-07-22 17:15:29.868 +05:30 [ERR] An exception occurred in the database while saving changes for context type 'SchoolCRM.Infrastructure.Data.ApplicationDbContext'.
Microsoft.EntityFrameworkCore.DbUpdateException: An error occurred while saving the entity changes. See the inner exception for details.
 ---> MySqlConnector.MySqlException (0x80004005): Cannot add or update a child row: a foreign key constraint fails (`schoolcrm`.`Incomes`, CONSTRAINT `FK_Incomes_AccountHeads_AccountHeadId` FOREIGN KEY (`AccountHeadId`) REFERENCES `AccountHeads` (`Id`) ON DELETE CASCADE)
   at MySqlConnector.Core.ServerSession.ReceiveReplyAsync(IOBehavior ioBehavior, CancellationToken cancellationToken) in /_/src/MySqlConnector/Core/ServerSession.cs:line 894
   at MySqlConnector.Core.ResultSet.ReadResultSetHeaderAsync(IOBehavior ioBehavior) in /_/src/MySqlConnector/Core/ResultSet.cs:line 37
   at MySqlConnector.MySqlDataReader.ActivateResultSet(CancellationToken cancellationToken) in /_/src/MySqlConnector/MySqlDataReader.cs:line 130
   at MySqlConnector.MySqlDataReader.InitAsync(CommandListPosition commandListPosition, ICommandPayloadCreator payloadCreator, IDictionary`2 cachedProcedures, IMySqlCommand command, CommandBehavior behavior, Activity activity, IOBehavior ioBehavior, CancellationToken cancellationToken) in /_/src/MySqlConnector/MySqlDataReader.cs:line 483
   at MySqlConnector.Core.CommandExecutor.ExecuteReaderAsync(CommandListPosition commandListPosition, ICommandPayloadCreator payloadCreator, CommandBehavior behavior, Activity activity, IOBehavior ioBehavior, CancellationToken cancellationToken) in /_/src/MySqlConnector/Core/CommandExecutor.cs:line 56
   at MySqlConnector.MySqlCommand.ExecuteReaderAsync(CommandBehavior behavior, IOBehavior ioBehavior, CancellationToken cancellationToken) in /_/src/MySqlConnector/MySqlCommand.cs:line 357
   at MySqlConnector.MySqlCommand.ExecuteDbDataReaderAsync(CommandBehavior behavior, CancellationToken cancellationToken) in /_/src/MySqlConnector/MySqlCommand.cs:line 350
   at Microsoft.EntityFrameworkCore.Storage.RelationalCommand.ExecuteReaderAsync(RelationalCommandParameterObject parameterObject, CancellationToken cancellationToken)
   at Microsoft.EntityFrameworkCore.Storage.RelationalCommand.ExecuteReaderAsync(RelationalCommandParameterObject parameterObject, CancellationToken cancellationToken)
   at Microsoft.EntityFrameworkCore.Update.ReaderModificationCommandBatch.ExecuteAsync(IRelationalConnection connection, CancellationToken cancellationToken)
   --- End of inner exception stack trace ---
   at Microsoft.EntityFrameworkCore.Update.ReaderModificationCommandBatch.ExecuteAsync(IRelationalConnection connection, CancellationToken cancellationToken)
   at Microsoft.EntityFrameworkCore.Update.Internal.BatchExecutor.ExecuteAsync(IEnumerable`1 commandBatches, IRelationalConnection connection, CancellationToken cancellationToken)
   at Microsoft.EntityFrameworkCore.Update.Internal.BatchExecutor.ExecuteAsync(IEnumerable`1 commandBatches, IRelationalConnection connection, CancellationToken cancellationToken)
   at Microsoft.EntityFrameworkCore.Update.Internal.BatchExecutor.ExecuteAsync(IEnumerable`1 commandBatches, IRelationalConnection connection, CancellationToken cancellationToken)
   at Microsoft.EntityFrameworkCore.ChangeTracking.Internal.StateManager.SaveChangesAsync(IList`1 entriesToSave, CancellationToken cancellationToken)
   at Microsoft.EntityFrameworkCore.ChangeTracking.Internal.StateManager.SaveChangesAsync(StateManager stateManager, Boolean acceptAllChangesOnSuccess, CancellationToken cancellationToken)
   at Microsoft.EntityFrameworkCore.Storage.ExecutionStrategy.<>c__DisplayClass30_0`2.<<ExecuteAsync>b__0>d.MoveNext()
--- End of stack trace from previous location ---
   at Microsoft.EntityFrameworkCore.Storage.ExecutionStrategy.ExecuteImplementationAsync[TState,TResult](Func`4 operation, Func`4 verifySucceeded, TState state, CancellationToken cancellationToken)
   at Microsoft.EntityFrameworkCore.Storage.ExecutionStrategy.ExecuteImplementationAsync[TState,TResult](Func`4 operation, Func`4 verifySucceeded, TState state, CancellationToken cancellationToken)
   at Microsoft.EntityFrameworkCore.Storage.ExecutionStrategy.ExecuteAsync[TState,TResult](TState state, Func`4 operation, Func`4 verifySucceeded, CancellationToken cancellationToken)
   at Microsoft.EntityFrameworkCore.DbContext.SaveChangesAsync(Boolean acceptAllChangesOnSuccess, CancellationToken cancellationToken)
Microsoft.EntityFrameworkCore.DbUpdateException: An error occurred while saving the entity changes. See the inner exception for details.
 ---> MySqlConnector.MySqlException (0x80004005): Cannot add or update a child row: a foreign key constraint fails (`schoolcrm`.`Incomes`, CONSTRAINT `FK_Incomes_AccountHeads_AccountHeadId` FOREIGN KEY (`AccountHeadId`) REFERENCES `AccountHeads` (`Id`) ON DELETE CASCADE)
   at MySqlConnector.Core.ServerSession.ReceiveReplyAsync(IOBehavior ioBehavior, CancellationToken cancellationToken) in /_/src/MySqlConnector/Core/ServerSession.cs:line 894
   at MySqlConnector.Core.ResultSet.ReadResultSetHeaderAsync(IOBehavior ioBehavior) in /_/src/MySqlConnector/Core/ResultSet.cs:line 37
   at MySqlConnector.MySqlDataReader.ActivateResultSet(CancellationToken cancellationToken) in /_/src/MySqlConnector/MySqlDataReader.cs:line 130
   at MySqlConnector.MySqlDataReader.InitAsync(CommandListPosition commandListPosition, ICommandPayloadCreator payloadCreator, IDictionary`2 cachedProcedures, IMySqlCommand command, CommandBehavior behavior, Activity activity, IOBehavior ioBehavior, CancellationToken cancellationToken) in /_/src/MySqlConnector/MySqlDataReader.cs:line 483
   at MySqlConnector.Core.CommandExecutor.ExecuteReaderAsync(CommandListPosition commandListPosition, ICommandPayloadCreator payloadCreator, CommandBehavior behavior, Activity activity, IOBehavior ioBehavior, CancellationToken cancellationToken) in /_/src/MySqlConnector/Core/CommandExecutor.cs:line 56
   at MySqlConnector.MySqlCommand.ExecuteReaderAsync(CommandBehavior behavior, IOBehavior ioBehavior, CancellationToken cancellationToken) in /_/src/MySqlConnector/MySqlCommand.cs:line 357
   at MySqlConnector.MySqlCommand.ExecuteDbDataReaderAsync(CommandBehavior behavior, CancellationToken cancellationToken) in /_/src/MySqlConnector/MySqlCommand.cs:line 350
   at Microsoft.EntityFrameworkCore.Storage.RelationalCommand.ExecuteReaderAsync(RelationalCommandParameterObject parameterObject, CancellationToken cancellationToken)
   at Microsoft.EntityFrameworkCore.Storage.RelationalCommand.ExecuteReaderAsync(RelationalCommandParameterObject parameterObject, CancellationToken cancellationToken)
   at Microsoft.EntityFrameworkCore.Update.ReaderModificationCommandBatch.ExecuteAsync(IRelationalConnection connection, CancellationToken cancellationToken)
   --- End of inner exception stack trace ---
   at Microsoft.EntityFrameworkCore.Update.ReaderModificationCommandBatch.ExecuteAsync(IRelationalConnection connection, CancellationToken cancellationToken)
   at Microsoft.EntityFrameworkCore.Update.Internal.BatchExecutor.ExecuteAsync(IEnumerable`1 commandBatches, IRelationalConnection connection, CancellationToken cancellationToken)
   at Microsoft.EntityFrameworkCore.Update.Internal.BatchExecutor.ExecuteAsync(IEnumerable`1 commandBatches, IRelationalConnection connection, CancellationToken cancellationToken)
   at Microsoft.EntityFrameworkCore.Update.Internal.BatchExecutor.ExecuteAsync(IEnumerable`1 commandBatches, IRelationalConnection connection, CancellationToken cancellationToken)
   at Microsoft.EntityFrameworkCore.ChangeTracking.Internal.StateManager.SaveChangesAsync(IList`1 entriesToSave, CancellationToken cancellationToken)
   at Microsoft.EntityFrameworkCore.ChangeTracking.Internal.StateManager.SaveChangesAsync(StateManager stateManager, Boolean acceptAllChangesOnSuccess, CancellationToken cancellationToken)
   at Microsoft.EntityFrameworkCore.Storage.ExecutionStrategy.<>c__DisplayClass30_0`2.<<ExecuteAsync>b__0>d.MoveNext()
--- End of stack trace from previous location ---
   at Microsoft.EntityFrameworkCore.Storage.ExecutionStrategy.ExecuteImplementationAsync[TState,TResult](Func`4 operation, Func`4 verifySucceeded, TState state, CancellationToken cancellationToken)
   at Microsoft.EntityFrameworkCore.Storage.ExecutionStrategy.ExecuteImplementationAsync[TState,TResult](Func`4 operation, Func`4 verifySucceeded, TState state, CancellationToken cancellationToken)
   at Microsoft.EntityFrameworkCore.Storage.ExecutionStrategy.ExecuteAsync[TState,TResult](TState state, Func`4 operation, Func`4 verifySucceeded, CancellationToken cancellationToken)
   at Microsoft.EntityFrameworkCore.DbContext.SaveChangesAsync(Boolean acceptAllChangesOnSuccess, CancellationToken cancellationToken)
2026-07-22 17:15:29.874 +05:30 [INF] [73a201ae-68c8-4747-bf15-2ea386dc0b7a] POST /api/accounts/income responded 400 in 200ms
2026-07-22 17:15:36.973 +05:30 [INF] [4c4a4d8d-2e0c-4008-8bc9-1be568a22130] GET /api/notifications from 127.0.0.1 by Anonymous
2026-07-22 17:15:37.070 +05:30 [INF] [4c4a4d8d-2e0c-4008-8bc9-1be568a22130] GET /api/notifications responded 200 in 94ms
2026-07-22 17:15:37.076 +05:30 [INF] [4a2962c5-3e4f-4f6e-987c-4aaae9f08538] GET /api/notifications from 127.0.0.1 by Anonymous
2026-07-22 17:15:37.096 +05:30 [INF] [4a2962c5-3e4f-4f6e-987c-4aaae9f08538] GET /api/notifications responded 200 in 20ms
2026-07-22 17:15:53.910 +05:30 [INF] [13aa15b7-034c-43c5-bf44-b6f80ee7a214] GET /api/reports/generate from 127.0.0.1 by Anonymous
2026-07-22 17:15:53.947 +05:30 [INF] [13aa15b7-034c-43c5-bf44-b6f80ee7a214] GET /api/reports/generate responded 400 in 35ms
2026-07-22 17:16:01.086 +05:30 [INF] [399e027f-8ad1-4c14-9005-86c158617c2b] GET /api/schools from 127.0.0.1 by Anonymous
2026-07-22 17:16:01.120 +05:30 [INF] [399e027f-8ad1-4c14-9005-86c158617c2b] GET /api/schools responded 200 in 33ms
2026-07-22 17:16:01.131 +05:30 [INF] [d9617fe5-2606-49f4-84f5-9f56c38f7c9b] GET /api/schools from 127.0.0.1 by Anonymous
2026-07-22 17:16:01.157 +05:30 [INF] [d9617fe5-2606-49f4-84f5-9f56c38f7c9b] GET /api/schools responded 200 in 25ms
2026-07-22 17:16:06.693 +05:30 [INF] [16e4738c-c94a-4b1f-83f6-d81be5890bfc] GET /api/academic-years from 127.0.0.1 by Anonymous
2026-07-22 17:16:06.714 +05:30 [INF] [16e4738c-c94a-4b1f-83f6-d81be5890bfc] GET /api/academic-years responded 404 in 20ms
2026-07-22 17:16:06.729 +05:30 [INF] [3f6dc893-d8f7-4be9-978c-ac6947849c56] GET /api/academic-years from 127.0.0.1 by Anonymous
2026-07-22 17:16:06.752 +05:30 [INF] [3f6dc893-d8f7-4be9-978c-ac6947849c56] GET /api/academic-years responded 404 in 23ms
2026-07-22 17:16:12.175 +05:30 [INF] [5f179112-cfd3-4b9a-9cde-1e60469ff7d5] GET /api/academic-years from 127.0.0.1 by Anonymous
2026-07-22 17:16:12.192 +05:30 [INF] [5f179112-cfd3-4b9a-9cde-1e60469ff7d5] GET /api/academic-years responded 404 in 15ms
2026-07-22 17:16:12.203 +05:30 [INF] [42d72020-55f5-4614-a593-2162ac24ab3c] GET /api/academic-years from 127.0.0.1 by Anonymous
2026-07-22 17:16:12.218 +05:30 [INF] [42d72020-55f5-4614-a593-2162ac24ab3c] GET /api/academic-years responded 404 in 14ms
2026-07-22 17:16:12.988 +05:30 [INF] [58751283-f520-4c05-93e7-b87c81ab8496] GET /api/schools from 127.0.0.1 by Anonymous
2026-07-22 17:16:13.009 +05:30 [INF] [58751283-f520-4c05-93e7-b87c81ab8496] GET /api/schools responded 200 in 21ms
2026-07-22 17:16:13.019 +05:30 [INF] [db85d358-2f6b-4807-989b-8922c430b89b] GET /api/schools from 127.0.0.1 by Anonymous
2026-07-22 17:16:13.039 +05:30 [INF] [db85d358-2f6b-4807-989b-8922c430b89b] GET /api/schools responded 200 in 19ms
2026-07-22 17:16:20.183 +05:30 [INF] [f6bd165a-553c-41f3-9476-fd2085ddc6f7] PUT /api/schools from 127.0.0.1 by Anonymous
2026-07-22 17:16:20.197 +05:30 [INF] [f6bd165a-553c-41f3-9476-fd2085ddc6f7] PUT /api/schools responded 405 in 13ms
2026-07-22 17:16:26.373 +05:30 [INF] [df47d7e2-a79a-4825-b4e6-980b95e88b98] GET /api/notifications/announcements from 127.0.0.1 by Anonymous
2026-07-22 17:16:26.384 +05:30 [INF] [df47d7e2-a79a-4825-b4e6-980b95e88b98] GET /api/notifications/announcements responded 404 in 11ms
2026-07-22 17:16:26.403 +05:30 [INF] [5a50075e-92d6-413b-8d4c-51b1f9e08efd] GET /api/notifications/announcements from 127.0.0.1 by Anonymous
2026-07-22 17:16:26.418 +05:30 [INF] [5a50075e-92d6-413b-8d4c-51b1f9e08efd] GET /api/notifications/announcements responded 404 in 14ms
2026-07-22 17:20:23.348 +05:30 [INF] [d3cb2ed9-29b5-43e8-8fcd-f4663019ba59] POST /api/auth/login from 127.0.0.1 by Anonymous
2026-07-22 17:20:24.160 +05:30 [INF] [d3cb2ed9-29b5-43e8-8fcd-f4663019ba59] POST /api/auth/login responded 200 in 811ms
2026-07-22 17:20:24.203 +05:30 [INF] [25628fe5-04c6-480f-82bd-bbede223d0bc] POST /api/accounts/income from 127.0.0.1 by Anonymous
2026-07-22 17:20:24.245 +05:30 [ERR] Failed executing DbCommand (19ms) [Parameters=[@p0='?' (DbType = Guid), @p1='?' (DbType = Guid), @p2='?' (DbType = Decimal), @p3='?' (Size = 4000), @p4='?' (DbType = DateTime), @p5='?' (Size = 4000), @p6='?' (DbType = DateTime), @p7='?' (DbType = DateTime), @p8='?' (Size = 4000), @p9='?' (Size = 500), @p10='?' (DbType = Boolean), @p11='?' (DbType = Boolean), @p12='?' (DbType = Int32), @p13='?' (Size = 4000), @p14='?' (Size = 4000), @p15='?' (Size = 4000), @p16='?' (Size = 4000), @p17='?' (DbType = Guid), @p18='?' (Size = 4000), @p19='?' (DbType = DateTime), @p20='?' (Size = 4000), @p21='?' (Size = 4000)], CommandType='"Text"', CommandTimeout='30']
SET AUTOCOMMIT = 1;
INSERT INTO `Incomes` (`Id`, `AccountHeadId`, `Amount`, `Category`, `CreatedAt`, `CreatedBy`, `Date`, `DeletedAt`, `DeletedBy`, `Description`, `IsDeleted`, `IsVerified`, `PaymentMethod`, `ReceiptNumber`, `ReceivedBy`, `ReceivedFrom`, `Remarks`, `SchoolId`, `TransactionReference`, `UpdatedAt`, `UpdatedBy`, `VerifiedBy`)
VALUES (@p0, @p1, @p2, @p3, @p4, @p5, @p6, @p7, @p8, @p9, @p10, @p11, @p12, @p13, @p14, @p15, @p16, @p17, @p18, @p19, @p20, @p21);
2026-07-22 17:20:24.256 +05:30 [ERR] An exception occurred in the database while saving changes for context type 'SchoolCRM.Infrastructure.Data.ApplicationDbContext'.
Microsoft.EntityFrameworkCore.DbUpdateException: An error occurred while saving the entity changes. See the inner exception for details.
 ---> MySqlConnector.MySqlException (0x80004005): Cannot add or update a child row: a foreign key constraint fails (`schoolcrm`.`Incomes`, CONSTRAINT `FK_Incomes_AccountHeads_AccountHeadId` FOREIGN KEY (`AccountHeadId`) REFERENCES `AccountHeads` (`Id`) ON DELETE CASCADE)
   at MySqlConnector.Core.ServerSession.ReceiveReplyAsync(IOBehavior ioBehavior, CancellationToken cancellationToken) in /_/src/MySqlConnector/Core/ServerSession.cs:line 894
   at MySqlConnector.Core.ResultSet.ReadResultSetHeaderAsync(IOBehavior ioBehavior) in /_/src/MySqlConnector/Core/ResultSet.cs:line 37
   at MySqlConnector.MySqlDataReader.ActivateResultSet(CancellationToken cancellationToken) in /_/src/MySqlConnector/MySqlDataReader.cs:line 130
   at MySqlConnector.MySqlDataReader.InitAsync(CommandListPosition commandListPosition, ICommandPayloadCreator payloadCreator, IDictionary`2 cachedProcedures, IMySqlCommand command, CommandBehavior behavior, Activity activity, IOBehavior ioBehavior, CancellationToken cancellationToken) in /_/src/MySqlConnector/MySqlDataReader.cs:line 483
   at MySqlConnector.Core.CommandExecutor.ExecuteReaderAsync(CommandListPosition commandListPosition, ICommandPayloadCreator payloadCreator, CommandBehavior behavior, Activity activity, IOBehavior ioBehavior, CancellationToken cancellationToken) in /_/src/MySqlConnector/Core/CommandExecutor.cs:line 56
   at MySqlConnector.MySqlCommand.ExecuteReaderAsync(CommandBehavior behavior, IOBehavior ioBehavior, CancellationToken cancellationToken) in /_/src/MySqlConnector/MySqlCommand.cs:line 357
   at MySqlConnector.MySqlCommand.ExecuteDbDataReaderAsync(CommandBehavior behavior, CancellationToken cancellationToken) in /_/src/MySqlConnector/MySqlCommand.cs:line 350
   at Microsoft.EntityFrameworkCore.Storage.RelationalCommand.ExecuteReaderAsync(RelationalCommandParameterObject parameterObject, CancellationToken cancellationToken)
   at Microsoft.EntityFrameworkCore.Storage.RelationalCommand.ExecuteReaderAsync(RelationalCommandParameterObject parameterObject, CancellationToken cancellationToken)
   at Microsoft.EntityFrameworkCore.Update.ReaderModificationCommandBatch.ExecuteAsync(IRelationalConnection connection, CancellationToken cancellationToken)
   --- End of inner exception stack trace ---
   at Microsoft.EntityFrameworkCore.Update.ReaderModificationCommandBatch.ExecuteAsync(IRelationalConnection connection, CancellationToken cancellationToken)
   at Microsoft.EntityFrameworkCore.Update.Internal.BatchExecutor.ExecuteAsync(IEnumerable`1 commandBatches, IRelationalConnection connection, CancellationToken cancellationToken)
   at Microsoft.EntityFrameworkCore.Update.Internal.BatchExecutor.ExecuteAsync(IEnumerable`1 commandBatches, IRelationalConnection connection, CancellationToken cancellationToken)
   at Microsoft.EntityFrameworkCore.Update.Internal.BatchExecutor.ExecuteAsync(IEnumerable`1 commandBatches, IRelationalConnection connection, CancellationToken cancellationToken)
   at Microsoft.EntityFrameworkCore.ChangeTracking.Internal.StateManager.SaveChangesAsync(IList`1 entriesToSave, CancellationToken cancellationToken)
   at Microsoft.EntityFrameworkCore.ChangeTracking.Internal.StateManager.SaveChangesAsync(StateManager stateManager, Boolean acceptAllChangesOnSuccess, CancellationToken cancellationToken)
   at Microsoft.EntityFrameworkCore.Storage.ExecutionStrategy.<>c__DisplayClass30_0`2.<<ExecuteAsync>b__0>d.MoveNext()
--- End of stack trace from previous location ---
   at Microsoft.EntityFrameworkCore.Storage.ExecutionStrategy.ExecuteImplementationAsync[TState,TResult](Func`4 operation, Func`4 verifySucceeded, TState state, CancellationToken cancellationToken)
   at Microsoft.EntityFrameworkCore.Storage.ExecutionStrategy.ExecuteImplementationAsync[TState,TResult](Func`4 operation, Func`4 verifySucceeded, TState state, CancellationToken cancellationToken)
   at Microsoft.EntityFrameworkCore.Storage.ExecutionStrategy.ExecuteAsync[TState,TResult](TState state, Func`4 operation, Func`4 verifySucceeded, CancellationToken cancellationToken)
   at Microsoft.EntityFrameworkCore.DbContext.SaveChangesAsync(Boolean acceptAllChangesOnSuccess, CancellationToken cancellationToken)
Microsoft.EntityFrameworkCore.DbUpdateException: An error occurred while saving the entity changes. See the inner exception for details.
 ---> MySqlConnector.MySqlException (0x80004005): Cannot add or update a child row: a foreign key constraint fails (`schoolcrm`.`Incomes`, CONSTRAINT `FK_Incomes_AccountHeads_AccountHeadId` FOREIGN KEY (`AccountHeadId`) REFERENCES `AccountHeads` (`Id`) ON DELETE CASCADE)
   at MySqlConnector.Core.ServerSession.ReceiveReplyAsync(IOBehavior ioBehavior, CancellationToken cancellationToken) in /_/src/MySqlConnector/Core/ServerSession.cs:line 894
   at MySqlConnector.Core.ResultSet.ReadResultSetHeaderAsync(IOBehavior ioBehavior) in /_/src/MySqlConnector/Core/ResultSet.cs:line 37
   at MySqlConnector.MySqlDataReader.ActivateResultSet(CancellationToken cancellationToken) in /_/src/MySqlConnector/MySqlDataReader.cs:line 130
   at MySqlConnector.MySqlDataReader.InitAsync(CommandListPosition commandListPosition, ICommandPayloadCreator payloadCreator, IDictionary`2 cachedProcedures, IMySqlCommand command, CommandBehavior behavior, Activity activity, IOBehavior ioBehavior, CancellationToken cancellationToken) in /_/src/MySqlConnector/MySqlDataReader.cs:line 483
   at MySqlConnector.Core.CommandExecutor.ExecuteReaderAsync(CommandListPosition commandListPosition, ICommandPayloadCreator payloadCreator, CommandBehavior behavior, Activity activity, IOBehavior ioBehavior, CancellationToken cancellationToken) in /_/src/MySqlConnector/Core/CommandExecutor.cs:line 56
   at MySqlConnector.MySqlCommand.ExecuteReaderAsync(CommandBehavior behavior, IOBehavior ioBehavior, CancellationToken cancellationToken) in /_/src/MySqlConnector/MySqlCommand.cs:line 357
   at MySqlConnector.MySqlCommand.ExecuteDbDataReaderAsync(CommandBehavior behavior, CancellationToken cancellationToken) in /_/src/MySqlConnector/MySqlCommand.cs:line 350
   at Microsoft.EntityFrameworkCore.Storage.RelationalCommand.ExecuteReaderAsync(RelationalCommandParameterObject parameterObject, CancellationToken cancellationToken)
   at Microsoft.EntityFrameworkCore.Storage.RelationalCommand.ExecuteReaderAsync(RelationalCommandParameterObject parameterObject, CancellationToken cancellationToken)
   at Microsoft.EntityFrameworkCore.Update.ReaderModificationCommandBatch.ExecuteAsync(IRelationalConnection connection, CancellationToken cancellationToken)
   --- End of inner exception stack trace ---
   at Microsoft.EntityFrameworkCore.Update.ReaderModificationCommandBatch.ExecuteAsync(IRelationalConnection connection, CancellationToken cancellationToken)
   at Microsoft.EntityFrameworkCore.Update.Internal.BatchExecutor.ExecuteAsync(IEnumerable`1 commandBatches, IRelationalConnection connection, CancellationToken cancellationToken)
   at Microsoft.EntityFrameworkCore.Update.Internal.BatchExecutor.ExecuteAsync(IEnumerable`1 commandBatches, IRelationalConnection connection, CancellationToken cancellationToken)
   at Microsoft.EntityFrameworkCore.Update.Internal.BatchExecutor.ExecuteAsync(IEnumerable`1 commandBatches, IRelationalConnection connection, CancellationToken cancellationToken)
   at Microsoft.EntityFrameworkCore.ChangeTracking.Internal.StateManager.SaveChangesAsync(IList`1 entriesToSave, CancellationToken cancellationToken)
   at Microsoft.EntityFrameworkCore.ChangeTracking.Internal.StateManager.SaveChangesAsync(StateManager stateManager, Boolean acceptAllChangesOnSuccess, CancellationToken cancellationToken)
   at Microsoft.EntityFrameworkCore.Storage.ExecutionStrategy.<>c__DisplayClass30_0`2.<<ExecuteAsync>b__0>d.MoveNext()
--- End of stack trace from previous location ---
   at Microsoft.EntityFrameworkCore.Storage.ExecutionStrategy.ExecuteImplementationAsync[TState,TResult](Func`4 operation, Func`4 verifySucceeded, TState state, CancellationToken cancellationToken)
   at Microsoft.EntityFrameworkCore.Storage.ExecutionStrategy.ExecuteImplementationAsync[TState,TResult](Func`4 operation, Func`4 verifySucceeded, TState state, CancellationToken cancellationToken)
   at Microsoft.EntityFrameworkCore.Storage.ExecutionStrategy.ExecuteAsync[TState,TResult](TState state, Func`4 operation, Func`4 verifySucceeded, CancellationToken cancellationToken)
   at Microsoft.EntityFrameworkCore.DbContext.SaveChangesAsync(Boolean acceptAllChangesOnSuccess, CancellationToken cancellationToken)
2026-07-22 17:20:24.271 +05:30 [INF] [25628fe5-04c6-480f-82bd-bbede223d0bc] POST /api/accounts/income responded 400 in 67ms
2026-07-22 17:20:24.297 +05:30 [INF] [748d045a-f063-4e2a-956d-6292b3f62f99] POST /api/accounts/income from 127.0.0.1 by Anonymous
2026-07-22 17:20:24.331 +05:30 [ERR] Failed executing DbCommand (11ms) [Parameters=[@p0='?' (DbType = Guid), @p1='?' (DbType = Guid), @p2='?' (DbType = Decimal), @p3='?' (Size = 4000), @p4='?' (DbType = DateTime), @p5='?' (Size = 4000), @p6='?' (DbType = DateTime), @p7='?' (DbType = DateTime), @p8='?' (Size = 4000), @p9='?' (Size = 500), @p10='?' (DbType = Boolean), @p11='?' (DbType = Boolean), @p12='?' (DbType = Int32), @p13='?' (Size = 4000), @p14='?' (Size = 4000), @p15='?' (Size = 4000), @p16='?' (Size = 4000), @p17='?' (DbType = Guid), @p18='?' (Size = 4000), @p19='?' (DbType = DateTime), @p20='?' (Size = 4000), @p21='?' (Size = 4000)], CommandType='"Text"', CommandTimeout='30']
SET AUTOCOMMIT = 1;
INSERT INTO `Incomes` (`Id`, `AccountHeadId`, `Amount`, `Category`, `CreatedAt`, `CreatedBy`, `Date`, `DeletedAt`, `DeletedBy`, `Description`, `IsDeleted`, `IsVerified`, `PaymentMethod`, `ReceiptNumber`, `ReceivedBy`, `ReceivedFrom`, `Remarks`, `SchoolId`, `TransactionReference`, `UpdatedAt`, `UpdatedBy`, `VerifiedBy`)
VALUES (@p0, @p1, @p2, @p3, @p4, @p5, @p6, @p7, @p8, @p9, @p10, @p11, @p12, @p13, @p14, @p15, @p16, @p17, @p18, @p19, @p20, @p21);
2026-07-22 17:20:24.337 +05:30 [ERR] An exception occurred in the database while saving changes for context type 'SchoolCRM.Infrastructure.Data.ApplicationDbContext'.
Microsoft.EntityFrameworkCore.DbUpdateException: An error occurred while saving the entity changes. See the inner exception for details.
 ---> MySqlConnector.MySqlException (0x80004005): Cannot add or update a child row: a foreign key constraint fails (`schoolcrm`.`Incomes`, CONSTRAINT `FK_Incomes_AccountHeads_AccountHeadId` FOREIGN KEY (`AccountHeadId`) REFERENCES `AccountHeads` (`Id`) ON DELETE CASCADE)
   at MySqlConnector.Core.ServerSession.ReceiveReplyAsync(IOBehavior ioBehavior, CancellationToken cancellationToken) in /_/src/MySqlConnector/Core/ServerSession.cs:line 894
   at MySqlConnector.Core.ResultSet.ReadResultSetHeaderAsync(IOBehavior ioBehavior) in /_/src/MySqlConnector/Core/ResultSet.cs:line 37
   at MySqlConnector.MySqlDataReader.ActivateResultSet(CancellationToken cancellationToken) in /_/src/MySqlConnector/MySqlDataReader.cs:line 130
   at MySqlConnector.MySqlDataReader.InitAsync(CommandListPosition commandListPosition, ICommandPayloadCreator payloadCreator, IDictionary`2 cachedProcedures, IMySqlCommand command, CommandBehavior behavior, Activity activity, IOBehavior ioBehavior, CancellationToken cancellationToken) in /_/src/MySqlConnector/MySqlDataReader.cs:line 483
   at MySqlConnector.Core.CommandExecutor.ExecuteReaderAsync(CommandListPosition commandListPosition, ICommandPayloadCreator payloadCreator, CommandBehavior behavior, Activity activity, IOBehavior ioBehavior, CancellationToken cancellationToken) in /_/src/MySqlConnector/Core/CommandExecutor.cs:line 56
   at MySqlConnector.MySqlCommand.ExecuteReaderAsync(CommandBehavior behavior, IOBehavior ioBehavior, CancellationToken cancellationToken) in /_/src/MySqlConnector/MySqlCommand.cs:line 357
   at MySqlConnector.MySqlCommand.ExecuteDbDataReaderAsync(CommandBehavior behavior, CancellationToken cancellationToken) in /_/src/MySqlConnector/MySqlCommand.cs:line 350
   at Microsoft.EntityFrameworkCore.Storage.RelationalCommand.ExecuteReaderAsync(RelationalCommandParameterObject parameterObject, CancellationToken cancellationToken)
   at Microsoft.EntityFrameworkCore.Storage.RelationalCommand.ExecuteReaderAsync(RelationalCommandParameterObject parameterObject, CancellationToken cancellationToken)
   at Microsoft.EntityFrameworkCore.Update.ReaderModificationCommandBatch.ExecuteAsync(IRelationalConnection connection, CancellationToken cancellationToken)
   --- End of inner exception stack trace ---
   at Microsoft.EntityFrameworkCore.Update.ReaderModificationCommandBatch.ExecuteAsync(IRelationalConnection connection, CancellationToken cancellationToken)
   at Microsoft.EntityFrameworkCore.Update.Internal.BatchExecutor.ExecuteAsync(IEnumerable`1 commandBatches, IRelationalConnection connection, CancellationToken cancellationToken)
   at Microsoft.EntityFrameworkCore.Update.Internal.BatchExecutor.ExecuteAsync(IEnumerable`1 commandBatches, IRelationalConnection connection, CancellationToken cancellationToken)
   at Microsoft.EntityFrameworkCore.Update.Internal.BatchExecutor.ExecuteAsync(IEnumerable`1 commandBatches, IRelationalConnection connection, CancellationToken cancellationToken)
   at Microsoft.EntityFrameworkCore.ChangeTracking.Internal.StateManager.SaveChangesAsync(IList`1 entriesToSave, CancellationToken cancellationToken)
   at Microsoft.EntityFrameworkCore.ChangeTracking.Internal.StateManager.SaveChangesAsync(StateManager stateManager, Boolean acceptAllChangesOnSuccess, CancellationToken cancellationToken)
   at Microsoft.EntityFrameworkCore.Storage.ExecutionStrategy.<>c__DisplayClass30_0`2.<<ExecuteAsync>b__0>d.MoveNext()
--- End of stack trace from previous location ---
   at Microsoft.EntityFrameworkCore.Storage.ExecutionStrategy.ExecuteImplementationAsync[TState,TResult](Func`4 operation, Func`4 verifySucceeded, TState state, CancellationToken cancellationToken)
   at Microsoft.EntityFrameworkCore.Storage.ExecutionStrategy.ExecuteImplementationAsync[TState,TResult](Func`4 operation, Func`4 verifySucceeded, TState state, CancellationToken cancellationToken)
   at Microsoft.EntityFrameworkCore.Storage.ExecutionStrategy.ExecuteAsync[TState,TResult](TState state, Func`4 operation, Func`4 verifySucceeded, CancellationToken cancellationToken)
   at Microsoft.EntityFrameworkCore.DbContext.SaveChangesAsync(Boolean acceptAllChangesOnSuccess, CancellationToken cancellationToken)
Microsoft.EntityFrameworkCore.DbUpdateException: An error occurred while saving the entity changes. See the inner exception for details.
 ---> MySqlConnector.MySqlException (0x80004005): Cannot add or update a child row: a foreign key constraint fails (`schoolcrm`.`Incomes`, CONSTRAINT `FK_Incomes_AccountHeads_AccountHeadId` FOREIGN KEY (`AccountHeadId`) REFERENCES `AccountHeads` (`Id`) ON DELETE CASCADE)
   at MySqlConnector.Core.ServerSession.ReceiveReplyAsync(IOBehavior ioBehavior, CancellationToken cancellationToken) in /_/src/MySqlConnector/Core/ServerSession.cs:line 894
   at MySqlConnector.Core.ResultSet.ReadResultSetHeaderAsync(IOBehavior ioBehavior) in /_/src/MySqlConnector/Core/ResultSet.cs:line 37
   at MySqlConnector.MySqlDataReader.ActivateResultSet(CancellationToken cancellationToken) in /_/src/MySqlConnector/MySqlDataReader.cs:line 130
   at MySqlConnector.MySqlDataReader.InitAsync(CommandListPosition commandListPosition, ICommandPayloadCreator payloadCreator, IDictionary`2 cachedProcedures, IMySqlCommand command, CommandBehavior behavior, Activity activity, IOBehavior ioBehavior, CancellationToken cancellationToken) in /_/src/MySqlConnector/MySqlDataReader.cs:line 483
   at MySqlConnector.Core.CommandExecutor.ExecuteReaderAsync(CommandListPosition commandListPosition, ICommandPayloadCreator payloadCreator, CommandBehavior behavior, Activity activity, IOBehavior ioBehavior, CancellationToken cancellationToken) in /_/src/MySqlConnector/Core/CommandExecutor.cs:line 56
   at MySqlConnector.MySqlCommand.ExecuteReaderAsync(CommandBehavior behavior, IOBehavior ioBehavior, CancellationToken cancellationToken) in /_/src/MySqlConnector/MySqlCommand.cs:line 357
   at MySqlConnector.MySqlCommand.ExecuteDbDataReaderAsync(CommandBehavior behavior, CancellationToken cancellationToken) in /_/src/MySqlConnector/MySqlCommand.cs:line 350
   at Microsoft.EntityFrameworkCore.Storage.RelationalCommand.ExecuteReaderAsync(RelationalCommandParameterObject parameterObject, CancellationToken cancellationToken)
   at Microsoft.EntityFrameworkCore.Storage.RelationalCommand.ExecuteReaderAsync(RelationalCommandParameterObject parameterObject, CancellationToken cancellationToken)
   at Microsoft.EntityFrameworkCore.Update.ReaderModificationCommandBatch.ExecuteAsync(IRelationalConnection connection, CancellationToken cancellationToken)
   --- End of inner exception stack trace ---
   at Microsoft.EntityFrameworkCore.Update.ReaderModificationCommandBatch.ExecuteAsync(IRelationalConnection connection, CancellationToken cancellationToken)
   at Microsoft.EntityFrameworkCore.Update.Internal.BatchExecutor.ExecuteAsync(IEnumerable`1 commandBatches, IRelationalConnection connection, CancellationToken cancellationToken)
   at Microsoft.EntityFrameworkCore.Update.Internal.BatchExecutor.ExecuteAsync(IEnumerable`1 commandBatches, IRelationalConnection connection, CancellationToken cancellationToken)
   at Microsoft.EntityFrameworkCore.Update.Internal.BatchExecutor.ExecuteAsync(IEnumerable`1 commandBatches, IRelationalConnection connection, CancellationToken cancellationToken)
   at Microsoft.EntityFrameworkCore.ChangeTracking.Internal.StateManager.SaveChangesAsync(IList`1 entriesToSave, CancellationToken cancellationToken)
   at Microsoft.EntityFrameworkCore.ChangeTracking.Internal.StateManager.SaveChangesAsync(StateManager stateManager, Boolean acceptAllChangesOnSuccess, CancellationToken cancellationToken)
   at Microsoft.EntityFrameworkCore.Storage.ExecutionStrategy.<>c__DisplayClass30_0`2.<<ExecuteAsync>b__0>d.MoveNext()
--- End of stack trace from previous location ---
   at Microsoft.EntityFrameworkCore.Storage.ExecutionStrategy.ExecuteImplementationAsync[TState,TResult](Func`4 operation, Func`4 verifySucceeded, TState state, CancellationToken cancellationToken)
   at Microsoft.EntityFrameworkCore.Storage.ExecutionStrategy.ExecuteImplementationAsync[TState,TResult](Func`4 operation, Func`4 verifySucceeded, TState state, CancellationToken cancellationToken)
   at Microsoft.EntityFrameworkCore.Storage.ExecutionStrategy.ExecuteAsync[TState,TResult](TState state, Func`4 operation, Func`4 verifySucceeded, CancellationToken cancellationToken)
   at Microsoft.EntityFrameworkCore.DbContext.SaveChangesAsync(Boolean acceptAllChangesOnSuccess, CancellationToken cancellationToken)
2026-07-22 17:20:24.346 +05:30 [INF] [748d045a-f063-4e2a-956d-6292b3f62f99] POST /api/accounts/income responded 400 in 48ms
2026-07-22 17:31:39.853 +05:30 [INF] [86180ede-8cc8-438d-8e2a-098a8a8ee49c] POST /api/auth/login from 127.0.0.1 by Anonymous
2026-07-22 17:31:40.663 +05:30 [INF] [86180ede-8cc8-438d-8e2a-098a8a8ee49c] POST /api/auth/login responded 200 in 809ms
2026-07-22 17:31:40.688 +05:30 [INF] [5f5196e2-4b15-4b0e-85d4-8916d0297059] POST /api/accounts/income from 127.0.0.1 by Anonymous
2026-07-22 17:31:40.711 +05:30 [ERR] Failed executing DbCommand (8ms) [Parameters=[@p0='?' (DbType = Guid), @p1='?' (DbType = Guid), @p2='?' (DbType = Decimal), @p3='?' (Size = 4000), @p4='?' (DbType = DateTime), @p5='?' (Size = 4000), @p6='?' (DbType = DateTime), @p7='?' (DbType = DateTime), @p8='?' (Size = 4000), @p9='?' (Size = 500), @p10='?' (DbType = Boolean), @p11='?' (DbType = Boolean), @p12='?' (DbType = Int32), @p13='?' (Size = 4000), @p14='?' (Size = 4000), @p15='?' (Size = 4000), @p16='?' (Size = 4000), @p17='?' (DbType = Guid), @p18='?' (Size = 4000), @p19='?' (DbType = DateTime), @p20='?' (Size = 4000), @p21='?' (Size = 4000)], CommandType='"Text"', CommandTimeout='30']
SET AUTOCOMMIT = 1;
INSERT INTO `Incomes` (`Id`, `AccountHeadId`, `Amount`, `Category`, `CreatedAt`, `CreatedBy`, `Date`, `DeletedAt`, `DeletedBy`, `Description`, `IsDeleted`, `IsVerified`, `PaymentMethod`, `ReceiptNumber`, `ReceivedBy`, `ReceivedFrom`, `Remarks`, `SchoolId`, `TransactionReference`, `UpdatedAt`, `UpdatedBy`, `VerifiedBy`)
VALUES (@p0, @p1, @p2, @p3, @p4, @p5, @p6, @p7, @p8, @p9, @p10, @p11, @p12, @p13, @p14, @p15, @p16, @p17, @p18, @p19, @p20, @p21);
2026-07-22 17:31:40.715 +05:30 [ERR] An exception occurred in the database while saving changes for context type 'SchoolCRM.Infrastructure.Data.ApplicationDbContext'.
Microsoft.EntityFrameworkCore.DbUpdateException: An error occurred while saving the entity changes. See the inner exception for details.
 ---> MySqlConnector.MySqlException (0x80004005): Cannot add or update a child row: a foreign key constraint fails (`schoolcrm`.`Incomes`, CONSTRAINT `FK_Incomes_AccountHeads_AccountHeadId` FOREIGN KEY (`AccountHeadId`) REFERENCES `AccountHeads` (`Id`) ON DELETE SET NULL)
   at MySqlConnector.Core.ServerSession.ReceiveReplyAsync(IOBehavior ioBehavior, CancellationToken cancellationToken) in /_/src/MySqlConnector/Core/ServerSession.cs:line 894
   at MySqlConnector.Core.ResultSet.ReadResultSetHeaderAsync(IOBehavior ioBehavior) in /_/src/MySqlConnector/Core/ResultSet.cs:line 37
   at MySqlConnector.MySqlDataReader.ActivateResultSet(CancellationToken cancellationToken) in /_/src/MySqlConnector/MySqlDataReader.cs:line 130
   at MySqlConnector.MySqlDataReader.InitAsync(CommandListPosition commandListPosition, ICommandPayloadCreator payloadCreator, IDictionary`2 cachedProcedures, IMySqlCommand command, CommandBehavior behavior, Activity activity, IOBehavior ioBehavior, CancellationToken cancellationToken) in /_/src/MySqlConnector/MySqlDataReader.cs:line 483
   at MySqlConnector.Core.CommandExecutor.ExecuteReaderAsync(CommandListPosition commandListPosition, ICommandPayloadCreator payloadCreator, CommandBehavior behavior, Activity activity, IOBehavior ioBehavior, CancellationToken cancellationToken) in /_/src/MySqlConnector/Core/CommandExecutor.cs:line 56
   at MySqlConnector.MySqlCommand.ExecuteReaderAsync(CommandBehavior behavior, IOBehavior ioBehavior, CancellationToken cancellationToken) in /_/src/MySqlConnector/MySqlCommand.cs:line 357
   at MySqlConnector.MySqlCommand.ExecuteDbDataReaderAsync(CommandBehavior behavior, CancellationToken cancellationToken) in /_/src/MySqlConnector/MySqlCommand.cs:line 350
   at Microsoft.EntityFrameworkCore.Storage.RelationalCommand.ExecuteReaderAsync(RelationalCommandParameterObject parameterObject, CancellationToken cancellationToken)
   at Microsoft.EntityFrameworkCore.Storage.RelationalCommand.ExecuteReaderAsync(RelationalCommandParameterObject parameterObject, CancellationToken cancellationToken)
   at Microsoft.EntityFrameworkCore.Update.ReaderModificationCommandBatch.ExecuteAsync(IRelationalConnection connection, CancellationToken cancellationToken)
   --- End of inner exception stack trace ---
   at Microsoft.EntityFrameworkCore.Update.ReaderModificationCommandBatch.ExecuteAsync(IRelationalConnection connection, CancellationToken cancellationToken)
   at Microsoft.EntityFrameworkCore.Update.Internal.BatchExecutor.ExecuteAsync(IEnumerable`1 commandBatches, IRelationalConnection connection, CancellationToken cancellationToken)
   at Microsoft.EntityFrameworkCore.Update.Internal.BatchExecutor.ExecuteAsync(IEnumerable`1 commandBatches, IRelationalConnection connection, CancellationToken cancellationToken)
   at Microsoft.EntityFrameworkCore.Update.Internal.BatchExecutor.ExecuteAsync(IEnumerable`1 commandBatches, IRelationalConnection connection, CancellationToken cancellationToken)
   at Microsoft.EntityFrameworkCore.ChangeTracking.Internal.StateManager.SaveChangesAsync(IList`1 entriesToSave, CancellationToken cancellationToken)
   at Microsoft.EntityFrameworkCore.ChangeTracking.Internal.StateManager.SaveChangesAsync(StateManager stateManager, Boolean acceptAllChangesOnSuccess, CancellationToken cancellationToken)
   at Microsoft.EntityFrameworkCore.Storage.ExecutionStrategy.<>c__DisplayClass30_0`2.<<ExecuteAsync>b__0>d.MoveNext()
--- End of stack trace from previous location ---
   at Microsoft.EntityFrameworkCore.Storage.ExecutionStrategy.ExecuteImplementationAsync[TState,TResult](Func`4 operation, Func`4 verifySucceeded, TState state, CancellationToken cancellationToken)
   at Microsoft.EntityFrameworkCore.Storage.ExecutionStrategy.ExecuteImplementationAsync[TState,TResult](Func`4 operation, Func`4 verifySucceeded, TState state, CancellationToken cancellationToken)
   at Microsoft.EntityFrameworkCore.Storage.ExecutionStrategy.ExecuteAsync[TState,TResult](TState state, Func`4 operation, Func`4 verifySucceeded, CancellationToken cancellationToken)
   at Microsoft.EntityFrameworkCore.DbContext.SaveChangesAsync(Boolean acceptAllChangesOnSuccess, CancellationToken cancellationToken)
Microsoft.EntityFrameworkCore.DbUpdateException: An error occurred while saving the entity changes. See the inner exception for details.
 ---> MySqlConnector.MySqlException (0x80004005): Cannot add or update a child row: a foreign key constraint fails (`schoolcrm`.`Incomes`, CONSTRAINT `FK_Incomes_AccountHeads_AccountHeadId` FOREIGN KEY (`AccountHeadId`) REFERENCES `AccountHeads` (`Id`) ON DELETE SET NULL)
   at MySqlConnector.Core.ServerSession.ReceiveReplyAsync(IOBehavior ioBehavior, CancellationToken cancellationToken) in /_/src/MySqlConnector/Core/ServerSession.cs:line 894
   at MySqlConnector.Core.ResultSet.ReadResultSetHeaderAsync(IOBehavior ioBehavior) in /_/src/MySqlConnector/Core/ResultSet.cs:line 37
   at MySqlConnector.MySqlDataReader.ActivateResultSet(CancellationToken cancellationToken) in /_/src/MySqlConnector/MySqlDataReader.cs:line 130
   at MySqlConnector.MySqlDataReader.InitAsync(CommandListPosition commandListPosition, ICommandPayloadCreator payloadCreator, IDictionary`2 cachedProcedures, IMySqlCommand command, CommandBehavior behavior, Activity activity, IOBehavior ioBehavior, CancellationToken cancellationToken) in /_/src/MySqlConnector/MySqlDataReader.cs:line 483
   at MySqlConnector.Core.CommandExecutor.ExecuteReaderAsync(CommandListPosition commandListPosition, ICommandPayloadCreator payloadCreator, CommandBehavior behavior, Activity activity, IOBehavior ioBehavior, CancellationToken cancellationToken) in /_/src/MySqlConnector/Core/CommandExecutor.cs:line 56
   at MySqlConnector.MySqlCommand.ExecuteReaderAsync(CommandBehavior behavior, IOBehavior ioBehavior, CancellationToken cancellationToken) in /_/src/MySqlConnector/MySqlCommand.cs:line 357
   at MySqlConnector.MySqlCommand.ExecuteDbDataReaderAsync(CommandBehavior behavior, CancellationToken cancellationToken) in /_/src/MySqlConnector/MySqlCommand.cs:line 350
   at Microsoft.EntityFrameworkCore.Storage.RelationalCommand.ExecuteReaderAsync(RelationalCommandParameterObject parameterObject, CancellationToken cancellationToken)
   at Microsoft.EntityFrameworkCore.Storage.RelationalCommand.ExecuteReaderAsync(RelationalCommandParameterObject parameterObject, CancellationToken cancellationToken)
   at Microsoft.EntityFrameworkCore.Update.ReaderModificationCommandBatch.ExecuteAsync(IRelationalConnection connection, CancellationToken cancellationToken)
   --- End of inner exception stack trace ---
   at Microsoft.EntityFrameworkCore.Update.ReaderModificationCommandBatch.ExecuteAsync(IRelationalConnection connection, CancellationToken cancellationToken)
   at Microsoft.EntityFrameworkCore.Update.Internal.BatchExecutor.ExecuteAsync(IEnumerable`1 commandBatches, IRelationalConnection connection, CancellationToken cancellationToken)
   at Microsoft.EntityFrameworkCore.Update.Internal.BatchExecutor.ExecuteAsync(IEnumerable`1 commandBatches, IRelationalConnection connection, CancellationToken cancellationToken)
   at Microsoft.EntityFrameworkCore.Update.Internal.BatchExecutor.ExecuteAsync(IEnumerable`1 commandBatches, IRelationalConnection connection, CancellationToken cancellationToken)
   at Microsoft.EntityFrameworkCore.ChangeTracking.Internal.StateManager.SaveChangesAsync(IList`1 entriesToSave, CancellationToken cancellationToken)
   at Microsoft.EntityFrameworkCore.ChangeTracking.Internal.StateManager.SaveChangesAsync(StateManager stateManager, Boolean acceptAllChangesOnSuccess, CancellationToken cancellationToken)
   at Microsoft.EntityFrameworkCore.Storage.ExecutionStrategy.<>c__DisplayClass30_0`2.<<ExecuteAsync>b__0>d.MoveNext()
--- End of stack trace from previous location ---
   at Microsoft.EntityFrameworkCore.Storage.ExecutionStrategy.ExecuteImplementationAsync[TState,TResult](Func`4 operation, Func`4 verifySucceeded, TState state, CancellationToken cancellationToken)
   at Microsoft.EntityFrameworkCore.Storage.ExecutionStrategy.ExecuteImplementationAsync[TState,TResult](Func`4 operation, Func`4 verifySucceeded, TState state, CancellationToken cancellationToken)
   at Microsoft.EntityFrameworkCore.Storage.ExecutionStrategy.ExecuteAsync[TState,TResult](TState state, Func`4 operation, Func`4 verifySucceeded, CancellationToken cancellationToken)
   at Microsoft.EntityFrameworkCore.DbContext.SaveChangesAsync(Boolean acceptAllChangesOnSuccess, CancellationToken cancellationToken)
2026-07-22 17:31:40.720 +05:30 [INF] [5f5196e2-4b15-4b0e-85d4-8916d0297059] POST /api/accounts/income responded 400 in 31ms
2026-07-22 17:32:30.813 +05:30 [INF] [638eb5db-5767-4323-9927-59ebc71c2640] GET /api/fees from 127.0.0.1 by Anonymous
2026-07-22 17:32:30.814 +05:30 [INF] [e1ea5951-9253-4472-8b8a-d96c2ee7501e] GET /api/schools from 127.0.0.1 by Anonymous
2026-07-22 17:32:30.879 +05:30 [INF] [638eb5db-5767-4323-9927-59ebc71c2640] GET /api/fees responded 200 in 65ms
2026-07-22 17:32:30.898 +05:30 [INF] [e1ea5951-9253-4472-8b8a-d96c2ee7501e] GET /api/schools responded 200 in 83ms
2026-07-22 17:32:30.903 +05:30 [INF] [662ea34c-2fef-437a-a5ac-df61dd9794f9] GET /api/fees from 127.0.0.1 by Anonymous
2026-07-22 17:32:30.914 +05:30 [INF] [d018943e-e32f-4b85-a594-81e9e459fe01] GET /api/schools from 127.0.0.1 by Anonymous
2026-07-22 17:32:30.947 +05:30 [INF] [662ea34c-2fef-437a-a5ac-df61dd9794f9] GET /api/fees responded 200 in 42ms
2026-07-22 17:32:30.960 +05:30 [INF] [d018943e-e32f-4b85-a594-81e9e459fe01] GET /api/schools responded 200 in 45ms
2026-07-22 17:32:30.980 +05:30 [INF] [e52db590-7d48-4e49-97c4-cf76e19f3b97] GET /api/schools/93cfbeb0-5697-4af4-9f0b-0115e7e2e14a/classes from 127.0.0.1 by Anonymous
2026-07-22 17:32:30.984 +05:30 [INF] [449fdc6f-c2d3-4c2d-a414-c6493e55076e] GET /api/schools/93cfbeb0-5697-4af4-9f0b-0115e7e2e14a/academic-years from 127.0.0.1 by Anonymous
2026-07-22 17:32:31.016 +05:30 [INF] [e52db590-7d48-4e49-97c4-cf76e19f3b97] GET /api/schools/93cfbeb0-5697-4af4-9f0b-0115e7e2e14a/classes responded 200 in 35ms
2026-07-22 17:32:31.019 +05:30 [INF] [449fdc6f-c2d3-4c2d-a414-c6493e55076e] GET /api/schools/93cfbeb0-5697-4af4-9f0b-0115e7e2e14a/academic-years responded 200 in 34ms
2026-07-22 17:32:31.143 +05:30 [INF] [4a701307-2000-4875-a690-bded555aca5c] GET /api/schools/93cfbeb0-5697-4af4-9f0b-0115e7e2e14a/classes from 127.0.0.1 by Anonymous
2026-07-22 17:32:31.165 +05:30 [INF] [4a701307-2000-4875-a690-bded555aca5c] GET /api/schools/93cfbeb0-5697-4af4-9f0b-0115e7e2e14a/classes responded 200 in 20ms
2026-07-22 17:32:31.178 +05:30 [INF] [56ff6d9f-ae6c-4176-b9b5-d1120f8405db] GET /api/schools/93cfbeb0-5697-4af4-9f0b-0115e7e2e14a/academic-years from 127.0.0.1 by Anonymous
2026-07-22 17:32:31.199 +05:30 [INF] [56ff6d9f-ae6c-4176-b9b5-d1120f8405db] GET /api/schools/93cfbeb0-5697-4af4-9f0b-0115e7e2e14a/academic-years responded 200 in 19ms
2026-07-22 17:32:34.491 +05:30 [INF] [1618a206-e619-4c12-9334-e39f02c94ec7] GET /api/hostel from 127.0.0.1 by Anonymous
2026-07-22 17:32:34.514 +05:30 [INF] [1618a206-e619-4c12-9334-e39f02c94ec7] GET /api/hostel responded 200 in 21ms
2026-07-22 17:32:34.534 +05:30 [INF] [e584a015-7275-47a7-b823-d6331c7e0f57] GET /api/hostel from 127.0.0.1 by Anonymous
2026-07-22 17:32:34.557 +05:30 [INF] [e584a015-7275-47a7-b823-d6331c7e0f57] GET /api/hostel responded 200 in 22ms
xt"', CommandTimeout='30']
ALTER TABLE `Expenses` ADD CONSTRAINT `FK_Expenses_AccountHeads_AccountHeadId` FOREIGN KEY (`AccountHeadId`) REFERENCES `AccountHeads` (`Id`) ON DELETE SET NULL;
2026-07-22 17:30:36.834 +05:30 [INF] Executed DbCommand (309ms) [Parameters=[], CommandType='"Text"', CommandTimeout='30']
ALTER TABLE `Incomes` ADD CONSTRAINT `FK_Incomes_AccountHeads_AccountHeadId` FOREIGN KEY (`AccountHeadId`) REFERENCES `AccountHeads` (`Id`) ON DELETE SET NULL;
2026-07-22 17:30:36.850 +05:30 [INF] Executed DbCommand (15ms) [Parameters=[], CommandType='"Text"', CommandTimeout='30']
INSERT INTO `__EFMigrationsHistory` (`MigrationId`, `ProductVersion`)
VALUES ('20260722115907_MakeAccountHeadNullable', '8.0.11');
2026-07-22 17:31:09.838 +05:30 [WRN] Redis unavailable, falling back to in-memory cache and basic SignalR: Redis not connected
2026-07-22 17:31:15.792 +05:30 [WRN] Entity 'ApplicationRole' has a global query filter defined and is the required end of a relationship with the entity 'ApplicationRoleClaim'. This may lead to unexpected results when the required entity is filtered out. Either configure the navigation as optional, or define matching query filters for both entities in the navigation. See https://go.microsoft.com/fwlink/?linkid=2131316 for more information.
2026-07-22 17:31:15.794 +05:30 [WRN] Entity 'ApplicationUser' has a global query filter defined and is the required end of a relationship with the entity 'ApplicationUserClaim'. This may lead to unexpected results when the required entity is filtered out. Either configure the navigation as optional, or define matching query filters for both entities in the navigation. See https://go.microsoft.com/fwlink/?linkid=2131316 for more information.
2026-07-22 17:31:15.795 +05:30 [WRN] Entity 'ApplicationUser' has a global query filter defined and is the required end of a relationship with the entity 'ApplicationUserLogin'. This may lead to unexpected results when the required entity is filtered out. Either configure the navigation as optional, or define matching query filters for both entities in the navigation. See https://go.microsoft.com/fwlink/?linkid=2131316 for more information.
2026-07-22 17:31:15.795 +05:30 [WRN] Entity 'ApplicationRole' has a global query filter defined and is the required end of a relationship with the entity 'ApplicationUserRole'. This may lead to unexpected results when the required entity is filtered out. Either configure the navigation as optional, or define matching query filters for both entities in the navigation. See https://go.microsoft.com/fwlink/?linkid=2131316 for more information.
2026-07-22 17:31:15.795 +05:30 [WRN] Entity 'ApplicationUser' has a global query filter defined and is the required end of a relationship with the entity 'ApplicationUserToken'. This may lead to unexpected results when the required entity is filtered out. Either configure the navigation as optional, or define matching query filters for both entities in the navigation. See https://go.microsoft.com/fwlink/?linkid=2131316 for more information.
2026-07-22 17:31:15.947 +05:30 [WRN] The foreign key property 'HomeworkSubmission.StudentId1' was created in shadow state because a conflicting property with the simple name 'StudentId' exists in the entity type, but is either not mapped, is already used for another relationship, or is incompatible with the associated primary key type. See https://aka.ms/efcore-relationships for information on mapping relationships in EF Core.
2026-07-22 17:31:19.807 +05:30 [INF] Database migrated successfully
2026-07-22 17:31:20.889 +05:30 [INF] Roles seeded successfully
2026-07-22 17:31:21.547 +05:30 [ERR] Hosting failed to start
System.IO.IOException: Failed to bind to address http://127.0.0.1:5000: address already in use.
 ---> Microsoft.AspNetCore.Connections.AddressInUseException: Address already in use
 ---> System.Net.Sockets.SocketException (98): Address already in use
   at System.Net.Sockets.Socket.DoBind(EndPoint endPointSnapshot, SocketAddress socketAddress)
   at System.Net.Sockets.Socket.Bind(EndPoint localEP)
   at Microsoft.AspNetCore.Server.Kestrel.Transport.Sockets.SocketTransportOptions.CreateDefaultBoundListenSocket(EndPoint endpoint)
   at Microsoft.AspNetCore.Server.Kestrel.Transport.Sockets.SocketConnectionListener.Bind()
   --- End of inner exception stack trace ---
   at Microsoft.AspNetCore.Server.Kestrel.Transport.Sockets.SocketConnectionListener.Bind()
   at Microsoft.AspNetCore.Server.Kestrel.Transport.Sockets.SocketTransportFactory.BindAsync(EndPoint endpoint, CancellationToken cancellationToken)
   at Microsoft.AspNetCore.Server.Kestrel.Core.Internal.Infrastructure.TransportManager.BindAsync(EndPoint endPoint, ConnectionDelegate connectionDelegate, EndpointConfig endpointConfig, CancellationToken cancellationToken)
   at Microsoft.AspNetCore.Server.Kestrel.Core.KestrelServerImpl.<>c__DisplayClass28_0`1.<<StartAsync>g__OnBind|0>d.MoveNext()
--- End of stack trace from previous location ---
   at Microsoft.AspNetCore.Server.Kestrel.Core.Internal.AddressBinder.BindEndpointAsync(ListenOptions endpoint, AddressBindContext context, CancellationToken cancellationToken)
   --- End of inner exception stack trace ---
   at Microsoft.AspNetCore.Server.Kestrel.Core.Internal.AddressBinder.BindEndpointAsync(ListenOptions endpoint, AddressBindContext context, CancellationToken cancellationToken)
   at Microsoft.AspNetCore.Server.Kestrel.Core.LocalhostListenOptions.BindAsync(AddressBindContext context, CancellationToken cancellationToken)
   at Microsoft.AspNetCore.Server.Kestrel.Core.Internal.AddressBinder.DefaultAddressStrategy.BindAsync(AddressBindContext context, CancellationToken cancellationToken)
   at Microsoft.AspNetCore.Server.Kestrel.Core.Internal.AddressBinder.BindAsync(ListenOptions[] listenOptions, AddressBindContext context, Func`2 useHttps, CancellationToken cancellationToken)
   at Microsoft.AspNetCore.Server.Kestrel.Core.KestrelServerImpl.BindAsync(CancellationToken cancellationToken)
   at Microsoft.AspNetCore.Server.Kestrel.Core.KestrelServerImpl.StartAsync[TContext](IHttpApplication`1 application, CancellationToken cancellationToken)
   at Microsoft.AspNetCore.Hosting.GenericWebHostService.StartAsync(CancellationToken cancellationToken)
   at Microsoft.Extensions.Hosting.Internal.Host.<StartAsync>b__15_1(IHostedService service, CancellationToken token)
   at Microsoft.Extensions.Hosting.Internal.Host.ForeachService[T](IEnumerable`1 services, CancellationToken token, Boolean concurrent, Boolean abortOnFirstException, List`1 exceptions, Func`3 operation)
2026-07-22 17:33:34.422 +05:30 [WRN] Redis unavailable, falling back to in-memory cache and basic SignalR: Redis not connected
2026-07-22 17:33:40.755 +05:30 [WRN] Entity 'ApplicationRole' has a global query filter defined and is the required end of a relationship with the entity 'ApplicationRoleClaim'. This may lead to unexpected results when the required entity is filtered out. Either configure the navigation as optional, or define matching query filters for both entities in the navigation. See https://go.microsoft.com/fwlink/?linkid=2131316 for more information.
2026-07-22 17:33:40.760 +05:30 [WRN] Entity 'ApplicationUser' has a global query filter defined and is the required end of a relationship with the entity 'ApplicationUserClaim'. This may lead to unexpected results when the required entity is filtered out. Either configure the navigation as optional, or define matching query filters for both entities in the navigation. See https://go.microsoft.com/fwlink/?linkid=2131316 for more information.
2026-07-22 17:33:40.760 +05:30 [WRN] Entity 'ApplicationUser' has a global query filter defined and is the required end of a relationship with the entity 'ApplicationUserLogin'. This may lead to unexpected results when the required entity is filtered out. Either configure the navigation as optional, or define matching query filters for both entities in the navigation. See https://go.microsoft.com/fwlink/?linkid=2131316 for more information.
2026-07-22 17:33:40.760 +05:30 [WRN] Entity 'ApplicationRole' has a global query filter defined and is the required end of a relationship with the entity 'ApplicationUserRole'. This may lead to unexpected results when the required entity is filtered out. Either configure the navigation as optional, or define matching query filters for both entities in the navigation. See https://go.microsoft.com/fwlink/?linkid=2131316 for more information.
2026-07-22 17:33:40.761 +05:30 [WRN] Entity 'ApplicationUser' has a global query filter defined and is the required end of a relationship with the entity 'ApplicationUserToken'. This may lead to unexpected results when the required entity is filtered out. Either configure the navigation as optional, or define matching query filters for both entities in the navigation. See https://go.microsoft.com/fwlink/?linkid=2131316 for more information.
2026-07-22 17:33:40.891 +05:30 [WRN] The foreign key property 'HomeworkSubmission.StudentId1' was created in shadow state because a conflicting property with the simple name 'StudentId' exists in the entity type, but is either not mapped, is already used for another relationship, or is incompatible with the associated primary key type. See https://aka.ms/efcore-relationships for information on mapping relationships in EF Core.
2026-07-22 17:33:42.192 +05:30 [INF] Database migrated successfully
2026-07-22 17:33:43.203 +05:30 [INF] Roles seeded successfully
2026-07-22 17:34:01.626 +05:30 [INF] [8908aa0b-0859-4097-af99-4b82850e37e9] POST /api/auth/login from 127.0.0.1 by Anonymous
2026-07-22 17:34:01.666 +05:30 [WRN] Failed to determine the https port for redirect.
2026-07-22 17:34:02.977 +05:30 [INF] [8908aa0b-0859-4097-af99-4b82850e37e9] POST /api/auth/login responded 200 in 1345ms
2026-07-22 17:34:03.022 +05:30 [INF] [f1d03d69-116c-46fd-9af6-727825d3f056] POST /api/accounts/income from 127.0.0.1 by Anonymous
2026-07-22 17:34:03.634 +05:30 [INF] [f1d03d69-116c-46fd-9af6-727825d3f056] POST /api/accounts/income responded 201 in 611ms
2026-07-22 17:34:16.359 +05:30 [INF] [9da77ab3-aac0-4eee-9da3-d3c1b84baebf] POST /api/auth/login from 127.0.0.1 by Anonymous
2026-07-22 17:34:16.699 +05:30 [INF] [9da77ab3-aac0-4eee-9da3-d3c1b84baebf] POST /api/auth/login responded 200 in 339ms
2026-07-22 17:34:16.724 +05:30 [INF] [2feb473b-2d1b-4db4-825c-eed2f93b61df] POST /api/accounts/expense from 127.0.0.1 by Anonymous
2026-07-22 17:34:16.935 +05:30 [INF] [2feb473b-2d1b-4db4-825c-eed2f93b61df] POST /api/accounts/expense responded 201 in 210ms
2026-07-22 17:34:16.959 +05:30 [INF] [3f1aff72-b26b-4d50-894e-1df026f27ef3] POST /api/accounts/expense from 127.0.0.1 by Anonymous
2026-07-22 17:34:17.007 +05:30 [INF] [3f1aff72-b26b-4d50-894e-1df026f27ef3] POST /api/accounts/expense responded 201 in 48ms
2026-07-22 17:35:02.373 +05:30 [INF] [b39f92fe-4e74-4a3a-9c40-6514ddb39685] GET /api/hostel from 127.0.0.1 by Anonymous
2026-07-22 17:35:02.611 +05:30 [INF] [b39f92fe-4e74-4a3a-9c40-6514ddb39685] GET /api/hostel responded 200 in 237ms
2026-07-22 17:35:02.622 +05:30 [INF] [9afa6ee5-983e-46fa-abdc-1d50ca433684] GET /api/hostel from 127.0.0.1 by Anonymous
2026-07-22 17:35:02.642 +05:30 [INF] [9afa6ee5-983e-46fa-abdc-1d50ca433684] GET /api/hostel responded 200 in 19ms
2026-07-22 17:35:26.459 +05:30 [INF] [570a2aa8-dc3a-4075-8488-8e45313ed66c] POST /api/hostel/rooms from 127.0.0.1 by Anonymous
2026-07-22 17:35:26.513 +05:30 [INF] [570a2aa8-dc3a-4075-8488-8e45313ed66c] POST /api/hostel/rooms responded 400 in 53ms
2026-07-22 17:35:35.871 +05:30 [INF] [3700ac20-32ac-4fdc-8bab-bb0d10edbd37] POST /api/hostel/rooms from 127.0.0.1 by Anonymous
2026-07-22 17:35:35.902 +05:30 [INF] [3700ac20-32ac-4fdc-8bab-bb0d10edbd37] POST /api/hostel/rooms responded 400 in 30ms
2026-07-22 17:36:45.842 +05:30 [INF] [6806cec0-2173-49ee-a3e7-2282724d97b6] GET /api/hostel from 127.0.0.1 by Anonymous
2026-07-22 17:36:45.890 +05:30 [INF] [6806cec0-2173-49ee-a3e7-2282724d97b6] GET /api/hostel responded 200 in 46ms
2026-07-22 17:38:23.646 +05:30 [INF] [3e0b31a1-f62c-42b3-8c37-3fbb7b619b50] GET /api/hostel from 127.0.0.1 by Anonymous
2026-07-22 17:38:23.694 +05:30 [INF] [3e0b31a1-f62c-42b3-8c37-3fbb7b619b50] GET /api/hostel responded 200 in 46ms
2026-07-22 17:38:23.706 +05:30 [INF] [08c53983-c078-4d2a-ae75-082af595338f] GET /api/hostel from 127.0.0.1 by Anonymous
2026-07-22 17:38:23.732 +05:30 [INF] [08c53983-c078-4d2a-ae75-082af595338f] GET /api/hostel responded 200 in 24ms
2026-07-22 17:38:26.260 +05:30 [INF] [1860a58d-32b4-4aa2-9593-d01e084fe4cd] GET /api/hostel from 127.0.0.1 by Anonymous
2026-07-22 17:38:26.288 +05:30 [INF] [1860a58d-32b4-4aa2-9593-d01e084fe4cd] GET /api/hostel responded 200 in 28ms
2026-07-22 17:38:47.423 +05:30 [INF] [df6d17cc-8a83-4ca4-b6b2-e21a8e32dd2c] POST /api/hostel/rooms from 127.0.0.1 by Anonymous
2026-07-22 17:38:47.968 +05:30 [INF] [df6d17cc-8a83-4ca4-b6b2-e21a8e32dd2c] POST /api/hostel/rooms responded 201 in 543ms
2026-07-22 17:38:53.028 +05:30 [INF] [cebd351e-7b08-4de3-9266-1bb89497886d] GET /api/hostel/allocations from 127.0.0.1 by Anonymous
2026-07-22 17:38:53.111 +05:30 [INF] [cebd351e-7b08-4de3-9266-1bb89497886d] GET /api/hostel/allocations responded 200 in 83ms
2026-07-22 17:38:55.733 +05:30 [INF] [3d33c4b5-05bf-4e4a-9d89-91b09828816f] GET /api/hostel from 127.0.0.1 by Anonymous
2026-07-22 17:38:55.772 +05:30 [INF] [3d33c4b5-05bf-4e4a-9d89-91b09828816f] GET /api/hostel responded 200 in 38ms
2026-07-22 17:38:56.624 +05:30 [INF] [fd43d4de-07f0-43be-891b-e06441953500] GET /api/hostel from 127.0.0.1 by Anonymous
2026-07-22 17:38:56.661 +05:30 [INF] [fd43d4de-07f0-43be-891b-e06441953500] GET /api/hostel responded 200 in 35ms
2026-07-22 17:39:02.607 +05:30 [INF] [9550985c-beb9-4f25-8939-67e14d4558e7] GET /api/hostel from 127.0.0.1 by Anonymous
2026-07-22 17:39:02.640 +05:30 [INF] [9550985c-beb9-4f25-8939-67e14d4558e7] GET /api/hostel responded 200 in 32ms
2026-07-22 17:39:02.656 +05:30 [INF] [9280cb4b-b4da-4973-9ef2-17e6b8e2a9af] GET /api/hostel from 127.0.0.1 by Anonymous
2026-07-22 17:39:02.694 +05:30 [INF] [9280cb4b-b4da-4973-9ef2-17e6b8e2a9af] GET /api/hostel responded 200 in 36ms
2026-07-22 17:39:10.430 +05:30 [INF] [5e0a393f-341d-4b19-9e96-5879e11abd1b] GET /api/hostel from 127.0.0.1 by Anonymous
2026-07-22 17:39:10.452 +05:30 [INF] [5e0a393f-341d-4b19-9e96-5879e11abd1b] GET /api/hostel responded 200 in 20ms
2026-07-22 17:39:13.276 +05:30 [INF] [5423510b-7efa-4667-b36c-e1aa6779fc78] GET /api/hostel/allocations from 127.0.0.1 by Anonymous
2026-07-22 17:39:13.306 +05:30 [INF] [5423510b-7efa-4667-b36c-e1aa6779fc78] GET /api/hostel/allocations responded 200 in 28ms
2026-07-22 17:39:14.691 +05:30 [INF] [e81cc157-6b38-49df-8b75-6cbe7ac9fe30] GET /api/hostel from 127.0.0.1 by Anonymous
2026-07-22 17:39:14.713 +05:30 [INF] [e81cc157-6b38-49df-8b75-6cbe7ac9fe30] GET /api/hostel responded 200 in 20ms
2026-07-22 17:39:22.661 +05:30 [INF] [845e4dbb-e384-4db8-91fa-04bd3fae8251] GET /api/hostel from 127.0.0.1 by Anonymous
2026-07-22 17:39:22.687 +05:30 [INF] [845e4dbb-e384-4db8-91fa-04bd3fae8251] GET /api/hostel responded 200 in 25ms
2026-07-22 17:39:51.489 +05:30 [INF] [b6eb1800-975f-4fa1-93c4-c761094aec4f] GET /api/exams from 127.0.0.1 by Anonymous
2026-07-22 17:39:51.729 +05:30 [INF] [b6eb1800-975f-4fa1-93c4-c761094aec4f] GET /api/exams responded 200 in 238ms
2026-07-22 17:39:51.740 +05:30 [INF] [55f35f5f-8853-4644-93ea-2cea93131f38] GET /api/exams from 127.0.0.1 by Anonymous
2026-07-22 17:39:51.777 +05:30 [INF] [55f35f5f-8853-4644-93ea-2cea93131f38] GET /api/exams responded 200 in 36ms
2026-07-22 17:51:03.268 +05:30 [WRN] Redis unavailable, falling back to in-memory cache and basic SignalR: Redis not connected
2026-07-22 17:51:10.143 +05:30 [WRN] Entity 'ApplicationRole' has a global query filter defined and is the required end of a relationship with the entity 'ApplicationRoleClaim'. This may lead to unexpected results when the required entity is filtered out. Either configure the navigation as optional, or define matching query filters for both entities in the navigation. See https://go.microsoft.com/fwlink/?linkid=2131316 for more information.
2026-07-22 17:51:10.147 +05:30 [WRN] Entity 'ApplicationUser' has a global query filter defined and is the required end of a relationship with the entity 'ApplicationUserClaim'. This may lead to unexpected results when the required entity is filtered out. Either configure the navigation as optional, or define matching query filters for both entities in the navigation. See https://go.microsoft.com/fwlink/?linkid=2131316 for more information.
2026-07-22 17:51:10.148 +05:30 [WRN] Entity 'ApplicationUser' has a global query filter defined and is the required end of a relationship with the entity 'ApplicationUserLogin'. This may lead to unexpected results when the required entity is filtered out. Either configure the navigation as optional, or define matching query filters for both entities in the navigation. See https://go.microsoft.com/fwlink/?linkid=2131316 for more information.
2026-07-22 17:51:10.148 +05:30 [WRN] Entity 'ApplicationRole' has a global query filter defined and is the required end of a relationship with the entity 'ApplicationUserRole'. This may lead to unexpected results when the required entity is filtered out. Either configure the navigation as optional, or define matching query filters for both entities in the navigation. See https://go.microsoft.com/fwlink/?linkid=2131316 for more information.
2026-07-22 17:51:10.149 +05:30 [WRN] Entity 'ApplicationUser' has a global query filter defined and is the required end of a relationship with the entity 'ApplicationUserToken'. This may lead to unexpected results when the required entity is filtered out. Either configure the navigation as optional, or define matching query filters for both entities in the navigation. See https://go.microsoft.com/fwlink/?linkid=2131316 for more information.
2026-07-22 17:51:10.171 +05:30 [WRN] Sensitive data logging is enabled. Log entries and exception messages may include sensitive application data; this mode should only be enabled during development.
2026-07-22 17:51:10.333 +05:30 [WRN] The foreign key property 'HomeworkSubmission.StudentId1' was created in shadow state because a conflicting property with the simple name 'StudentId' exists in the entity type, but is either not mapped, is already used for another relationship, or is incompatible with the associated primary key type. See https://aka.ms/efcore-relationships for information on mapping relationships in EF Core.
2026-07-22 17:51:15.432 +05:30 [WRN] Entity 'ApplicationRole' has a global query filter defined and is the required end of a relationship with the entity 'ApplicationRoleClaim'. This may lead to unexpected results when the required entity is filtered out. Either configure the navigation as optional, or define matching query filters for both entities in the navigation. See https://go.microsoft.com/fwlink/?linkid=2131316 for more information.
2026-07-22 17:51:15.434 +05:30 [WRN] Entity 'ApplicationUser' has a global query filter defined and is the required end of a relationship with the entity 'ApplicationUserClaim'. This may lead to unexpected results when the required entity is filtered out. Either configure the navigation as optional, or define matching query filters for both entities in the navigation. See https://go.microsoft.com/fwlink/?linkid=2131316 for more information.
2026-07-22 17:51:15.435 +05:30 [WRN] Entity 'ApplicationUser' has a global query filter defined and is the required end of a relationship with the entity 'ApplicationUserLogin'. This may lead to unexpected results when the required entity is filtered out. Either configure the navigation as optional, or define matching query filters for both entities in the navigation. See https://go.microsoft.com/fwlink/?linkid=2131316 for more information.
2026-07-22 17:51:15.435 +05:30 [WRN] Entity 'ApplicationRole' has a global query filter defined and is the required end of a relationship with the entity 'ApplicationUserRole'. This may lead to unexpected results when the required entity is filtered out. Either configure the navigation as optional, or define matching query filters for both entities in the navigation. See https://go.microsoft.com/fwlink/?linkid=2131316 for more information.
2026-07-22 17:51:15.435 +05:30 [WRN] Entity 'ApplicationUser' has a global query filter defined and is the required end of a relationship with the entity 'ApplicationUserToken'. This may lead to unexpected results when the required entity is filtered out. Either configure the navigation as optional, or define matching query filters for both entities in the navigation. See https://go.microsoft.com/fwlink/?linkid=2131316 for more information.
2026-07-22 17:51:15.477 +05:30 [WRN] The foreign key property 'HomeworkSubmission.StudentId1' was created in shadow state because a conflicting property with the simple name 'StudentId' exists in the entity type, but is either not mapped, is already used for another relationship, or is incompatible with the associated primary key type. See https://aka.ms/efcore-relationships for information on mapping relationships in EF Core.
2026-07-22 17:52:45.301 +05:30 [WRN] Redis unavailable, falling back to in-memory cache and basic SignalR: Redis not connected
2026-07-22 17:52:51.207 +05:30 [WRN] Entity 'ApplicationRole' has a global query filter defined and is the required end of a relationship with the entity 'ApplicationRoleClaim'. This may lead to unexpected results when the required entity is filtered out. Either configure the navigation as optional, or define matching query filters for both entities in the navigation. See https://go.microsoft.com/fwlink/?linkid=2131316 for more information.
2026-07-22 17:52:52.937 +05:30 [WRN] Entity 'ApplicationUser' has a global query filter defined and is the required end of a relationship with the entity 'ApplicationUserClaim'. This may lead to unexpected results when the required entity is filtered out. Either configure the navigation as optional, or define matching query filters for both entities in the navigation. See https://go.microsoft.com/fwlink/?linkid=2131316 for more information.
2026-07-22 17:52:52.938 +05:30 [WRN] Entity 'ApplicationUser' has a global query filter defined and is the required end of a relationship with the entity 'ApplicationUserLogin'. This may lead to unexpected results when the required entity is filtered out. Either configure the navigation as optional, or define matching query filters for both entities in the navigation. See https://go.microsoft.com/fwlink/?linkid=2131316 for more information.
2026-07-22 17:52:52.938 +05:30 [WRN] Entity 'ApplicationRole' has a global query filter defined and is the required end of a relationship with the entity 'ApplicationUserRole'. This may lead to unexpected results when the required entity is filtered out. Either configure the navigation as optional, or define matching query filters for both entities in the navigation. See https://go.microsoft.com/fwlink/?linkid=2131316 for more information.
2026-07-22 17:52:52.938 +05:30 [WRN] Entity 'ApplicationUser' has a global query filter defined and is the required end of a relationship with the entity 'ApplicationUserToken'. This may lead to unexpected results when the required entity is filtered out. Either configure the navigation as optional, or define matching query filters for both entities in the navigation. See https://go.microsoft.com/fwlink/?linkid=2131316 for more information.
2026-07-22 17:52:52.954 +05:30 [WRN] Sensitive data logging is enabled. Log entries and exception messages may include sensitive application data; this mode should only be enabled during development.
2026-07-22 17:52:53.083 +05:30 [WRN] The foreign key property 'HomeworkSubmission.StudentId1' was created in shadow state because a conflicting property with the simple name 'StudentId' exists in the entity type, but is either not mapped, is already used for another relationship, or is incompatible with the associated primary key type. See https://aka.ms/efcore-relationships for information on mapping relationships in EF Core.
2026-07-22 17:53:00.359 +05:30 [INF] Executed DbCommand (5,849ms) [Parameters=[], CommandType='"Text"', CommandTimeout='30']
SELECT 1 FROM INFORMATION_SCHEMA.TABLES WHERE TABLE_SCHEMA='schoolcrm_dev' AND TABLE_NAME='__EFMigrationsHistory';
2026-07-22 17:53:00.398 +05:30 [INF] Executed DbCommand (3ms) [Parameters=[], CommandType='"Text"', CommandTimeout='30']
SELECT 1 FROM INFORMATION_SCHEMA.TABLES WHERE TABLE_SCHEMA='schoolcrm_dev' AND TABLE_NAME='__EFMigrationsHistory';
2026-07-22 17:53:00.458 +05:30 [INF] Executed DbCommand (7ms) [Parameters=[], CommandType='"Text"', CommandTimeout='30']
SELECT `MigrationId`, `ProductVersion`
FROM `__EFMigrationsHistory`
ORDER BY `MigrationId`;
2026-07-22 17:53:01.146 +05:30 [INF] Executed DbCommand (52ms) [Parameters=[], CommandType='"Text"', CommandTimeout='30']
ALTER TABLE `Exams` DROP FOREIGN KEY `FK_Exams_AcademicYears_AcademicYearId`;
2026-07-22 17:53:01.186 +05:30 [INF] Executed DbCommand (39ms) [Parameters=[], CommandType='"Text"', CommandTimeout='30']
ALTER TABLE `Exams` DROP FOREIGN KEY `FK_Exams_ExamTypes_ExamTypeId`;
2026-07-22 17:53:01.458 +05:30 [INF] Executed DbCommand (271ms) [Parameters=[], CommandType='"Text"', CommandTimeout='30']
ALTER TABLE `Exams` MODIFY COLUMN `ExamTypeId` char(36) COLLATE ascii_general_ci NULL;
2026-07-22 17:53:01.756 +05:30 [INF] Executed DbCommand (298ms) [Parameters=[], CommandType='"Text"', CommandTimeout='30']
ALTER TABLE `Exams` MODIFY COLUMN `AcademicYearId` char(36) COLLATE ascii_general_ci NULL;
2026-07-22 17:53:02.298 +05:30 [INF] Executed DbCommand (542ms) [Parameters=[], CommandType='"Text"', CommandTimeout='30']
ALTER TABLE `Exams` ADD CONSTRAINT `FK_Exams_AcademicYears_AcademicYearId` FOREIGN KEY (`AcademicYearId`) REFERENCES `AcademicYears` (`Id`) ON DELETE SET NULL;
2026-07-22 17:53:02.700 +05:30 [INF] Executed DbCommand (401ms) [Parameters=[], CommandType='"Text"', CommandTimeout='30']
ALTER TABLE `Exams` ADD CONSTRAINT `FK_Exams_ExamTypes_ExamTypeId` FOREIGN KEY (`ExamTypeId`) REFERENCES `ExamTypes` (`Id`) ON DELETE SET NULL;
2026-07-22 17:53:02.717 +05:30 [INF] Executed DbCommand (16ms) [Parameters=[], CommandType='"Text"', CommandTimeout='30']
INSERT INTO `__EFMigrationsHistory` (`MigrationId`, `ProductVersion`)
VALUES ('20260722122120_MakeExamNullableFields', '8.0.11');
2026-07-22 17:53:31.102 +05:30 [WRN] Redis unavailable, falling back to in-memory cache and basic SignalR: Redis not connected
2026-07-22 17:53:38.462 +05:30 [WRN] Entity 'ApplicationRole' has a global query filter defined and is the required end of a relationship with the entity 'ApplicationRoleClaim'. This may lead to unexpected results when the required entity is filtered out. Either configure the navigation as optional, or define matching query filters for both entities in the navigation. See https://go.microsoft.com/fwlink/?linkid=2131316 for more information.
2026-07-22 17:53:38.467 +05:30 [WRN] Entity 'ApplicationUser' has a global query filter defined and is the required end of a relationship with the entity 'ApplicationUserClaim'. This may lead to unexpected results when the required entity is filtered out. Either configure the navigation as optional, or define matching query filters for both entities in the navigation. See https://go.microsoft.com/fwlink/?linkid=2131316 for more information.
2026-07-22 17:53:38.467 +05:30 [WRN] Entity 'ApplicationUser' has a global query filter defined and is the required end of a relationship with the entity 'ApplicationUserLogin'. This may lead to unexpected results when the required entity is filtered out. Either configure the navigation as optional, or define matching query filters for both entities in the navigation. See https://go.microsoft.com/fwlink/?linkid=2131316 for more information.
2026-07-22 17:53:38.468 +05:30 [WRN] Entity 'ApplicationRole' has a global query filter defined and is the required end of a relationship with the entity 'ApplicationUserRole'. This may lead to unexpected results when the required entity is filtered out. Either configure the navigation as optional, or define matching query filters for both entities in the navigation. See https://go.microsoft.com/fwlink/?linkid=2131316 for more information.
2026-07-22 17:53:38.468 +05:30 [WRN] Entity 'ApplicationUser' has a global query filter defined and is the required end of a relationship with the entity 'ApplicationUserToken'. This may lead to unexpected results when the required entity is filtered out. Either configure the navigation as optional, or define matching query filters for both entities in the navigation. See https://go.microsoft.com/fwlink/?linkid=2131316 for more information.
2026-07-22 17:53:38.611 +05:30 [WRN] The foreign key property 'HomeworkSubmission.StudentId1' was created in shadow state because a conflicting property with the simple name 'StudentId' exists in the entity type, but is either not mapped, is already used for another relationship, or is incompatible with the associated primary key type. See https://aka.ms/efcore-relationships for information on mapping relationships in EF Core.
2026-07-22 17:53:42.579 +05:30 [INF] Database migrated successfully
2026-07-22 17:53:43.652 +05:30 [INF] Roles seeded successfully
2026-07-22 17:55:12.606 +05:30 [INF] [adf0a208-1799-48f0-b7fe-1ab4d1110ffd] GET /api/exams from 127.0.0.1 by Anonymous
2026-07-22 17:55:12.692 +05:30 [WRN] Failed to determine the https port for redirect.
2026-07-22 17:55:12.871 +05:30 [INF] [adf0a208-1799-48f0-b7fe-1ab4d1110ffd] GET /api/exams responded 401 in 260ms
2026-07-22 17:55:12.910 +05:30 [INF] [f5168c1c-3199-482c-a7ce-5db096e39a06] GET /api/exams from 127.0.0.1 by Anonymous
2026-07-22 17:55:12.924 +05:30 [INF] [f5168c1c-3199-482c-a7ce-5db096e39a06] GET /api/exams responded 401 in 13ms
2026-07-22 17:55:12.943 +05:30 [INF] [bfe2d677-62a7-4db7-94c0-23f0b44a7e4e] POST /api/auth/refresh from 127.0.0.1 by Anonymous
2026-07-22 17:55:13.015 +05:30 [INF] [d614e6ba-d901-4866-a1a1-995dd988a31e] POST /api/auth/refresh from 127.0.0.1 by Anonymous
2026-07-22 17:55:13.240 +05:30 [INF] [d614e6ba-d901-4866-a1a1-995dd988a31e] POST /api/auth/refresh responded 400 in 222ms
2026-07-22 17:55:13.241 +05:30 [INF] [bfe2d677-62a7-4db7-94c0-23f0b44a7e4e] POST /api/auth/refresh responded 400 in 295ms
2026-07-22 17:57:59.739 +05:30 [WRN] Redis unavailable, falling back to in-memory cache and basic SignalR: Redis not connected
2026-07-22 17:58:07.957 +05:30 [WRN] Entity 'ApplicationRole' has a global query filter defined and is the required end of a relationship with the entity 'ApplicationRoleClaim'. This may lead to unexpected results when the required entity is filtered out. Either configure the navigation as optional, or define matching query filters for both entities in the navigation. See https://go.microsoft.com/fwlink/?linkid=2131316 for more information.
2026-07-22 17:58:07.960 +05:30 [WRN] Entity 'ApplicationUser' has a global query filter defined and is the required end of a relationship with the entity 'ApplicationUserClaim'. This may lead to unexpected results when the required entity is filtered out. Either configure the navigation as optional, or define matching query filters for both entities in the navigation. See https://go.microsoft.com/fwlink/?linkid=2131316 for more information.
2026-07-22 17:58:07.960 +05:30 [WRN] Entity 'ApplicationUser' has a global query filter defined and is the required end of a relationship with the entity 'ApplicationUserLogin'. This may lead to unexpected results when the required entity is filtered out. Either configure the navigation as optional, or define matching query filters for both entities in the navigation. See https://go.microsoft.com/fwlink/?linkid=2131316 for more information.
2026-07-22 17:58:07.960 +05:30 [WRN] Entity 'ApplicationRole' has a global query filter defined and is the required end of a relationship with the entity 'ApplicationUserRole'. This may lead to unexpected results when the required entity is filtered out. Either configure the navigation as optional, or define matching query filters for both entities in the navigation. See https://go.microsoft.com/fwlink/?linkid=2131316 for more information.
2026-07-22 17:58:07.960 +05:30 [WRN] Entity 'ApplicationUser' has a global query filter defined and is the required end of a relationship with the entity 'ApplicationUserToken'. This may lead to unexpected results when the required entity is filtered out. Either configure the navigation as optional, or define matching query filters for both entities in the navigation. See https://go.microsoft.com/fwlink/?linkid=2131316 for more information.
2026-07-22 17:58:08.104 +05:30 [WRN] The foreign key property 'HomeworkSubmission.StudentId1' was created in shadow state because a conflicting property with the simple name 'StudentId' exists in the entity type, but is either not mapped, is already used for another relationship, or is incompatible with the associated primary key type. See https://aka.ms/efcore-relationships for information on mapping relationships in EF Core.
2026-07-22 17:58:09.458 +05:30 [INF] Database migrated successfully
2026-07-22 17:58:10.667 +05:30 [INF] Roles seeded successfully
2026-07-22 18:03:36.160 +05:30 [WRN] Redis unavailable, falling back to in-memory cache and basic SignalR: Redis not connected
2026-07-22 18:03:42.426 +05:30 [WRN] Entity 'ApplicationRole' has a global query filter defined and is the required end of a relationship with the entity 'ApplicationRoleClaim'. This may lead to unexpected results when the required entity is filtered out. Either configure the navigation as optional, or define matching query filters for both entities in the navigation. See https://go.microsoft.com/fwlink/?linkid=2131316 for more information.
2026-07-22 18:03:42.429 +05:30 [WRN] Entity 'ApplicationUser' has a global query filter defined and is the required end of a relationship with the entity 'ApplicationUserClaim'. This may lead to unexpected results when the required entity is filtered out. Either configure the navigation as optional, or define matching query filters for both entities in the navigation. See https://go.microsoft.com/fwlink/?linkid=2131316 for more information.
2026-07-22 18:03:42.430 +05:30 [WRN] Entity 'ApplicationUser' has a global query filter defined and is the required end of a relationship with the entity 'ApplicationUserLogin'. This may lead to unexpected results when the required entity is filtered out. Either configure the navigation as optional, or define matching query filters for both entities in the navigation. See https://go.microsoft.com/fwlink/?linkid=2131316 for more information.
2026-07-22 18:03:42.430 +05:30 [WRN] Entity 'ApplicationRole' has a global query filter defined and is the required end of a relationship with the entity 'ApplicationUserRole'. This may lead to unexpected results when the required entity is filtered out. Either configure the navigation as optional, or define matching query filters for both entities in the navigation. See https://go.microsoft.com/fwlink/?linkid=2131316 for more information.
2026-07-22 18:03:42.430 +05:30 [WRN] Entity 'ApplicationUser' has a global query filter defined and is the required end of a relationship with the entity 'ApplicationUserToken'. This may lead to unexpected results when the required entity is filtered out. Either configure the navigation as optional, or define matching query filters for both entities in the navigation. See https://go.microsoft.com/fwlink/?linkid=2131316 for more information.
2026-07-22 18:03:42.569 +05:30 [WRN] The foreign key property 'HomeworkSubmission.StudentId1' was created in shadow state because a conflicting property with the simple name 'StudentId' exists in the entity type, but is either not mapped, is already used for another relationship, or is incompatible with the associated primary key type. See https://aka.ms/efcore-relationships for information on mapping relationships in EF Core.
2026-07-22 18:03:43.819 +05:30 [INF] Database migrated successfully
2026-07-22 18:09:07.473 +05:30 [WRN] Redis unavailable, falling back to in-memory cache and basic SignalR: Redis not connected
2026-07-22 18:09:13.744 +05:30 [WRN] Entity 'ApplicationRole' has a global query filter defined and is the required end of a relationship with the entity 'ApplicationRoleClaim'. This may lead to unexpected results when the required entity is filtered out. Either configure the navigation as optional, or define matching query filters for both entities in the navigation. See https://go.microsoft.com/fwlink/?linkid=2131316 for more information.
2026-07-22 18:09:13.746 +05:30 [WRN] Entity 'ApplicationUser' has a global query filter defined and is the required end of a relationship with the entity 'ApplicationUserClaim'. This may lead to unexpected results when the required entity is filtered out. Either configure the navigation as optional, or define matching query filters for both entities in the navigation. See https://go.microsoft.com/fwlink/?linkid=2131316 for more information.
2026-07-22 18:09:13.747 +05:30 [WRN] Entity 'ApplicationUser' has a global query filter defined and is the required end of a relationship with the entity 'ApplicationUserLogin'. This may lead to unexpected results when the required entity is filtered out. Either configure the navigation as optional, or define matching query filters for both entities in the navigation. See https://go.microsoft.com/fwlink/?linkid=2131316 for more information.
2026-07-22 18:09:13.747 +05:30 [WRN] Entity 'ApplicationRole' has a global query filter defined and is the required end of a relationship with the entity 'ApplicationUserRole'. This may lead to unexpected results when the required entity is filtered out. Either configure the navigation as optional, or define matching query filters for both entities in the navigation. See https://go.microsoft.com/fwlink/?linkid=2131316 for more information.
2026-07-22 18:09:13.747 +05:30 [WRN] Entity 'ApplicationUser' has a global query filter defined and is the required end of a relationship with the entity 'ApplicationUserToken'. This may lead to unexpected results when the required entity is filtered out. Either configure the navigation as optional, or define matching query filters for both entities in the navigation. See https://go.microsoft.com/fwlink/?linkid=2131316 for more information.
2026-07-22 18:09:13.886 +05:30 [WRN] The foreign key property 'HomeworkSubmission.StudentId1' was created in shadow state because a conflicting property with the simple name 'StudentId' exists in the entity type, but is either not mapped, is already used for another relationship, or is incompatible with the associated primary key type. See https://aka.ms/efcore-relationships for information on mapping relationships in EF Core.
2026-07-22 18:09:15.341 +05:30 [INF] Database migrated successfully
2026-07-22 18:09:16.392 +05:30 [INF] Roles seeded successfully
2026-07-22 18:09:46.677 +05:30 [INF] [62f319ed-e296-4a45-9746-f05dbce772c8] POST /api/auth/login from 127.0.0.1 by Anonymous
2026-07-22 18:09:46.714 +05:30 [WRN] Failed to determine the https port for redirect.
2026-07-22 18:09:48.051 +05:30 [INF] [62f319ed-e296-4a45-9746-f05dbce772c8] POST /api/auth/login responded 200 in 1369ms
2026-07-22 18:11:46.737 +05:30 [INF] [1b736df3-e460-435b-aae6-42d410cade3f] POST /api/auth/login from 127.0.0.1 by Anonymous
2026-07-22 18:11:47.153 +05:30 [INF] [1b736df3-e460-435b-aae6-42d410cade3f] POST /api/auth/login responded 200 in 415ms
2026-07-22 18:11:48.541 +05:30 [INF] [8187552e-be0a-4a29-897a-a0b4d82997f9] GET /api/dashboard/stats from 127.0.0.1 by Anonymous
2026-07-22 18:11:48.546 +05:30 [INF] [2067fa99-8ef0-427c-87c8-9397ab8dcf5e] GET /api/dashboard/attendance-chart from 127.0.0.1 by Anonymous
2026-07-22 18:11:48.554 +05:30 [INF] [62bc762a-7c2a-49d6-abe3-13c7497d1418] GET /api/dashboard/fee-chart from 127.0.0.1 by Anonymous
2026-07-22 18:11:48.942 +05:30 [INF] [62bc762a-7c2a-49d6-abe3-13c7497d1418] GET /api/dashboard/fee-chart responded 200 in 387ms
2026-07-22 18:11:48.958 +05:30 [INF] [2131bda8-2e9c-485b-a49e-f58a33cc61f8] GET /api/dashboard/fee-chart from 127.0.0.1 by Anonymous
2026-07-22 18:11:49.015 +05:30 [INF] [2131bda8-2e9c-485b-a49e-f58a33cc61f8] GET /api/dashboard/fee-chart responded 200 in 55ms
2026-07-22 18:11:49.367 +05:30 [WRN] The query uses a row limiting operator ('Skip'/'Take') without an 'OrderBy' operator. This may lead to unpredictable results. If the 'Distinct' operator is used after 'OrderBy', then make sure to use the 'OrderBy' operator after 'Distinct' as the ordering would otherwise get erased.
2026-07-22 18:11:49.369 +05:30 [WRN] The query uses a row limiting operator ('Skip'/'Take') without an 'OrderBy' operator. This may lead to unpredictable results. If the 'Distinct' operator is used after 'OrderBy', then make sure to use the 'OrderBy' operator after 'Distinct' as the ordering would otherwise get erased.
2026-07-22 18:11:49.435 +05:30 [INF] [8187552e-be0a-4a29-897a-a0b4d82997f9] GET /api/dashboard/stats responded 200 in 892ms
2026-07-22 18:11:49.449 +05:30 [INF] [4943be58-d6f0-4cb6-92f0-a4f20c2e60a9] GET /api/dashboard/stats from 127.0.0.1 by Anonymous
2026-07-22 18:11:49.543 +05:30 [INF] [4943be58-d6f0-4cb6-92f0-a4f20c2e60a9] GET /api/dashboard/stats responded 200 in 92ms
2026-07-22 18:11:50.437 +05:30 [INF] [2067fa99-8ef0-427c-87c8-9397ab8dcf5e] GET /api/dashboard/attendance-chart responded 200 in 1890ms
2026-07-22 18:11:50.455 +05:30 [INF] [444d2aa2-8bd2-490f-9726-848c8b4ded97] GET /api/dashboard/attendance-chart from 127.0.0.1 by Anonymous
2026-07-22 18:11:51.381 +05:30 [INF] [444d2aa2-8bd2-490f-9726-848c8b4ded97] GET /api/dashboard/attendance-chart responded 200 in 923ms
2026-07-22 18:11:54.073 +05:30 [INF] [8c365bae-f360-4f20-9f17-0a244bf90f78] GET /api/hostel from 127.0.0.1 by Anonymous
2026-07-22 18:11:54.280 +05:30 [INF] [8c365bae-f360-4f20-9f17-0a244bf90f78] GET /api/hostel responded 200 in 204ms
2026-07-22 18:11:54.288 +05:30 [INF] [d1e1fc2d-214f-4ca0-8a9c-13321b4581b4] GET /api/hostel from 127.0.0.1 by Anonymous
2026-07-22 18:11:54.314 +05:30 [INF] [d1e1fc2d-214f-4ca0-8a9c-13321b4581b4] GET /api/hostel responded 200 in 25ms
2026-07-22 18:11:56.364 +05:30 [INF] [bae96519-20c3-4c97-bf73-55976ce2e1f2] GET /api/hostel from 127.0.0.1 by Anonymous
2026-07-22 18:11:56.395 +05:30 [INF] [bae96519-20c3-4c97-bf73-55976ce2e1f2] GET /api/hostel responded 200 in 30ms
2026-07-22 18:12:26.232 +05:30 [INF] [867246ee-8a3e-49f7-8e0e-1b1a078ac1f7] POST /api/hostel/rooms from 127.0.0.1 by Anonymous
2026-07-22 18:12:26.575 +05:30 [INF] [867246ee-8a3e-49f7-8e0e-1b1a078ac1f7] POST /api/hostel/rooms responded 201 in 342ms
2026-07-22 18:12:33.070 +05:30 [INF] [cf914dea-2f3a-4ee5-a026-fc542d8c4fdf] GET /api/hostel from 127.0.0.1 by Anonymous
2026-07-22 18:12:33.104 +05:30 [INF] [cf914dea-2f3a-4ee5-a026-fc542d8c4fdf] GET /api/hostel responded 200 in 34ms
2026-07-22 18:12:38.886 +05:30 [INF] [aad86f81-0612-4f90-8de8-352f372a820c] GET /api/hostel from 127.0.0.1 by Anonymous
2026-07-22 18:12:38.915 +05:30 [INF] [aad86f81-0612-4f90-8de8-352f372a820c] GET /api/hostel responded 200 in 28ms
2026-07-22 18:12:40.059 +05:30 [INF] [c03eb02a-9664-4398-9ee5-194d00b45c9d] GET /api/hostel/allocations from 127.0.0.1 by Anonymous
2026-07-22 18:12:40.150 +05:30 [INF] [c03eb02a-9664-4398-9ee5-194d00b45c9d] GET /api/hostel/allocations responded 200 in 90ms
2026-07-22 18:12:44.616 +05:30 [INF] [2aa0bdfa-a71f-495e-80db-d6a45b81dccd] GET /api/hostel from 127.0.0.1 by Anonymous
2026-07-22 18:12:44.656 +05:30 [INF] [2aa0bdfa-a71f-495e-80db-d6a45b81dccd] GET /api/hostel responded 200 in 39ms
2026-07-22 18:12:44.665 +05:30 [INF] [d27a69ef-6a15-45c1-a1ab-a10d81e171e5] GET /api/hostel from 127.0.0.1 by Anonymous
2026-07-22 18:12:44.686 +05:30 [INF] [d27a69ef-6a15-45c1-a1ab-a10d81e171e5] GET /api/hostel responded 200 in 20ms
2026-07-22 18:13:00.146 +05:30 [INF] [b5cc862c-9610-4ad9-8f8d-3d475900faa0] GET /api/exams from 127.0.0.1 by Anonymous
2026-07-22 18:13:00.294 +05:30 [INF] [b5cc862c-9610-4ad9-8f8d-3d475900faa0] GET /api/exams responded 200 in 148ms
2026-07-22 18:13:00.303 +05:30 [INF] [f7e221c4-3c88-44b2-a64b-fb6b65eab220] GET /api/exams from 127.0.0.1 by Anonymous
2026-07-22 18:13:00.328 +05:30 [INF] [f7e221c4-3c88-44b2-a64b-fb6b65eab220] GET /api/exams responded 200 in 24ms
2026-07-22 18:13:12.129 +05:30 [INF] [3b0fc464-7c35-4853-818d-ba1c0240516f] GET /api/library from 127.0.0.1 by Anonymous
2026-07-22 18:13:12.205 +05:30 [INF] [3b0fc464-7c35-4853-818d-ba1c0240516f] GET /api/library responded 200 in 75ms
2026-07-22 18:13:12.213 +05:30 [INF] [b42bd3f4-b79f-4543-9e5c-530e68a1147e] GET /api/library from 127.0.0.1 by Anonymous
2026-07-22 18:13:12.232 +05:30 [INF] [b42bd3f4-b79f-4543-9e5c-530e68a1147e] GET /api/library responded 200 in 18ms
2026-07-22 18:13:18.057 +05:30 [INF] [82ba1be2-fe0d-40e5-96fd-9c02e915917f] GET /api/dashboard/stats from 127.0.0.1 by Anonymous
2026-07-22 18:13:18.072 +05:30 [INF] [392b78d6-d5af-4f2c-9dc3-45fdd3bc1ba7] GET /api/dashboard/fee-chart from 127.0.0.1 by Anonymous
2026-07-22 18:13:18.074 +05:30 [INF] [d20ee946-f68d-40ec-b03c-2e49a0d7858b] GET /api/dashboard/attendance-chart from 127.0.0.1 by Anonymous
2026-07-22 18:13:18.123 +05:30 [INF] [392b78d6-d5af-4f2c-9dc3-45fdd3bc1ba7] GET /api/dashboard/fee-chart responded 200 in 50ms
2026-07-22 18:13:18.132 +05:30 [INF] [80c0c416-531d-4414-85c6-67673c931453] GET /api/dashboard/fee-chart from 127.0.0.1 by Anonymous
2026-07-22 18:13:18.163 +05:30 [INF] [82ba1be2-fe0d-40e5-96fd-9c02e915917f] GET /api/dashboard/stats responded 200 in 105ms
2026-07-22 18:13:18.168 +05:30 [INF] [80c0c416-531d-4414-85c6-67673c931453] GET /api/dashboard/fee-chart responded 200 in 34ms
2026-07-22 18:13:18.191 +05:30 [INF] [3f766992-274d-490b-8b58-13aacc445e9c] GET /api/dashboard/stats from 127.0.0.1 by Anonymous
2026-07-22 18:13:18.262 +05:30 [INF] [3f766992-274d-490b-8b58-13aacc445e9c] GET /api/dashboard/stats responded 200 in 70ms
2026-07-22 18:13:19.240 +05:30 [INF] [d20ee946-f68d-40ec-b03c-2e49a0d7858b] GET /api/dashboard/attendance-chart responded 200 in 1165ms
2026-07-22 18:13:19.249 +05:30 [INF] [1f6be074-0a7d-4738-a1ee-8e5cf1e9ceae] GET /api/dashboard/attendance-chart from 127.0.0.1 by Anonymous
2026-07-22 18:13:19.972 +05:30 [INF] [1f6be074-0a7d-4738-a1ee-8e5cf1e9ceae] GET /api/dashboard/attendance-chart responded 200 in 722ms
2026-07-22 18:13:23.567 +05:30 [INF] [993df8b8-b6e0-4155-bad1-a5022239696c] GET /api/exams from 127.0.0.1 by Anonymous
2026-07-22 18:13:23.601 +05:30 [INF] [993df8b8-b6e0-4155-bad1-a5022239696c] GET /api/exams responded 200 in 33ms
2026-07-22 18:13:23.610 +05:30 [INF] [10fafd4b-c66f-474f-be55-7f25a9a201f5] GET /api/exams from 127.0.0.1 by Anonymous
2026-07-22 18:13:23.631 +05:30 [INF] [10fafd4b-c66f-474f-be55-7f25a9a201f5] GET /api/exams responded 200 in 21ms
2026-07-22 18:14:44.726 +05:30 [INF] [f6ab121e-dae1-406c-a05c-eef6e67c037e] POST /api/auth/logout from 127.0.0.1 by Anonymous
2026-07-22 18:14:45.227 +05:30 [INF] [f6ab121e-dae1-406c-a05c-eef6e67c037e] POST /api/auth/logout responded 415 in 500ms
2026-07-22 18:14:56.913 +05:30 [INF] [0ac6c18e-c8ff-48dd-80bd-d37df27c0d97] POST /api/auth/login from 127.0.0.1 by Anonymous
2026-07-22 18:14:57.152 +05:30 [INF] [0ac6c18e-c8ff-48dd-80bd-d37df27c0d97] POST /api/auth/login responded 200 in 238ms
2026-07-22 18:14:57.469 +05:30 [INF] [d9e8c6a5-7cb3-40ab-a91b-6b3a97612083] GET /api/dashboard/stats from 127.0.0.1 by Anonymous
2026-07-22 18:14:57.477 +05:30 [INF] [66d5c85e-5206-426d-9aaf-11bcdeb867d0] GET /api/dashboard/attendance-chart from 127.0.0.1 by Anonymous
2026-07-22 18:14:57.548 +05:30 [INF] [d9e8c6a5-7cb3-40ab-a91b-6b3a97612083] GET /api/dashboard/stats responded 200 in 75ms
2026-07-22 18:14:57.553 +05:30 [INF] [366bd623-f12b-46b2-aae1-46eaaa9b86cb] GET /api/dashboard/stats from 127.0.0.1 by Anonymous
2026-07-22 18:14:57.602 +05:30 [INF] [366bd623-f12b-46b2-aae1-46eaaa9b86cb] GET /api/dashboard/stats responded 200 in 47ms
2026-07-22 18:14:58.277 +05:30 [INF] [66d5c85e-5206-426d-9aaf-11bcdeb867d0] GET /api/dashboard/attendance-chart responded 200 in 798ms
2026-07-22 18:14:58.286 +05:30 [INF] [900f2768-abd5-4b53-92cc-0317270b37fd] GET /api/dashboard/attendance-chart from 127.0.0.1 by Anonymous
2026-07-22 18:14:58.986 +05:30 [INF] [900f2768-abd5-4b53-92cc-0317270b37fd] GET /api/dashboard/attendance-chart responded 200 in 699ms
2026-07-22 18:15:01.098 +05:30 [INF] [7a8b5605-2ef0-4aca-b1ea-9d51b4c49508] GET /api/exams from 127.0.0.1 by Anonymous
2026-07-22 18:15:01.121 +05:30 [INF] [7a8b5605-2ef0-4aca-b1ea-9d51b4c49508] GET /api/exams responded 200 in 22ms
2026-07-22 18:15:01.130 +05:30 [INF] [83415e89-49b6-4e93-84e8-e4c4cc9f6308] GET /api/exams from 127.0.0.1 by Anonymous
2026-07-22 18:15:01.148 +05:30 [INF] [83415e89-49b6-4e93-84e8-e4c4cc9f6308] GET /api/exams responded 200 in 18ms
2026-07-22 18:15:03.992 +05:30 [INF] [b29e6e25-c952-4674-9636-29ea1fa5a4cb] GET /api/attendance from 127.0.0.1 by Anonymous
2026-07-22 18:15:04.242 +05:30 [INF] [b29e6e25-c952-4674-9636-29ea1fa5a4cb] GET /api/attendance responded 200 in 249ms
2026-07-22 18:15:04.246 +05:30 [INF] [c3d69a34-37e8-4618-be15-903ab4a3d61c] GET /api/attendance from 127.0.0.1 by Anonymous
2026-07-22 18:15:04.271 +05:30 [INF] [c3d69a34-37e8-4618-be15-903ab4a3d61c] GET /api/attendance responded 200 in 24ms
2026-07-22 18:15:07.400 +05:30 [INF] [439f2939-f48a-417e-9579-162c8f12fcda] GET /api/dashboard/stats from 127.0.0.1 by Anonymous
2026-07-22 18:15:07.401 +05:30 [INF] [1578afb6-8bf4-4d03-89d9-8601b6693de4] GET /api/dashboard/attendance-chart from 127.0.0.1 by Anonymous
2026-07-22 18:15:07.462 +05:30 [INF] [439f2939-f48a-417e-9579-162c8f12fcda] GET /api/dashboard/stats responded 200 in 60ms
2026-07-22 18:15:07.469 +05:30 [INF] [8bb0016b-26d9-4ba5-96f8-caa54aa37b23] GET /api/dashboard/stats from 127.0.0.1 by Anonymous
2026-07-22 18:15:07.520 +05:30 [INF] [8bb0016b-26d9-4ba5-96f8-caa54aa37b23] GET /api/dashboard/stats responded 200 in 50ms
2026-07-22 18:15:08.227 +05:30 [INF] [1578afb6-8bf4-4d03-89d9-8601b6693de4] GET /api/dashboard/attendance-chart responded 200 in 823ms
2026-07-22 18:15:08.232 +05:30 [INF] [86f22691-7803-4464-913a-fdc0d13baff2] GET /api/dashboard/attendance-chart from 127.0.0.1 by Anonymous
2026-07-22 18:15:08.852 +05:30 [INF] [86f22691-7803-4464-913a-fdc0d13baff2] GET /api/dashboard/attendance-chart responded 200 in 619ms
2026-07-22 18:15:09.781 +05:30 [INF] [e9733db5-1405-4da7-bbc1-5dd2e10d1a12] GET /api/attendance from 127.0.0.1 by Anonymous
2026-07-22 18:15:09.816 +05:30 [INF] [e9733db5-1405-4da7-bbc1-5dd2e10d1a12] GET /api/attendance responded 200 in 34ms
2026-07-22 18:15:09.826 +05:30 [INF] [25d59e60-6c99-44ea-a546-d727e9e93ead] GET /api/attendance from 127.0.0.1 by Anonymous
2026-07-22 18:15:09.850 +05:30 [INF] [25d59e60-6c99-44ea-a546-d727e9e93ead] GET /api/attendance responded 200 in 23ms
2026-07-22 18:15:15.087 +05:30 [INF] [5396e6e7-37e7-420a-9089-de99c3888bd7] GET /api/dashboard/attendance-chart from 127.0.0.1 by Anonymous
2026-07-22 18:15:15.089 +05:30 [INF] [2ceea080-d399-4fd1-9f7b-0037113af9fb] GET /api/dashboard/stats from 127.0.0.1 by Anonymous
2026-07-22 18:15:15.171 +05:30 [INF] [2ceea080-d399-4fd1-9f7b-0037113af9fb] GET /api/dashboard/stats responded 200 in 81ms
2026-07-22 18:15:15.193 +05:30 [INF] [6152bb5a-87ed-4d4a-bae4-4ff3e64daf6c] GET /api/dashboard/stats from 127.0.0.1 by Anonymous
2026-07-22 18:15:15.264 +05:30 [INF] [6152bb5a-87ed-4d4a-bae4-4ff3e64daf6c] GET /api/dashboard/stats responded 200 in 70ms
2026-07-22 18:15:15.870 +05:30 [INF] [5396e6e7-37e7-420a-9089-de99c3888bd7] GET /api/dashboard/attendance-chart responded 200 in 782ms
2026-07-22 18:15:15.875 +05:30 [INF] [11774b80-5bfb-4acd-b84a-670bc8b00c92] GET /api/dashboard/attendance-chart from 127.0.0.1 by Anonymous
2026-07-22 18:15:16.486 +05:30 [INF] [11774b80-5bfb-4acd-b84a-670bc8b00c92] GET /api/dashboard/attendance-chart responded 200 in 611ms
2026-07-22 18:15:22.185 +05:30 [INF] [0ff5df8f-f61f-40ce-98d1-52452db854bc] GET /api/schools from 127.0.0.1 by Anonymous
2026-07-22 18:15:22.187 +05:30 [INF] [e556bca5-1c75-4ea7-941d-2eebdd19cfc4] GET /api/fees from 127.0.0.1 by Anonymous
2026-07-22 18:15:22.240 +05:30 [WRN] The query uses a row limiting operator ('Skip'/'Take') without an 'OrderBy' operator. This may lead to unpredictable results. If the 'Distinct' operator is used after 'OrderBy', then make sure to use the 'OrderBy' operator after 'Distinct' as the ordering would otherwise get erased.
2026-07-22 18:15:22.241 +05:30 [WRN] The query uses a row limiting operator ('Skip'/'Take') without an 'OrderBy' operator. This may lead to unpredictable results. If the 'Distinct' operator is used after 'OrderBy', then make sure to use the 'OrderBy' operator after 'Distinct' as the ordering would otherwise get erased.
2026-07-22 18:15:22.249 +05:30 [WRN] The query uses a row limiting operator ('Skip'/'Take') without an 'OrderBy' operator. This may lead to unpredictable results. If the 'Distinct' operator is used after 'OrderBy', then make sure to use the 'OrderBy' operator after 'Distinct' as the ordering would otherwise get erased.
2026-07-22 18:15:22.250 +05:30 [WRN] The query uses a row limiting operator ('Skip'/'Take') without an 'OrderBy' operator. This may lead to unpredictable results. If the 'Distinct' operator is used after 'OrderBy', then make sure to use the 'OrderBy' operator after 'Distinct' as the ordering would otherwise get erased.
2026-07-22 18:15:22.282 +05:30 [INF] [0ff5df8f-f61f-40ce-98d1-52452db854bc] GET /api/schools responded 200 in 97ms
2026-07-22 18:15:22.296 +05:30 [INF] [1ce1f129-d468-4a5e-b3f5-e7b285684a22] GET /api/schools from 127.0.0.1 by Anonymous
2026-07-22 18:15:22.315 +05:30 [INF] [12973451-5508-4eac-ba09-8edfbaac3e46] GET /api/schools/93cfbeb0-5697-4af4-9f0b-0115e7e2e14a/academic-years from 127.0.0.1 by Anonymous
2026-07-22 18:15:22.315 +05:30 [INF] [9b6d6d78-d7e7-4360-ad4d-330972e439c2] GET /api/schools/93cfbeb0-5697-4af4-9f0b-0115e7e2e14a/classes from 127.0.0.1 by Anonymous
2026-07-22 18:15:22.329 +05:30 [INF] [1ce1f129-d468-4a5e-b3f5-e7b285684a22] GET /api/schools responded 200 in 32ms
2026-07-22 18:15:22.382 +05:30 [INF] [e556bca5-1c75-4ea7-941d-2eebdd19cfc4] GET /api/fees responded 200 in 194ms
2026-07-22 18:15:22.390 +05:30 [INF] [37575b18-6adc-4a25-94b4-f5df2bd91a70] GET /api/fees from 127.0.0.1 by Anonymous
2026-07-22 18:15:22.428 +05:30 [INF] [37575b18-6adc-4a25-94b4-f5df2bd91a70] GET /api/fees responded 200 in 36ms
2026-07-22 18:15:22.479 +05:30 [INF] [12973451-5508-4eac-ba09-8edfbaac3e46] GET /api/schools/93cfbeb0-5697-4af4-9f0b-0115e7e2e14a/academic-years responded 200 in 163ms
2026-07-22 18:15:22.494 +05:30 [INF] [9b6d6d78-d7e7-4360-ad4d-330972e439c2] GET /api/schools/93cfbeb0-5697-4af4-9f0b-0115e7e2e14a/classes responded 200 in 178ms
2026-07-22 18:15:22.495 +05:30 [INF] [f26ec6d7-3223-4203-92b6-c3105c70db29] GET /api/schools/93cfbeb0-5697-4af4-9f0b-0115e7e2e14a/academic-years from 127.0.0.1 by Anonymous
2026-07-22 18:15:22.508 +05:30 [INF] [4abadf8f-fbdc-478c-bde2-fda8df7d1eb4] GET /api/schools/93cfbeb0-5697-4af4-9f0b-0115e7e2e14a/classes from 127.0.0.1 by Anonymous
2026-07-22 18:15:22.512 +05:30 [INF] [f26ec6d7-3223-4203-92b6-c3105c70db29] GET /api/schools/93cfbeb0-5697-4af4-9f0b-0115e7e2e14a/academic-years responded 200 in 17ms
2026-07-22 18:15:22.528 +05:30 [INF] [4abadf8f-fbdc-478c-bde2-fda8df7d1eb4] GET /api/schools/93cfbeb0-5697-4af4-9f0b-0115e7e2e14a/classes responded 200 in 18ms
2026-07-22 18:15:26.634 +05:30 [INF] [cfd000ec-5041-4661-8751-bcbc1f9d3ff3] GET /api/dashboard/stats from 127.0.0.1 by Anonymous
2026-07-22 18:15:26.635 +05:30 [INF] [acc253c0-beb8-4fd3-a009-e9442c69e442] GET /api/dashboard/attendance-chart from 127.0.0.1 by Anonymous
2026-07-22 18:15:26.684 +05:30 [INF] [cfd000ec-5041-4661-8751-bcbc1f9d3ff3] GET /api/dashboard/stats responded 200 in 49ms
2026-07-22 18:15:26.693 +05:30 [INF] [adde5b05-0fa7-43bf-9a48-de987ee5325c] GET /api/dashboard/stats from 127.0.0.1 by Anonymous
2026-07-22 18:15:26.777 +05:30 [INF] [adde5b05-0fa7-43bf-9a48-de987ee5325c] GET /api/dashboard/stats responded 200 in 83ms
2026-07-22 18:15:27.383 +05:30 [INF] [acc253c0-beb8-4fd3-a009-e9442c69e442] GET /api/dashboard/attendance-chart responded 200 in 748ms
2026-07-22 18:15:27.394 +05:30 [INF] [900d9b7a-9c9d-4211-ad40-b8db481eebaa] GET /api/dashboard/attendance-chart from 127.0.0.1 by Anonymous
2026-07-22 18:15:28.116 +05:30 [INF] [900d9b7a-9c9d-4211-ad40-b8db481eebaa] GET /api/dashboard/attendance-chart responded 200 in 721ms
2026-07-22 18:15:29.124 +05:30 [INF] [0851545e-9c31-4b06-856c-5d8a06be233e] GET /api/notifications from 127.0.0.1 by Anonymous
2026-07-22 18:15:29.182 +05:30 [INF] [0851545e-9c31-4b06-856c-5d8a06be233e] GET /api/notifications responded 200 in 57ms
2026-07-22 18:15:29.191 +05:30 [INF] [930c4853-2b52-433f-a833-1700ae0b02a6] GET /api/notifications from 127.0.0.1 by Anonymous
2026-07-22 18:15:29.208 +05:30 [INF] [930c4853-2b52-433f-a833-1700ae0b02a6] GET /api/notifications responded 200 in 15ms
2026-07-22 18:15:31.485 +05:30 [INF] [ef2742bb-5465-496e-a0ff-fe88e9c760e0] GET /api/notifications/announcements from 127.0.0.1 by Anonymous
2026-07-22 18:15:31.532 +05:30 [INF] [ef2742bb-5465-496e-a0ff-fe88e9c760e0] GET /api/notifications/announcements responded 200 in 46ms
2026-07-22 18:15:31.545 +05:30 [INF] [49877fee-e23d-41e5-b091-5942b05f54a8] GET /api/notifications/announcements from 127.0.0.1 by Anonymous
2026-07-22 18:15:31.560 +05:30 [INF] [49877fee-e23d-41e5-b091-5942b05f54a8] GET /api/notifications/announcements responded 200 in 14ms
2026-07-22 18:15:37.257 +05:30 [INF] [4237ed95-a487-46da-9766-f066c046e4e4] GET /api/exams from 127.0.0.1 by Anonymous
2026-07-22 18:15:37.278 +05:30 [INF] [4237ed95-a487-46da-9766-f066c046e4e4] GET /api/exams responded 200 in 19ms
2026-07-22 18:15:37.284 +05:30 [INF] [93c7d9ac-5b29-4d31-b3a8-35d64128f27d] GET /api/exams from 127.0.0.1 by Anonymous
2026-07-22 18:15:37.303 +05:30 [INF] [93c7d9ac-5b29-4d31-b3a8-35d64128f27d] GET /api/exams responded 200 in 17ms
2026-07-22 18:15:38.188 +05:30 [INF] [0a42eff5-fd5f-4844-ad27-b49d9e019702] GET /api/attendance from 127.0.0.1 by Anonymous
2026-07-22 18:15:38.224 +05:30 [INF] [0a42eff5-fd5f-4844-ad27-b49d9e019702] GET /api/attendance responded 200 in 35ms
2026-07-22 18:15:38.233 +05:30 [INF] [089f8205-fc02-4775-a4c5-ad2291803903] GET /api/attendance from 127.0.0.1 by Anonymous
2026-07-22 18:15:38.261 +05:30 [INF] [089f8205-fc02-4775-a4c5-ad2291803903] GET /api/attendance responded 200 in 26ms
2026-07-22 18:15:42.047 +05:30 [INF] [a86cba4d-f08c-47d7-b111-c2f8bab81975] GET /api/dashboard/stats from 127.0.0.1 by Anonymous
2026-07-22 18:15:42.052 +05:30 [INF] [04f2e8e6-e3f8-41f2-abe1-f1509ccf1afb] GET /api/dashboard/attendance-chart from 127.0.0.1 by Anonymous
2026-07-22 18:15:42.109 +05:30 [INF] [a86cba4d-f08c-47d7-b111-c2f8bab81975] GET /api/dashboard/stats responded 200 in 61ms
2026-07-22 18:15:42.113 +05:30 [INF] [d4e264ba-7a9c-4fb9-9de9-2a61ac2da5c0] GET /api/dashboard/stats from 127.0.0.1 by Anonymous
2026-07-22 18:15:42.161 +05:30 [INF] [d4e264ba-7a9c-4fb9-9de9-2a61ac2da5c0] GET /api/dashboard/stats responded 200 in 46ms
2026-07-22 18:15:42.735 +05:30 [INF] [04f2e8e6-e3f8-41f2-abe1-f1509ccf1afb] GET /api/dashboard/attendance-chart responded 200 in 682ms
2026-07-22 18:15:42.743 +05:30 [INF] [89a9dbab-6a2b-48f1-b1b4-076dd3004bcd] GET /api/dashboard/attendance-chart from 127.0.0.1 by Anonymous
2026-07-22 18:15:43.367 +05:30 [INF] [89a9dbab-6a2b-48f1-b1b4-076dd3004bcd] GET /api/dashboard/attendance-chart responded 200 in 623ms
2026-07-22 18:19:08.040 +05:30 [INF] [c540c212-d05a-4bc8-a7ab-340cbb721d72] GET /api/schools from 127.0.0.1 by Anonymous
2026-07-22 18:19:08.053 +05:30 [INF] [f093a0e2-41ae-43ed-bbeb-a49482363124] GET /api/fees from 127.0.0.1 by Anonymous
2026-07-22 18:19:08.085 +05:30 [INF] [c540c212-d05a-4bc8-a7ab-340cbb721d72] GET /api/schools responded 200 in 43ms
2026-07-22 18:19:08.090 +05:30 [INF] [f093a0e2-41ae-43ed-bbeb-a49482363124] GET /api/fees responded 200 in 37ms
2026-07-22 18:19:08.100 +05:30 [INF] [51238301-db16-459b-940c-e8f9454a074d] GET /api/schools from 127.0.0.1 by Anonymous
2026-07-22 18:19:08.120 +05:30 [INF] [51238301-db16-459b-940c-e8f9454a074d] GET /api/schools responded 200 in 20ms
2026-07-22 18:19:08.121 +05:30 [INF] [05aee2c9-2b1b-421c-ae5c-93051309b5e1] GET /api/fees from 127.0.0.1 by Anonymous
2026-07-22 18:19:08.123 +05:30 [INF] [4dd6375f-23c6-48e5-9691-326622edbb15] GET /api/schools/93cfbeb0-5697-4af4-9f0b-0115e7e2e14a/academic-years from 127.0.0.1 by Anonymous
2026-07-22 18:19:08.123 +05:30 [INF] [ae86d6a9-6a41-4b63-a375-54defed3dfae] GET /api/schools/93cfbeb0-5697-4af4-9f0b-0115e7e2e14a/classes from 127.0.0.1 by Anonymous
2026-07-22 18:19:08.146 +05:30 [INF] [05aee2c9-2b1b-421c-ae5c-93051309b5e1] GET /api/fees responded 200 in 24ms
2026-07-22 18:19:08.151 +05:30 [INF] [ae86d6a9-6a41-4b63-a375-54defed3dfae] GET /api/schools/93cfbeb0-5697-4af4-9f0b-0115e7e2e14a/classes responded 200 in 24ms
2026-07-22 18:19:08.152 +05:30 [INF] [4dd6375f-23c6-48e5-9691-326622edbb15] GET /api/schools/93cfbeb0-5697-4af4-9f0b-0115e7e2e14a/academic-years responded 200 in 28ms
2026-07-22 18:19:08.230 +05:30 [INF] [f40b8a13-998a-4df2-9aa3-b407faa6d359] GET /api/schools/93cfbeb0-5697-4af4-9f0b-0115e7e2e14a/classes from 127.0.0.1 by Anonymous
2026-07-22 18:19:08.231 +05:30 [INF] [824a73d3-b933-4d40-9851-4b97c12b5336] GET /api/schools/93cfbeb0-5697-4af4-9f0b-0115e7e2e14a/academic-years from 127.0.0.1 by Anonymous
2026-07-22 18:19:08.247 +05:30 [INF] [824a73d3-b933-4d40-9851-4b97c12b5336] GET /api/schools/93cfbeb0-5697-4af4-9f0b-0115e7e2e14a/academic-years responded 200 in 15ms
2026-07-22 18:19:08.247 +05:30 [INF] [f40b8a13-998a-4df2-9aa3-b407faa6d359] GET /api/schools/93cfbeb0-5697-4af4-9f0b-0115e7e2e14a/classes responded 200 in 16ms
2026-07-22 18:19:11.535 +05:30 [INF] [1f5dd838-ceed-466a-b9d4-e51aa22fd9f6] GET /api/homework from 127.0.0.1 by Anonymous
2026-07-22 18:19:11.631 +05:30 [INF] [1f5dd838-ceed-466a-b9d4-e51aa22fd9f6] GET /api/homework responded 200 in 95ms
2026-07-22 18:19:11.638 +05:30 [INF] [4bb80ada-e3a7-4e46-a848-8aed1067361c] GET /api/homework from 127.0.0.1 by Anonymous
2026-07-22 18:19:11.652 +05:30 [INF] [4bb80ada-e3a7-4e46-a848-8aed1067361c] GET /api/homework responded 200 in 13ms
2026-07-22 18:19:14.743 +05:30 [INF] [44fac076-0b93-4f4d-97aa-fe0ce07c1dc5] GET /api/exams from 127.0.0.1 by Anonymous
2026-07-22 18:19:14.765 +05:30 [INF] [44fac076-0b93-4f4d-97aa-fe0ce07c1dc5] GET /api/exams responded 200 in 20ms
2026-07-22 18:19:14.772 +05:30 [INF] [18dac80e-c3d1-4991-a922-49be6f38b8b2] GET /api/exams from 127.0.0.1 by Anonymous
2026-07-22 18:19:14.792 +05:30 [INF] [18dac80e-c3d1-4991-a922-49be6f38b8b2] GET /api/exams responded 200 in 19ms
2026-07-22 18:19:15.562 +05:30 [INF] [6accfdef-d426-470e-9101-544c76b6830a] GET /api/attendance from 127.0.0.1 by Anonymous
2026-07-22 18:19:15.603 +05:30 [INF] [6accfdef-d426-470e-9101-544c76b6830a] GET /api/attendance responded 200 in 40ms
2026-07-22 18:19:15.614 +05:30 [INF] [aa5d1d09-716d-4670-afcf-c64f7abfe081] GET /api/attendance from 127.0.0.1 by Anonymous
2026-07-22 18:19:15.642 +05:30 [INF] [aa5d1d09-716d-4670-afcf-c64f7abfe081] GET /api/attendance responded 200 in 28ms
2026-07-22 18:19:16.533 +05:30 [INF] [ba888f9f-e230-4a71-a2c8-d43f0c6eac4c] GET /api/dashboard/stats from 127.0.0.1 by Anonymous
2026-07-22 18:19:16.535 +05:30 [INF] [77025713-6193-4dea-a49a-a66036371c30] GET /api/dashboard/attendance-chart from 127.0.0.1 by Anonymous
2026-07-22 18:19:16.597 +05:30 [INF] [ba888f9f-e230-4a71-a2c8-d43f0c6eac4c] GET /api/dashboard/stats responded 200 in 63ms
2026-07-22 18:19:16.616 +05:30 [INF] [f5194b63-3f29-4ea9-8bb7-d7dc631ea19c] GET /api/dashboard/stats from 127.0.0.1 by Anonymous
2026-07-22 18:19:16.678 +05:30 [INF] [f5194b63-3f29-4ea9-8bb7-d7dc631ea19c] GET /api/dashboard/stats responded 200 in 61ms
2026-07-22 18:19:17.292 +05:30 [INF] [77025713-6193-4dea-a49a-a66036371c30] GET /api/dashboard/attendance-chart responded 200 in 756ms
2026-07-22 18:19:17.297 +05:30 [INF] [7d52a6de-b883-4bd3-a4e2-f214ad563a12] GET /api/dashboard/attendance-chart from 127.0.0.1 by Anonymous
2026-07-22 18:19:17.892 +05:30 [INF] [7d52a6de-b883-4bd3-a4e2-f214ad563a12] GET /api/dashboard/attendance-chart responded 200 in 595ms
2026-07-22 18:19:21.330 +05:30 [INF] [5b2bac30-1830-4547-9747-c411990605b0] POST /api/auth/logout from 127.0.0.1 by Anonymous
2026-07-22 18:19:21.352 +05:30 [INF] [5b2bac30-1830-4547-9747-c411990605b0] POST /api/auth/logout responded 415 in 21ms
2026-07-22 18:19:33.601 +05:30 [INF] [2743f6d3-1db3-4fb5-9e76-868b43f5f480] POST /api/auth/login from 127.0.0.1 by Anonymous
2026-07-22 18:19:33.865 +05:30 [INF] [2743f6d3-1db3-4fb5-9e76-868b43f5f480] POST /api/auth/login responded 200 in 264ms
2026-07-22 18:19:34.160 +05:30 [INF] [859251bd-5781-4798-b8dd-a50da4857ec9] GET /api/dashboard/stats from 127.0.0.1 by Anonymous
2026-07-22 18:19:34.161 +05:30 [INF] [895363cf-f5be-43a1-8adb-378b09c4c2ef] GET /api/dashboard/attendance-chart from 127.0.0.1 by Anonymous
2026-07-22 18:19:34.242 +05:30 [INF] [859251bd-5781-4798-b8dd-a50da4857ec9] GET /api/dashboard/stats responded 200 in 81ms
2026-07-22 18:19:34.255 +05:30 [INF] [8dbb2d17-563b-4eb5-be8b-ae0770107d2e] GET /api/dashboard/stats from 127.0.0.1 by Anonymous
2026-07-22 18:19:34.306 +05:30 [INF] [8dbb2d17-563b-4eb5-be8b-ae0770107d2e] GET /api/dashboard/stats responded 200 in 49ms
2026-07-22 18:19:34.876 +05:30 [INF] [895363cf-f5be-43a1-8adb-378b09c4c2ef] GET /api/dashboard/attendance-chart responded 200 in 714ms
2026-07-22 18:19:34.881 +05:30 [INF] [298f2259-4e4c-441e-97ae-f0f7c8c253a8] GET /api/dashboard/attendance-chart from 127.0.0.1 by Anonymous
2026-07-22 18:19:35.493 +05:30 [INF] [298f2259-4e4c-441e-97ae-f0f7c8c253a8] GET /api/dashboard/attendance-chart responded 200 in 611ms
2026-07-22 18:20:25.225 +05:30 [INF] [535c4da2-fd4a-442f-9d89-88417dc438ae] GET /api/parents from 127.0.0.1 by Anonymous
2026-07-22 18:20:25.759 +05:30 [INF] [535c4da2-fd4a-442f-9d89-88417dc438ae] GET /api/parents responded 200 in 532ms
2026-07-22 18:20:25.766 +05:30 [INF] [5e961cc9-7748-4bb4-9ed2-020d2e14db34] GET /api/parents from 127.0.0.1 by Anonymous
2026-07-22 18:20:25.788 +05:30 [INF] [5e961cc9-7748-4bb4-9ed2-020d2e14db34] GET /api/parents responded 200 in 21ms
2026-07-22 18:20:36.490 +05:30 [INF] [a2923eb2-98b5-4277-9d05-5608e6fd5ea0] POST /api/parents from 127.0.0.1 by Anonymous
2026-07-22 18:20:36.538 +05:30 [INF] [a2923eb2-98b5-4277-9d05-5608e6fd5ea0] POST /api/parents responded 400 in 47ms
2026-07-22 18:20:47.840 +05:30 [INF] [2b73d2ac-f161-4ddc-aba9-5586b65e07c6] POST /api/parents from 127.0.0.1 by Anonymous
2026-07-22 18:20:47.862 +05:30 [INF] [2b73d2ac-f161-4ddc-aba9-5586b65e07c6] POST /api/parents responded 400 in 22ms
2026-07-22 18:35:23.584 +05:30 [WRN] Redis unavailable, falling back to in-memory cache and basic SignalR: Redis not connected
2026-07-22 18:35:29.533 +05:30 [WRN] Entity 'ApplicationRole' has a global query filter defined and is the required end of a relationship with the entity 'ApplicationRoleClaim'. This may lead to unexpected results when the required entity is filtered out. Either configure the navigation as optional, or define matching query filters for both entities in the navigation. See https://go.microsoft.com/fwlink/?linkid=2131316 for more information.
2026-07-22 18:35:29.536 +05:30 [WRN] Entity 'ApplicationUser' has a global query filter defined and is the required end of a relationship with the entity 'ApplicationUserClaim'. This may lead to unexpected results when the required entity is filtered out. Either configure the navigation as optional, or define matching query filters for both entities in the navigation. See https://go.microsoft.com/fwlink/?linkid=2131316 for more information.
2026-07-22 18:35:29.537 +05:30 [WRN] Entity 'ApplicationUser' has a global query filter defined and is the required end of a relationship with the entity 'ApplicationUserLogin'. This may lead to unexpected results when the required entity is filtered out. Either configure the navigation as optional, or define matching query filters for both entities in the navigation. See https://go.microsoft.com/fwlink/?linkid=2131316 for more information.
2026-07-22 18:35:29.537 +05:30 [WRN] Entity 'ApplicationRole' has a global query filter defined and is the required end of a relationship with the entity 'ApplicationUserRole'. This may lead to unexpected results when the required entity is filtered out. Either configure the navigation as optional, or define matching query filters for both entities in the navigation. See https://go.microsoft.com/fwlink/?linkid=2131316 for more information.
2026-07-22 18:35:29.537 +05:30 [WRN] Entity 'ApplicationUser' has a global query filter defined and is the required end of a relationship with the entity 'ApplicationUserToken'. This may lead to unexpected results when the required entity is filtered out. Either configure the navigation as optional, or define matching query filters for both entities in the navigation. See https://go.microsoft.com/fwlink/?linkid=2131316 for more information.
2026-07-22 18:35:29.664 +05:30 [WRN] The foreign key property 'HomeworkSubmission.StudentId1' was created in shadow state because a conflicting property with the simple name 'StudentId' exists in the entity type, but is either not mapped, is already used for another relationship, or is incompatible with the associated primary key type. See https://aka.ms/efcore-relationships for information on mapping relationships in EF Core.
2026-07-22 18:35:31.025 +05:30 [INF] Database migrated successfully
2026-07-22 18:35:32.048 +05:30 [INF] Roles seeded successfully
2026-07-22 18:36:08.927 +05:30 [INF] [00bfae0c-bfd8-4044-bbf5-8da6e936f9c0] POST /api/auth/login from 127.0.0.1 by Anonymous
2026-07-22 18:36:08.962 +05:30 [WRN] Failed to determine the https port for redirect.
2026-07-22 18:36:10.248 +05:30 [INF] [00bfae0c-bfd8-4044-bbf5-8da6e936f9c0] POST /api/auth/login responded 200 in 1317ms
2026-07-22 18:36:16.685 +05:30 [INF] [612f8f74-452c-4a59-a7a0-ade02c477c11] POST /api/auth/register from 127.0.0.1 by Anonymous
2026-07-22 18:36:16.707 +05:30 [INF] [612f8f74-452c-4a59-a7a0-ade02c477c11] POST /api/auth/register responded 401 in 21ms
2026-07-22 18:36:22.469 +05:30 [INF] [1acefdde-be23-4e32-8ef1-85fe041d2df1] POST /api/auth/register from 127.0.0.1 by Anonymous
2026-07-22 18:36:22.479 +05:30 [INF] [1acefdde-be23-4e32-8ef1-85fe041d2df1] POST /api/auth/register responded 401 in 9ms
2026-07-22 18:36:39.515 +05:30 [INF] [ff53c0ed-6e22-400b-8649-864d207feb3a] POST /api/auth/login from 127.0.0.1 by Anonymous
2026-07-22 18:36:40.037 +05:30 [INF] [ff53c0ed-6e22-400b-8649-864d207feb3a] POST /api/auth/login responded 200 in 522ms
2026-07-22 18:36:48.232 +05:30 [INF] [2682a051-573a-4f8a-afe4-5442182607b2] POST /api/auth/register from 127.0.0.1 by Anonymous
2026-07-22 18:36:48.235 +05:30 [INF] [2682a051-573a-4f8a-afe4-5442182607b2] POST /api/auth/register responded 401 in 2ms
2026-07-22 18:37:06.171 +05:30 [INF] [e1c2b32f-b512-4399-b203-e3958eec8909] POST /api/auth/register from 127.0.0.1 by Anonymous
2026-07-22 18:37:06.171 +05:30 [INF] [e1c2b32f-b512-4399-b203-e3958eec8909] POST /api/auth/register responded 401 in 0ms
2026-07-22 18:38:33.793 +05:30 [INF] [e5c79f14-d963-437b-98d9-439195e06587] POST /api/parents from 127.0.0.1 by Anonymous
2026-07-22 18:38:34.663 +05:30 [WRN] Compiling a query which loads related collections for more than one collection navigation, either via 'Include' or through projection, but no 'QuerySplittingBehavior' has been configured. By default, Entity Framework will use 'QuerySplittingBehavior.SingleQuery', which can potentially result in slow query performance. See https://go.microsoft.com/fwlink/?linkid=2134277 for more information. To identify the query that's triggering this warning call 'ConfigureWarnings(w => w.Throw(RelationalEventId.MultipleCollectionIncludeWarning))'.
2026-07-22 18:38:34.735 +05:30 [INF] [e5c79f14-d963-437b-98d9-439195e06587] POST /api/parents responded 201 in 940ms
2026-07-22 18:38:35.483 +05:30 [INF] [5bef1eb5-5110-4f88-beca-7d70b949a2c6] GET /api/parents from 127.0.0.1 by Anonymous
2026-07-22 18:38:35.767 +05:30 [INF] [5bef1eb5-5110-4f88-beca-7d70b949a2c6] GET /api/parents responded 200 in 281ms
2026-07-22 18:38:35.775 +05:30 [INF] [d53d83bd-bf18-4d5d-9b0f-5748d29cb78a] GET /api/parents from 127.0.0.1 by Anonymous
2026-07-22 18:38:35.804 +05:30 [INF] [d53d83bd-bf18-4d5d-9b0f-5748d29cb78a] GET /api/parents responded 200 in 28ms
2026-07-22 18:44:17.553 +05:30 [WRN] Redis unavailable, falling back to in-memory cache and basic SignalR: Redis not connected
2026-07-22 18:44:23.366 +05:30 [WRN] Entity 'ApplicationRole' has a global query filter defined and is the required end of a relationship with the entity 'ApplicationRoleClaim'. This may lead to unexpected results when the required entity is filtered out. Either configure the navigation as optional, or define matching query filters for both entities in the navigation. See https://go.microsoft.com/fwlink/?linkid=2131316 for more information.
2026-07-22 18:44:23.369 +05:30 [WRN] Entity 'ApplicationUser' has a global query filter defined and is the required end of a relationship with the entity 'ApplicationUserClaim'. This may lead to unexpected results when the required entity is filtered out. Either configure the navigation as optional, or define matching query filters for both entities in the navigation. See https://go.microsoft.com/fwlink/?linkid=2131316 for more information.
2026-07-22 18:44:23.369 +05:30 [WRN] Entity 'ApplicationUser' has a global query filter defined and is the required end of a relationship with the entity 'ApplicationUserLogin'. This may lead to unexpected results when the required entity is filtered out. Either configure the navigation as optional, or define matching query filters for both entities in the navigation. See https://go.microsoft.com/fwlink/?linkid=2131316 for more information.
2026-07-22 18:44:23.369 +05:30 [WRN] Entity 'ApplicationRole' has a global query filter defined and is the required end of a relationship with the entity 'ApplicationUserRole'. This may lead to unexpected results when the required entity is filtered out. Either configure the navigation as optional, or define matching query filters for both entities in the navigation. See https://go.microsoft.com/fwlink/?linkid=2131316 for more information.
2026-07-22 18:44:23.369 +05:30 [WRN] Entity 'ApplicationUser' has a global query filter defined and is the required end of a relationship with the entity 'ApplicationUserToken'. This may lead to unexpected results when the required entity is filtered out. Either configure the navigation as optional, or define matching query filters for both entities in the navigation. See https://go.microsoft.com/fwlink/?linkid=2131316 for more information.
2026-07-22 18:44:23.497 +05:30 [WRN] The foreign key property 'HomeworkSubmission.StudentId1' was created in shadow state because a conflicting property with the simple name 'StudentId' exists in the entity type, but is either not mapped, is already used for another relationship, or is incompatible with the associated primary key type. See https://aka.ms/efcore-relationships for information on mapping relationships in EF Core.
2026-07-22 18:44:24.945 +05:30 [INF] Database migrated successfully
2026-07-22 18:44:26.242 +05:30 [INF] Roles seeded successfully
2026-07-22 18:44:40.712 +05:30 [INF] [838fa7cd-360e-45c7-9224-ec9f9998ad08] POST /api/auth/login from 127.0.0.1 by Anonymous
2026-07-22 18:44:40.749 +05:30 [WRN] Failed to determine the https port for redirect.
2026-07-22 18:44:42.103 +05:30 [INF] [838fa7cd-360e-45c7-9224-ec9f9998ad08] POST /api/auth/login responded 200 in 1388ms
2026-07-22 18:46:16.387 +05:30 [INF] [080a5a87-4ef0-4b1e-804d-6100717b345b] GET /api/parents from 127.0.0.1 by Anonymous
2026-07-22 18:46:17.113 +05:30 [INF] [080a5a87-4ef0-4b1e-804d-6100717b345b] GET /api/parents responded 200 in 724ms
2026-07-22 18:46:17.124 +05:30 [INF] [0e9409b3-f3f5-45de-b827-482048793b50] GET /api/parents from 127.0.0.1 by Anonymous
2026-07-22 18:46:17.179 +05:30 [INF] [0e9409b3-f3f5-45de-b827-482048793b50] GET /api/parents responded 200 in 54ms
2026-07-22 18:46:24.454 +05:30 [INF] [724be89a-704e-4ea1-9f0c-f48ba5249e35] GET /api/employees from 127.0.0.1 by Anonymous
2026-07-22 18:46:24.718 +05:30 [INF] [724be89a-704e-4ea1-9f0c-f48ba5249e35] GET /api/employees responded 200 in 261ms
2026-07-22 18:46:24.735 +05:30 [INF] [ab3f644b-9dfa-43e8-b650-c7911f99f601] GET /api/employees from 127.0.0.1 by Anonymous
2026-07-22 18:46:24.767 +05:30 [INF] [ab3f644b-9dfa-43e8-b650-c7911f99f601] GET /api/employees responded 200 in 32ms
2026-07-22 18:52:10.019 +05:30 [INF] [d8dcb66d-83e6-4204-b8d8-5b64baae9462] GET /api/employees from 127.0.0.1 by Anonymous
2026-07-22 18:52:10.768 +05:30 [INF] [d8dcb66d-83e6-4204-b8d8-5b64baae9462] GET /api/employees responded 200 in 745ms
2026-07-22 18:55:36.362 +05:30 [INF] [9884d4f9-f6dc-4ff7-86a7-b97caa3c08bd] GET /api/employees from 127.0.0.1 by Anonymous
2026-07-22 18:55:36.452 +05:30 [INF] [9884d4f9-f6dc-4ff7-86a7-b97caa3c08bd] GET /api/employees responded 200 in 87ms
2026-07-22 18:55:36.463 +05:30 [INF] [aa09ca9e-4d4b-4426-8951-99059c534928] GET /api/employees from 127.0.0.1 by Anonymous
2026-07-22 18:55:36.496 +05:30 [INF] [aa09ca9e-4d4b-4426-8951-99059c534928] GET /api/employees responded 200 in 31ms
2026-07-22 18:55:42.651 +05:30 [INF] [58638ada-5fee-4eee-b0d8-ab209065534d] GET /api/parents from 127.0.0.1 by Anonymous
2026-07-22 18:55:42.692 +05:30 [INF] [58638ada-5fee-4eee-b0d8-ab209065534d] GET /api/parents responded 200 in 40ms
2026-07-22 18:55:42.708 +05:30 [INF] [4202b8ed-07a6-44b5-93a7-41a94108ae3e] GET /api/parents from 127.0.0.1 by Anonymous
2026-07-22 18:55:42.740 +05:30 [INF] [4202b8ed-07a6-44b5-93a7-41a94108ae3e] GET /api/parents responded 200 in 31ms
2026-07-22 18:55:55.553 +05:30 [INF] [b5a92932-468e-4526-82ac-7b7d13b72c85] GET /api/parents from 127.0.0.1 by Anonymous
2026-07-22 18:55:55.573 +05:30 [INF] [b5a92932-468e-4526-82ac-7b7d13b72c85] GET /api/parents responded 200 in 20ms
2026-07-22 18:55:55.581 +05:30 [INF] [30266bf4-29d7-4ba0-9719-9579675b2440] GET /api/parents from 127.0.0.1 by Anonymous
2026-07-22 18:55:55.612 +05:30 [INF] [30266bf4-29d7-4ba0-9719-9579675b2440] GET /api/parents responded 200 in 31ms
2026-07-22 18:56:01.558 +05:30 [INF] [89460894-0a9b-42e3-aaf3-725d92d1c46e] GET /api/teachers from 127.0.0.1 by Anonymous
2026-07-22 18:56:01.804 +05:30 [INF] [89460894-0a9b-42e3-aaf3-725d92d1c46e] GET /api/teachers responded 200 in 246ms
2026-07-22 18:56:01.809 +05:30 [INF] [4bab5936-fd20-45f6-8a5c-14ab7e1213d7] GET /api/teachers from 127.0.0.1 by Anonymous
2026-07-22 18:56:01.830 +05:30 [INF] [4bab5936-fd20-45f6-8a5c-14ab7e1213d7] GET /api/teachers responded 200 in 20ms
2026-07-22 18:56:04.867 +05:30 [INF] [eab38a80-8568-4a8c-9c62-2ed15f5d1fc2] GET /api/parents from 127.0.0.1 by Anonymous
2026-07-22 18:56:04.901 +05:30 [INF] [eab38a80-8568-4a8c-9c62-2ed15f5d1fc2] GET /api/parents responded 200 in 33ms
2026-07-22 18:56:04.915 +05:30 [INF] [9d08bdee-f529-41ad-97fd-2ea03c9e4cb5] GET /api/parents from 127.0.0.1 by Anonymous
2026-07-22 18:56:04.947 +05:30 [INF] [9d08bdee-f529-41ad-97fd-2ea03c9e4cb5] GET /api/parents responded 200 in 30ms
2026-07-22 18:56:06.047 +05:30 [INF] [b37fb2da-aad1-4a12-89bb-eeeff71c49da] GET /api/employees from 127.0.0.1 by Anonymous
2026-07-22 18:56:06.071 +05:30 [INF] [b37fb2da-aad1-4a12-89bb-eeeff71c49da] GET /api/employees responded 200 in 23ms
2026-07-22 18:56:06.077 +05:30 [INF] [b4b91da0-49e3-44ab-a98f-3b31ac119613] GET /api/employees from 127.0.0.1 by Anonymous
2026-07-22 18:56:06.096 +05:30 [INF] [b4b91da0-49e3-44ab-a98f-3b31ac119613] GET /api/employees responded 200 in 17ms
