2026-08-11 10:56:37.251 +05:30 [WRN] Redis unavailable, falling back to in-memory cache and basic SignalR: Redis not connected
2026-08-11 10:56:44.252 +05:30 [WRN] Entity 'ApplicationRole' has a global query filter defined and is the required end of a relationship with the entity 'ApplicationRoleClaim'. This may lead to unexpected results when the required entity is filtered out. Either configure the navigation as optional, or define matching query filters for both entities in the navigation. See https://go.microsoft.com/fwlink/?linkid=2131316 for more information.
2026-08-11 10:56:44.255 +05:30 [WRN] Entity 'ApplicationUser' has a global query filter defined and is the required end of a relationship with the entity 'ApplicationUserClaim'. This may lead to unexpected results when the required entity is filtered out. Either configure the navigation as optional, or define matching query filters for both entities in the navigation. See https://go.microsoft.com/fwlink/?linkid=2131316 for more information.
2026-08-11 10:56:44.256 +05:30 [WRN] Entity 'ApplicationUser' has a global query filter defined and is the required end of a relationship with the entity 'ApplicationUserLogin'. This may lead to unexpected results when the required entity is filtered out. Either configure the navigation as optional, or define matching query filters for both entities in the navigation. See https://go.microsoft.com/fwlink/?linkid=2131316 for more information.
2026-08-11 10:56:44.256 +05:30 [WRN] Entity 'ApplicationRole' has a global query filter defined and is the required end of a relationship with the entity 'ApplicationUserRole'. This may lead to unexpected results when the required entity is filtered out. Either configure the navigation as optional, or define matching query filters for both entities in the navigation. See https://go.microsoft.com/fwlink/?linkid=2131316 for more information.
2026-08-11 10:56:44.256 +05:30 [WRN] Entity 'ApplicationUser' has a global query filter defined and is the required end of a relationship with the entity 'ApplicationUserToken'. This may lead to unexpected results when the required entity is filtered out. Either configure the navigation as optional, or define matching query filters for both entities in the navigation. See https://go.microsoft.com/fwlink/?linkid=2131316 for more information.
2026-08-11 10:56:44.397 +05:30 [WRN] The foreign key property 'HomeworkSubmission.StudentId1' was created in shadow state because a conflicting property with the simple name 'StudentId' exists in the entity type, but is either not mapped, is already used for another relationship, or is incompatible with the associated primary key type. See https://aka.ms/efcore-relationships for information on mapping relationships in EF Core.
2026-08-11 10:56:46.207 +05:30 [INF] Database migrated successfully
2026-08-11 10:56:47.262 +05:30 [INF] Roles seeded successfully
2026-08-11 10:57:02.930 +05:30 [INF] [fd912d07-df5a-4b2b-a773-678ffb334180] GET /api/employees from 127.0.0.1 by Anonymous
2026-08-11 10:57:03.006 +05:30 [WRN] Failed to determine the https port for redirect.
2026-08-11 10:57:03.182 +05:30 [INF] [fd912d07-df5a-4b2b-a773-678ffb334180] GET /api/employees responded 401 in 245ms
2026-08-11 10:57:03.255 +05:30 [INF] [95b37a79-ca93-4cf9-884d-6d5ca5fb4294] GET /api/employees from 127.0.0.1 by Anonymous
2026-08-11 10:57:03.259 +05:30 [INF] [99d1af66-0462-4422-9fd5-25aa31b86e77] POST /api/auth/refresh from 127.0.0.1 by Anonymous
2026-08-11 10:57:03.288 +05:30 [INF] [95b37a79-ca93-4cf9-884d-6d5ca5fb4294] GET /api/employees responded 401 in 31ms
2026-08-11 10:57:03.336 +05:30 [INF] [9d9f0992-0538-48ce-90a7-987ebb9613df] POST /api/auth/refresh from 127.0.0.1 by Anonymous
2026-08-11 10:57:03.576 +05:30 [INF] [99d1af66-0462-4422-9fd5-25aa31b86e77] POST /api/auth/refresh responded 400 in 315ms
2026-08-11 10:57:03.576 +05:30 [INF] [9d9f0992-0538-48ce-90a7-987ebb9613df] POST /api/auth/refresh responded 400 in 238ms
2026-08-11 10:57:16.234 +05:30 [INF] [0db9cace-1b87-477a-ac8c-d3799962afaa] POST /api/auth/login from 127.0.0.1 by Anonymous
2026-08-11 10:57:17.517 +05:30 [ERR] An unhandled exception occurred: Invalid email or password.
System.UnauthorizedAccessException: Invalid email or password.
   at SchoolCRM.Infrastructure.Services.AuthService.LoginAsync(LoginDto dto, String ipAddress) in /var/www/html/school-crm/src/SchoolCRM.Infrastructure/Services/AuthService.cs:line 57
   at SchoolCRM.API.Controllers.AuthController.LoginAsync(LoginDto dto) in /var/www/html/school-crm/src/SchoolCRM.API/Controllers/AuthController.cs:line 28
   at lambda_method678(Closure, Object)
   at Microsoft.AspNetCore.Mvc.Infrastructure.ActionMethodExecutor.AwaitableObjectResultExecutor.Execute(ActionContext actionContext, IActionResultTypeMapper mapper, ObjectMethodExecutor executor, Object controller, Object[] arguments)
   at Microsoft.AspNetCore.Mvc.Infrastructure.ControllerActionInvoker.<InvokeActionMethodAsync>g__Awaited|12_0(ControllerActionInvoker invoker, ValueTask`1 actionResultValueTask)
   at Microsoft.AspNetCore.Mvc.Infrastructure.ControllerActionInvoker.<InvokeNextActionFilterAsync>g__Awaited|10_0(ControllerActionInvoker invoker, Task lastTask, State next, Scope scope, Object state, Boolean isCompleted)
   at Microsoft.AspNetCore.Mvc.Infrastructure.ControllerActionInvoker.Rethrow(ActionExecutedContextSealed context)
   at Microsoft.AspNetCore.Mvc.Infrastructure.ControllerActionInvoker.Next(State& next, Scope& scope, Object& state, Boolean& isCompleted)
   at Microsoft.AspNetCore.Mvc.Infrastructure.ControllerActionInvoker.<InvokeInnerFilterAsync>g__Awaited|13_0(ControllerActionInvoker invoker, Task lastTask, State next, Scope scope, Object state, Boolean isCompleted)
   at Microsoft.AspNetCore.Mvc.Infrastructure.ResourceInvoker.<InvokeFilterPipelineAsync>g__Awaited|20_0(ResourceInvoker invoker, Task lastTask, State next, Scope scope, Object state, Boolean isCompleted)
   at Microsoft.AspNetCore.Mvc.Infrastructure.ResourceInvoker.<InvokeAsync>g__Awaited|17_0(ResourceInvoker invoker, Task task, IDisposable scope)
   at Microsoft.AspNetCore.Mvc.Infrastructure.ResourceInvoker.<InvokeAsync>g__Awaited|17_0(ResourceInvoker invoker, Task task, IDisposable scope)
   at Microsoft.AspNetCore.Authorization.AuthorizationMiddleware.Invoke(HttpContext context)
   at Microsoft.AspNetCore.Authentication.AuthenticationMiddleware.Invoke(HttpContext context)
   at Swashbuckle.AspNetCore.SwaggerUI.SwaggerUIMiddleware.Invoke(HttpContext httpContext)
   at Swashbuckle.AspNetCore.Swagger.SwaggerMiddleware.Invoke(HttpContext httpContext, ISwaggerProvider swaggerProvider)
   at SchoolCRM.API.Middleware.RequestLoggingMiddleware.InvokeAsync(HttpContext context) in /var/www/html/school-crm/src/SchoolCRM.API/Middleware/RequestLoggingMiddleware.cs:line 33
   at SchoolCRM.API.Middleware.GlobalExceptionMiddleware.InvokeAsync(HttpContext context) in /var/www/html/school-crm/src/SchoolCRM.API/Middleware/GlobalExceptionMiddleware.cs:line 23
2026-08-11 10:57:31.737 +05:30 [INF] [5a6974bb-4bf5-445c-afdb-c8c36918412a] POST /api/auth/login from 127.0.0.1 by Anonymous
2026-08-11 10:57:32.474 +05:30 [INF] [5a6974bb-4bf5-445c-afdb-c8c36918412a] POST /api/auth/login responded 200 in 735ms
2026-08-11 10:57:33.503 +05:30 [INF] [32bce834-b624-4100-bd73-f19d796c1561] GET /api/dashboard/stats from 127.0.0.1 by Anonymous
2026-08-11 10:57:33.513 +05:30 [INF] [f281aaf5-2218-413e-8e5c-a505827e9690] GET /api/dashboard/attendance-chart from 127.0.0.1 by Anonymous
2026-08-11 10:57:35.185 +05:30 [INF] [f281aaf5-2218-413e-8e5c-a505827e9690] GET /api/dashboard/attendance-chart responded 200 in 1666ms
2026-08-11 10:57:35.197 +05:30 [INF] [6ac66ce0-777d-4de8-8f4d-a0653c19f6cf] GET /api/dashboard/attendance-chart from 127.0.0.1 by Anonymous
2026-08-11 10:57:35.863 +05:30 [WRN] The query uses a row limiting operator ('Skip'/'Take') without an 'OrderBy' operator. This may lead to unpredictable results. If the 'Distinct' operator is used after 'OrderBy', then make sure to use the 'OrderBy' operator after 'Distinct' as the ordering would otherwise get erased.
2026-08-11 10:57:35.864 +05:30 [WRN] The query uses a row limiting operator ('Skip'/'Take') without an 'OrderBy' operator. This may lead to unpredictable results. If the 'Distinct' operator is used after 'OrderBy', then make sure to use the 'OrderBy' operator after 'Distinct' as the ordering would otherwise get erased.
2026-08-11 10:57:35.924 +05:30 [INF] [32bce834-b624-4100-bd73-f19d796c1561] GET /api/dashboard/stats responded 200 in 2419ms
2026-08-11 10:57:35.937 +05:30 [INF] [ed763098-0756-4cd6-83f7-1eb7e0b34026] GET /api/dashboard/stats from 127.0.0.1 by Anonymous
2026-08-11 10:57:36.130 +05:30 [INF] [ed763098-0756-4cd6-83f7-1eb7e0b34026] GET /api/dashboard/stats responded 200 in 191ms
2026-08-11 10:57:36.303 +05:30 [INF] [6ac66ce0-777d-4de8-8f4d-a0653c19f6cf] GET /api/dashboard/attendance-chart responded 200 in 1104ms
2026-08-11 10:57:43.518 +05:30 [INF] [c2cbcecf-ab08-4d33-99a9-21490c8398ac] GET /api/schools from 127.0.0.1 by Anonymous
2026-08-11 10:57:43.573 +05:30 [WRN] The query uses a row limiting operator ('Skip'/'Take') without an 'OrderBy' operator. This may lead to unpredictable results. If the 'Distinct' operator is used after 'OrderBy', then make sure to use the 'OrderBy' operator after 'Distinct' as the ordering would otherwise get erased.
2026-08-11 10:57:43.574 +05:30 [WRN] The query uses a row limiting operator ('Skip'/'Take') without an 'OrderBy' operator. This may lead to unpredictable results. If the 'Distinct' operator is used after 'OrderBy', then make sure to use the 'OrderBy' operator after 'Distinct' as the ordering would otherwise get erased.
2026-08-11 10:57:43.627 +05:30 [INF] [c2cbcecf-ab08-4d33-99a9-21490c8398ac] GET /api/schools responded 200 in 107ms
2026-08-11 10:57:43.636 +05:30 [INF] [d37cca89-d666-44cc-b8c4-9cd1440fe7bd] GET /api/schools from 127.0.0.1 by Anonymous
2026-08-11 10:57:43.664 +05:30 [INF] [0c7d2223-554c-4f0e-b56a-40bac3ab6344] GET /api/schools/93cfbeb0-5697-4af4-9f0b-0115e7e2e14a/classes from 127.0.0.1 by Anonymous
2026-08-11 10:57:43.680 +05:30 [INF] [d37cca89-d666-44cc-b8c4-9cd1440fe7bd] GET /api/schools responded 200 in 42ms
2026-08-11 10:57:43.802 +05:30 [INF] [0c7d2223-554c-4f0e-b56a-40bac3ab6344] GET /api/schools/93cfbeb0-5697-4af4-9f0b-0115e7e2e14a/classes responded 200 in 137ms
2026-08-11 10:57:43.832 +05:30 [INF] [39e705af-4c5f-42d9-9ec7-52610192bc02] GET /api/schools/93cfbeb0-5697-4af4-9f0b-0115e7e2e14a/classes from 127.0.0.1 by Anonymous
2026-08-11 10:57:43.856 +05:30 [INF] [97f35720-8ddb-4f95-8359-6ef223f74b41] GET /api/schools/93cfbeb0-5697-4af4-9f0b-0115e7e2e14a/subjects from 127.0.0.1 by Anonymous
2026-08-11 10:57:43.875 +05:30 [INF] [39e705af-4c5f-42d9-9ec7-52610192bc02] GET /api/schools/93cfbeb0-5697-4af4-9f0b-0115e7e2e14a/classes responded 200 in 39ms
2026-08-11 10:57:44.047 +05:30 [INF] [97f35720-8ddb-4f95-8359-6ef223f74b41] GET /api/schools/93cfbeb0-5697-4af4-9f0b-0115e7e2e14a/subjects responded 200 in 187ms
2026-08-11 10:57:44.071 +05:30 [INF] [cb601462-a5ba-46f2-8515-100b6d31d0f1] GET /api/schools/93cfbeb0-5697-4af4-9f0b-0115e7e2e14a/subjects from 127.0.0.1 by Anonymous
2026-08-11 10:57:44.110 +05:30 [INF] [cb601462-a5ba-46f2-8515-100b6d31d0f1] GET /api/schools/93cfbeb0-5697-4af4-9f0b-0115e7e2e14a/subjects responded 200 in 37ms
2026-08-11 10:57:44.125 +05:30 [INF] [dba4fb5a-953e-4016-99b8-b413f6404106] GET /api/teachers from 127.0.0.1 by Anonymous
2026-08-11 10:57:44.304 +05:30 [INF] [dba4fb5a-953e-4016-99b8-b413f6404106] GET /api/teachers responded 200 in 177ms
2026-08-11 10:57:44.344 +05:30 [INF] [41ec7dc1-f126-4734-88b1-178d218fc8a1] GET /api/teachers from 127.0.0.1 by Anonymous
2026-08-11 10:57:44.374 +05:30 [INF] [41ec7dc1-f126-4734-88b1-178d218fc8a1] GET /api/teachers responded 200 in 29ms
2026-08-11 10:57:48.240 +05:30 [INF] [7cd745f5-4df6-4bea-9d0c-397a12c00efe] GET /api/schools/classes/2670db49-93f6-49ed-b41d-c696262c79df/sections from 127.0.0.1 by Anonymous
2026-08-11 10:57:48.341 +05:30 [INF] [7cd745f5-4df6-4bea-9d0c-397a12c00efe] GET /api/schools/classes/2670db49-93f6-49ed-b41d-c696262c79df/sections responded 200 in 99ms
2026-08-11 10:57:50.489 +05:30 [INF] [1b5115d8-08b6-44ac-8904-ec8b1d49e562] GET /api/schools/sections/ef7ae096-7845-480b-98b1-96558f5110b4/timetable from 127.0.0.1 by Anonymous
2026-08-11 10:57:50.685 +05:30 [INF] [1b5115d8-08b6-44ac-8904-ec8b1d49e562] GET /api/schools/sections/ef7ae096-7845-480b-98b1-96558f5110b4/timetable responded 200 in 195ms
2026-08-11 10:57:50.728 +05:30 [INF] [dce0d944-75cc-4435-80c3-9bffed237572] GET /api/schools/sections/ef7ae096-7845-480b-98b1-96558f5110b4/timetable from 127.0.0.1 by Anonymous
2026-08-11 10:57:50.761 +05:30 [INF] [dce0d944-75cc-4435-80c3-9bffed237572] GET /api/schools/sections/ef7ae096-7845-480b-98b1-96558f5110b4/timetable responded 200 in 32ms
2026-08-11 10:57:50.799 +05:30 [INF] [98464b02-a906-41cc-8223-54079c7b9ab1] GET /api/schools/sections/ef7ae096-7845-480b-98b1-96558f5110b4/timetable from 127.0.0.1 by Anonymous
2026-08-11 10:57:50.825 +05:30 [INF] [98464b02-a906-41cc-8223-54079c7b9ab1] GET /api/schools/sections/ef7ae096-7845-480b-98b1-96558f5110b4/timetable responded 200 in 24ms
2026-08-11 10:57:50.852 +05:30 [INF] [94167c90-a132-44c5-91a9-8c9c9ed61a2e] GET /api/schools/sections/ef7ae096-7845-480b-98b1-96558f5110b4/timetable from 127.0.0.1 by Anonymous
2026-08-11 10:57:50.889 +05:30 [INF] [94167c90-a132-44c5-91a9-8c9c9ed61a2e] GET /api/schools/sections/ef7ae096-7845-480b-98b1-96558f5110b4/timetable responded 200 in 36ms
2026-08-11 10:57:50.926 +05:30 [INF] [0d99ae4e-8313-41bd-b4c4-e82f8c80bad4] GET /api/schools/sections/ef7ae096-7845-480b-98b1-96558f5110b4/timetable from 127.0.0.1 by Anonymous
2026-08-11 10:57:50.956 +05:30 [INF] [0d99ae4e-8313-41bd-b4c4-e82f8c80bad4] GET /api/schools/sections/ef7ae096-7845-480b-98b1-96558f5110b4/timetable responded 200 in 27ms
2026-08-11 10:57:50.986 +05:30 [INF] [89445c57-0e3c-4969-9335-cf01834a7678] GET /api/schools/sections/ef7ae096-7845-480b-98b1-96558f5110b4/timetable from 127.0.0.1 by Anonymous
2026-08-11 10:57:51.016 +05:30 [INF] [89445c57-0e3c-4969-9335-cf01834a7678] GET /api/schools/sections/ef7ae096-7845-480b-98b1-96558f5110b4/timetable responded 200 in 29ms
2026-08-11 10:58:04.299 +05:30 [INF] [6cbb311f-d3cc-42a7-b960-a62327dcc5d9] POST /api/schools/sections/ef7ae096-7845-480b-98b1-96558f5110b4/timetable from 127.0.0.1 by Anonymous
2026-08-11 10:58:04.353 +05:30 [INF] [6cbb311f-d3cc-42a7-b960-a62327dcc5d9] POST /api/schools/sections/ef7ae096-7845-480b-98b1-96558f5110b4/timetable responded 400 in 53ms
2026-08-11 11:05:05.377 +05:30 [INF] [5ba93863-207d-4cc5-9ce4-131b0295cb47] GET /api/schools from 127.0.0.1 by Anonymous
2026-08-11 11:05:05.378 +05:30 [INF] [5ba93863-207d-4cc5-9ce4-131b0295cb47] GET /api/schools responded 401 in 0ms
2026-08-11 11:05:23.159 +05:30 [INF] [e93101e3-0447-408c-914b-542a24091bb5] POST /api/auth/login from 127.0.0.1 by Anonymous
2026-08-11 11:05:24.175 +05:30 [ERR] An unhandled exception occurred: Invalid email or password.
System.UnauthorizedAccessException: Invalid email or password.
   at SchoolCRM.Infrastructure.Services.AuthService.LoginAsync(LoginDto dto, String ipAddress) in /var/www/html/school-crm/src/SchoolCRM.Infrastructure/Services/AuthService.cs:line 57
   at SchoolCRM.API.Controllers.AuthController.LoginAsync(LoginDto dto) in /var/www/html/school-crm/src/SchoolCRM.API/Controllers/AuthController.cs:line 28
   at lambda_method678(Closure, Object)
   at Microsoft.AspNetCore.Mvc.Infrastructure.ActionMethodExecutor.AwaitableObjectResultExecutor.Execute(ActionContext actionContext, IActionResultTypeMapper mapper, ObjectMethodExecutor executor, Object controller, Object[] arguments)
   at Microsoft.AspNetCore.Mvc.Infrastructure.ControllerActionInvoker.<InvokeActionMethodAsync>g__Awaited|12_0(ControllerActionInvoker invoker, ValueTask`1 actionResultValueTask)
   at Microsoft.AspNetCore.Mvc.Infrastructure.ControllerActionInvoker.<InvokeNextActionFilterAsync>g__Awaited|10_0(ControllerActionInvoker invoker, Task lastTask, State next, Scope scope, Object state, Boolean isCompleted)
   at Microsoft.AspNetCore.Mvc.Infrastructure.ControllerActionInvoker.Rethrow(ActionExecutedContextSealed context)
   at Microsoft.AspNetCore.Mvc.Infrastructure.ControllerActionInvoker.Next(State& next, Scope& scope, Object& state, Boolean& isCompleted)
   at Microsoft.AspNetCore.Mvc.Infrastructure.ControllerActionInvoker.<InvokeInnerFilterAsync>g__Awaited|13_0(ControllerActionInvoker invoker, Task lastTask, State next, Scope scope, Object state, Boolean isCompleted)
   at Microsoft.AspNetCore.Mvc.Infrastructure.ResourceInvoker.<InvokeFilterPipelineAsync>g__Awaited|20_0(ResourceInvoker invoker, Task lastTask, State next, Scope scope, Object state, Boolean isCompleted)
   at Microsoft.AspNetCore.Mvc.Infrastructure.ResourceInvoker.<InvokeAsync>g__Awaited|17_0(ResourceInvoker invoker, Task task, IDisposable scope)
   at Microsoft.AspNetCore.Mvc.Infrastructure.ResourceInvoker.<InvokeAsync>g__Awaited|17_0(ResourceInvoker invoker, Task task, IDisposable scope)
   at Microsoft.AspNetCore.Authorization.AuthorizationMiddleware.Invoke(HttpContext context)
   at Microsoft.AspNetCore.Authentication.AuthenticationMiddleware.Invoke(HttpContext context)
   at Swashbuckle.AspNetCore.SwaggerUI.SwaggerUIMiddleware.Invoke(HttpContext httpContext)
   at Swashbuckle.AspNetCore.Swagger.SwaggerMiddleware.Invoke(HttpContext httpContext, ISwaggerProvider swaggerProvider)
   at SchoolCRM.API.Middleware.RequestLoggingMiddleware.InvokeAsync(HttpContext context) in /var/www/html/school-crm/src/SchoolCRM.API/Middleware/RequestLoggingMiddleware.cs:line 33
   at SchoolCRM.API.Middleware.GlobalExceptionMiddleware.InvokeAsync(HttpContext context) in /var/www/html/school-crm/src/SchoolCRM.API/Middleware/GlobalExceptionMiddleware.cs:line 23
2026-08-11 11:05:24.224 +05:30 [INF] [ccfb3e6e-664b-422b-8fb1-ad7fd1a136a8] POST /api/auth/login from 127.0.0.1 by Anonymous
2026-08-11 11:05:24.922 +05:30 [ERR] An unhandled exception occurred: Invalid email or password.
System.UnauthorizedAccessException: Invalid email or password.
   at SchoolCRM.Infrastructure.Services.AuthService.LoginAsync(LoginDto dto, String ipAddress) in /var/www/html/school-crm/src/SchoolCRM.Infrastructure/Services/AuthService.cs:line 57
   at SchoolCRM.API.Controllers.AuthController.LoginAsync(LoginDto dto) in /var/www/html/school-crm/src/SchoolCRM.API/Controllers/AuthController.cs:line 28
   at lambda_method678(Closure, Object)
   at Microsoft.AspNetCore.Mvc.Infrastructure.ActionMethodExecutor.AwaitableObjectResultExecutor.Execute(ActionContext actionContext, IActionResultTypeMapper mapper, ObjectMethodExecutor executor, Object controller, Object[] arguments)
   at Microsoft.AspNetCore.Mvc.Infrastructure.ControllerActionInvoker.<InvokeActionMethodAsync>g__Awaited|12_0(ControllerActionInvoker invoker, ValueTask`1 actionResultValueTask)
   at Microsoft.AspNetCore.Mvc.Infrastructure.ControllerActionInvoker.<InvokeNextActionFilterAsync>g__Awaited|10_0(ControllerActionInvoker invoker, Task lastTask, State next, Scope scope, Object state, Boolean isCompleted)
   at Microsoft.AspNetCore.Mvc.Infrastructure.ControllerActionInvoker.Rethrow(ActionExecutedContextSealed context)
   at Microsoft.AspNetCore.Mvc.Infrastructure.ControllerActionInvoker.Next(State& next, Scope& scope, Object& state, Boolean& isCompleted)
   at Microsoft.AspNetCore.Mvc.Infrastructure.ControllerActionInvoker.<InvokeInnerFilterAsync>g__Awaited|13_0(ControllerActionInvoker invoker, Task lastTask, State next, Scope scope, Object state, Boolean isCompleted)
   at Microsoft.AspNetCore.Mvc.Infrastructure.ResourceInvoker.<InvokeFilterPipelineAsync>g__Awaited|20_0(ResourceInvoker invoker, Task lastTask, State next, Scope scope, Object state, Boolean isCompleted)
   at Microsoft.AspNetCore.Mvc.Infrastructure.ResourceInvoker.<InvokeAsync>g__Awaited|17_0(ResourceInvoker invoker, Task task, IDisposable scope)
   at Microsoft.AspNetCore.Mvc.Infrastructure.ResourceInvoker.<InvokeAsync>g__Awaited|17_0(ResourceInvoker invoker, Task task, IDisposable scope)
   at Microsoft.AspNetCore.Authorization.AuthorizationMiddleware.Invoke(HttpContext context)
   at Microsoft.AspNetCore.Authentication.AuthenticationMiddleware.Invoke(HttpContext context)
   at Swashbuckle.AspNetCore.SwaggerUI.SwaggerUIMiddleware.Invoke(HttpContext httpContext)
   at Swashbuckle.AspNetCore.Swagger.SwaggerMiddleware.Invoke(HttpContext httpContext, ISwaggerProvider swaggerProvider)
   at SchoolCRM.API.Middleware.RequestLoggingMiddleware.InvokeAsync(HttpContext context) in /var/www/html/school-crm/src/SchoolCRM.API/Middleware/RequestLoggingMiddleware.cs:line 33
   at SchoolCRM.API.Middleware.GlobalExceptionMiddleware.InvokeAsync(HttpContext context) in /var/www/html/school-crm/src/SchoolCRM.API/Middleware/GlobalExceptionMiddleware.cs:line 23
2026-08-11 11:05:24.958 +05:30 [INF] [203988c8-958c-4f99-b2fa-80f2e3c1927a] POST /api/auth/login from 127.0.0.1 by Anonymous
2026-08-11 11:05:25.443 +05:30 [ERR] An unhandled exception occurred: Invalid email or password.
System.UnauthorizedAccessException: Invalid email or password.
   at SchoolCRM.Infrastructure.Services.AuthService.LoginAsync(LoginDto dto, String ipAddress) in /var/www/html/school-crm/src/SchoolCRM.Infrastructure/Services/AuthService.cs:line 57
   at SchoolCRM.API.Controllers.AuthController.LoginAsync(LoginDto dto) in /var/www/html/school-crm/src/SchoolCRM.API/Controllers/AuthController.cs:line 28
   at lambda_method678(Closure, Object)
   at Microsoft.AspNetCore.Mvc.Infrastructure.ActionMethodExecutor.AwaitableObjectResultExecutor.Execute(ActionContext actionContext, IActionResultTypeMapper mapper, ObjectMethodExecutor executor, Object controller, Object[] arguments)
   at Microsoft.AspNetCore.Mvc.Infrastructure.ControllerActionInvoker.<InvokeActionMethodAsync>g__Awaited|12_0(ControllerActionInvoker invoker, ValueTask`1 actionResultValueTask)
   at Microsoft.AspNetCore.Mvc.Infrastructure.ControllerActionInvoker.<InvokeNextActionFilterAsync>g__Awaited|10_0(ControllerActionInvoker invoker, Task lastTask, State next, Scope scope, Object state, Boolean isCompleted)
   at Microsoft.AspNetCore.Mvc.Infrastructure.ControllerActionInvoker.Rethrow(ActionExecutedContextSealed context)
   at Microsoft.AspNetCore.Mvc.Infrastructure.ControllerActionInvoker.Next(State& next, Scope& scope, Object& state, Boolean& isCompleted)
   at Microsoft.AspNetCore.Mvc.Infrastructure.ControllerActionInvoker.<InvokeInnerFilterAsync>g__Awaited|13_0(ControllerActionInvoker invoker, Task lastTask, State next, Scope scope, Object state, Boolean isCompleted)
   at Microsoft.AspNetCore.Mvc.Infrastructure.ResourceInvoker.<InvokeFilterPipelineAsync>g__Awaited|20_0(ResourceInvoker invoker, Task lastTask, State next, Scope scope, Object state, Boolean isCompleted)
   at Microsoft.AspNetCore.Mvc.Infrastructure.ResourceInvoker.<InvokeAsync>g__Awaited|17_0(ResourceInvoker invoker, Task task, IDisposable scope)
   at Microsoft.AspNetCore.Mvc.Infrastructure.ResourceInvoker.<InvokeAsync>g__Awaited|17_0(ResourceInvoker invoker, Task task, IDisposable scope)
   at Microsoft.AspNetCore.Authorization.AuthorizationMiddleware.Invoke(HttpContext context)
   at Microsoft.AspNetCore.Authentication.AuthenticationMiddleware.Invoke(HttpContext context)
   at Swashbuckle.AspNetCore.SwaggerUI.SwaggerUIMiddleware.Invoke(HttpContext httpContext)
   at Swashbuckle.AspNetCore.Swagger.SwaggerMiddleware.Invoke(HttpContext httpContext, ISwaggerProvider swaggerProvider)
   at SchoolCRM.API.Middleware.RequestLoggingMiddleware.InvokeAsync(HttpContext context) in /var/www/html/school-crm/src/SchoolCRM.API/Middleware/RequestLoggingMiddleware.cs:line 33
   at SchoolCRM.API.Middleware.GlobalExceptionMiddleware.InvokeAsync(HttpContext context) in /var/www/html/school-crm/src/SchoolCRM.API/Middleware/GlobalExceptionMiddleware.cs:line 23
2026-08-11 11:05:25.488 +05:30 [INF] [1d8d644c-baa6-45ee-9153-e01e68d715a9] POST /api/auth/login from 127.0.0.1 by Anonymous
2026-08-11 11:05:26.244 +05:30 [ERR] An unhandled exception occurred: Invalid email or password.
System.UnauthorizedAccessException: Invalid email or password.
   at SchoolCRM.Infrastructure.Services.AuthService.LoginAsync(LoginDto dto, String ipAddress) in /var/www/html/school-crm/src/SchoolCRM.Infrastructure/Services/AuthService.cs:line 57
   at SchoolCRM.API.Controllers.AuthController.LoginAsync(LoginDto dto) in /var/www/html/school-crm/src/SchoolCRM.API/Controllers/AuthController.cs:line 28
   at lambda_method678(Closure, Object)
   at Microsoft.AspNetCore.Mvc.Infrastructure.ActionMethodExecutor.AwaitableObjectResultExecutor.Execute(ActionContext actionContext, IActionResultTypeMapper mapper, ObjectMethodExecutor executor, Object controller, Object[] arguments)
   at Microsoft.AspNetCore.Mvc.Infrastructure.ControllerActionInvoker.<InvokeActionMethodAsync>g__Awaited|12_0(ControllerActionInvoker invoker, ValueTask`1 actionResultValueTask)
   at Microsoft.AspNetCore.Mvc.Infrastructure.ControllerActionInvoker.<InvokeNextActionFilterAsync>g__Awaited|10_0(ControllerActionInvoker invoker, Task lastTask, State next, Scope scope, Object state, Boolean isCompleted)
   at Microsoft.AspNetCore.Mvc.Infrastructure.ControllerActionInvoker.Rethrow(ActionExecutedContextSealed context)
   at Microsoft.AspNetCore.Mvc.Infrastructure.ControllerActionInvoker.Next(State& next, Scope& scope, Object& state, Boolean& isCompleted)
   at Microsoft.AspNetCore.Mvc.Infrastructure.ControllerActionInvoker.<InvokeInnerFilterAsync>g__Awaited|13_0(ControllerActionInvoker invoker, Task lastTask, State next, Scope scope, Object state, Boolean isCompleted)
   at Microsoft.AspNetCore.Mvc.Infrastructure.ResourceInvoker.<InvokeFilterPipelineAsync>g__Awaited|20_0(ResourceInvoker invoker, Task lastTask, State next, Scope scope, Object state, Boolean isCompleted)
   at Microsoft.AspNetCore.Mvc.Infrastructure.ResourceInvoker.<InvokeAsync>g__Awaited|17_0(ResourceInvoker invoker, Task task, IDisposable scope)
   at Microsoft.AspNetCore.Mvc.Infrastructure.ResourceInvoker.<InvokeAsync>g__Awaited|17_0(ResourceInvoker invoker, Task task, IDisposable scope)
   at Microsoft.AspNetCore.Authorization.AuthorizationMiddleware.Invoke(HttpContext context)
   at Microsoft.AspNetCore.Authentication.AuthenticationMiddleware.Invoke(HttpContext context)
   at Swashbuckle.AspNetCore.SwaggerUI.SwaggerUIMiddleware.Invoke(HttpContext httpContext)
   at Swashbuckle.AspNetCore.Swagger.SwaggerMiddleware.Invoke(HttpContext httpContext, ISwaggerProvider swaggerProvider)
   at SchoolCRM.API.Middleware.RequestLoggingMiddleware.InvokeAsync(HttpContext context) in /var/www/html/school-crm/src/SchoolCRM.API/Middleware/RequestLoggingMiddleware.cs:line 33
   at SchoolCRM.API.Middleware.GlobalExceptionMiddleware.InvokeAsync(HttpContext context) in /var/www/html/school-crm/src/SchoolCRM.API/Middleware/GlobalExceptionMiddleware.cs:line 23
2026-08-11 11:05:26.282 +05:30 [INF] [5104dafa-6897-4c88-8431-5ec1335108da] POST /api/auth/login from 127.0.0.1 by Anonymous
2026-08-11 11:05:26.940 +05:30 [ERR] An unhandled exception occurred: Invalid email or password.
System.UnauthorizedAccessException: Invalid email or password.
   at SchoolCRM.Infrastructure.Services.AuthService.LoginAsync(LoginDto dto, String ipAddress) in /var/www/html/school-crm/src/SchoolCRM.Infrastructure/Services/AuthService.cs:line 57
   at SchoolCRM.API.Controllers.AuthController.LoginAsync(LoginDto dto) in /var/www/html/school-crm/src/SchoolCRM.API/Controllers/AuthController.cs:line 28
   at lambda_method678(Closure, Object)
   at Microsoft.AspNetCore.Mvc.Infrastructure.ActionMethodExecutor.AwaitableObjectResultExecutor.Execute(ActionContext actionContext, IActionResultTypeMapper mapper, ObjectMethodExecutor executor, Object controller, Object[] arguments)
   at Microsoft.AspNetCore.Mvc.Infrastructure.ControllerActionInvoker.<InvokeActionMethodAsync>g__Awaited|12_0(ControllerActionInvoker invoker, ValueTask`1 actionResultValueTask)
   at Microsoft.AspNetCore.Mvc.Infrastructure.ControllerActionInvoker.<InvokeNextActionFilterAsync>g__Awaited|10_0(ControllerActionInvoker invoker, Task lastTask, State next, Scope scope, Object state, Boolean isCompleted)
   at Microsoft.AspNetCore.Mvc.Infrastructure.ControllerActionInvoker.Rethrow(ActionExecutedContextSealed context)
   at Microsoft.AspNetCore.Mvc.Infrastructure.ControllerActionInvoker.Next(State& next, Scope& scope, Object& state, Boolean& isCompleted)
   at Microsoft.AspNetCore.Mvc.Infrastructure.ControllerActionInvoker.<InvokeInnerFilterAsync>g__Awaited|13_0(ControllerActionInvoker invoker, Task lastTask, State next, Scope scope, Object state, Boolean isCompleted)
   at Microsoft.AspNetCore.Mvc.Infrastructure.ResourceInvoker.<InvokeFilterPipelineAsync>g__Awaited|20_0(ResourceInvoker invoker, Task lastTask, State next, Scope scope, Object state, Boolean isCompleted)
   at Microsoft.AspNetCore.Mvc.Infrastructure.ResourceInvoker.<InvokeAsync>g__Awaited|17_0(ResourceInvoker invoker, Task task, IDisposable scope)
   at Microsoft.AspNetCore.Mvc.Infrastructure.ResourceInvoker.<InvokeAsync>g__Awaited|17_0(ResourceInvoker invoker, Task task, IDisposable scope)
   at Microsoft.AspNetCore.Authorization.AuthorizationMiddleware.Invoke(HttpContext context)
   at Microsoft.AspNetCore.Authentication.AuthenticationMiddleware.Invoke(HttpContext context)
   at Swashbuckle.AspNetCore.SwaggerUI.SwaggerUIMiddleware.Invoke(HttpContext httpContext)
   at Swashbuckle.AspNetCore.Swagger.SwaggerMiddleware.Invoke(HttpContext httpContext, ISwaggerProvider swaggerProvider)
   at SchoolCRM.API.Middleware.RequestLoggingMiddleware.InvokeAsync(HttpContext context) in /var/www/html/school-crm/src/SchoolCRM.API/Middleware/RequestLoggingMiddleware.cs:line 33
   at SchoolCRM.API.Middleware.GlobalExceptionMiddleware.InvokeAsync(HttpContext context) in /var/www/html/school-crm/src/SchoolCRM.API/Middleware/GlobalExceptionMiddleware.cs:line 23
2026-08-11 11:05:26.993 +05:30 [INF] [415d7e01-6fdf-44dc-b2ee-50e75fa7677e] POST /api/auth/login from 127.0.0.1 by Anonymous
2026-08-11 11:05:27.028 +05:30 [ERR] An unhandled exception occurred: Your account has been locked. Please try again later.
System.UnauthorizedAccessException: Your account has been locked. Please try again later.
   at SchoolCRM.Infrastructure.Services.AuthService.LoginAsync(LoginDto dto, String ipAddress) in /var/www/html/school-crm/src/SchoolCRM.Infrastructure/Services/AuthService.cs:line 47
   at SchoolCRM.API.Controllers.AuthController.LoginAsync(LoginDto dto) in /var/www/html/school-crm/src/SchoolCRM.API/Controllers/AuthController.cs:line 28
   at lambda_method678(Closure, Object)
   at Microsoft.AspNetCore.Mvc.Infrastructure.ActionMethodExecutor.AwaitableObjectResultExecutor.Execute(ActionContext actionContext, IActionResultTypeMapper mapper, ObjectMethodExecutor executor, Object controller, Object[] arguments)
   at Microsoft.AspNetCore.Mvc.Infrastructure.ControllerActionInvoker.<InvokeActionMethodAsync>g__Awaited|12_0(ControllerActionInvoker invoker, ValueTask`1 actionResultValueTask)
   at Microsoft.AspNetCore.Mvc.Infrastructure.ControllerActionInvoker.<InvokeNextActionFilterAsync>g__Awaited|10_0(ControllerActionInvoker invoker, Task lastTask, State next, Scope scope, Object state, Boolean isCompleted)
   at Microsoft.AspNetCore.Mvc.Infrastructure.ControllerActionInvoker.Rethrow(ActionExecutedContextSealed context)
   at Microsoft.AspNetCore.Mvc.Infrastructure.ControllerActionInvoker.Next(State& next, Scope& scope, Object& state, Boolean& isCompleted)
   at Microsoft.AspNetCore.Mvc.Infrastructure.ControllerActionInvoker.<InvokeInnerFilterAsync>g__Awaited|13_0(ControllerActionInvoker invoker, Task lastTask, State next, Scope scope, Object state, Boolean isCompleted)
   at Microsoft.AspNetCore.Mvc.Infrastructure.ResourceInvoker.<InvokeFilterPipelineAsync>g__Awaited|20_0(ResourceInvoker invoker, Task lastTask, State next, Scope scope, Object state, Boolean isCompleted)
   at Microsoft.AspNetCore.Mvc.Infrastructure.ResourceInvoker.<InvokeAsync>g__Awaited|17_0(ResourceInvoker invoker, Task task, IDisposable scope)
   at Microsoft.AspNetCore.Mvc.Infrastructure.ResourceInvoker.<InvokeAsync>g__Awaited|17_0(ResourceInvoker invoker, Task task, IDisposable scope)
   at Microsoft.AspNetCore.Authorization.AuthorizationMiddleware.Invoke(HttpContext context)
   at Microsoft.AspNetCore.Authentication.AuthenticationMiddleware.Invoke(HttpContext context)
   at Swashbuckle.AspNetCore.SwaggerUI.SwaggerUIMiddleware.Invoke(HttpContext httpContext)
   at Swashbuckle.AspNetCore.Swagger.SwaggerMiddleware.Invoke(HttpContext httpContext, ISwaggerProvider swaggerProvider)
   at SchoolCRM.API.Middleware.RequestLoggingMiddleware.InvokeAsync(HttpContext context) in /var/www/html/school-crm/src/SchoolCRM.API/Middleware/RequestLoggingMiddleware.cs:line 33
   at SchoolCRM.API.Middleware.GlobalExceptionMiddleware.InvokeAsync(HttpContext context) in /var/www/html/school-crm/src/SchoolCRM.API/Middleware/GlobalExceptionMiddleware.cs:line 23
2026-08-11 11:05:27.064 +05:30 [INF] [495b341f-c459-4959-ba58-68fcec30c94a] POST /api/auth/login from 127.0.0.1 by Anonymous
2026-08-11 11:05:27.089 +05:30 [ERR] An unhandled exception occurred: Your account has been locked. Please try again later.
System.UnauthorizedAccessException: Your account has been locked. Please try again later.
   at SchoolCRM.Infrastructure.Services.AuthService.LoginAsync(LoginDto dto, String ipAddress) in /var/www/html/school-crm/src/SchoolCRM.Infrastructure/Services/AuthService.cs:line 47
   at SchoolCRM.API.Controllers.AuthController.LoginAsync(LoginDto dto) in /var/www/html/school-crm/src/SchoolCRM.API/Controllers/AuthController.cs:line 28
   at lambda_method678(Closure, Object)
   at Microsoft.AspNetCore.Mvc.Infrastructure.ActionMethodExecutor.AwaitableObjectResultExecutor.Execute(ActionContext actionContext, IActionResultTypeMapper mapper, ObjectMethodExecutor executor, Object controller, Object[] arguments)
   at Microsoft.AspNetCore.Mvc.Infrastructure.ControllerActionInvoker.<InvokeActionMethodAsync>g__Awaited|12_0(ControllerActionInvoker invoker, ValueTask`1 actionResultValueTask)
   at Microsoft.AspNetCore.Mvc.Infrastructure.ControllerActionInvoker.<InvokeNextActionFilterAsync>g__Awaited|10_0(ControllerActionInvoker invoker, Task lastTask, State next, Scope scope, Object state, Boolean isCompleted)
   at Microsoft.AspNetCore.Mvc.Infrastructure.ControllerActionInvoker.Rethrow(ActionExecutedContextSealed context)
   at Microsoft.AspNetCore.Mvc.Infrastructure.ControllerActionInvoker.Next(State& next, Scope& scope, Object& state, Boolean& isCompleted)
   at Microsoft.AspNetCore.Mvc.Infrastructure.ControllerActionInvoker.<InvokeInnerFilterAsync>g__Awaited|13_0(ControllerActionInvoker invoker, Task lastTask, State next, Scope scope, Object state, Boolean isCompleted)
   at Microsoft.AspNetCore.Mvc.Infrastructure.ResourceInvoker.<InvokeFilterPipelineAsync>g__Awaited|20_0(ResourceInvoker invoker, Task lastTask, State next, Scope scope, Object state, Boolean isCompleted)
   at Microsoft.AspNetCore.Mvc.Infrastructure.ResourceInvoker.<InvokeAsync>g__Awaited|17_0(ResourceInvoker invoker, Task task, IDisposable scope)
   at Microsoft.AspNetCore.Mvc.Infrastructure.ResourceInvoker.<InvokeAsync>g__Awaited|17_0(ResourceInvoker invoker, Task task, IDisposable scope)
   at Microsoft.AspNetCore.Authorization.AuthorizationMiddleware.Invoke(HttpContext context)
   at Microsoft.AspNetCore.Authentication.AuthenticationMiddleware.Invoke(HttpContext context)
   at Swashbuckle.AspNetCore.SwaggerUI.SwaggerUIMiddleware.Invoke(HttpContext httpContext)
   at Swashbuckle.AspNetCore.Swagger.SwaggerMiddleware.Invoke(HttpContext httpContext, ISwaggerProvider swaggerProvider)
   at SchoolCRM.API.Middleware.RequestLoggingMiddleware.InvokeAsync(HttpContext context) in /var/www/html/school-crm/src/SchoolCRM.API/Middleware/RequestLoggingMiddleware.cs:line 33
   at SchoolCRM.API.Middleware.GlobalExceptionMiddleware.InvokeAsync(HttpContext context) in /var/www/html/school-crm/src/SchoolCRM.API/Middleware/GlobalExceptionMiddleware.cs:line 23
2026-08-11 11:05:30.981 +05:30 [INF] [4ed4b79f-031e-485d-9772-227d15d18e24] POST /api/auth/login from 127.0.0.1 by Anonymous
2026-08-11 11:05:30.997 +05:30 [INF] [4ed4b79f-031e-485d-9772-227d15d18e24] POST /api/auth/login responded 400 in 15ms
2026-08-11 11:06:14.813 +05:30 [INF] [86bec083-63c0-4ff1-a80d-8a4412bd4644] POST /api/auth/login from 127.0.0.1 by Anonymous
2026-08-11 11:06:14.852 +05:30 [ERR] An unhandled exception occurred: Your account has been locked. Please try again later.
System.UnauthorizedAccessException: Your account has been locked. Please try again later.
   at SchoolCRM.Infrastructure.Services.AuthService.LoginAsync(LoginDto dto, String ipAddress) in /var/www/html/school-crm/src/SchoolCRM.Infrastructure/Services/AuthService.cs:line 47
   at SchoolCRM.API.Controllers.AuthController.LoginAsync(LoginDto dto) in /var/www/html/school-crm/src/SchoolCRM.API/Controllers/AuthController.cs:line 28
   at lambda_method678(Closure, Object)
   at Microsoft.AspNetCore.Mvc.Infrastructure.ActionMethodExecutor.AwaitableObjectResultExecutor.Execute(ActionContext actionContext, IActionResultTypeMapper mapper, ObjectMethodExecutor executor, Object controller, Object[] arguments)
   at Microsoft.AspNetCore.Mvc.Infrastructure.ControllerActionInvoker.<InvokeActionMethodAsync>g__Awaited|12_0(ControllerActionInvoker invoker, ValueTask`1 actionResultValueTask)
   at Microsoft.AspNetCore.Mvc.Infrastructure.ControllerActionInvoker.<InvokeNextActionFilterAsync>g__Awaited|10_0(ControllerActionInvoker invoker, Task lastTask, State next, Scope scope, Object state, Boolean isCompleted)
   at Microsoft.AspNetCore.Mvc.Infrastructure.ControllerActionInvoker.Rethrow(ActionExecutedContextSealed context)
   at Microsoft.AspNetCore.Mvc.Infrastructure.ControllerActionInvoker.Next(State& next, Scope& scope, Object& state, Boolean& isCompleted)
   at Microsoft.AspNetCore.Mvc.Infrastructure.ControllerActionInvoker.<InvokeInnerFilterAsync>g__Awaited|13_0(ControllerActionInvoker invoker, Task lastTask, State next, Scope scope, Object state, Boolean isCompleted)
   at Microsoft.AspNetCore.Mvc.Infrastructure.ResourceInvoker.<InvokeFilterPipelineAsync>g__Awaited|20_0(ResourceInvoker invoker, Task lastTask, State next, Scope scope, Object state, Boolean isCompleted)
   at Microsoft.AspNetCore.Mvc.Infrastructure.ResourceInvoker.<InvokeAsync>g__Awaited|17_0(ResourceInvoker invoker, Task task, IDisposable scope)
   at Microsoft.AspNetCore.Mvc.Infrastructure.ResourceInvoker.<InvokeAsync>g__Awaited|17_0(ResourceInvoker invoker, Task task, IDisposable scope)
   at Microsoft.AspNetCore.Authorization.AuthorizationMiddleware.Invoke(HttpContext context)
   at Microsoft.AspNetCore.Authentication.AuthenticationMiddleware.Invoke(HttpContext context)
   at Swashbuckle.AspNetCore.SwaggerUI.SwaggerUIMiddleware.Invoke(HttpContext httpContext)
   at Swashbuckle.AspNetCore.Swagger.SwaggerMiddleware.Invoke(HttpContext httpContext, ISwaggerProvider swaggerProvider)
   at SchoolCRM.API.Middleware.RequestLoggingMiddleware.InvokeAsync(HttpContext context) in /var/www/html/school-crm/src/SchoolCRM.API/Middleware/RequestLoggingMiddleware.cs:line 33
   at SchoolCRM.API.Middleware.GlobalExceptionMiddleware.InvokeAsync(HttpContext context) in /var/www/html/school-crm/src/SchoolCRM.API/Middleware/GlobalExceptionMiddleware.cs:line 23
2026-08-11 11:06:14.884 +05:30 [INF] [40c3dd6b-5c79-4ede-93f7-e59321d91eba] POST /api/auth/login from 127.0.0.1 by Anonymous
2026-08-11 11:06:14.905 +05:30 [ERR] An unhandled exception occurred: Your account has been locked. Please try again later.
System.UnauthorizedAccessException: Your account has been locked. Please try again later.
   at SchoolCRM.Infrastructure.Services.AuthService.LoginAsync(LoginDto dto, String ipAddress) in /var/www/html/school-crm/src/SchoolCRM.Infrastructure/Services/AuthService.cs:line 47
   at SchoolCRM.API.Controllers.AuthController.LoginAsync(LoginDto dto) in /var/www/html/school-crm/src/SchoolCRM.API/Controllers/AuthController.cs:line 28
   at lambda_method678(Closure, Object)
   at Microsoft.AspNetCore.Mvc.Infrastructure.ActionMethodExecutor.AwaitableObjectResultExecutor.Execute(ActionContext actionContext, IActionResultTypeMapper mapper, ObjectMethodExecutor executor, Object controller, Object[] arguments)
   at Microsoft.AspNetCore.Mvc.Infrastructure.ControllerActionInvoker.<InvokeActionMethodAsync>g__Awaited|12_0(ControllerActionInvoker invoker, ValueTask`1 actionResultValueTask)
   at Microsoft.AspNetCore.Mvc.Infrastructure.ControllerActionInvoker.<InvokeNextActionFilterAsync>g__Awaited|10_0(ControllerActionInvoker invoker, Task lastTask, State next, Scope scope, Object state, Boolean isCompleted)
   at Microsoft.AspNetCore.Mvc.Infrastructure.ControllerActionInvoker.Rethrow(ActionExecutedContextSealed context)
   at Microsoft.AspNetCore.Mvc.Infrastructure.ControllerActionInvoker.Next(State& next, Scope& scope, Object& state, Boolean& isCompleted)
   at Microsoft.AspNetCore.Mvc.Infrastructure.ControllerActionInvoker.InvokeInnerFilterAsync()
--- End of stack trace from previous location ---
   at Microsoft.AspNetCore.Mvc.Infrastructure.ResourceInvoker.<InvokeFilterPipelineAsync>g__Awaited|20_0(ResourceInvoker invoker, Task lastTask, State next, Scope scope, Object state, Boolean isCompleted)
   at Microsoft.AspNetCore.Mvc.Infrastructure.ResourceInvoker.<InvokeAsync>g__Awaited|17_0(ResourceInvoker invoker, Task task, IDisposable scope)
   at Microsoft.AspNetCore.Mvc.Infrastructure.ResourceInvoker.<InvokeAsync>g__Awaited|17_0(ResourceInvoker invoker, Task task, IDisposable scope)
   at Microsoft.AspNetCore.Authorization.AuthorizationMiddleware.Invoke(HttpContext context)
   at Microsoft.AspNetCore.Authentication.AuthenticationMiddleware.Invoke(HttpContext context)
   at Swashbuckle.AspNetCore.SwaggerUI.SwaggerUIMiddleware.Invoke(HttpContext httpContext)
   at Swashbuckle.AspNetCore.Swagger.SwaggerMiddleware.Invoke(HttpContext httpContext, ISwaggerProvider swaggerProvider)
   at SchoolCRM.API.Middleware.RequestLoggingMiddleware.InvokeAsync(HttpContext context) in /var/www/html/school-crm/src/SchoolCRM.API/Middleware/RequestLoggingMiddleware.cs:line 33
   at SchoolCRM.API.Middleware.GlobalExceptionMiddleware.InvokeAsync(HttpContext context) in /var/www/html/school-crm/src/SchoolCRM.API/Middleware/GlobalExceptionMiddleware.cs:line 23
2026-08-11 11:06:14.942 +05:30 [INF] [a3d018cc-9f37-49d2-ae09-804f8f576475] POST /api/auth/login from 127.0.0.1 by Anonymous
2026-08-11 11:06:14.963 +05:30 [ERR] An unhandled exception occurred: Your account has been locked. Please try again later.
System.UnauthorizedAccessException: Your account has been locked. Please try again later.
   at SchoolCRM.Infrastructure.Services.AuthService.LoginAsync(LoginDto dto, String ipAddress) in /var/www/html/school-crm/src/SchoolCRM.Infrastructure/Services/AuthService.cs:line 47
   at SchoolCRM.API.Controllers.AuthController.LoginAsync(LoginDto dto) in /var/www/html/school-crm/src/SchoolCRM.API/Controllers/AuthController.cs:line 28
   at lambda_method678(Closure, Object)
   at Microsoft.AspNetCore.Mvc.Infrastructure.ActionMethodExecutor.AwaitableObjectResultExecutor.Execute(ActionContext actionContext, IActionResultTypeMapper mapper, ObjectMethodExecutor executor, Object controller, Object[] arguments)
   at Microsoft.AspNetCore.Mvc.Infrastructure.ControllerActionInvoker.<InvokeActionMethodAsync>g__Awaited|12_0(ControllerActionInvoker invoker, ValueTask`1 actionResultValueTask)
   at Microsoft.AspNetCore.Mvc.Infrastructure.ControllerActionInvoker.<InvokeNextActionFilterAsync>g__Awaited|10_0(ControllerActionInvoker invoker, Task lastTask, State next, Scope scope, Object state, Boolean isCompleted)
   at Microsoft.AspNetCore.Mvc.Infrastructure.ControllerActionInvoker.Rethrow(ActionExecutedContextSealed context)
   at Microsoft.AspNetCore.Mvc.Infrastructure.ControllerActionInvoker.Next(State& next, Scope& scope, Object& state, Boolean& isCompleted)
   at Microsoft.AspNetCore.Mvc.Infrastructure.ControllerActionInvoker.<InvokeInnerFilterAsync>g__Awaited|13_0(ControllerActionInvoker invoker, Task lastTask, State next, Scope scope, Object state, Boolean isCompleted)
   at Microsoft.AspNetCore.Mvc.Infrastructure.ResourceInvoker.<InvokeFilterPipelineAsync>g__Awaited|20_0(ResourceInvoker invoker, Task lastTask, State next, Scope scope, Object state, Boolean isCompleted)
   at Microsoft.AspNetCore.Mvc.Infrastructure.ResourceInvoker.<InvokeAsync>g__Awaited|17_0(ResourceInvoker invoker, Task task, IDisposable scope)
   at Microsoft.AspNetCore.Mvc.Infrastructure.ResourceInvoker.<InvokeAsync>g__Awaited|17_0(ResourceInvoker invoker, Task task, IDisposable scope)
   at Microsoft.AspNetCore.Authorization.AuthorizationMiddleware.Invoke(HttpContext context)
   at Microsoft.AspNetCore.Authentication.AuthenticationMiddleware.Invoke(HttpContext context)
   at Swashbuckle.AspNetCore.SwaggerUI.SwaggerUIMiddleware.Invoke(HttpContext httpContext)
   at Swashbuckle.AspNetCore.Swagger.SwaggerMiddleware.Invoke(HttpContext httpContext, ISwaggerProvider swaggerProvider)
   at SchoolCRM.API.Middleware.RequestLoggingMiddleware.InvokeAsync(HttpContext context) in /var/www/html/school-crm/src/SchoolCRM.API/Middleware/RequestLoggingMiddleware.cs:line 33
   at SchoolCRM.API.Middleware.GlobalExceptionMiddleware.InvokeAsync(HttpContext context) in /var/www/html/school-crm/src/SchoolCRM.API/Middleware/GlobalExceptionMiddleware.cs:line 23
2026-08-11 11:06:14.995 +05:30 [INF] [233ae737-7e03-4a33-9ec8-c798c2ed4017] POST /api/auth/login from 127.0.0.1 by Anonymous
2026-08-11 11:06:15.017 +05:30 [ERR] An unhandled exception occurred: Your account has been locked. Please try again later.
System.UnauthorizedAccessException: Your account has been locked. Please try again later.
   at SchoolCRM.Infrastructure.Services.AuthService.LoginAsync(LoginDto dto, String ipAddress) in /var/www/html/school-crm/src/SchoolCRM.Infrastructure/Services/AuthService.cs:line 47
   at SchoolCRM.API.Controllers.AuthController.LoginAsync(LoginDto dto) in /var/www/html/school-crm/src/SchoolCRM.API/Controllers/AuthController.cs:line 28
   at lambda_method678(Closure, Object)
   at Microsoft.AspNetCore.Mvc.Infrastructure.ActionMethodExecutor.AwaitableObjectResultExecutor.Execute(ActionContext actionContext, IActionResultTypeMapper mapper, ObjectMethodExecutor executor, Object controller, Object[] arguments)
   at Microsoft.AspNetCore.Mvc.Infrastructure.ControllerActionInvoker.<InvokeActionMethodAsync>g__Awaited|12_0(ControllerActionInvoker invoker, ValueTask`1 actionResultValueTask)
   at Microsoft.AspNetCore.Mvc.Infrastructure.ControllerActionInvoker.<InvokeNextActionFilterAsync>g__Awaited|10_0(ControllerActionInvoker invoker, Task lastTask, State next, Scope scope, Object state, Boolean isCompleted)
   at Microsoft.AspNetCore.Mvc.Infrastructure.ControllerActionInvoker.Rethrow(ActionExecutedContextSealed context)
   at Microsoft.AspNetCore.Mvc.Infrastructure.ControllerActionInvoker.Next(State& next, Scope& scope, Object& state, Boolean& isCompleted)
   at Microsoft.AspNetCore.Mvc.Infrastructure.ControllerActionInvoker.InvokeInnerFilterAsync()
--- End of stack trace from previous location ---
   at Microsoft.AspNetCore.Mvc.Infrastructure.ResourceInvoker.<InvokeFilterPipelineAsync>g__Awaited|20_0(ResourceInvoker invoker, Task lastTask, State next, Scope scope, Object state, Boolean isCompleted)
   at Microsoft.AspNetCore.Mvc.Infrastructure.ResourceInvoker.<InvokeAsync>g__Awaited|17_0(ResourceInvoker invoker, Task task, IDisposable scope)
   at Microsoft.AspNetCore.Mvc.Infrastructure.ResourceInvoker.<InvokeAsync>g__Awaited|17_0(ResourceInvoker invoker, Task task, IDisposable scope)
   at Microsoft.AspNetCore.Authorization.AuthorizationMiddleware.Invoke(HttpContext context)
   at Microsoft.AspNetCore.Authentication.AuthenticationMiddleware.Invoke(HttpContext context)
   at Swashbuckle.AspNetCore.SwaggerUI.SwaggerUIMiddleware.Invoke(HttpContext httpContext)
   at Swashbuckle.AspNetCore.Swagger.SwaggerMiddleware.Invoke(HttpContext httpContext, ISwaggerProvider swaggerProvider)
   at SchoolCRM.API.Middleware.RequestLoggingMiddleware.InvokeAsync(HttpContext context) in /var/www/html/school-crm/src/SchoolCRM.API/Middleware/RequestLoggingMiddleware.cs:line 33
   at SchoolCRM.API.Middleware.GlobalExceptionMiddleware.InvokeAsync(HttpContext context) in /var/www/html/school-crm/src/SchoolCRM.API/Middleware/GlobalExceptionMiddleware.cs:line 23
2026-08-11 11:06:15.044 +05:30 [INF] [2eae6f23-17bb-42dd-8202-389abfcce3ac] POST /api/auth/login from 127.0.0.1 by Anonymous
2026-08-11 11:06:15.064 +05:30 [ERR] An unhandled exception occurred: Your account has been locked. Please try again later.
System.UnauthorizedAccessException: Your account has been locked. Please try again later.
   at SchoolCRM.Infrastructure.Services.AuthService.LoginAsync(LoginDto dto, String ipAddress) in /var/www/html/school-crm/src/SchoolCRM.Infrastructure/Services/AuthService.cs:line 47
   at SchoolCRM.API.Controllers.AuthController.LoginAsync(LoginDto dto) in /var/www/html/school-crm/src/SchoolCRM.API/Controllers/AuthController.cs:line 28
   at lambda_method678(Closure, Object)
   at Microsoft.AspNetCore.Mvc.Infrastructure.ActionMethodExecutor.AwaitableObjectResultExecutor.Execute(ActionContext actionContext, IActionResultTypeMapper mapper, ObjectMethodExecutor executor, Object controller, Object[] arguments)
   at Microsoft.AspNetCore.Mvc.Infrastructure.ControllerActionInvoker.<InvokeActionMethodAsync>g__Awaited|12_0(ControllerActionInvoker invoker, ValueTask`1 actionResultValueTask)
   at Microsoft.AspNetCore.Mvc.Infrastructure.ControllerActionInvoker.<InvokeNextActionFilterAsync>g__Awaited|10_0(ControllerActionInvoker invoker, Task lastTask, State next, Scope scope, Object state, Boolean isCompleted)
   at Microsoft.AspNetCore.Mvc.Infrastructure.ControllerActionInvoker.Rethrow(ActionExecutedContextSealed context)
   at Microsoft.AspNetCore.Mvc.Infrastructure.ControllerActionInvoker.Next(State& next, Scope& scope, Object& state, Boolean& isCompleted)
   at Microsoft.AspNetCore.Mvc.Infrastructure.ControllerActionInvoker.InvokeInnerFilterAsync()
--- End of stack trace from previous location ---
   at Microsoft.AspNetCore.Mvc.Infrastructure.ResourceInvoker.<InvokeFilterPipelineAsync>g__Awaited|20_0(ResourceInvoker invoker, Task lastTask, State next, Scope scope, Object state, Boolean isCompleted)
   at Microsoft.AspNetCore.Mvc.Infrastructure.ResourceInvoker.<InvokeAsync>g__Awaited|17_0(ResourceInvoker invoker, Task task, IDisposable scope)
   at Microsoft.AspNetCore.Mvc.Infrastructure.ResourceInvoker.<InvokeAsync>g__Awaited|17_0(ResourceInvoker invoker, Task task, IDisposable scope)
   at Microsoft.AspNetCore.Authorization.AuthorizationMiddleware.Invoke(HttpContext context)
   at Microsoft.AspNetCore.Authentication.AuthenticationMiddleware.Invoke(HttpContext context)
   at Swashbuckle.AspNetCore.SwaggerUI.SwaggerUIMiddleware.Invoke(HttpContext httpContext)
   at Swashbuckle.AspNetCore.Swagger.SwaggerMiddleware.Invoke(HttpContext httpContext, ISwaggerProvider swaggerProvider)
   at SchoolCRM.API.Middleware.RequestLoggingMiddleware.InvokeAsync(HttpContext context) in /var/www/html/school-crm/src/SchoolCRM.API/Middleware/RequestLoggingMiddleware.cs:line 33
   at SchoolCRM.API.Middleware.GlobalExceptionMiddleware.InvokeAsync(HttpContext context) in /var/www/html/school-crm/src/SchoolCRM.API/Middleware/GlobalExceptionMiddleware.cs:line 23
2026-08-11 11:06:15.090 +05:30 [INF] [d032b895-1b8d-4cae-afe0-69d6d5e3690c] POST /api/auth/login from 127.0.0.1 by Anonymous
2026-08-11 11:06:15.104 +05:30 [ERR] An unhandled exception occurred: Your account has been locked. Please try again later.
System.UnauthorizedAccessException: Your account has been locked. Please try again later.
   at SchoolCRM.Infrastructure.Services.AuthService.LoginAsync(LoginDto dto, String ipAddress) in /var/www/html/school-crm/src/SchoolCRM.Infrastructure/Services/AuthService.cs:line 47
   at SchoolCRM.API.Controllers.AuthController.LoginAsync(LoginDto dto) in /var/www/html/school-crm/src/SchoolCRM.API/Controllers/AuthController.cs:line 28
   at lambda_method678(Closure, Object)
   at Microsoft.AspNetCore.Mvc.Infrastructure.ActionMethodExecutor.AwaitableObjectResultExecutor.Execute(ActionContext actionContext, IActionResultTypeMapper mapper, ObjectMethodExecutor executor, Object controller, Object[] arguments)
   at Microsoft.AspNetCore.Mvc.Infrastructure.ControllerActionInvoker.<InvokeActionMethodAsync>g__Awaited|12_0(ControllerActionInvoker invoker, ValueTask`1 actionResultValueTask)
   at Microsoft.AspNetCore.Mvc.Infrastructure.ControllerActionInvoker.<InvokeNextActionFilterAsync>g__Awaited|10_0(ControllerActionInvoker invoker, Task lastTask, State next, Scope scope, Object state, Boolean isCompleted)
   at Microsoft.AspNetCore.Mvc.Infrastructure.ControllerActionInvoker.Rethrow(ActionExecutedContextSealed context)
   at Microsoft.AspNetCore.Mvc.Infrastructure.ControllerActionInvoker.Next(State& next, Scope& scope, Object& state, Boolean& isCompleted)
   at Microsoft.AspNetCore.Mvc.Infrastructure.ControllerActionInvoker.<InvokeInnerFilterAsync>g__Awaited|13_0(ControllerActionInvoker invoker, Task lastTask, State next, Scope scope, Object state, Boolean isCompleted)
   at Microsoft.AspNetCore.Mvc.Infrastructure.ResourceInvoker.<InvokeFilterPipelineAsync>g__Awaited|20_0(ResourceInvoker invoker, Task lastTask, State next, Scope scope, Object state, Boolean isCompleted)
   at Microsoft.AspNetCore.Mvc.Infrastructure.ResourceInvoker.<InvokeAsync>g__Awaited|17_0(ResourceInvoker invoker, Task task, IDisposable scope)
   at Microsoft.AspNetCore.Mvc.Infrastructure.ResourceInvoker.<InvokeAsync>g__Awaited|17_0(ResourceInvoker invoker, Task task, IDisposable scope)
   at Microsoft.AspNetCore.Authorization.AuthorizationMiddleware.Invoke(HttpContext context)
   at Microsoft.AspNetCore.Authentication.AuthenticationMiddleware.Invoke(HttpContext context)
   at Swashbuckle.AspNetCore.SwaggerUI.SwaggerUIMiddleware.Invoke(HttpContext httpContext)
   at Swashbuckle.AspNetCore.Swagger.SwaggerMiddleware.Invoke(HttpContext httpContext, ISwaggerProvider swaggerProvider)
   at SchoolCRM.API.Middleware.RequestLoggingMiddleware.InvokeAsync(HttpContext context) in /var/www/html/school-crm/src/SchoolCRM.API/Middleware/RequestLoggingMiddleware.cs:line 33
   at SchoolCRM.API.Middleware.GlobalExceptionMiddleware.InvokeAsync(HttpContext context) in /var/www/html/school-crm/src/SchoolCRM.API/Middleware/GlobalExceptionMiddleware.cs:line 23
2026-08-11 11:06:15.132 +05:30 [INF] [526a70e5-81c5-4d2c-a2dd-a782c612c647] POST /api/auth/login from 127.0.0.1 by Anonymous
2026-08-11 11:06:15.162 +05:30 [ERR] An unhandled exception occurred: Your account has been locked. Please try again later.
System.UnauthorizedAccessException: Your account has been locked. Please try again later.
   at SchoolCRM.Infrastructure.Services.AuthService.LoginAsync(LoginDto dto, String ipAddress) in /var/www/html/school-crm/src/SchoolCRM.Infrastructure/Services/AuthService.cs:line 47
   at SchoolCRM.API.Controllers.AuthController.LoginAsync(LoginDto dto) in /var/www/html/school-crm/src/SchoolCRM.API/Controllers/AuthController.cs:line 28
   at lambda_method678(Closure, Object)
   at Microsoft.AspNetCore.Mvc.Infrastructure.ActionMethodExecutor.AwaitableObjectResultExecutor.Execute(ActionContext actionContext, IActionResultTypeMapper mapper, ObjectMethodExecutor executor, Object controller, Object[] arguments)
   at Microsoft.AspNetCore.Mvc.Infrastructure.ControllerActionInvoker.<InvokeActionMethodAsync>g__Awaited|12_0(ControllerActionInvoker invoker, ValueTask`1 actionResultValueTask)
   at Microsoft.AspNetCore.Mvc.Infrastructure.ControllerActionInvoker.<InvokeNextActionFilterAsync>g__Awaited|10_0(ControllerActionInvoker invoker, Task lastTask, State next, Scope scope, Object state, Boolean isCompleted)
   at Microsoft.AspNetCore.Mvc.Infrastructure.ControllerActionInvoker.Rethrow(ActionExecutedContextSealed context)
   at Microsoft.AspNetCore.Mvc.Infrastructure.ControllerActionInvoker.Next(State& next, Scope& scope, Object& state, Boolean& isCompleted)
   at Microsoft.AspNetCore.Mvc.Infrastructure.ControllerActionInvoker.InvokeInnerFilterAsync()
--- End of stack trace from previous location ---
   at Microsoft.AspNetCore.Mvc.Infrastructure.ResourceInvoker.<InvokeFilterPipelineAsync>g__Awaited|20_0(ResourceInvoker invoker, Task lastTask, State next, Scope scope, Object state, Boolean isCompleted)
   at Microsoft.AspNetCore.Mvc.Infrastructure.ResourceInvoker.<InvokeAsync>g__Awaited|17_0(ResourceInvoker invoker, Task task, IDisposable scope)
   at Microsoft.AspNetCore.Mvc.Infrastructure.ResourceInvoker.<InvokeAsync>g__Awaited|17_0(ResourceInvoker invoker, Task task, IDisposable scope)
   at Microsoft.AspNetCore.Authorization.AuthorizationMiddleware.Invoke(HttpContext context)
   at Microsoft.AspNetCore.Authentication.AuthenticationMiddleware.Invoke(HttpContext context)
   at Swashbuckle.AspNetCore.SwaggerUI.SwaggerUIMiddleware.Invoke(HttpContext httpContext)
   at Swashbuckle.AspNetCore.Swagger.SwaggerMiddleware.Invoke(HttpContext httpContext, ISwaggerProvider swaggerProvider)
   at SchoolCRM.API.Middleware.RequestLoggingMiddleware.InvokeAsync(HttpContext context) in /var/www/html/school-crm/src/SchoolCRM.API/Middleware/RequestLoggingMiddleware.cs:line 33
   at SchoolCRM.API.Middleware.GlobalExceptionMiddleware.InvokeAsync(HttpContext context) in /var/www/html/school-crm/src/SchoolCRM.API/Middleware/GlobalExceptionMiddleware.cs:line 23
2026-08-11 11:06:15.195 +05:30 [INF] [88e2738b-3425-4460-88cc-ce57982ae2d0] POST /api/auth/login from 127.0.0.1 by Anonymous
2026-08-11 11:06:15.215 +05:30 [ERR] An unhandled exception occurred: Your account has been locked. Please try again later.
System.UnauthorizedAccessException: Your account has been locked. Please try again later.
   at SchoolCRM.Infrastructure.Services.AuthService.LoginAsync(LoginDto dto, String ipAddress) in /var/www/html/school-crm/src/SchoolCRM.Infrastructure/Services/AuthService.cs:line 47
   at SchoolCRM.API.Controllers.AuthController.LoginAsync(LoginDto dto) in /var/www/html/school-crm/src/SchoolCRM.API/Controllers/AuthController.cs:line 28
   at lambda_method678(Closure, Object)
   at Microsoft.AspNetCore.Mvc.Infrastructure.ActionMethodExecutor.AwaitableObjectResultExecutor.Execute(ActionContext actionContext, IActionResultTypeMapper mapper, ObjectMethodExecutor executor, Object controller, Object[] arguments)
   at Microsoft.AspNetCore.Mvc.Infrastructure.ControllerActionInvoker.<InvokeActionMethodAsync>g__Awaited|12_0(ControllerActionInvoker invoker, ValueTask`1 actionResultValueTask)
   at Microsoft.AspNetCore.Mvc.Infrastructure.ControllerActionInvoker.<InvokeNextActionFilterAsync>g__Awaited|10_0(ControllerActionInvoker invoker, Task lastTask, State next, Scope scope, Object state, Boolean isCompleted)
   at Microsoft.AspNetCore.Mvc.Infrastructure.ControllerActionInvoker.Rethrow(ActionExecutedContextSealed context)
   at Microsoft.AspNetCore.Mvc.Infrastructure.ControllerActionInvoker.Next(State& next, Scope& scope, Object& state, Boolean& isCompleted)
   at Microsoft.AspNetCore.Mvc.Infrastructure.ControllerActionInvoker.<InvokeInnerFilterAsync>g__Awaited|13_0(ControllerActionInvoker invoker, Task lastTask, State next, Scope scope, Object state, Boolean isCompleted)
   at Microsoft.AspNetCore.Mvc.Infrastructure.ResourceInvoker.<InvokeFilterPipelineAsync>g__Awaited|20_0(ResourceInvoker invoker, Task lastTask, State next, Scope scope, Object state, Boolean isCompleted)
   at Microsoft.AspNetCore.Mvc.Infrastructure.ResourceInvoker.<InvokeAsync>g__Awaited|17_0(ResourceInvoker invoker, Task task, IDisposable scope)
   at Microsoft.AspNetCore.Mvc.Infrastructure.ResourceInvoker.<InvokeAsync>g__Awaited|17_0(ResourceInvoker invoker, Task task, IDisposable scope)
   at Microsoft.AspNetCore.Authorization.AuthorizationMiddleware.Invoke(HttpContext context)
   at Microsoft.AspNetCore.Authentication.AuthenticationMiddleware.Invoke(HttpContext context)
   at Swashbuckle.AspNetCore.SwaggerUI.SwaggerUIMiddleware.Invoke(HttpContext httpContext)
   at Swashbuckle.AspNetCore.Swagger.SwaggerMiddleware.Invoke(HttpContext httpContext, ISwaggerProvider swaggerProvider)
   at SchoolCRM.API.Middleware.RequestLoggingMiddleware.InvokeAsync(HttpContext context) in /var/www/html/school-crm/src/SchoolCRM.API/Middleware/RequestLoggingMiddleware.cs:line 33
   at SchoolCRM.API.Middleware.GlobalExceptionMiddleware.InvokeAsync(HttpContext context) in /var/www/html/school-crm/src/SchoolCRM.API/Middleware/GlobalExceptionMiddleware.cs:line 23
2026-08-11 11:06:15.243 +05:30 [INF] [54628a5b-6817-4277-9ce9-71e07e024c94] POST /api/auth/login from 127.0.0.1 by Anonymous
2026-08-11 11:06:15.256 +05:30 [ERR] An unhandled exception occurred: Your account has been locked. Please try again later.
System.UnauthorizedAccessException: Your account has been locked. Please try again later.
   at SchoolCRM.Infrastructure.Services.AuthService.LoginAsync(LoginDto dto, String ipAddress) in /var/www/html/school-crm/src/SchoolCRM.Infrastructure/Services/AuthService.cs:line 47
   at SchoolCRM.API.Controllers.AuthController.LoginAsync(LoginDto dto) in /var/www/html/school-crm/src/SchoolCRM.API/Controllers/AuthController.cs:line 28
   at lambda_method678(Closure, Object)
   at Microsoft.AspNetCore.Mvc.Infrastructure.ActionMethodExecutor.AwaitableObjectResultExecutor.Execute(ActionContext actionContext, IActionResultTypeMapper mapper, ObjectMethodExecutor executor, Object controller, Object[] arguments)
   at Microsoft.AspNetCore.Mvc.Infrastructure.ControllerActionInvoker.<InvokeActionMethodAsync>g__Awaited|12_0(ControllerActionInvoker invoker, ValueTask`1 actionResultValueTask)
   at Microsoft.AspNetCore.Mvc.Infrastructure.ControllerActionInvoker.<InvokeNextActionFilterAsync>g__Awaited|10_0(ControllerActionInvoker invoker, Task lastTask, State next, Scope scope, Object state, Boolean isCompleted)
   at Microsoft.AspNetCore.Mvc.Infrastructure.ControllerActionInvoker.Rethrow(ActionExecutedContextSealed context)
   at Microsoft.AspNetCore.Mvc.Infrastructure.ControllerActionInvoker.Next(State& next, Scope& scope, Object& state, Boolean& isCompleted)
   at Microsoft.AspNetCore.Mvc.Infrastructure.ControllerActionInvoker.<InvokeInnerFilterAsync>g__Awaited|13_0(ControllerActionInvoker invoker, Task lastTask, State next, Scope scope, Object state, Boolean isCompleted)
   at Microsoft.AspNetCore.Mvc.Infrastructure.ResourceInvoker.<InvokeFilterPipelineAsync>g__Awaited|20_0(ResourceInvoker invoker, Task lastTask, State next, Scope scope, Object state, Boolean isCompleted)
   at Microsoft.AspNetCore.Mvc.Infrastructure.ResourceInvoker.<InvokeAsync>g__Awaited|17_0(ResourceInvoker invoker, Task task, IDisposable scope)
   at Microsoft.AspNetCore.Mvc.Infrastructure.ResourceInvoker.<InvokeAsync>g__Awaited|17_0(ResourceInvoker invoker, Task task, IDisposable scope)
   at Microsoft.AspNetCore.Authorization.AuthorizationMiddleware.Invoke(HttpContext context)
   at Microsoft.AspNetCore.Authentication.AuthenticationMiddleware.Invoke(HttpContext context)
   at Swashbuckle.AspNetCore.SwaggerUI.SwaggerUIMiddleware.Invoke(HttpContext httpContext)
   at Swashbuckle.AspNetCore.Swagger.SwaggerMiddleware.Invoke(HttpContext httpContext, ISwaggerProvider swaggerProvider)
   at SchoolCRM.API.Middleware.RequestLoggingMiddleware.InvokeAsync(HttpContext context) in /var/www/html/school-crm/src/SchoolCRM.API/Middleware/RequestLoggingMiddleware.cs:line 33
   at SchoolCRM.API.Middleware.GlobalExceptionMiddleware.InvokeAsync(HttpContext context) in /var/www/html/school-crm/src/SchoolCRM.API/Middleware/GlobalExceptionMiddleware.cs:line 23
2026-08-11 11:06:15.284 +05:30 [INF] [3924acde-356c-4d3c-867a-1efda0b91dc4] POST /api/auth/login from 127.0.0.1 by Anonymous
2026-08-11 11:06:15.305 +05:30 [ERR] An unhandled exception occurred: Your account has been locked. Please try again later.
System.UnauthorizedAccessException: Your account has been locked. Please try again later.
   at SchoolCRM.Infrastructure.Services.AuthService.LoginAsync(LoginDto dto, String ipAddress) in /var/www/html/school-crm/src/SchoolCRM.Infrastructure/Services/AuthService.cs:line 47
   at SchoolCRM.API.Controllers.AuthController.LoginAsync(LoginDto dto) in /var/www/html/school-crm/src/SchoolCRM.API/Controllers/AuthController.cs:line 28
   at lambda_method678(Closure, Object)
   at Microsoft.AspNetCore.Mvc.Infrastructure.ActionMethodExecutor.AwaitableObjectResultExecutor.Execute(ActionContext actionContext, IActionResultTypeMapper mapper, ObjectMethodExecutor executor, Object controller, Object[] arguments)
   at Microsoft.AspNetCore.Mvc.Infrastructure.ControllerActionInvoker.<InvokeActionMethodAsync>g__Awaited|12_0(ControllerActionInvoker invoker, ValueTask`1 actionResultValueTask)
   at Microsoft.AspNetCore.Mvc.Infrastructure.ControllerActionInvoker.<InvokeNextActionFilterAsync>g__Awaited|10_0(ControllerActionInvoker invoker, Task lastTask, State next, Scope scope, Object state, Boolean isCompleted)
   at Microsoft.AspNetCore.Mvc.Infrastructure.ControllerActionInvoker.Rethrow(ActionExecutedContextSealed context)
   at Microsoft.AspNetCore.Mvc.Infrastructure.ControllerActionInvoker.Next(State& next, Scope& scope, Object& state, Boolean& isCompleted)
   at Microsoft.AspNetCore.Mvc.Infrastructure.ControllerActionInvoker.<InvokeInnerFilterAsync>g__Awaited|13_0(ControllerActionInvoker invoker, Task lastTask, State next, Scope scope, Object state, Boolean isCompleted)
   at Microsoft.AspNetCore.Mvc.Infrastructure.ResourceInvoker.<InvokeFilterPipelineAsync>g__Awaited|20_0(ResourceInvoker invoker, Task lastTask, State next, Scope scope, Object state, Boolean isCompleted)
   at Microsoft.AspNetCore.Mvc.Infrastructure.ResourceInvoker.<InvokeAsync>g__Awaited|17_0(ResourceInvoker invoker, Task task, IDisposable scope)
   at Microsoft.AspNetCore.Mvc.Infrastructure.ResourceInvoker.<InvokeAsync>g__Awaited|17_0(ResourceInvoker invoker, Task task, IDisposable scope)
   at Microsoft.AspNetCore.Authorization.AuthorizationMiddleware.Invoke(HttpContext context)
   at Microsoft.AspNetCore.Authentication.AuthenticationMiddleware.Invoke(HttpContext context)
   at Swashbuckle.AspNetCore.SwaggerUI.SwaggerUIMiddleware.Invoke(HttpContext httpContext)
   at Swashbuckle.AspNetCore.Swagger.SwaggerMiddleware.Invoke(HttpContext httpContext, ISwaggerProvider swaggerProvider)
   at SchoolCRM.API.Middleware.RequestLoggingMiddleware.InvokeAsync(HttpContext context) in /var/www/html/school-crm/src/SchoolCRM.API/Middleware/RequestLoggingMiddleware.cs:line 33
   at SchoolCRM.API.Middleware.GlobalExceptionMiddleware.InvokeAsync(HttpContext context) in /var/www/html/school-crm/src/SchoolCRM.API/Middleware/GlobalExceptionMiddleware.cs:line 23
2026-08-11 11:08:42.437 +05:30 [INF] [53f7f7f2-1de6-47cc-87e2-4923f497f682] POST /api/auth/login from 127.0.0.1 by Anonymous
2026-08-11 11:08:42.832 +05:30 [INF] [53f7f7f2-1de6-47cc-87e2-4923f497f682] POST /api/auth/login responded 200 in 393ms
2026-08-11 11:08:42.857 +05:30 [INF] [cc878a67-1d96-489f-80af-7e870fd32951] POST /api/schools/sections/801b2f01-182d-416b-945c-0ecf450c504b/timetable from 127.0.0.1 by Anonymous
2026-08-11 11:08:42.877 +05:30 [INF] [cc878a67-1d96-489f-80af-7e870fd32951] POST /api/schools/sections/801b2f01-182d-416b-945c-0ecf450c504b/timetable responded 400 in 19ms
2026-08-11 11:08:42.892 +05:30 [INF] [801fafed-2d35-4be1-9509-c35b61609b31] POST /api/schools/sections/801b2f01-182d-416b-945c-0ecf450c504b/timetable from 127.0.0.1 by Anonymous
2026-08-11 11:08:43.261 +05:30 [ERR] Failed executing DbCommand (24ms) [Parameters=[@p0='?' (DbType = Guid), @p1='?' (DbType = Guid), @p2='?' (DbType = DateTime), @p3='?' (Size = 4000), @p4='?' (DbType = Int32), @p5='?' (DbType = DateTime), @p6='?' (Size = 4000), @p7='?' (DbType = Time), @p8='?' (DbType = Boolean), @p9='?' (DbType = Int32), @p10='?' (DbType = Guid), @p11='?' (DbType = Time), @p12='?' (DbType = Guid), @p13='?' (DbType = Guid), @p14='?' (DbType = DateTime), @p15='?' (Size = 4000)], CommandType='"Text"', CommandTimeout='30']
SET AUTOCOMMIT = 1;
INSERT INTO `Timetables` (`Id`, `ClassRoomId`, `CreatedAt`, `CreatedBy`, `DayOfWeek`, `DeletedAt`, `DeletedBy`, `EndTime`, `IsDeleted`, `PeriodNumber`, `SectionId`, `StartTime`, `SubjectId`, `TeacherId`, `UpdatedAt`, `UpdatedBy`)
VALUES (@p0, @p1, @p2, @p3, @p4, @p5, @p6, @p7, @p8, @p9, @p10, @p11, @p12, @p13, @p14, @p15);
2026-08-11 11:08:43.284 +05:30 [ERR] An exception occurred in the database while saving changes for context type 'SchoolCRM.Infrastructure.Data.ApplicationDbContext'.
Microsoft.EntityFrameworkCore.DbUpdateException: An error occurred while saving the entity changes. See the inner exception for details.
 ---> MySqlConnector.MySqlException (0x80004005): Cannot add or update a child row: a foreign key constraint fails (`schoolcrm`.`Timetables`, CONSTRAINT `FK_Timetables_Subjects_SubjectId` FOREIGN KEY (`SubjectId`) REFERENCES `Subjects` (`Id`) ON DELETE CASCADE)
   at MySqlConnector.Core.ServerSession.ReceiveReplyAsync(IOBehavior ioBehavior, CancellationToken cancellationToken) in /_/src/MySqlConnector/Core/ServerSession.cs:line 894
   at MySqlConnector.Core.ResultSet.ReadResultSetHeaderAsync(IOBehavior ioBehavior) in /_/src/MySqlConnector/Core/ResultSet.cs:line 37
   at MySqlConnector.MySqlDataReader.ActivateResultSet(CancellationToken cancellationToken) in /_/src/MySqlConnector/MySqlDataReader.cs:line 130
   at MySqlConnector.MySqlDataReader.InitAsync(CommandListPosition commandListPosition, ICommandPayloadCreator payloadCreator, IDictionary`2 cachedProcedures, IMySqlCommand command, CommandBehavior behavior, Activity activity, IOBehavior ioBehavior, CancellationToken cancellationToken) in /_/src/MySqlConnector/MySqlDataReader.cs:line 483
   at MySqlConnector.Core.CommandExecutor.ExecuteReaderAsync(CommandListPosition commandListPosition, ICommandPayloadCreator payloadCreator, CommandBehavior behavior, Activity activity, IOBehavior ioBehavior, CancellationToken cancellationToken) in /_/src/MySqlConnector/Core/CommandExecutor.cs:line 56
   at MySqlConnector.MySqlCommand.ExecuteReaderAsync(CommandBehavior behavior, IOBehavior ioBehavior, CancellationToken cancellationToken) in /_/src/MySqlConnector/MySqlCommand.cs:line 357
   at MySqlConnector.MySqlCommand.ExecuteDbDataReaderAsync(CommandBehavior behavior, CancellationToken cancellationToken) in /_/src/MySqlConnector/MySqlCommand.cs:line 350
   at Microsoft.EntityFrameworkCore.Storage.RelationalCommand.ExecuteReaderAsync(RelationalCommandParameterObject parameterObject, CancellationToken cancellationToken)
   at Microsoft.EntityFrameworkCore.Storage.RelationalCommand.ExecuteReaderAsync(RelationalCommandParameterObject parameterObject, CancellationToken cancellationToken)
   at Microsoft.EntityFrameworkCore.Update.ReaderModificationCommandBatch.ExecuteAsync(IRelationalConnection connection, CancellationToken cancellationToken)
   --- End of inner exception stack trace ---
   at Microsoft.EntityFrameworkCore.Update.ReaderModificationCommandBatch.ExecuteAsync(IRelationalConnection connection, CancellationToken cancellationToken)
   at Microsoft.EntityFrameworkCore.Update.Internal.BatchExecutor.ExecuteAsync(IEnumerable`1 commandBatches, IRelationalConnection connection, CancellationToken cancellationToken)
   at Microsoft.EntityFrameworkCore.Update.Internal.BatchExecutor.ExecuteAsync(IEnumerable`1 commandBatches, IRelationalConnection connection, CancellationToken cancellationToken)
   at Microsoft.EntityFrameworkCore.Update.Internal.BatchExecutor.ExecuteAsync(IEnumerable`1 commandBatches, IRelationalConnection connection, CancellationToken cancellationToken)
   at Microsoft.EntityFrameworkCore.ChangeTracking.Internal.StateManager.SaveChangesAsync(IList`1 entriesToSave, CancellationToken cancellationToken)
   at Microsoft.EntityFrameworkCore.ChangeTracking.Internal.StateManager.SaveChangesAsync(StateManager stateManager, Boolean acceptAllChangesOnSuccess, CancellationToken cancellationToken)
   at Microsoft.EntityFrameworkCore.Storage.ExecutionStrategy.<>c__DisplayClass30_0`2.<<ExecuteAsync>b__0>d.MoveNext()
--- End of stack trace from previous location ---
   at Microsoft.EntityFrameworkCore.Storage.ExecutionStrategy.ExecuteImplementationAsync[TState,TResult](Func`4 operation, Func`4 verifySucceeded, TState state, CancellationToken cancellationToken)
   at Microsoft.EntityFrameworkCore.Storage.ExecutionStrategy.ExecuteImplementationAsync[TState,TResult](Func`4 operation, Func`4 verifySucceeded, TState state, CancellationToken cancellationToken)
   at Microsoft.EntityFrameworkCore.Storage.ExecutionStrategy.ExecuteAsync[TState,TResult](TState state, Func`4 operation, Func`4 verifySucceeded, CancellationToken cancellationToken)
   at Microsoft.EntityFrameworkCore.DbContext.SaveChangesAsync(Boolean acceptAllChangesOnSuccess, CancellationToken cancellationToken)
Microsoft.EntityFrameworkCore.DbUpdateException: An error occurred while saving the entity changes. See the inner exception for details.
 ---> MySqlConnector.MySqlException (0x80004005): Cannot add or update a child row: a foreign key constraint fails (`schoolcrm`.`Timetables`, CONSTRAINT `FK_Timetables_Subjects_SubjectId` FOREIGN KEY (`SubjectId`) REFERENCES `Subjects` (`Id`) ON DELETE CASCADE)
   at MySqlConnector.Core.ServerSession.ReceiveReplyAsync(IOBehavior ioBehavior, CancellationToken cancellationToken) in /_/src/MySqlConnector/Core/ServerSession.cs:line 894
   at MySqlConnector.Core.ResultSet.ReadResultSetHeaderAsync(IOBehavior ioBehavior) in /_/src/MySqlConnector/Core/ResultSet.cs:line 37
   at MySqlConnector.MySqlDataReader.ActivateResultSet(CancellationToken cancellationToken) in /_/src/MySqlConnector/MySqlDataReader.cs:line 130
   at MySqlConnector.MySqlDataReader.InitAsync(CommandListPosition commandListPosition, ICommandPayloadCreator payloadCreator, IDictionary`2 cachedProcedures, IMySqlCommand command, CommandBehavior behavior, Activity activity, IOBehavior ioBehavior, CancellationToken cancellationToken) in /_/src/MySqlConnector/MySqlDataReader.cs:line 483
   at MySqlConnector.Core.CommandExecutor.ExecuteReaderAsync(CommandListPosition commandListPosition, ICommandPayloadCreator payloadCreator, CommandBehavior behavior, Activity activity, IOBehavior ioBehavior, CancellationToken cancellationToken) in /_/src/MySqlConnector/Core/CommandExecutor.cs:line 56
   at MySqlConnector.MySqlCommand.ExecuteReaderAsync(CommandBehavior behavior, IOBehavior ioBehavior, CancellationToken cancellationToken) in /_/src/MySqlConnector/MySqlCommand.cs:line 357
   at MySqlConnector.MySqlCommand.ExecuteDbDataReaderAsync(CommandBehavior behavior, CancellationToken cancellationToken) in /_/src/MySqlConnector/MySqlCommand.cs:line 350
   at Microsoft.EntityFrameworkCore.Storage.RelationalCommand.ExecuteReaderAsync(RelationalCommandParameterObject parameterObject, CancellationToken cancellationToken)
   at Microsoft.EntityFrameworkCore.Storage.RelationalCommand.ExecuteReaderAsync(RelationalCommandParameterObject parameterObject, CancellationToken cancellationToken)
   at Microsoft.EntityFrameworkCore.Update.ReaderModificationCommandBatch.ExecuteAsync(IRelationalConnection connection, CancellationToken cancellationToken)
   --- End of inner exception stack trace ---
   at Microsoft.EntityFrameworkCore.Update.ReaderModificationCommandBatch.ExecuteAsync(IRelationalConnection connection, CancellationToken cancellationToken)
   at Microsoft.EntityFrameworkCore.Update.Internal.BatchExecutor.ExecuteAsync(IEnumerable`1 commandBatches, IRelationalConnection connection, CancellationToken cancellationToken)
   at Microsoft.EntityFrameworkCore.Update.Internal.BatchExecutor.ExecuteAsync(IEnumerable`1 commandBatches, IRelationalConnection connection, CancellationToken cancellationToken)
   at Microsoft.EntityFrameworkCore.Update.Internal.BatchExecutor.ExecuteAsync(IEnumerable`1 commandBatches, IRelationalConnection connection, CancellationToken cancellationToken)
   at Microsoft.EntityFrameworkCore.ChangeTracking.Internal.StateManager.SaveChangesAsync(IList`1 entriesToSave, CancellationToken cancellationToken)
   at Microsoft.EntityFrameworkCore.ChangeTracking.Internal.StateManager.SaveChangesAsync(StateManager stateManager, Boolean acceptAllChangesOnSuccess, CancellationToken cancellationToken)
   at Microsoft.EntityFrameworkCore.Storage.ExecutionStrategy.<>c__DisplayClass30_0`2.<<ExecuteAsync>b__0>d.MoveNext()
--- End of stack trace from previous location ---
   at Microsoft.EntityFrameworkCore.Storage.ExecutionStrategy.ExecuteImplementationAsync[TState,TResult](Func`4 operation, Func`4 verifySucceeded, TState state, CancellationToken cancellationToken)
   at Microsoft.EntityFrameworkCore.Storage.ExecutionStrategy.ExecuteImplementationAsync[TState,TResult](Func`4 operation, Func`4 verifySucceeded, TState state, CancellationToken cancellationToken)
   at Microsoft.EntityFrameworkCore.Storage.ExecutionStrategy.ExecuteAsync[TState,TResult](TState state, Func`4 operation, Func`4 verifySucceeded, CancellationToken cancellationToken)
   at Microsoft.EntityFrameworkCore.DbContext.SaveChangesAsync(Boolean acceptAllChangesOnSuccess, CancellationToken cancellationToken)
2026-08-11 11:08:43.293 +05:30 [INF] [801fafed-2d35-4be1-9509-c35b61609b31] POST /api/schools/sections/801b2f01-182d-416b-945c-0ecf450c504b/timetable responded 400 in 400ms
2026-08-11 11:15:52.645 +05:30 [WRN] Redis unavailable, falling back to in-memory cache and basic SignalR: Redis not connected
2026-08-11 11:16:03.680 +05:30 [WRN] Entity 'ApplicationRole' has a global query filter defined and is the required end of a relationship with the entity 'ApplicationRoleClaim'. This may lead to unexpected results when the required entity is filtered out. Either configure the navigation as optional, or define matching query filters for both entities in the navigation. See https://go.microsoft.com/fwlink/?linkid=2131316 for more information.
2026-08-11 11:16:03.689 +05:30 [WRN] Entity 'ApplicationUser' has a global query filter defined and is the required end of a relationship with the entity 'ApplicationUserClaim'. This may lead to unexpected results when the required entity is filtered out. Either configure the navigation as optional, or define matching query filters for both entities in the navigation. See https://go.microsoft.com/fwlink/?linkid=2131316 for more information.
2026-08-11 11:16:03.689 +05:30 [WRN] Entity 'ApplicationUser' has a global query filter defined and is the required end of a relationship with the entity 'ApplicationUserLogin'. This may lead to unexpected results when the required entity is filtered out. Either configure the navigation as optional, or define matching query filters for both entities in the navigation. See https://go.microsoft.com/fwlink/?linkid=2131316 for more information.
2026-08-11 11:16:03.690 +05:30 [WRN] Entity 'ApplicationRole' has a global query filter defined and is the required end of a relationship with the entity 'ApplicationUserRole'. This may lead to unexpected results when the required entity is filtered out. Either configure the navigation as optional, or define matching query filters for both entities in the navigation. See https://go.microsoft.com/fwlink/?linkid=2131316 for more information.
2026-08-11 11:16:03.690 +05:30 [WRN] Entity 'ApplicationUser' has a global query filter defined and is the required end of a relationship with the entity 'ApplicationUserToken'. This may lead to unexpected results when the required entity is filtered out. Either configure the navigation as optional, or define matching query filters for both entities in the navigation. See https://go.microsoft.com/fwlink/?linkid=2131316 for more information.
2026-08-11 11:16:03.707 +05:30 [WRN] Sensitive data logging is enabled. Log entries and exception messages may include sensitive application data; this mode should only be enabled during development.
2026-08-11 11:16:03.873 +05:30 [WRN] The foreign key property 'HomeworkSubmission.StudentId1' was created in shadow state because a conflicting property with the simple name 'StudentId' exists in the entity type, but is either not mapped, is already used for another relationship, or is incompatible with the associated primary key type. See https://aka.ms/efcore-relationships for information on mapping relationships in EF Core.
2026-08-11 11:16:10.383 +05:30 [WRN] Entity 'ApplicationRole' has a global query filter defined and is the required end of a relationship with the entity 'ApplicationRoleClaim'. This may lead to unexpected results when the required entity is filtered out. Either configure the navigation as optional, or define matching query filters for both entities in the navigation. See https://go.microsoft.com/fwlink/?linkid=2131316 for more information.
2026-08-11 11:16:10.384 +05:30 [WRN] Entity 'ApplicationUser' has a global query filter defined and is the required end of a relationship with the entity 'ApplicationUserClaim'. This may lead to unexpected results when the required entity is filtered out. Either configure the navigation as optional, or define matching query filters for both entities in the navigation. See https://go.microsoft.com/fwlink/?linkid=2131316 for more information.
2026-08-11 11:16:10.385 +05:30 [WRN] Entity 'ApplicationUser' has a global query filter defined and is the required end of a relationship with the entity 'ApplicationUserLogin'. This may lead to unexpected results when the required entity is filtered out. Either configure the navigation as optional, or define matching query filters for both entities in the navigation. See https://go.microsoft.com/fwlink/?linkid=2131316 for more information.
2026-08-11 11:16:10.385 +05:30 [WRN] Entity 'ApplicationRole' has a global query filter defined and is the required end of a relationship with the entity 'ApplicationUserRole'. This may lead to unexpected results when the required entity is filtered out. Either configure the navigation as optional, or define matching query filters for both entities in the navigation. See https://go.microsoft.com/fwlink/?linkid=2131316 for more information.
2026-08-11 11:16:10.386 +05:30 [WRN] Entity 'ApplicationUser' has a global query filter defined and is the required end of a relationship with the entity 'ApplicationUserToken'. This may lead to unexpected results when the required entity is filtered out. Either configure the navigation as optional, or define matching query filters for both entities in the navigation. See https://go.microsoft.com/fwlink/?linkid=2131316 for more information.
2026-08-11 11:16:10.445 +05:30 [WRN] The foreign key property 'HomeworkSubmission.StudentId1' was created in shadow state because a conflicting property with the simple name 'StudentId' exists in the entity type, but is either not mapped, is already used for another relationship, or is incompatible with the associated primary key type. See https://aka.ms/efcore-relationships for information on mapping relationships in EF Core.
2026-08-11 11:17:38.548 +05:30 [WRN] Redis unavailable, falling back to in-memory cache and basic SignalR: Redis not connected
2026-08-11 11:17:43.713 +05:30 [WRN] Entity 'ApplicationRole' has a global query filter defined and is the required end of a relationship with the entity 'ApplicationRoleClaim'. This may lead to unexpected results when the required entity is filtered out. Either configure the navigation as optional, or define matching query filters for both entities in the navigation. See https://go.microsoft.com/fwlink/?linkid=2131316 for more information.
2026-08-11 11:17:43.715 +05:30 [WRN] Entity 'ApplicationUser' has a global query filter defined and is the required end of a relationship with the entity 'ApplicationUserClaim'. This may lead to unexpected results when the required entity is filtered out. Either configure the navigation as optional, or define matching query filters for both entities in the navigation. See https://go.microsoft.com/fwlink/?linkid=2131316 for more information.
2026-08-11 11:17:43.716 +05:30 [WRN] Entity 'ApplicationUser' has a global query filter defined and is the required end of a relationship with the entity 'ApplicationUserLogin'. This may lead to unexpected results when the required entity is filtered out. Either configure the navigation as optional, or define matching query filters for both entities in the navigation. See https://go.microsoft.com/fwlink/?linkid=2131316 for more information.
2026-08-11 11:17:43.716 +05:30 [WRN] Entity 'ApplicationRole' has a global query filter defined and is the required end of a relationship with the entity 'ApplicationUserRole'. This may lead to unexpected results when the required entity is filtered out. Either configure the navigation as optional, or define matching query filters for both entities in the navigation. See https://go.microsoft.com/fwlink/?linkid=2131316 for more information.
2026-08-11 11:17:43.716 +05:30 [WRN] Entity 'ApplicationUser' has a global query filter defined and is the required end of a relationship with the entity 'ApplicationUserToken'. This may lead to unexpected results when the required entity is filtered out. Either configure the navigation as optional, or define matching query filters for both entities in the navigation. See https://go.microsoft.com/fwlink/?linkid=2131316 for more information.
2026-08-11 11:17:43.727 +05:30 [WRN] Sensitive data logging is enabled. Log entries and exception messages may include sensitive application data; this mode should only be enabled during development.
2026-08-11 11:17:43.860 +05:30 [WRN] The foreign key property 'HomeworkSubmission.StudentId1' was created in shadow state because a conflicting property with the simple name 'StudentId' exists in the entity type, but is either not mapped, is already used for another relationship, or is incompatible with the associated primary key type. See https://aka.ms/efcore-relationships for information on mapping relationships in EF Core.
2026-08-11 11:17:45.237 +05:30 [INF] Executed DbCommand (27ms) [Parameters=[], CommandType='"Text"', CommandTimeout='30']
SELECT 1 FROM INFORMATION_SCHEMA.TABLES WHERE TABLE_SCHEMA='schoolcrm_dev' AND TABLE_NAME='__EFMigrationsHistory';
2026-08-11 11:17:45.275 +05:30 [INF] Executed DbCommand (2ms) [Parameters=[], CommandType='"Text"', CommandTimeout='30']
SELECT 1 FROM INFORMATION_SCHEMA.TABLES WHERE TABLE_SCHEMA='schoolcrm_dev' AND TABLE_NAME='__EFMigrationsHistory';
2026-08-11 11:17:45.321 +05:30 [INF] Executed DbCommand (4ms) [Parameters=[], CommandType='"Text"', CommandTimeout='30']
SELECT `MigrationId`, `ProductVersion`
FROM `__EFMigrationsHistory`
ORDER BY `MigrationId`;
2026-08-11 11:17:46.668 +05:30 [INF] Executed DbCommand (551ms) [Parameters=[], CommandType='"Text"', CommandTimeout='30']
ALTER TABLE `Homeworks` ADD `SectionId` char(36) COLLATE ascii_general_ci NULL;
2026-08-11 11:17:46.806 +05:30 [INF] Executed DbCommand (137ms) [Parameters=[], CommandType='"Text"', CommandTimeout='30']
CREATE INDEX `IX_Homeworks_SectionId` ON `Homeworks` (`SectionId`);
2026-08-11 11:17:47.621 +05:30 [INF] Executed DbCommand (814ms) [Parameters=[], CommandType='"Text"', CommandTimeout='30']
ALTER TABLE `Homeworks` ADD CONSTRAINT `FK_Homeworks_Sections_SectionId` FOREIGN KEY (`SectionId`) REFERENCES `Sections` (`Id`);
2026-08-11 11:17:47.638 +05:30 [INF] Executed DbCommand (16ms) [Parameters=[], CommandType='"Text"', CommandTimeout='30']
INSERT INTO `__EFMigrationsHistory` (`MigrationId`, `ProductVersion`)
VALUES ('20260807070745_AddSectionToHomework', '8.0.11');
2026-08-11 11:17:48.754 +05:30 [INF] Executed DbCommand (315ms) [Parameters=[], CommandType='"Text"', CommandTimeout='30']
ALTER TABLE `TransportRoutes` ADD `EndPoint` longtext CHARACTER SET utf8mb4 NOT NULL;
2026-08-11 11:17:49.044 +05:30 [INF] Executed DbCommand (290ms) [Parameters=[], CommandType='"Text"', CommandTimeout='30']
ALTER TABLE `TransportRoutes` ADD `StartPoint` longtext CHARACTER SET utf8mb4 NOT NULL;
2026-08-11 11:17:49.062 +05:30 [INF] Executed DbCommand (16ms) [Parameters=[], CommandType='"Text"', CommandTimeout='30']
INSERT INTO `__EFMigrationsHistory` (`MigrationId`, `ProductVersion`)
VALUES ('20260807081430_AddTransportRouteStartEndPoints', '8.0.11');
2026-08-11 11:17:50.070 +05:30 [INF] Executed DbCommand (299ms) [Parameters=[], CommandType='"Text"', CommandTimeout='30']
ALTER TABLE `FeeStructures` ADD `FeeType` longtext CHARACTER SET utf8mb4 NOT NULL;
2026-08-11 11:17:50.086 +05:30 [INF] Executed DbCommand (15ms) [Parameters=[], CommandType='"Text"', CommandTimeout='30']
INSERT INTO `__EFMigrationsHistory` (`MigrationId`, `ProductVersion`)
VALUES ('20260810071515_AddFeeTypeToFeeStructure', '8.0.11');
2026-08-11 11:17:50.905 +05:30 [INF] Executed DbCommand (308ms) [Parameters=[], CommandType='"Text"', CommandTimeout='30']
ALTER TABLE `Timetables` MODIFY COLUMN `TeacherId` char(36) COLLATE ascii_general_ci NULL;
2026-08-11 11:17:50.923 +05:30 [INF] Executed DbCommand (17ms) [Parameters=[], CommandType='"Text"', CommandTimeout='30']
INSERT INTO `__EFMigrationsHistory` (`MigrationId`, `ProductVersion`)
VALUES ('20260811054614_MakeTimetableTeacherIdNullable', '8.0.11');
2026-08-11 11:19:22.861 +05:30 [WRN] Redis unavailable, falling back to in-memory cache and basic SignalR: Redis not connected
2026-08-11 11:19:29.869 +05:30 [WRN] Entity 'ApplicationRole' has a global query filter defined and is the required end of a relationship with the entity 'ApplicationRoleClaim'. This may lead to unexpected results when the required entity is filtered out. Either configure the navigation as optional, or define matching query filters for both entities in the navigation. See https://go.microsoft.com/fwlink/?linkid=2131316 for more information.
2026-08-11 11:19:29.871 +05:30 [WRN] Entity 'ApplicationUser' has a global query filter defined and is the required end of a relationship with the entity 'ApplicationUserClaim'. This may lead to unexpected results when the required entity is filtered out. Either configure the navigation as optional, or define matching query filters for both entities in the navigation. See https://go.microsoft.com/fwlink/?linkid=2131316 for more information.
2026-08-11 11:19:29.871 +05:30 [WRN] Entity 'ApplicationUser' has a global query filter defined and is the required end of a relationship with the entity 'ApplicationUserLogin'. This may lead to unexpected results when the required entity is filtered out. Either configure the navigation as optional, or define matching query filters for both entities in the navigation. See https://go.microsoft.com/fwlink/?linkid=2131316 for more information.
2026-08-11 11:19:29.871 +05:30 [WRN] Entity 'ApplicationRole' has a global query filter defined and is the required end of a relationship with the entity 'ApplicationUserRole'. This may lead to unexpected results when the required entity is filtered out. Either configure the navigation as optional, or define matching query filters for both entities in the navigation. See https://go.microsoft.com/fwlink/?linkid=2131316 for more information.
2026-08-11 11:19:29.871 +05:30 [WRN] Entity 'ApplicationUser' has a global query filter defined and is the required end of a relationship with the entity 'ApplicationUserToken'. This may lead to unexpected results when the required entity is filtered out. Either configure the navigation as optional, or define matching query filters for both entities in the navigation. See https://go.microsoft.com/fwlink/?linkid=2131316 for more information.
2026-08-11 11:19:29.996 +05:30 [WRN] The foreign key property 'HomeworkSubmission.StudentId1' was created in shadow state because a conflicting property with the simple name 'StudentId' exists in the entity type, but is either not mapped, is already used for another relationship, or is incompatible with the associated primary key type. See https://aka.ms/efcore-relationships for information on mapping relationships in EF Core.
2026-08-11 11:21:27.491 +05:30 [WRN] Redis unavailable, falling back to in-memory cache and basic SignalR: Redis not connected
2026-08-11 11:21:36.313 +05:30 [WRN] Entity 'ApplicationRole' has a global query filter defined and is the required end of a relationship with the entity 'ApplicationRoleClaim'. This may lead to unexpected results when the required entity is filtered out. Either configure the navigation as optional, or define matching query filters for both entities in the navigation. See https://go.microsoft.com/fwlink/?linkid=2131316 for more information.
2026-08-11 11:21:36.317 +05:30 [WRN] Entity 'ApplicationUser' has a global query filter defined and is the required end of a relationship with the entity 'ApplicationUserClaim'. This may lead to unexpected results when the required entity is filtered out. Either configure the navigation as optional, or define matching query filters for both entities in the navigation. See https://go.microsoft.com/fwlink/?linkid=2131316 for more information.
2026-08-11 11:21:36.317 +05:30 [WRN] Entity 'ApplicationUser' has a global query filter defined and is the required end of a relationship with the entity 'ApplicationUserLogin'. This may lead to unexpected results when the required entity is filtered out. Either configure the navigation as optional, or define matching query filters for both entities in the navigation. See https://go.microsoft.com/fwlink/?linkid=2131316 for more information.
2026-08-11 11:21:36.317 +05:30 [WRN] Entity 'ApplicationRole' has a global query filter defined and is the required end of a relationship with the entity 'ApplicationUserRole'. This may lead to unexpected results when the required entity is filtered out. Either configure the navigation as optional, or define matching query filters for both entities in the navigation. See https://go.microsoft.com/fwlink/?linkid=2131316 for more information.
2026-08-11 11:21:36.317 +05:30 [WRN] Entity 'ApplicationUser' has a global query filter defined and is the required end of a relationship with the entity 'ApplicationUserToken'. This may lead to unexpected results when the required entity is filtered out. Either configure the navigation as optional, or define matching query filters for both entities in the navigation. See https://go.microsoft.com/fwlink/?linkid=2131316 for more information.
2026-08-11 11:21:36.464 +05:30 [WRN] The foreign key property 'HomeworkSubmission.StudentId1' was created in shadow state because a conflicting property with the simple name 'StudentId' exists in the entity type, but is either not mapped, is already used for another relationship, or is incompatible with the associated primary key type. See https://aka.ms/efcore-relationships for information on mapping relationships in EF Core.
2026-08-11 11:21:37.925 +05:30 [INF] Database migrated successfully
2026-08-11 11:21:39.089 +05:30 [INF] Roles seeded successfully
2026-08-11 11:24:15.880 +05:30 [WRN] Redis unavailable, falling back to in-memory cache and basic SignalR: Redis not connected
2026-08-11 11:24:25.491 +05:30 [WRN] Entity 'ApplicationRole' has a global query filter defined and is the required end of a relationship with the entity 'ApplicationRoleClaim'. This may lead to unexpected results when the required entity is filtered out. Either configure the navigation as optional, or define matching query filters for both entities in the navigation. See https://go.microsoft.com/fwlink/?linkid=2131316 for more information.
2026-08-11 11:24:25.494 +05:30 [WRN] Entity 'ApplicationUser' has a global query filter defined and is the required end of a relationship with the entity 'ApplicationUserClaim'. This may lead to unexpected results when the required entity is filtered out. Either configure the navigation as optional, or define matching query filters for both entities in the navigation. See https://go.microsoft.com/fwlink/?linkid=2131316 for more information.
2026-08-11 11:24:25.495 +05:30 [WRN] Entity 'ApplicationUser' has a global query filter defined and is the required end of a relationship with the entity 'ApplicationUserLogin'. This may lead to unexpected results when the required entity is filtered out. Either configure the navigation as optional, or define matching query filters for both entities in the navigation. See https://go.microsoft.com/fwlink/?linkid=2131316 for more information.
2026-08-11 11:24:25.495 +05:30 [WRN] Entity 'ApplicationRole' has a global query filter defined and is the required end of a relationship with the entity 'ApplicationUserRole'. This may lead to unexpected results when the required entity is filtered out. Either configure the navigation as optional, or define matching query filters for both entities in the navigation. See https://go.microsoft.com/fwlink/?linkid=2131316 for more information.
2026-08-11 11:24:25.495 +05:30 [WRN] Entity 'ApplicationUser' has a global query filter defined and is the required end of a relationship with the entity 'ApplicationUserToken'. This may lead to unexpected results when the required entity is filtered out. Either configure the navigation as optional, or define matching query filters for both entities in the navigation. See https://go.microsoft.com/fwlink/?linkid=2131316 for more information.
2026-08-11 11:24:25.755 +05:30 [WRN] The foreign key property 'HomeworkSubmission.StudentId1' was created in shadow state because a conflicting property with the simple name 'StudentId' exists in the entity type, but is either not mapped, is already used for another relationship, or is incompatible with the associated primary key type. See https://aka.ms/efcore-relationships for information on mapping relationships in EF Core.
2026-08-11 11:24:27.357 +05:30 [INF] Database migrated successfully
2026-08-11 11:24:28.523 +05:30 [INF] Roles seeded successfully
2026-08-11 11:26:12.803 +05:30 [INF] [75796958-d0c3-44e1-8033-92cf77d0fe9d] POST /api/auth/login from 127.0.0.1 by Anonymous
2026-08-11 11:26:12.856 +05:30 [WRN] Failed to determine the https port for redirect.
2026-08-11 11:26:14.373 +05:30 [INF] [75796958-d0c3-44e1-8033-92cf77d0fe9d] POST /api/auth/login responded 200 in 1566ms
2026-08-11 11:26:14.433 +05:30 [INF] [f41e436a-4b92-43be-847a-645d6c5d7ecd] POST /api/schools/sections/801b2f01-182d-416b-945c-0ecf450c504b/timetable from 127.0.0.1 by Anonymous
2026-08-11 11:26:15.355 +05:30 [INF] [f41e436a-4b92-43be-847a-645d6c5d7ecd] POST /api/schools/sections/801b2f01-182d-416b-945c-0ecf450c504b/timetable responded 200 in 921ms
2026-08-11 11:26:15.380 +05:30 [INF] [9bc29100-f583-4dfd-9eaf-28f213357d69] GET /api/schools/sections/801b2f01-182d-416b-945c-0ecf450c504b/timetable from 127.0.0.1 by Anonymous
2026-08-11 11:26:15.788 +05:30 [INF] [9bc29100-f583-4dfd-9eaf-28f213357d69] GET /api/schools/sections/801b2f01-182d-416b-945c-0ecf450c504b/timetable responded 200 in 407ms
2026-08-11 11:26:29.721 +05:30 [INF] [37fd8e83-566b-4723-8401-e2b35bb92da9] GET /api/schools/sections/801b2f01-182d-416b-945c-0ecf450c504b/timetable from 127.0.0.1 by Anonymous
2026-08-11 11:26:29.775 +05:30 [INF] [37fd8e83-566b-4723-8401-e2b35bb92da9] GET /api/schools/sections/801b2f01-182d-416b-945c-0ecf450c504b/timetable responded 200 in 53ms
2026-08-11 11:26:29.825 +05:30 [INF] [05634aa4-e33c-4c3c-be84-57d19a2a4b63] POST /api/schools/sections/801b2f01-182d-416b-945c-0ecf450c504b/timetable from 127.0.0.1 by Anonymous
2026-08-11 11:26:29.978 +05:30 [INF] [05634aa4-e33c-4c3c-be84-57d19a2a4b63] POST /api/schools/sections/801b2f01-182d-416b-945c-0ecf450c504b/timetable responded 200 in 152ms
2026-08-11 11:26:30.015 +05:30 [INF] [b35dde13-540c-4261-9382-611638381514] GET /api/schools/sections/801b2f01-182d-416b-945c-0ecf450c504b/timetable from 127.0.0.1 by Anonymous
2026-08-11 11:26:30.185 +05:30 [INF] [b35dde13-540c-4261-9382-611638381514] GET /api/schools/sections/801b2f01-182d-416b-945c-0ecf450c504b/timetable responded 200 in 169ms
2026-08-11 11:27:42.875 +05:30 [INF] [9f95e265-cdf5-4500-b967-857a1c168b49] POST /api/schools/sections/801b2f01-182d-416b-945c-0ecf450c504b/timetable from 127.0.0.1 by Anonymous
2026-08-11 11:27:42.995 +05:30 [INF] [9f95e265-cdf5-4500-b967-857a1c168b49] POST /api/schools/sections/801b2f01-182d-416b-945c-0ecf450c504b/timetable responded 200 in 119ms
2026-08-11 11:28:11.546 +05:30 [INF] [526b23ef-1f75-4711-92fe-0eb19c22d31a] POST /api/schools/sections/801b2f01-182d-416b-945c-0ecf450c504b/timetable from 127.0.0.1 by Anonymous
2026-08-11 11:28:11.615 +05:30 [INF] [526b23ef-1f75-4711-92fe-0eb19c22d31a] POST /api/schools/sections/801b2f01-182d-416b-945c-0ecf450c504b/timetable responded 200 in 68ms
2026-08-11 11:29:05.744 +05:30 [INF] [0c315195-a745-4ffa-9869-b3c8f64a17ea] POST /api/schools/sections/801b2f01-182d-416b-945c-0ecf450c504b/timetable from 127.0.0.1 by Anonymous
2026-08-11 11:29:05.800 +05:30 [INF] [0c315195-a745-4ffa-9869-b3c8f64a17ea] POST /api/schools/sections/801b2f01-182d-416b-945c-0ecf450c504b/timetable responded 200 in 55ms
2026-08-11 11:29:05.841 +05:30 [INF] [af1e7d25-01a9-4281-b4d4-d581406409e4] POST /api/schools/sections/801b2f01-182d-416b-945c-0ecf450c504b/timetable from 127.0.0.1 by Anonymous
2026-08-11 11:29:05.889 +05:30 [INF] [af1e7d25-01a9-4281-b4d4-d581406409e4] POST /api/schools/sections/801b2f01-182d-416b-945c-0ecf450c504b/timetable responded 200 in 47ms
2026-08-11 11:34:27.564 +05:30 [WRN] Redis unavailable, falling back to in-memory cache and basic SignalR: Redis not connected
2026-08-11 11:34:36.519 +05:30 [WRN] Entity 'ApplicationRole' has a global query filter defined and is the required end of a relationship with the entity 'ApplicationRoleClaim'. This may lead to unexpected results when the required entity is filtered out. Either configure the navigation as optional, or define matching query filters for both entities in the navigation. See https://go.microsoft.com/fwlink/?linkid=2131316 for more information.
2026-08-11 11:34:36.523 +05:30 [WRN] Entity 'ApplicationUser' has a global query filter defined and is the required end of a relationship with the entity 'ApplicationUserClaim'. This may lead to unexpected results when the required entity is filtered out. Either configure the navigation as optional, or define matching query filters for both entities in the navigation. See https://go.microsoft.com/fwlink/?linkid=2131316 for more information.
2026-08-11 11:34:36.524 +05:30 [WRN] Entity 'ApplicationUser' has a global query filter defined and is the required end of a relationship with the entity 'ApplicationUserLogin'. This may lead to unexpected results when the required entity is filtered out. Either configure the navigation as optional, or define matching query filters for both entities in the navigation. See https://go.microsoft.com/fwlink/?linkid=2131316 for more information.
2026-08-11 11:34:36.524 +05:30 [WRN] Entity 'ApplicationRole' has a global query filter defined and is the required end of a relationship with the entity 'ApplicationUserRole'. This may lead to unexpected results when the required entity is filtered out. Either configure the navigation as optional, or define matching query filters for both entities in the navigation. See https://go.microsoft.com/fwlink/?linkid=2131316 for more information.
2026-08-11 11:34:36.525 +05:30 [WRN] Entity 'ApplicationUser' has a global query filter defined and is the required end of a relationship with the entity 'ApplicationUserToken'. This may lead to unexpected results when the required entity is filtered out. Either configure the navigation as optional, or define matching query filters for both entities in the navigation. See https://go.microsoft.com/fwlink/?linkid=2131316 for more information.
2026-08-11 11:34:36.672 +05:30 [WRN] The foreign key property 'HomeworkSubmission.StudentId1' was created in shadow state because a conflicting property with the simple name 'StudentId' exists in the entity type, but is either not mapped, is already used for another relationship, or is incompatible with the associated primary key type. See https://aka.ms/efcore-relationships for information on mapping relationships in EF Core.
2026-08-11 11:34:38.046 +05:30 [INF] Database migrated successfully
2026-08-11 11:34:39.057 +05:30 [INF] Roles seeded successfully
2026-08-11 11:36:48.272 +05:30 [INF] [dbb4a781-f154-4859-a3ef-cac2498dea06] POST /api/auth/login from 127.0.0.1 by Anonymous
2026-08-11 11:36:48.307 +05:30 [WRN] Failed to determine the https port for redirect.
2026-08-11 11:36:49.613 +05:30 [INF] [dbb4a781-f154-4859-a3ef-cac2498dea06] POST /api/auth/login responded 200 in 1338ms
2026-08-11 11:36:49.708 +05:30 [INF] [1e050e25-a6f5-463b-b238-a4b087cc7550] POST /api/schools/sections/801b2f01-182d-416b-945c-0ecf450c504b/timetable from 127.0.0.1 by Anonymous
2026-08-11 11:36:50.709 +05:30 [INF] [1e050e25-a6f5-463b-b238-a4b087cc7550] POST /api/schools/sections/801b2f01-182d-416b-945c-0ecf450c504b/timetable responded 200 in 999ms
2026-08-11 11:37:04.821 +05:30 [INF] [4975393e-5e55-4a8b-84f2-9cd01f4d452d] POST /api/schools/sections/801b2f01-182d-416b-945c-0ecf450c504b/timetable from 127.0.0.1 by Anonymous
2026-08-11 11:37:04.999 +05:30 [INF] [4975393e-5e55-4a8b-84f2-9cd01f4d452d] POST /api/schools/sections/801b2f01-182d-416b-945c-0ecf450c504b/timetable responded 200 in 177ms
2026-08-11 11:37:05.078 +05:30 [INF] [3d71e04b-50b2-4465-8747-cb6e5167e133] POST /api/schools/sections/801b2f01-182d-416b-945c-0ecf450c504b/timetable from 127.0.0.1 by Anonymous
2026-08-11 11:37:05.158 +05:30 [INF] [3d71e04b-50b2-4465-8747-cb6e5167e133] POST /api/schools/sections/801b2f01-182d-416b-945c-0ecf450c504b/timetable responded 200 in 79ms
2026-08-11 11:37:05.243 +05:30 [INF] [27c1a2af-4cce-4d74-9c9d-fb89a6d9b9ae] POST /api/schools/sections/801b2f01-182d-416b-945c-0ecf450c504b/timetable from 127.0.0.1 by Anonymous
2026-08-11 11:37:05.305 +05:30 [INF] [27c1a2af-4cce-4d74-9c9d-fb89a6d9b9ae] POST /api/schools/sections/801b2f01-182d-416b-945c-0ecf450c504b/timetable responded 200 in 61ms
2026-08-11 11:37:05.385 +05:30 [INF] [0be8f3e1-af16-4443-bb8e-eadace671aae] POST /api/schools/sections/801b2f01-182d-416b-945c-0ecf450c504b/timetable from 127.0.0.1 by Anonymous
2026-08-11 11:37:05.432 +05:30 [INF] [0be8f3e1-af16-4443-bb8e-eadace671aae] POST /api/schools/sections/801b2f01-182d-416b-945c-0ecf450c504b/timetable responded 200 in 46ms
2026-08-11 11:37:05.516 +05:30 [INF] [21670670-52e8-44dc-98a9-398cafa4953f] POST /api/schools/sections/801b2f01-182d-416b-945c-0ecf450c504b/timetable from 127.0.0.1 by Anonymous
2026-08-11 11:37:05.563 +05:30 [INF] [21670670-52e8-44dc-98a9-398cafa4953f] POST /api/schools/sections/801b2f01-182d-416b-945c-0ecf450c504b/timetable responded 200 in 46ms
2026-08-11 11:37:23.520 +05:30 [INF] [80d7ea59-979d-475b-9bb7-7d0fc379e59e] POST /api/schools/sections/801b2f01-182d-416b-945c-0ecf450c504b/timetable from 127.0.0.1 by Anonymous
2026-08-11 11:37:23.580 +05:30 [INF] [80d7ea59-979d-475b-9bb7-7d0fc379e59e] POST /api/schools/sections/801b2f01-182d-416b-945c-0ecf450c504b/timetable responded 200 in 59ms
2026-08-11 11:37:23.637 +05:30 [INF] [99545de9-8b37-43fc-9c5d-5948c1a3b73f] POST /api/schools/sections/801b2f01-182d-416b-945c-0ecf450c504b/timetable from 127.0.0.1 by Anonymous
2026-08-11 11:37:23.710 +05:30 [INF] [99545de9-8b37-43fc-9c5d-5948c1a3b73f] POST /api/schools/sections/801b2f01-182d-416b-945c-0ecf450c504b/timetable responded 200 in 72ms
2026-08-11 11:37:44.361 +05:30 [INF] [326483fe-600c-4f7c-9474-2b6fbf3aba04] GET /api/schools/sections/801b2f01-182d-416b-945c-0ecf450c504b/timetable from 127.0.0.1 by Anonymous
2026-08-11 11:37:44.648 +05:30 [INF] [326483fe-600c-4f7c-9474-2b6fbf3aba04] GET /api/schools/sections/801b2f01-182d-416b-945c-0ecf450c504b/timetable responded 200 in 286ms
2026-08-11 11:37:44.661 +05:30 [INF] [f04ea8ad-d6da-41ef-a0f1-59a54bddd668] GET /api/schools/sections/801b2f01-182d-416b-945c-0ecf450c504b/timetable from 127.0.0.1 by Anonymous
2026-08-11 11:37:44.681 +05:30 [INF] [f04ea8ad-d6da-41ef-a0f1-59a54bddd668] GET /api/schools/sections/801b2f01-182d-416b-945c-0ecf450c504b/timetable responded 200 in 19ms
2026-08-11 11:40:01.975 +05:30 [INF] [fa8e9d3f-e023-4855-8cdb-eab33be81d51] POST /api/schools/sections/ef7ae096-7845-480b-98b1-96558f5110b4/timetable from 127.0.0.1 by Anonymous
2026-08-11 11:40:02.742 +05:30 [INF] [fa8e9d3f-e023-4855-8cdb-eab33be81d51] POST /api/schools/sections/ef7ae096-7845-480b-98b1-96558f5110b4/timetable responded 200 in 765ms
2026-08-11 11:45:01.135 +05:30 [INF] [5fc47458-c67a-433e-a446-0c2b7455f10c] POST /api/auth/login from 127.0.0.1 by Anonymous
2026-08-11 11:45:01.165 +05:30 [INF] [5fc47458-c67a-433e-a446-0c2b7455f10c] POST /api/auth/login responded 400 in 29ms
2026-08-11 11:45:26.810 +05:30 [INF] [a3b74c3c-ad00-493b-94c6-c8d7912a2973] GET /api/teachers from 127.0.0.1 by Anonymous
2026-08-11 11:45:27.931 +05:30 [INF] [a3b74c3c-ad00-493b-94c6-c8d7912a2973] GET /api/teachers responded 200 in 1120ms
2026-08-11 11:45:27.946 +05:30 [INF] [d65e0662-2775-4232-8fa6-b19e8ad786c2] GET /api/teachers from 127.0.0.1 by Anonymous
2026-08-11 11:45:28.013 +05:30 [INF] [d65e0662-2775-4232-8fa6-b19e8ad786c2] GET /api/teachers responded 200 in 66ms
2026-08-11 11:45:31.068 +05:30 [INF] [d7e51924-0dbc-4af5-a634-209c087491fa] GET /api/schools from 127.0.0.1 by Anonymous
2026-08-11 11:45:31.167 +05:30 [WRN] The query uses a row limiting operator ('Skip'/'Take') without an 'OrderBy' operator. This may lead to unpredictable results. If the 'Distinct' operator is used after 'OrderBy', then make sure to use the 'OrderBy' operator after 'Distinct' as the ordering would otherwise get erased.
2026-08-11 11:45:31.169 +05:30 [WRN] The query uses a row limiting operator ('Skip'/'Take') without an 'OrderBy' operator. This may lead to unpredictable results. If the 'Distinct' operator is used after 'OrderBy', then make sure to use the 'OrderBy' operator after 'Distinct' as the ordering would otherwise get erased.
2026-08-11 11:45:31.218 +05:30 [INF] [d7e51924-0dbc-4af5-a634-209c087491fa] GET /api/schools responded 200 in 149ms
2026-08-11 11:45:31.234 +05:30 [INF] [f018efb1-cf99-4c0e-9a72-65848975a0be] GET /api/schools from 127.0.0.1 by Anonymous
2026-08-11 11:45:31.275 +05:30 [INF] [f018efb1-cf99-4c0e-9a72-65848975a0be] GET /api/schools responded 200 in 39ms
2026-08-11 11:45:31.313 +05:30 [INF] [4acf0c7c-282c-4787-be2f-8ff9ee0bc099] GET /api/schools/93cfbeb0-5697-4af4-9f0b-0115e7e2e14a/classes from 127.0.0.1 by Anonymous
2026-08-11 11:45:31.491 +05:30 [INF] [4acf0c7c-282c-4787-be2f-8ff9ee0bc099] GET /api/schools/93cfbeb0-5697-4af4-9f0b-0115e7e2e14a/classes responded 200 in 177ms
2026-08-11 11:45:31.536 +05:30 [INF] [b4e9127a-c178-4b90-b3a8-8d6759b32602] GET /api/schools/93cfbeb0-5697-4af4-9f0b-0115e7e2e14a/classes from 127.0.0.1 by Anonymous
2026-08-11 11:45:31.556 +05:30 [INF] [b4e9127a-c178-4b90-b3a8-8d6759b32602] GET /api/schools/93cfbeb0-5697-4af4-9f0b-0115e7e2e14a/classes responded 200 in 20ms
2026-08-11 11:45:31.586 +05:30 [INF] [4c4e815b-6a55-4094-acb0-c8f46e54d4e5] GET /api/schools/93cfbeb0-5697-4af4-9f0b-0115e7e2e14a/subjects from 127.0.0.1 by Anonymous
2026-08-11 11:45:31.698 +05:30 [INF] [4c4e815b-6a55-4094-acb0-c8f46e54d4e5] GET /api/schools/93cfbeb0-5697-4af4-9f0b-0115e7e2e14a/subjects responded 200 in 111ms
2026-08-11 11:45:31.728 +05:30 [INF] [32b287dd-2619-401c-8f5b-a383a7f13edb] GET /api/schools/93cfbeb0-5697-4af4-9f0b-0115e7e2e14a/subjects from 127.0.0.1 by Anonymous
2026-08-11 11:45:31.758 +05:30 [INF] [32b287dd-2619-401c-8f5b-a383a7f13edb] GET /api/schools/93cfbeb0-5697-4af4-9f0b-0115e7e2e14a/subjects responded 200 in 30ms
2026-08-11 11:45:31.775 +05:30 [INF] [7804ddf5-57e1-4910-89f9-d5e6274f7a0b] GET /api/teachers from 127.0.0.1 by Anonymous
2026-08-11 11:45:31.808 +05:30 [INF] [7804ddf5-57e1-4910-89f9-d5e6274f7a0b] GET /api/teachers responded 200 in 32ms
2026-08-11 11:45:31.853 +05:30 [INF] [e5b2cc46-038e-4e4b-9102-2dac86fc0dd1] GET /api/teachers from 127.0.0.1 by Anonymous
2026-08-11 11:45:31.886 +05:30 [INF] [e5b2cc46-038e-4e4b-9102-2dac86fc0dd1] GET /api/teachers responded 200 in 32ms
2026-08-11 11:45:38.070 +05:30 [INF] [c02d2de0-423d-4ea0-a7c5-56b9f46c7617] GET /api/schools/classes/2670db49-93f6-49ed-b41d-c696262c79df/sections from 127.0.0.1 by Anonymous
2026-08-11 11:45:38.160 +05:30 [INF] [c02d2de0-423d-4ea0-a7c5-56b9f46c7617] GET /api/schools/classes/2670db49-93f6-49ed-b41d-c696262c79df/sections responded 200 in 90ms
2026-08-11 11:45:40.903 +05:30 [INF] [663945af-6ad1-400d-a462-712ef7f4b94b] GET /api/schools/sections/ef7ae096-7845-480b-98b1-96558f5110b4/timetable from 127.0.0.1 by Anonymous
2026-08-11 11:45:40.933 +05:30 [INF] [663945af-6ad1-400d-a462-712ef7f4b94b] GET /api/schools/sections/ef7ae096-7845-480b-98b1-96558f5110b4/timetable responded 200 in 29ms
2026-08-11 11:45:41.159 +05:30 [INF] [e333a329-9672-4278-bab7-d72c2eae97ee] GET /api/schools/sections/ef7ae096-7845-480b-98b1-96558f5110b4/timetable from 127.0.0.1 by Anonymous
2026-08-11 11:45:41.193 +05:30 [INF] [e333a329-9672-4278-bab7-d72c2eae97ee] GET /api/schools/sections/ef7ae096-7845-480b-98b1-96558f5110b4/timetable responded 200 in 33ms
2026-08-11 11:45:41.231 +05:30 [INF] [73337cf3-5436-4963-acb3-7c372f6fc43d] GET /api/schools/sections/ef7ae096-7845-480b-98b1-96558f5110b4/timetable from 127.0.0.1 by Anonymous
2026-08-11 11:45:41.260 +05:30 [INF] [73337cf3-5436-4963-acb3-7c372f6fc43d] GET /api/schools/sections/ef7ae096-7845-480b-98b1-96558f5110b4/timetable responded 200 in 28ms
2026-08-11 11:45:41.359 +05:30 [INF] [60fa6b69-246b-4850-9243-fbfb3dcbc061] GET /api/schools/sections/ef7ae096-7845-480b-98b1-96558f5110b4/timetable from 127.0.0.1 by Anonymous
2026-08-11 11:45:41.391 +05:30 [INF] [60fa6b69-246b-4850-9243-fbfb3dcbc061] GET /api/schools/sections/ef7ae096-7845-480b-98b1-96558f5110b4/timetable responded 200 in 31ms
2026-08-11 11:45:41.465 +05:30 [INF] [73ed1dc0-273e-4528-a872-b11a7628f723] GET /api/schools/sections/ef7ae096-7845-480b-98b1-96558f5110b4/timetable from 127.0.0.1 by Anonymous
2026-08-11 11:45:41.484 +05:30 [INF] [73ed1dc0-273e-4528-a872-b11a7628f723] GET /api/schools/sections/ef7ae096-7845-480b-98b1-96558f5110b4/timetable responded 200 in 18ms
2026-08-11 11:45:41.516 +05:30 [INF] [db02d24a-b5db-481b-ad1e-2a3a898bf57b] GET /api/schools/sections/ef7ae096-7845-480b-98b1-96558f5110b4/timetable from 127.0.0.1 by Anonymous
2026-08-11 11:45:41.554 +05:30 [INF] [db02d24a-b5db-481b-ad1e-2a3a898bf57b] GET /api/schools/sections/ef7ae096-7845-480b-98b1-96558f5110b4/timetable responded 200 in 36ms
2026-08-11 11:46:09.691 +05:30 [INF] [0646cd8d-46ef-4024-8e37-387aab771eba] GET /api/auth/me from 127.0.0.1 by Anonymous
2026-08-11 11:46:09.806 +05:30 [INF] [0646cd8d-46ef-4024-8e37-387aab771eba] GET /api/auth/me responded 200 in 115ms
2026-08-11 11:46:09.822 +05:30 [INF] [1541fc8e-0ee6-4b08-aa58-9b0da711312a] GET /api/auth/me from 127.0.0.1 by Anonymous
2026-08-11 11:46:09.842 +05:30 [INF] [1541fc8e-0ee6-4b08-aa58-9b0da711312a] GET /api/auth/me responded 200 in 19ms
2026-08-11 11:46:11.240 +05:30 [INF] [8d1165e2-5353-46f2-a5ee-29180514c12a] GET /api/schools from 127.0.0.1 by Anonymous
2026-08-11 11:46:11.267 +05:30 [INF] [8d1165e2-5353-46f2-a5ee-29180514c12a] GET /api/schools responded 200 in 27ms
2026-08-11 11:46:11.279 +05:30 [INF] [0b192d42-66cd-449d-b01c-e4a5d2f5bcc7] GET /api/schools from 127.0.0.1 by Anonymous
2026-08-11 11:46:11.298 +05:30 [INF] [699264f6-4a5e-474e-b0e9-6c22b4843942] GET /api/schools/93cfbeb0-5697-4af4-9f0b-0115e7e2e14a/classes from 127.0.0.1 by Anonymous
2026-08-11 11:46:11.300 +05:30 [INF] [0b192d42-66cd-449d-b01c-e4a5d2f5bcc7] GET /api/schools responded 200 in 20ms
2026-08-11 11:46:11.327 +05:30 [INF] [699264f6-4a5e-474e-b0e9-6c22b4843942] GET /api/schools/93cfbeb0-5697-4af4-9f0b-0115e7e2e14a/classes responded 200 in 27ms
2026-08-11 11:46:11.396 +05:30 [INF] [e0e01168-f702-4bc8-accc-0787479dceee] GET /api/schools/93cfbeb0-5697-4af4-9f0b-0115e7e2e14a/classes from 127.0.0.1 by Anonymous
2026-08-11 11:46:11.406 +05:30 [INF] [daa66a31-c4d5-4126-b2ca-1524cc6ed664] GET /api/schools/93cfbeb0-5697-4af4-9f0b-0115e7e2e14a/subjects from 127.0.0.1 by Anonymous
2026-08-11 11:46:11.429 +05:30 [INF] [e0e01168-f702-4bc8-accc-0787479dceee] GET /api/schools/93cfbeb0-5697-4af4-9f0b-0115e7e2e14a/classes responded 200 in 33ms
2026-08-11 11:46:11.453 +05:30 [INF] [daa66a31-c4d5-4126-b2ca-1524cc6ed664] GET /api/schools/93cfbeb0-5697-4af4-9f0b-0115e7e2e14a/subjects responded 200 in 42ms
2026-08-11 11:46:11.495 +05:30 [INF] [048832c3-4569-4ff1-b192-afc4e1c1991b] GET /api/schools/93cfbeb0-5697-4af4-9f0b-0115e7e2e14a/subjects from 127.0.0.1 by Anonymous
2026-08-11 11:46:11.533 +05:30 [INF] [048832c3-4569-4ff1-b192-afc4e1c1991b] GET /api/schools/93cfbeb0-5697-4af4-9f0b-0115e7e2e14a/subjects responded 200 in 37ms
2026-08-11 11:46:11.620 +05:30 [INF] [cd9cbed1-e0f9-4721-9951-37215c131d7a] GET /api/teachers from 127.0.0.1 by Anonymous
2026-08-11 11:46:11.658 +05:30 [INF] [cd9cbed1-e0f9-4721-9951-37215c131d7a] GET /api/teachers responded 200 in 37ms
2026-08-11 11:46:11.678 +05:30 [INF] [89f034ef-cdba-4cc3-b56b-b15b5a909fd6] GET /api/teachers from 127.0.0.1 by Anonymous
2026-08-11 11:46:11.716 +05:30 [INF] [89f034ef-cdba-4cc3-b56b-b15b5a909fd6] GET /api/teachers responded 200 in 37ms
2026-08-11 11:46:14.553 +05:30 [INF] [e1ba6365-049f-4b4c-b2ba-5897dd84fa2a] GET /api/schools/classes/b2f08a74-ede8-4669-acc8-bafe40a743cf/sections from 127.0.0.1 by Anonymous
2026-08-11 11:46:14.571 +05:30 [INF] [e1ba6365-049f-4b4c-b2ba-5897dd84fa2a] GET /api/schools/classes/b2f08a74-ede8-4669-acc8-bafe40a743cf/sections responded 200 in 18ms
2026-08-11 11:46:16.343 +05:30 [INF] [1c9bcf98-1af1-4f2e-864d-c204f5559a1a] GET /api/schools/sections/979394e1-8b2c-4cac-b4c1-eb3607161384/timetable from 127.0.0.1 by Anonymous
2026-08-11 11:46:16.369 +05:30 [INF] [1c9bcf98-1af1-4f2e-864d-c204f5559a1a] GET /api/schools/sections/979394e1-8b2c-4cac-b4c1-eb3607161384/timetable responded 200 in 26ms
2026-08-11 11:46:16.477 +05:30 [INF] [46ed5dc6-1d6a-4ebc-a019-15ac281e7b4d] GET /api/schools/sections/979394e1-8b2c-4cac-b4c1-eb3607161384/timetable from 127.0.0.1 by Anonymous
2026-08-11 11:46:16.499 +05:30 [INF] [46ed5dc6-1d6a-4ebc-a019-15ac281e7b4d] GET /api/schools/sections/979394e1-8b2c-4cac-b4c1-eb3607161384/timetable responded 200 in 22ms
2026-08-11 11:46:16.548 +05:30 [INF] [d1db16a9-0590-4f99-9db9-3189f055e35a] GET /api/schools/sections/979394e1-8b2c-4cac-b4c1-eb3607161384/timetable from 127.0.0.1 by Anonymous
2026-08-11 11:46:16.568 +05:30 [INF] [d1db16a9-0590-4f99-9db9-3189f055e35a] GET /api/schools/sections/979394e1-8b2c-4cac-b4c1-eb3607161384/timetable responded 200 in 19ms
2026-08-11 11:46:16.602 +05:30 [INF] [d9acd3c2-772d-4d8b-a7d2-eec1c58b2f11] GET /api/schools/sections/979394e1-8b2c-4cac-b4c1-eb3607161384/timetable from 127.0.0.1 by Anonymous
2026-08-11 11:46:16.622 +05:30 [INF] [d9acd3c2-772d-4d8b-a7d2-eec1c58b2f11] GET /api/schools/sections/979394e1-8b2c-4cac-b4c1-eb3607161384/timetable responded 200 in 19ms
2026-08-11 11:46:16.669 +05:30 [INF] [73211e93-8fa2-4e0d-9a0e-49fc2d7628eb] GET /api/schools/sections/979394e1-8b2c-4cac-b4c1-eb3607161384/timetable from 127.0.0.1 by Anonymous
2026-08-11 11:46:16.691 +05:30 [INF] [73211e93-8fa2-4e0d-9a0e-49fc2d7628eb] GET /api/schools/sections/979394e1-8b2c-4cac-b4c1-eb3607161384/timetable responded 200 in 21ms
2026-08-11 11:46:16.725 +05:30 [INF] [5f5adc3f-7306-4294-a94b-7f8f1001567e] GET /api/schools/sections/979394e1-8b2c-4cac-b4c1-eb3607161384/timetable from 127.0.0.1 by Anonymous
2026-08-11 11:46:16.749 +05:30 [INF] [5f5adc3f-7306-4294-a94b-7f8f1001567e] GET /api/schools/sections/979394e1-8b2c-4cac-b4c1-eb3607161384/timetable responded 200 in 23ms
2026-08-11 11:46:27.974 +05:30 [INF] [c3139cb7-ed29-4c6c-8000-04eb9eba8299] POST /api/schools/sections/979394e1-8b2c-4cac-b4c1-eb3607161384/timetable from 127.0.0.1 by Anonymous
2026-08-11 11:46:28.024 +05:30 [INF] [c3139cb7-ed29-4c6c-8000-04eb9eba8299] POST /api/schools/sections/979394e1-8b2c-4cac-b4c1-eb3607161384/timetable responded 200 in 50ms
2026-08-11 11:47:00.834 +05:30 [INF] [45ae17aa-2a84-4a0f-ae56-270bcc1b1a1c] POST /api/schools/sections/979394e1-8b2c-4cac-b4c1-eb3607161384/timetable from 127.0.0.1 by Anonymous
2026-08-11 11:47:00.901 +05:30 [INF] [45ae17aa-2a84-4a0f-ae56-270bcc1b1a1c] POST /api/schools/sections/979394e1-8b2c-4cac-b4c1-eb3607161384/timetable responded 200 in 67ms
2026-08-11 11:47:05.313 +05:30 [INF] [cf33bfde-d57a-487d-8630-e1e41c0ea24f] GET /api/schools/classes/2670db49-93f6-49ed-b41d-c696262c79df/sections from 127.0.0.1 by Anonymous
2026-08-11 11:47:05.331 +05:30 [INF] [cf33bfde-d57a-487d-8630-e1e41c0ea24f] GET /api/schools/classes/2670db49-93f6-49ed-b41d-c696262c79df/sections responded 200 in 18ms
2026-08-11 11:47:07.465 +05:30 [INF] [a853c7bb-e20a-45be-8e6f-759acac6dcbc] GET /api/schools/sections/ef7ae096-7845-480b-98b1-96558f5110b4/timetable from 127.0.0.1 by Anonymous
2026-08-11 11:47:07.492 +05:30 [INF] [a853c7bb-e20a-45be-8e6f-759acac6dcbc] GET /api/schools/sections/ef7ae096-7845-480b-98b1-96558f5110b4/timetable responded 200 in 26ms
2026-08-11 11:47:07.626 +05:30 [INF] [15ad81dd-6f0e-4ad6-be65-908da4a53385] GET /api/schools/sections/ef7ae096-7845-480b-98b1-96558f5110b4/timetable from 127.0.0.1 by Anonymous
2026-08-11 11:47:07.668 +05:30 [INF] [15ad81dd-6f0e-4ad6-be65-908da4a53385] GET /api/schools/sections/ef7ae096-7845-480b-98b1-96558f5110b4/timetable responded 200 in 41ms
2026-08-11 11:47:07.706 +05:30 [INF] [88abc59e-bf69-4deb-b01a-3fa580c2be56] GET /api/schools/sections/ef7ae096-7845-480b-98b1-96558f5110b4/timetable from 127.0.0.1 by Anonymous
2026-08-11 11:47:07.738 +05:30 [INF] [88abc59e-bf69-4deb-b01a-3fa580c2be56] GET /api/schools/sections/ef7ae096-7845-480b-98b1-96558f5110b4/timetable responded 200 in 31ms
2026-08-11 11:47:07.798 +05:30 [INF] [210cb105-f744-4c6c-882c-b7447080e1ae] GET /api/schools/sections/ef7ae096-7845-480b-98b1-96558f5110b4/timetable from 127.0.0.1 by Anonymous
2026-08-11 11:47:07.828 +05:30 [INF] [210cb105-f744-4c6c-882c-b7447080e1ae] GET /api/schools/sections/ef7ae096-7845-480b-98b1-96558f5110b4/timetable responded 200 in 29ms
2026-08-11 11:47:07.871 +05:30 [INF] [6a88deca-9767-4cf0-9ef6-10f864c4ad71] GET /api/schools/sections/ef7ae096-7845-480b-98b1-96558f5110b4/timetable from 127.0.0.1 by Anonymous
2026-08-11 11:47:07.905 +05:30 [INF] [6a88deca-9767-4cf0-9ef6-10f864c4ad71] GET /api/schools/sections/ef7ae096-7845-480b-98b1-96558f5110b4/timetable responded 200 in 32ms
2026-08-11 11:47:07.939 +05:30 [INF] [acbadea4-b470-4f36-b30a-996599974476] GET /api/schools/sections/ef7ae096-7845-480b-98b1-96558f5110b4/timetable from 127.0.0.1 by Anonymous
2026-08-11 11:47:07.970 +05:30 [INF] [acbadea4-b470-4f36-b30a-996599974476] GET /api/schools/sections/ef7ae096-7845-480b-98b1-96558f5110b4/timetable responded 200 in 30ms
2026-08-11 11:47:15.384 +05:30 [INF] [c4e4d2b4-53e8-4a5e-9c79-50e718970956] GET /api/schools/classes/b2f08a74-ede8-4669-acc8-bafe40a743cf/sections from 127.0.0.1 by Anonymous
2026-08-11 11:47:15.410 +05:30 [INF] [c4e4d2b4-53e8-4a5e-9c79-50e718970956] GET /api/schools/classes/b2f08a74-ede8-4669-acc8-bafe40a743cf/sections responded 200 in 26ms
2026-08-11 11:47:17.298 +05:30 [INF] [dcc77878-c659-4c11-8add-7d85875f4489] GET /api/schools/sections/7134343b-904e-4b02-a7ad-70e812f93812/timetable from 127.0.0.1 by Anonymous
2026-08-11 11:47:17.325 +05:30 [INF] [dcc77878-c659-4c11-8add-7d85875f4489] GET /api/schools/sections/7134343b-904e-4b02-a7ad-70e812f93812/timetable responded 200 in 26ms
2026-08-11 11:47:17.429 +05:30 [INF] [5131cc6d-6948-46f3-b08d-5101c500ef13] GET /api/schools/sections/7134343b-904e-4b02-a7ad-70e812f93812/timetable from 127.0.0.1 by Anonymous
2026-08-11 11:47:17.461 +05:30 [INF] [5131cc6d-6948-46f3-b08d-5101c500ef13] GET /api/schools/sections/7134343b-904e-4b02-a7ad-70e812f93812/timetable responded 200 in 31ms
2026-08-11 11:47:17.519 +05:30 [INF] [fdeedc6a-52cc-448a-b36b-ffb61e3a8166] GET /api/schools/sections/7134343b-904e-4b02-a7ad-70e812f93812/timetable from 127.0.0.1 by Anonymous
2026-08-11 11:47:17.545 +05:30 [INF] [fdeedc6a-52cc-448a-b36b-ffb61e3a8166] GET /api/schools/sections/7134343b-904e-4b02-a7ad-70e812f93812/timetable responded 200 in 25ms
2026-08-11 11:47:17.591 +05:30 [INF] [4d4a6218-ac20-4ccc-a4a9-b5a2f04cf2a6] GET /api/schools/sections/7134343b-904e-4b02-a7ad-70e812f93812/timetable from 127.0.0.1 by Anonymous
2026-08-11 11:47:17.617 +05:30 [INF] [4d4a6218-ac20-4ccc-a4a9-b5a2f04cf2a6] GET /api/schools/sections/7134343b-904e-4b02-a7ad-70e812f93812/timetable responded 200 in 26ms
2026-08-11 11:47:17.646 +05:30 [INF] [74eb2fa4-b347-4c47-a7a7-8a7b0104a52b] GET /api/schools/sections/7134343b-904e-4b02-a7ad-70e812f93812/timetable from 127.0.0.1 by Anonymous
2026-08-11 11:47:17.674 +05:30 [INF] [74eb2fa4-b347-4c47-a7a7-8a7b0104a52b] GET /api/schools/sections/7134343b-904e-4b02-a7ad-70e812f93812/timetable responded 200 in 26ms
2026-08-11 11:47:17.713 +05:30 [INF] [c4154f4e-ea7b-46ab-b605-7921f9a088ba] GET /api/schools/sections/7134343b-904e-4b02-a7ad-70e812f93812/timetable from 127.0.0.1 by Anonymous
2026-08-11 11:47:17.731 +05:30 [INF] [c4154f4e-ea7b-46ab-b605-7921f9a088ba] GET /api/schools/sections/7134343b-904e-4b02-a7ad-70e812f93812/timetable responded 200 in 17ms
2026-08-11 11:47:21.398 +05:30 [INF] [0364ee1e-d753-4461-a409-9886118c7f7d] GET /api/schools/sections/979394e1-8b2c-4cac-b4c1-eb3607161384/timetable from 127.0.0.1 by Anonymous
2026-08-11 11:47:21.420 +05:30 [INF] [0364ee1e-d753-4461-a409-9886118c7f7d] GET /api/schools/sections/979394e1-8b2c-4cac-b4c1-eb3607161384/timetable responded 200 in 20ms
2026-08-11 11:47:21.514 +05:30 [INF] [ae5a3738-a9be-4106-af79-7629301d4b8d] GET /api/schools/sections/979394e1-8b2c-4cac-b4c1-eb3607161384/timetable from 127.0.0.1 by Anonymous
2026-08-11 11:47:21.540 +05:30 [INF] [ae5a3738-a9be-4106-af79-7629301d4b8d] GET /api/schools/sections/979394e1-8b2c-4cac-b4c1-eb3607161384/timetable responded 200 in 25ms
2026-08-11 11:47:21.580 +05:30 [INF] [830ac8f9-3152-4e7c-9f45-d11245e2400d] GET /api/schools/sections/979394e1-8b2c-4cac-b4c1-eb3607161384/timetable from 127.0.0.1 by Anonymous
2026-08-11 11:47:21.603 +05:30 [INF] [830ac8f9-3152-4e7c-9f45-d11245e2400d] GET /api/schools/sections/979394e1-8b2c-4cac-b4c1-eb3607161384/timetable responded 200 in 23ms
2026-08-11 11:47:21.635 +05:30 [INF] [159fb99e-5567-4837-8db9-bc6ed6f1a039] GET /api/schools/sections/979394e1-8b2c-4cac-b4c1-eb3607161384/timetable from 127.0.0.1 by Anonymous
2026-08-11 11:47:21.658 +05:30 [INF] [159fb99e-5567-4837-8db9-bc6ed6f1a039] GET /api/schools/sections/979394e1-8b2c-4cac-b4c1-eb3607161384/timetable responded 200 in 22ms
2026-08-11 11:47:21.730 +05:30 [INF] [383bbf37-0332-4b08-8ddf-e7e769f32ed7] GET /api/schools/sections/979394e1-8b2c-4cac-b4c1-eb3607161384/timetable from 127.0.0.1 by Anonymous
2026-08-11 11:47:21.758 +05:30 [INF] [383bbf37-0332-4b08-8ddf-e7e769f32ed7] GET /api/schools/sections/979394e1-8b2c-4cac-b4c1-eb3607161384/timetable responded 200 in 27ms
2026-08-11 11:47:21.791 +05:30 [INF] [5980f534-95ee-463e-83d7-09d87a1f35bb] GET /api/schools/sections/979394e1-8b2c-4cac-b4c1-eb3607161384/timetable from 127.0.0.1 by Anonymous
2026-08-11 11:47:21.810 +05:30 [INF] [5980f534-95ee-463e-83d7-09d87a1f35bb] GET /api/schools/sections/979394e1-8b2c-4cac-b4c1-eb3607161384/timetable responded 200 in 18ms
2026-08-11 11:47:59.494 +05:30 [INF] [58a77bd6-948f-4ba3-985b-7d6148f5a432] POST /api/schools/sections/979394e1-8b2c-4cac-b4c1-eb3607161384/timetable from 127.0.0.1 by Anonymous
2026-08-11 11:47:59.574 +05:30 [INF] [58a77bd6-948f-4ba3-985b-7d6148f5a432] POST /api/schools/sections/979394e1-8b2c-4cac-b4c1-eb3607161384/timetable responded 200 in 79ms
2026-08-11 11:48:06.377 +05:30 [INF] [3202a9b0-8e9c-443b-bc43-d24850660195] GET /api/auth/me from 127.0.0.1 by Anonymous
2026-08-11 11:48:06.405 +05:30 [INF] [3202a9b0-8e9c-443b-bc43-d24850660195] GET /api/auth/me responded 200 in 27ms
2026-08-11 11:48:06.434 +05:30 [INF] [1ee4050f-071e-454e-ba05-664e549713f5] GET /api/auth/me from 127.0.0.1 by Anonymous
2026-08-11 11:48:06.458 +05:30 [INF] [1ee4050f-071e-454e-ba05-664e549713f5] GET /api/auth/me responded 200 in 23ms
2026-08-11 11:48:07.403 +05:30 [INF] [4f6586b3-7252-4d47-a300-2e60d9c3b5c0] GET /api/schools from 127.0.0.1 by Anonymous
2026-08-11 11:48:07.444 +05:30 [INF] [4f6586b3-7252-4d47-a300-2e60d9c3b5c0] GET /api/schools responded 200 in 40ms
2026-08-11 11:48:07.455 +05:30 [INF] [9aa1940a-5fe5-47e5-8daa-f6a65a4eb893] GET /api/schools from 127.0.0.1 by Anonymous
2026-08-11 11:48:07.477 +05:30 [INF] [33e5b0e4-7830-4077-b3ab-dec9dacbf258] GET /api/schools/93cfbeb0-5697-4af4-9f0b-0115e7e2e14a/classes from 127.0.0.1 by Anonymous
2026-08-11 11:48:07.486 +05:30 [INF] [9aa1940a-5fe5-47e5-8daa-f6a65a4eb893] GET /api/schools responded 200 in 30ms
2026-08-11 11:48:07.505 +05:30 [INF] [33e5b0e4-7830-4077-b3ab-dec9dacbf258] GET /api/schools/93cfbeb0-5697-4af4-9f0b-0115e7e2e14a/classes responded 200 in 27ms
2026-08-11 11:48:07.578 +05:30 [INF] [ed3348f3-fde9-4644-b4dc-8338e0c31fcb] GET /api/schools/93cfbeb0-5697-4af4-9f0b-0115e7e2e14a/classes from 127.0.0.1 by Anonymous
2026-08-11 11:48:07.600 +05:30 [INF] [ed3348f3-fde9-4644-b4dc-8338e0c31fcb] GET /api/schools/93cfbeb0-5697-4af4-9f0b-0115e7e2e14a/classes responded 200 in 22ms
2026-08-11 11:48:07.608 +05:30 [INF] [8d5f5071-f26e-4b62-875f-4b41898e0046] GET /api/schools/93cfbeb0-5697-4af4-9f0b-0115e7e2e14a/subjects from 127.0.0.1 by Anonymous
2026-08-11 11:48:07.639 +05:30 [INF] [8d5f5071-f26e-4b62-875f-4b41898e0046] GET /api/schools/93cfbeb0-5697-4af4-9f0b-0115e7e2e14a/subjects responded 200 in 31ms
2026-08-11 11:48:07.841 +05:30 [INF] [59f4579f-c448-4cc3-9a67-467e92018797] GET /api/schools/93cfbeb0-5697-4af4-9f0b-0115e7e2e14a/subjects from 127.0.0.1 by Anonymous
2026-08-11 11:48:07.869 +05:30 [INF] [59f4579f-c448-4cc3-9a67-467e92018797] GET /api/schools/93cfbeb0-5697-4af4-9f0b-0115e7e2e14a/subjects responded 200 in 28ms
2026-08-11 11:48:07.893 +05:30 [INF] [501465ac-e77a-458a-94bb-5b1bd90f1975] GET /api/teachers from 127.0.0.1 by Anonymous
2026-08-11 11:48:07.929 +05:30 [INF] [501465ac-e77a-458a-94bb-5b1bd90f1975] GET /api/teachers responded 200 in 36ms
2026-08-11 11:48:08.019 +05:30 [INF] [649def76-5070-4e8a-843d-9735a660cc76] GET /api/teachers from 127.0.0.1 by Anonymous
2026-08-11 11:48:08.062 +05:30 [INF] [649def76-5070-4e8a-843d-9735a660cc76] GET /api/teachers responded 200 in 42ms
2026-08-11 11:48:11.022 +05:30 [INF] [70acd127-be15-45ac-8c68-52f95090a00c] GET /api/schools/classes/b2f08a74-ede8-4669-acc8-bafe40a743cf/sections from 127.0.0.1 by Anonymous
2026-08-11 11:48:11.045 +05:30 [INF] [70acd127-be15-45ac-8c68-52f95090a00c] GET /api/schools/classes/b2f08a74-ede8-4669-acc8-bafe40a743cf/sections responded 200 in 22ms
2026-08-11 11:48:12.453 +05:30 [INF] [f83a34ff-d922-4360-a139-7230d77bfb39] GET /api/schools/sections/979394e1-8b2c-4cac-b4c1-eb3607161384/timetable from 127.0.0.1 by Anonymous
2026-08-11 11:48:12.479 +05:30 [INF] [f83a34ff-d922-4360-a139-7230d77bfb39] GET /api/schools/sections/979394e1-8b2c-4cac-b4c1-eb3607161384/timetable responded 200 in 25ms
2026-08-11 11:48:12.550 +05:30 [INF] [98366a9f-c641-41f4-98db-5139cbbf9bb9] GET /api/schools/sections/979394e1-8b2c-4cac-b4c1-eb3607161384/timetable from 127.0.0.1 by Anonymous
2026-08-11 11:48:12.586 +05:30 [INF] [98366a9f-c641-41f4-98db-5139cbbf9bb9] GET /api/schools/sections/979394e1-8b2c-4cac-b4c1-eb3607161384/timetable responded 200 in 35ms
2026-08-11 11:48:12.621 +05:30 [INF] [5b31d403-b872-4be4-af44-b028e0c88509] GET /api/schools/sections/979394e1-8b2c-4cac-b4c1-eb3607161384/timetable from 127.0.0.1 by Anonymous
2026-08-11 11:48:12.641 +05:30 [INF] [5b31d403-b872-4be4-af44-b028e0c88509] GET /api/schools/sections/979394e1-8b2c-4cac-b4c1-eb3607161384/timetable responded 200 in 19ms
2026-08-11 11:48:12.665 +05:30 [INF] [6f657622-69f4-4731-b58a-6eb6de962350] GET /api/schools/sections/979394e1-8b2c-4cac-b4c1-eb3607161384/timetable from 127.0.0.1 by Anonymous
2026-08-11 11:48:12.688 +05:30 [INF] [6f657622-69f4-4731-b58a-6eb6de962350] GET /api/schools/sections/979394e1-8b2c-4cac-b4c1-eb3607161384/timetable responded 200 in 22ms
2026-08-11 11:48:12.718 +05:30 [INF] [96369754-a696-4d59-ac08-c6ac99637ae2] GET /api/schools/sections/979394e1-8b2c-4cac-b4c1-eb3607161384/timetable from 127.0.0.1 by Anonymous
2026-08-11 11:48:12.738 +05:30 [INF] [96369754-a696-4d59-ac08-c6ac99637ae2] GET /api/schools/sections/979394e1-8b2c-4cac-b4c1-eb3607161384/timetable responded 200 in 18ms
2026-08-11 11:48:12.753 +05:30 [INF] [fe40f355-3f6a-4d02-9327-37958bb73b26] GET /api/schools/sections/979394e1-8b2c-4cac-b4c1-eb3607161384/timetable from 127.0.0.1 by Anonymous
2026-08-11 11:48:12.771 +05:30 [INF] [fe40f355-3f6a-4d02-9327-37958bb73b26] GET /api/schools/sections/979394e1-8b2c-4cac-b4c1-eb3607161384/timetable responded 200 in 17ms
2026-08-11 11:48:40.447 +05:30 [INF] [5ec27a51-c9e6-42ac-85a7-d8beb0b86485] POST /api/schools/sections/979394e1-8b2c-4cac-b4c1-eb3607161384/timetable from 127.0.0.1 by Anonymous
2026-08-11 11:48:40.541 +05:30 [INF] [5ec27a51-c9e6-42ac-85a7-d8beb0b86485] POST /api/schools/sections/979394e1-8b2c-4cac-b4c1-eb3607161384/timetable responded 200 in 93ms
2026-08-11 11:48:42.927 +05:30 [INF] [f744cfab-e14e-4f4a-8e18-11687c1ced38] POST /api/schools/sections/979394e1-8b2c-4cac-b4c1-eb3607161384/timetable from 127.0.0.1 by Anonymous
2026-08-11 11:48:42.983 +05:30 [INF] [f744cfab-e14e-4f4a-8e18-11687c1ced38] POST /api/schools/sections/979394e1-8b2c-4cac-b4c1-eb3607161384/timetable responded 200 in 55ms
2026-08-11 11:48:48.202 +05:30 [INF] [ecc7ea52-fd65-45f6-a415-de2999279bdb] GET /api/attendance from 127.0.0.1 by Anonymous
2026-08-11 11:48:49.035 +05:30 [INF] [ecc7ea52-fd65-45f6-a415-de2999279bdb] GET /api/attendance responded 200 in 831ms
2026-08-11 11:48:49.043 +05:30 [INF] [cf670788-46ab-4109-8b9f-c2877e9fcef9] GET /api/attendance from 127.0.0.1 by Anonymous
2026-08-11 11:48:49.080 +05:30 [INF] [cf670788-46ab-4109-8b9f-c2877e9fcef9] GET /api/attendance responded 200 in 36ms
2026-08-11 11:48:51.181 +05:30 [INF] [fdce1f27-1ffa-42b0-873e-e8fe9321c670] GET /api/schools from 127.0.0.1 by Anonymous
2026-08-11 11:48:51.211 +05:30 [INF] [fdce1f27-1ffa-42b0-873e-e8fe9321c670] GET /api/schools responded 200 in 29ms
2026-08-11 11:48:51.223 +05:30 [INF] [c54ff66b-d5a7-4b4f-be04-f6bec3c755d6] GET /api/schools from 127.0.0.1 by Anonymous
2026-08-11 11:48:51.245 +05:30 [INF] [c54ff66b-d5a7-4b4f-be04-f6bec3c755d6] GET /api/schools responded 200 in 21ms
2026-08-11 11:48:51.270 +05:30 [INF] [b9a24e1f-6765-42ab-91df-b4fea6ce27cb] GET /api/schools/93cfbeb0-5697-4af4-9f0b-0115e7e2e14a/classes from 127.0.0.1 by Anonymous
2026-08-11 11:48:51.290 +05:30 [INF] [b9a24e1f-6765-42ab-91df-b4fea6ce27cb] GET /api/schools/93cfbeb0-5697-4af4-9f0b-0115e7e2e14a/classes responded 200 in 20ms
2026-08-11 11:48:51.303 +05:30 [INF] [d14bcc59-1656-404a-8921-85e40918a00a] GET /api/schools/93cfbeb0-5697-4af4-9f0b-0115e7e2e14a/classes from 127.0.0.1 by Anonymous
2026-08-11 11:48:51.319 +05:30 [INF] [b5851ce7-ef5a-4dc4-bbcc-c38da75d2ef2] GET /api/schools/93cfbeb0-5697-4af4-9f0b-0115e7e2e14a/subjects from 127.0.0.1 by Anonymous
2026-08-11 11:48:51.328 +05:30 [INF] [d14bcc59-1656-404a-8921-85e40918a00a] GET /api/schools/93cfbeb0-5697-4af4-9f0b-0115e7e2e14a/classes responded 200 in 24ms
2026-08-11 11:48:51.346 +05:30 [INF] [b5851ce7-ef5a-4dc4-bbcc-c38da75d2ef2] GET /api/schools/93cfbeb0-5697-4af4-9f0b-0115e7e2e14a/subjects responded 200 in 27ms
2026-08-11 11:48:51.378 +05:30 [INF] [8fd5fa84-7b85-4b6a-b495-d80281bcf21e] GET /api/schools/93cfbeb0-5697-4af4-9f0b-0115e7e2e14a/subjects from 127.0.0.1 by Anonymous
2026-08-11 11:48:51.402 +05:30 [INF] [278a365e-2df6-4372-ab98-40f1a428c144] GET /api/teachers from 127.0.0.1 by Anonymous
2026-08-11 11:48:51.405 +05:30 [INF] [8fd5fa84-7b85-4b6a-b495-d80281bcf21e] GET /api/schools/93cfbeb0-5697-4af4-9f0b-0115e7e2e14a/subjects responded 200 in 26ms
2026-08-11 11:48:51.442 +05:30 [INF] [278a365e-2df6-4372-ab98-40f1a428c144] GET /api/teachers responded 200 in 39ms
2026-08-11 11:48:51.460 +05:30 [INF] [ebe0f238-bc34-4a2d-8c55-d0ebce6d4287] GET /api/teachers from 127.0.0.1 by Anonymous
2026-08-11 11:48:51.496 +05:30 [INF] [ebe0f238-bc34-4a2d-8c55-d0ebce6d4287] GET /api/teachers responded 200 in 35ms
2026-08-11 11:48:53.567 +05:30 [INF] [55f9b646-0f96-4585-8c07-933ba9351642] GET /api/schools/classes/b2f08a74-ede8-4669-acc8-bafe40a743cf/sections from 127.0.0.1 by Anonymous
2026-08-11 11:48:53.598 +05:30 [INF] [55f9b646-0f96-4585-8c07-933ba9351642] GET /api/schools/classes/b2f08a74-ede8-4669-acc8-bafe40a743cf/sections responded 200 in 30ms
2026-08-11 11:48:55.082 +05:30 [INF] [ea924077-edd6-4cf6-a24c-b57e66a5f67e] GET /api/schools/sections/979394e1-8b2c-4cac-b4c1-eb3607161384/timetable from 127.0.0.1 by Anonymous
2026-08-11 11:48:55.108 +05:30 [INF] [ea924077-edd6-4cf6-a24c-b57e66a5f67e] GET /api/schools/sections/979394e1-8b2c-4cac-b4c1-eb3607161384/timetable responded 200 in 24ms
2026-08-11 11:48:55.167 +05:30 [INF] [42968a91-0e21-488a-b934-9cf7ae3eeee8] GET /api/schools/sections/979394e1-8b2c-4cac-b4c1-eb3607161384/timetable from 127.0.0.1 by Anonymous
2026-08-11 11:48:55.191 +05:30 [INF] [42968a91-0e21-488a-b934-9cf7ae3eeee8] GET /api/schools/sections/979394e1-8b2c-4cac-b4c1-eb3607161384/timetable responded 200 in 23ms
2026-08-11 11:48:55.210 +05:30 [INF] [d29a3e29-be9d-417f-a843-1dfdff390941] GET /api/schools/sections/979394e1-8b2c-4cac-b4c1-eb3607161384/timetable from 127.0.0.1 by Anonymous
2026-08-11 11:48:55.240 +05:30 [INF] [d29a3e29-be9d-417f-a843-1dfdff390941] GET /api/schools/sections/979394e1-8b2c-4cac-b4c1-eb3607161384/timetable responded 200 in 30ms
2026-08-11 11:48:55.261 +05:30 [INF] [a0bc4fc7-cd46-4c7b-a0fe-55b00a49beb6] GET /api/schools/sections/979394e1-8b2c-4cac-b4c1-eb3607161384/timetable from 127.0.0.1 by Anonymous
2026-08-11 11:48:55.275 +05:30 [INF] [a0bc4fc7-cd46-4c7b-a0fe-55b00a49beb6] GET /api/schools/sections/979394e1-8b2c-4cac-b4c1-eb3607161384/timetable responded 200 in 13ms
2026-08-11 11:48:55.297 +05:30 [INF] [c739a450-c305-4269-bf3d-c57d71b473b2] GET /api/schools/sections/979394e1-8b2c-4cac-b4c1-eb3607161384/timetable from 127.0.0.1 by Anonymous
2026-08-11 11:48:55.318 +05:30 [INF] [c739a450-c305-4269-bf3d-c57d71b473b2] GET /api/schools/sections/979394e1-8b2c-4cac-b4c1-eb3607161384/timetable responded 200 in 20ms
2026-08-11 11:48:55.351 +05:30 [INF] [4d9d0137-4675-41ed-bf92-75ede605adf6] GET /api/schools/sections/979394e1-8b2c-4cac-b4c1-eb3607161384/timetable from 127.0.0.1 by Anonymous
2026-08-11 11:48:55.369 +05:30 [INF] [4d9d0137-4675-41ed-bf92-75ede605adf6] GET /api/schools/sections/979394e1-8b2c-4cac-b4c1-eb3607161384/timetable responded 200 in 17ms
2026-08-11 11:52:28.901 +05:30 [INF] [b6886084-2c01-4797-913a-a32b85c1b42f] GET /api/students from 127.0.0.1 by Anonymous
2026-08-11 11:52:29.884 +05:30 [INF] [b6886084-2c01-4797-913a-a32b85c1b42f] GET /api/students responded 200 in 983ms
2026-08-11 11:52:29.891 +05:30 [INF] [fdb0afbe-d2e2-4740-8d5b-1f316224431e] GET /api/students from 127.0.0.1 by Anonymous
2026-08-11 11:52:29.922 +05:30 [INF] [fdb0afbe-d2e2-4740-8d5b-1f316224431e] GET /api/students responded 200 in 31ms
2026-08-11 11:52:30.692 +05:30 [INF] [44d6bc23-f063-48cf-be00-dd7fe84e00b0] POST /api/auth/login from 127.0.0.1 by Anonymous
2026-08-11 11:52:30.707 +05:30 [INF] [44d6bc23-f063-48cf-be00-dd7fe84e00b0] POST /api/auth/login responded 400 in 14ms
2026-08-11 11:52:34.622 +05:30 [INF] [ba2da8c9-ef71-465b-aab7-690ebd401ce4] GET /api/schools from 127.0.0.1 by Anonymous
2026-08-11 11:52:34.649 +05:30 [INF] [ba2da8c9-ef71-465b-aab7-690ebd401ce4] GET /api/schools responded 200 in 27ms
2026-08-11 11:52:34.661 +05:30 [INF] [406a589e-7e22-48c0-88b6-f94b38b9384f] GET /api/schools from 127.0.0.1 by Anonymous
2026-08-11 11:52:34.684 +05:30 [INF] [406a589e-7e22-48c0-88b6-f94b38b9384f] GET /api/schools responded 200 in 23ms
2026-08-11 11:52:34.817 +05:30 [INF] [f874af06-366f-4e21-a367-60a49b93daaa] GET /api/schools/93cfbeb0-5697-4af4-9f0b-0115e7e2e14a/classes from 127.0.0.1 by Anonymous
2026-08-11 11:52:34.842 +05:30 [INF] [f874af06-366f-4e21-a367-60a49b93daaa] GET /api/schools/93cfbeb0-5697-4af4-9f0b-0115e7e2e14a/classes responded 200 in 24ms
2026-08-11 11:52:34.864 +05:30 [INF] [58f59052-c2d8-4363-9133-074c33d58d5f] GET /api/schools/93cfbeb0-5697-4af4-9f0b-0115e7e2e14a/classes from 127.0.0.1 by Anonymous
2026-08-11 11:52:34.887 +05:30 [INF] [58f59052-c2d8-4363-9133-074c33d58d5f] GET /api/schools/93cfbeb0-5697-4af4-9f0b-0115e7e2e14a/classes responded 200 in 22ms
2026-08-11 11:52:37.546 +05:30 [INF] [307b01a6-d505-4420-bc40-6b3009ef043e] GET /api/students from 127.0.0.1 by Anonymous
2026-08-11 11:52:37.587 +05:30 [INF] [307b01a6-d505-4420-bc40-6b3009ef043e] GET /api/students responded 200 in 41ms
2026-08-11 11:52:37.598 +05:30 [INF] [8a6ceae4-b985-49d3-b3b0-b4d11498c38b] GET /api/students from 127.0.0.1 by Anonymous
2026-08-11 11:52:37.624 +05:30 [INF] [8a6ceae4-b985-49d3-b3b0-b4d11498c38b] GET /api/students responded 200 in 25ms
2026-08-11 11:52:41.515 +05:30 [INF] [2f6ade74-f2c1-409b-a383-3d76b6b4d1ab] GET /api/students/08dee7c6-325f-4751-84f1-0925ef1b04a7 from 127.0.0.1 by Anonymous
2026-08-11 11:52:41.714 +05:30 [WRN] Compiling a query which loads related collections for more than one collection navigation, either via 'Include' or through projection, but no 'QuerySplittingBehavior' has been configured. By default, Entity Framework will use 'QuerySplittingBehavior.SingleQuery', which can potentially result in slow query performance. See https://go.microsoft.com/fwlink/?linkid=2134277 for more information. To identify the query that's triggering this warning call 'ConfigureWarnings(w => w.Throw(RelationalEventId.MultipleCollectionIncludeWarning))'.
2026-08-11 11:52:41.871 +05:30 [INF] [2f6ade74-f2c1-409b-a383-3d76b6b4d1ab] GET /api/students/08dee7c6-325f-4751-84f1-0925ef1b04a7 responded 200 in 355ms
2026-08-11 11:52:41.894 +05:30 [INF] [625aaa81-01b9-415b-b95e-69147e01e6bc] GET /api/students/08dee7c6-325f-4751-84f1-0925ef1b04a7 from 127.0.0.1 by Anonymous
2026-08-11 11:52:41.931 +05:30 [INF] [625aaa81-01b9-415b-b95e-69147e01e6bc] GET /api/students/08dee7c6-325f-4751-84f1-0925ef1b04a7 responded 200 in 36ms
2026-08-11 11:53:12.124 +05:30 [INF] [bdfa5f2f-4038-4409-98f1-2e9a641ffd2a] GET /api/students from 127.0.0.1 by Anonymous
2026-08-11 11:53:12.197 +05:30 [INF] [bdfa5f2f-4038-4409-98f1-2e9a641ffd2a] GET /api/students responded 200 in 72ms
2026-08-11 11:53:12.212 +05:30 [INF] [91301f37-7184-4dca-87a6-51aa9ed2e015] GET /api/students from 127.0.0.1 by Anonymous
2026-08-11 11:53:12.248 +05:30 [INF] [91301f37-7184-4dca-87a6-51aa9ed2e015] GET /api/students responded 200 in 35ms
2026-08-11 11:53:15.462 +05:30 [INF] [9637d94f-1a40-42f3-a9ff-ca1b025f2c2b] GET /api/students/08def3b5-8483-43f6-8a51-6fedeb66e716 from 127.0.0.1 by Anonymous
2026-08-11 11:53:15.494 +05:30 [INF] [9637d94f-1a40-42f3-a9ff-ca1b025f2c2b] GET /api/students/08def3b5-8483-43f6-8a51-6fedeb66e716 responded 200 in 32ms
2026-08-11 11:53:15.518 +05:30 [INF] [be251b55-c541-4788-a0a6-ec68233ce3b8] GET /api/students/08def3b5-8483-43f6-8a51-6fedeb66e716 from 127.0.0.1 by Anonymous
2026-08-11 11:53:15.554 +05:30 [INF] [be251b55-c541-4788-a0a6-ec68233ce3b8] GET /api/students/08def3b5-8483-43f6-8a51-6fedeb66e716 responded 200 in 35ms
2026-08-11 11:53:31.424 +05:30 [INF] [cfaaa6fc-a094-4bee-be91-9dfcc66e53e9] GET /api/schools from 127.0.0.1 by Anonymous
2026-08-11 11:53:31.426 +05:30 [INF] [5c7569f5-d9f1-4598-a819-a74c9eada566] GET /api/students/08def3b5-8483-43f6-8a51-6fedeb66e716 from 127.0.0.1 by Anonymous
2026-08-11 11:53:31.430 +05:30 [INF] [be473782-ddb4-4b46-bdec-0b37a190d082] GET /api/schools/classes/5033d316-5db8-41ff-9c5e-e8456854e269/sections from 127.0.0.1 by Anonymous
2026-08-11 11:53:31.520 +05:30 [INF] [5c7569f5-d9f1-4598-a819-a74c9eada566] GET /api/students/08def3b5-8483-43f6-8a51-6fedeb66e716 responded 200 in 92ms
2026-08-11 11:53:31.554 +05:30 [INF] [be473782-ddb4-4b46-bdec-0b37a190d082] GET /api/schools/classes/5033d316-5db8-41ff-9c5e-e8456854e269/sections responded 200 in 119ms
2026-08-11 11:53:31.566 +05:30 [INF] [cfaaa6fc-a094-4bee-be91-9dfcc66e53e9] GET /api/schools responded 200 in 140ms
2026-08-11 11:53:31.699 +05:30 [INF] [ea51af92-2c57-47c4-b176-f4457ff16447] GET /api/schools from 127.0.0.1 by Anonymous
2026-08-11 11:53:31.700 +05:30 [INF] [982f370c-f439-4702-9f2d-91b166aefe06] GET /api/students/08def3b5-8483-43f6-8a51-6fedeb66e716 from 127.0.0.1 by Anonymous
2026-08-11 11:53:31.711 +05:30 [INF] [09ee87a0-560f-4467-9c38-ad4b6be09edc] GET /api/schools/classes/5033d316-5db8-41ff-9c5e-e8456854e269/sections from 127.0.0.1 by Anonymous
2026-08-11 11:53:31.742 +05:30 [INF] [982f370c-f439-4702-9f2d-91b166aefe06] GET /api/students/08def3b5-8483-43f6-8a51-6fedeb66e716 responded 200 in 42ms
2026-08-11 11:53:31.761 +05:30 [INF] [ea51af92-2c57-47c4-b176-f4457ff16447] GET /api/schools responded 200 in 61ms
2026-08-11 11:53:31.763 +05:30 [INF] [09ee87a0-560f-4467-9c38-ad4b6be09edc] GET /api/schools/classes/5033d316-5db8-41ff-9c5e-e8456854e269/sections responded 200 in 51ms
2026-08-11 11:53:34.581 +05:30 [INF] [f16b03b2-7c33-4418-a553-251d0ff9bb9e] GET /api/schools/classes/5033d316-5db8-41ff-9c5e-e8456854e269/sections from 127.0.0.1 by Anonymous
2026-08-11 11:53:34.607 +05:30 [INF] [f16b03b2-7c33-4418-a553-251d0ff9bb9e] GET /api/schools/classes/5033d316-5db8-41ff-9c5e-e8456854e269/sections responded 200 in 25ms
2026-08-11 11:53:34.696 +05:30 [INF] [86f5b850-a0eb-410d-8423-4463ad3926ad] GET /api/schools/93cfbeb0-5697-4af4-9f0b-0115e7e2e14a/classes from 127.0.0.1 by Anonymous
2026-08-11 11:53:34.729 +05:30 [INF] [86f5b850-a0eb-410d-8423-4463ad3926ad] GET /api/schools/93cfbeb0-5697-4af4-9f0b-0115e7e2e14a/classes responded 200 in 31ms
2026-08-11 11:53:35.524 +05:30 [INF] [a803f3b0-a020-4f8d-9afd-40e26f340cb0] GET /api/schools/93cfbeb0-5697-4af4-9f0b-0115e7e2e14a/classes from 127.0.0.1 by Anonymous
2026-08-11 11:53:35.547 +05:30 [INF] [a803f3b0-a020-4f8d-9afd-40e26f340cb0] GET /api/schools/93cfbeb0-5697-4af4-9f0b-0115e7e2e14a/classes responded 200 in 22ms
2026-08-11 11:53:42.009 +05:30 [INF] [cea018e0-3ff9-4698-9935-04357f02c2c0] GET /api/students/08def3b5-8483-43f6-8a51-6fedeb66e716 from 127.0.0.1 by Anonymous
2026-08-11 11:53:42.056 +05:30 [INF] [cea018e0-3ff9-4698-9935-04357f02c2c0] GET /api/students/08def3b5-8483-43f6-8a51-6fedeb66e716 responded 200 in 47ms
2026-08-11 11:53:42.115 +05:30 [INF] [aee4b48d-6ea7-4ebd-97ed-0b9d40925e64] GET /api/students/08def3b5-8483-43f6-8a51-6fedeb66e716 from 127.0.0.1 by Anonymous
2026-08-11 11:53:42.145 +05:30 [INF] [aee4b48d-6ea7-4ebd-97ed-0b9d40925e64] GET /api/students/08def3b5-8483-43f6-8a51-6fedeb66e716 responded 200 in 29ms
2026-08-11 11:53:52.507 +05:30 [INF] [a397a574-06e1-498b-b72d-8ff23f7d9da5] GET /api/students from 127.0.0.1 by Anonymous
2026-08-11 11:53:52.554 +05:30 [INF] [a397a574-06e1-498b-b72d-8ff23f7d9da5] GET /api/students responded 200 in 46ms
2026-08-11 11:53:52.567 +05:30 [INF] [ea7e448c-e037-46bf-996a-9cbe9143a991] GET /api/students from 127.0.0.1 by Anonymous
2026-08-11 11:53:52.603 +05:30 [INF] [ea7e448c-e037-46bf-996a-9cbe9143a991] GET /api/students responded 200 in 34ms
2026-08-11 11:53:57.680 +05:30 [INF] [5d8edb9b-f98f-4379-af9c-d74df516325f] GET /api/schools from 127.0.0.1 by Anonymous
2026-08-11 11:53:57.707 +05:30 [INF] [5d8edb9b-f98f-4379-af9c-d74df516325f] GET /api/schools responded 200 in 27ms
2026-08-11 11:53:57.735 +05:30 [INF] [9a4a90ea-4fcb-47bd-8fe4-4845064ed12c] GET /api/schools from 127.0.0.1 by Anonymous
2026-08-11 11:53:57.766 +05:30 [INF] [9a4a90ea-4fcb-47bd-8fe4-4845064ed12c] GET /api/schools responded 200 in 29ms
2026-08-11 11:53:57.973 +05:30 [INF] [c0d7ec6e-76ff-48e0-b175-a42d1fc25aca] GET /api/schools/93cfbeb0-5697-4af4-9f0b-0115e7e2e14a/classes from 127.0.0.1 by Anonymous
2026-08-11 11:53:57.996 +05:30 [INF] [c0d7ec6e-76ff-48e0-b175-a42d1fc25aca] GET /api/schools/93cfbeb0-5697-4af4-9f0b-0115e7e2e14a/classes responded 200 in 22ms
2026-08-11 11:53:58.016 +05:30 [INF] [96ea0a65-dc09-480d-95d5-87f0487e53ec] GET /api/schools/93cfbeb0-5697-4af4-9f0b-0115e7e2e14a/classes from 127.0.0.1 by Anonymous
2026-08-11 11:53:58.036 +05:30 [INF] [96ea0a65-dc09-480d-95d5-87f0487e53ec] GET /api/schools/93cfbeb0-5697-4af4-9f0b-0115e7e2e14a/classes responded 200 in 19ms
2026-08-11 11:56:52.973 +05:30 [WRN] Redis unavailable, falling back to in-memory cache and basic SignalR: Redis not connected
2026-08-11 11:57:00.978 +05:30 [WRN] Entity 'ApplicationRole' has a global query filter defined and is the required end of a relationship with the entity 'ApplicationRoleClaim'. This may lead to unexpected results when the required entity is filtered out. Either configure the navigation as optional, or define matching query filters for both entities in the navigation. See https://go.microsoft.com/fwlink/?linkid=2131316 for more information.
2026-08-11 11:57:00.981 +05:30 [WRN] Entity 'ApplicationUser' has a global query filter defined and is the required end of a relationship with the entity 'ApplicationUserClaim'. This may lead to unexpected results when the required entity is filtered out. Either configure the navigation as optional, or define matching query filters for both entities in the navigation. See https://go.microsoft.com/fwlink/?linkid=2131316 for more information.
2026-08-11 11:57:00.982 +05:30 [WRN] Entity 'ApplicationUser' has a global query filter defined and is the required end of a relationship with the entity 'ApplicationUserLogin'. This may lead to unexpected results when the required entity is filtered out. Either configure the navigation as optional, or define matching query filters for both entities in the navigation. See https://go.microsoft.com/fwlink/?linkid=2131316 for more information.
2026-08-11 11:57:00.982 +05:30 [WRN] Entity 'ApplicationRole' has a global query filter defined and is the required end of a relationship with the entity 'ApplicationUserRole'. This may lead to unexpected results when the required entity is filtered out. Either configure the navigation as optional, or define matching query filters for both entities in the navigation. See https://go.microsoft.com/fwlink/?linkid=2131316 for more information.
2026-08-11 11:57:00.982 +05:30 [WRN] Entity 'ApplicationUser' has a global query filter defined and is the required end of a relationship with the entity 'ApplicationUserToken'. This may lead to unexpected results when the required entity is filtered out. Either configure the navigation as optional, or define matching query filters for both entities in the navigation. See https://go.microsoft.com/fwlink/?linkid=2131316 for more information.
2026-08-11 11:57:01.134 +05:30 [WRN] The foreign key property 'HomeworkSubmission.StudentId1' was created in shadow state because a conflicting property with the simple name 'StudentId' exists in the entity type, but is either not mapped, is already used for another relationship, or is incompatible with the associated primary key type. See https://aka.ms/efcore-relationships for information on mapping relationships in EF Core.
2026-08-11 11:57:02.802 +05:30 [INF] Database migrated successfully
2026-08-11 11:57:03.885 +05:30 [INF] Roles seeded successfully
2026-08-11 11:59:01.647 +05:30 [INF] [872521ee-df50-4352-a3c4-cb4f0b6ec526] POST /api/auth/login from 127.0.0.1 by Anonymous
2026-08-11 11:59:01.687 +05:30 [WRN] Failed to determine the https port for redirect.
2026-08-11 11:59:03.134 +05:30 [INF] [872521ee-df50-4352-a3c4-cb4f0b6ec526] POST /api/auth/login responded 200 in 1482ms
2026-08-11 11:59:20.800 +05:30 [INF] [a330ccba-bbb8-40f9-ac65-4e5bf54f1765] POST /api/schools/sections/801b2f01-182d-416b-945c-0ecf450c504b/timetable from 127.0.0.1 by Anonymous
2026-08-11 11:59:21.610 +05:30 [INF] [a330ccba-bbb8-40f9-ac65-4e5bf54f1765] POST /api/schools/sections/801b2f01-182d-416b-945c-0ecf450c504b/timetable responded 200 in 808ms
2026-08-11 11:59:21.642 +05:30 [INF] [16e2885b-a23c-42e1-bdcc-9337ab769fa2] GET /api/schools/sections/801b2f01-182d-416b-945c-0ecf450c504b/timetable from 127.0.0.1 by Anonymous
2026-08-11 11:59:22.080 +05:30 [INF] [16e2885b-a23c-42e1-bdcc-9337ab769fa2] GET /api/schools/sections/801b2f01-182d-416b-945c-0ecf450c504b/timetable responded 200 in 436ms
2026-08-11 12:02:38.665 +05:30 [INF] [c2e44527-f76e-465d-9682-77a3aec4fe0c] GET /api/auth/me from 127.0.0.1 by Anonymous
2026-08-11 12:02:38.689 +05:30 [INF] [c2e44527-f76e-465d-9682-77a3aec4fe0c] GET /api/auth/me responded 401 in 19ms
2026-08-11 12:02:38.703 +05:30 [INF] [05e52bbb-e339-4a0c-87fd-2d01193ba78b] GET /api/auth/me from 127.0.0.1 by Anonymous
2026-08-11 12:02:38.705 +05:30 [INF] [05e52bbb-e339-4a0c-87fd-2d01193ba78b] GET /api/auth/me responded 401 in 1ms
2026-08-11 12:02:38.798 +05:30 [INF] [b867a49f-22d9-43d0-ab5c-d584ce789801] POST /api/auth/refresh from 127.0.0.1 by Anonymous
2026-08-11 12:02:38.850 +05:30 [INF] [3ed715aa-0d81-4039-917a-046484aae6ad] POST /api/auth/refresh from 127.0.0.1 by Anonymous
2026-08-11 12:02:39.385 +05:30 [INF] [3ed715aa-0d81-4039-917a-046484aae6ad] POST /api/auth/refresh responded 400 in 533ms
2026-08-11 12:02:39.386 +05:30 [INF] [b867a49f-22d9-43d0-ab5c-d584ce789801] POST /api/auth/refresh responded 400 in 588ms
2026-08-11 12:02:39.923 +05:30 [INF] [7c88fe67-8726-42c9-b4fc-95227a74fcdc] GET /api/parents from 127.0.0.1 by Anonymous
2026-08-11 12:02:39.924 +05:30 [INF] [7c88fe67-8726-42c9-b4fc-95227a74fcdc] GET /api/parents responded 401 in 0ms
2026-08-11 12:02:39.934 +05:30 [INF] [c0496e8a-30c4-4f0a-a4be-1f75faac71b4] GET /api/parents from 127.0.0.1 by Anonymous
2026-08-11 12:02:39.934 +05:30 [INF] [c0496e8a-30c4-4f0a-a4be-1f75faac71b4] GET /api/parents responded 401 in 0ms
2026-08-11 12:02:49.829 +05:30 [INF] [c95a1901-7058-4f92-a123-3244d510adab] POST /api/auth/login from 127.0.0.1 by Anonymous
2026-08-11 12:02:50.147 +05:30 [INF] [c95a1901-7058-4f92-a123-3244d510adab] POST /api/auth/login responded 200 in 316ms
2026-08-11 12:02:50.863 +05:30 [INF] [2b16425a-ff3f-48e3-bbdd-83ccd2705baa] GET /api/dashboard/stats from 127.0.0.1 by Anonymous
2026-08-11 12:02:50.873 +05:30 [INF] [3ad0afbe-32fe-472b-96c9-30175fe8cf40] GET /api/dashboard/attendance-chart from 127.0.0.1 by Anonymous
2026-08-11 12:02:52.059 +05:30 [WRN] The query uses a row limiting operator ('Skip'/'Take') without an 'OrderBy' operator. This may lead to unpredictable results. If the 'Distinct' operator is used after 'OrderBy', then make sure to use the 'OrderBy' operator after 'Distinct' as the ordering would otherwise get erased.
2026-08-11 12:02:52.060 +05:30 [WRN] The query uses a row limiting operator ('Skip'/'Take') without an 'OrderBy' operator. This may lead to unpredictable results. If the 'Distinct' operator is used after 'OrderBy', then make sure to use the 'OrderBy' operator after 'Distinct' as the ordering would otherwise get erased.
2026-08-11 12:02:52.070 +05:30 [INF] [3ad0afbe-32fe-472b-96c9-30175fe8cf40] GET /api/dashboard/attendance-chart responded 200 in 1196ms
2026-08-11 12:02:52.076 +05:30 [INF] [bd4ac054-7bce-4def-b477-28ae844049b5] GET /api/dashboard/attendance-chart from 127.0.0.1 by Anonymous
2026-08-11 12:02:52.096 +05:30 [INF] [2b16425a-ff3f-48e3-bbdd-83ccd2705baa] GET /api/dashboard/stats responded 200 in 1233ms
2026-08-11 12:02:52.106 +05:30 [INF] [a6aa9df8-69a8-468e-9c33-e1c6e4e6194f] GET /api/dashboard/stats from 127.0.0.1 by Anonymous
2026-08-11 12:02:52.205 +05:30 [INF] [a6aa9df8-69a8-468e-9c33-e1c6e4e6194f] GET /api/dashboard/stats responded 200 in 98ms
2026-08-11 12:02:53.128 +05:30 [INF] [bd4ac054-7bce-4def-b477-28ae844049b5] GET /api/dashboard/attendance-chart responded 200 in 1050ms
2026-08-11 12:02:57.432 +05:30 [INF] [66096d04-8aa1-4bfb-938d-f1c5a3f0ccb8] GET /api/schools from 127.0.0.1 by Anonymous
2026-08-11 12:02:57.472 +05:30 [WRN] The query uses a row limiting operator ('Skip'/'Take') without an 'OrderBy' operator. This may lead to unpredictable results. If the 'Distinct' operator is used after 'OrderBy', then make sure to use the 'OrderBy' operator after 'Distinct' as the ordering would otherwise get erased.
2026-08-11 12:02:57.473 +05:30 [WRN] The query uses a row limiting operator ('Skip'/'Take') without an 'OrderBy' operator. This may lead to unpredictable results. If the 'Distinct' operator is used after 'OrderBy', then make sure to use the 'OrderBy' operator after 'Distinct' as the ordering would otherwise get erased.
2026-08-11 12:02:57.505 +05:30 [INF] [66096d04-8aa1-4bfb-938d-f1c5a3f0ccb8] GET /api/schools responded 200 in 72ms
2026-08-11 12:02:57.511 +05:30 [INF] [7a16fb93-cedd-4a35-86cd-747e33a17b29] GET /api/schools from 127.0.0.1 by Anonymous
2026-08-11 12:02:57.516 +05:30 [INF] [d7dd713d-c0e0-424a-b3d7-4df86765ab5c] GET /api/schools/93cfbeb0-5697-4af4-9f0b-0115e7e2e14a/classes from 127.0.0.1 by Anonymous
2026-08-11 12:02:57.534 +05:30 [INF] [7a16fb93-cedd-4a35-86cd-747e33a17b29] GET /api/schools responded 200 in 22ms
2026-08-11 12:02:57.592 +05:30 [INF] [d7dd713d-c0e0-424a-b3d7-4df86765ab5c] GET /api/schools/93cfbeb0-5697-4af4-9f0b-0115e7e2e14a/classes responded 200 in 75ms
2026-08-11 12:02:57.599 +05:30 [INF] [b77061bc-2673-458f-b5d9-f413ab66e52e] GET /api/schools/93cfbeb0-5697-4af4-9f0b-0115e7e2e14a/classes from 127.0.0.1 by Anonymous
2026-08-11 12:02:57.605 +05:30 [INF] [db23807b-b340-44e3-a95d-2ae04670b552] GET /api/schools/93cfbeb0-5697-4af4-9f0b-0115e7e2e14a/subjects from 127.0.0.1 by Anonymous
2026-08-11 12:02:57.629 +05:30 [INF] [b77061bc-2673-458f-b5d9-f413ab66e52e] GET /api/schools/93cfbeb0-5697-4af4-9f0b-0115e7e2e14a/classes responded 200 in 28ms
2026-08-11 12:02:57.680 +05:30 [INF] [db23807b-b340-44e3-a95d-2ae04670b552] GET /api/schools/93cfbeb0-5697-4af4-9f0b-0115e7e2e14a/subjects responded 200 in 74ms
2026-08-11 12:02:57.692 +05:30 [INF] [75b12603-c6a6-42ef-ab1e-7cee5badc91b] GET /api/schools/93cfbeb0-5697-4af4-9f0b-0115e7e2e14a/subjects from 127.0.0.1 by Anonymous
2026-08-11 12:02:57.707 +05:30 [INF] [62628349-8783-4468-982f-f0d0e71669a4] GET /api/teachers from 127.0.0.1 by Anonymous
2026-08-11 12:02:57.724 +05:30 [INF] [75b12603-c6a6-42ef-ab1e-7cee5badc91b] GET /api/schools/93cfbeb0-5697-4af4-9f0b-0115e7e2e14a/subjects responded 200 in 30ms
2026-08-11 12:02:57.826 +05:30 [INF] [62628349-8783-4468-982f-f0d0e71669a4] GET /api/teachers responded 200 in 118ms
2026-08-11 12:02:57.834 +05:30 [INF] [937d12dd-fe9f-45ed-a62e-bba0c509d72b] GET /api/teachers from 127.0.0.1 by Anonymous
2026-08-11 12:02:57.859 +05:30 [INF] [937d12dd-fe9f-45ed-a62e-bba0c509d72b] GET /api/teachers responded 200 in 24ms
2026-08-11 12:03:00.427 +05:30 [INF] [4c756969-c265-4ccb-b270-bf59b1bf436d] GET /api/schools/classes/b2f08a74-ede8-4669-acc8-bafe40a743cf/sections from 127.0.0.1 by Anonymous
2026-08-11 12:03:00.489 +05:30 [INF] [4c756969-c265-4ccb-b270-bf59b1bf436d] GET /api/schools/classes/b2f08a74-ede8-4669-acc8-bafe40a743cf/sections responded 200 in 62ms
2026-08-11 12:03:01.830 +05:30 [INF] [f208a69b-7442-427e-be05-31474220e876] GET /api/schools/sections/979394e1-8b2c-4cac-b4c1-eb3607161384/timetable from 127.0.0.1 by Anonymous
2026-08-11 12:03:01.860 +05:30 [INF] [f208a69b-7442-427e-be05-31474220e876] GET /api/schools/sections/979394e1-8b2c-4cac-b4c1-eb3607161384/timetable responded 200 in 29ms
2026-08-11 12:03:01.895 +05:30 [INF] [2f3cd7a1-53f9-43a6-aa66-c4386dda90cd] GET /api/schools/sections/979394e1-8b2c-4cac-b4c1-eb3607161384/timetable from 127.0.0.1 by Anonymous
2026-08-11 12:03:01.916 +05:30 [INF] [2f3cd7a1-53f9-43a6-aa66-c4386dda90cd] GET /api/schools/sections/979394e1-8b2c-4cac-b4c1-eb3607161384/timetable responded 200 in 20ms
2026-08-11 12:03:01.932 +05:30 [INF] [94783728-eb89-4c7c-8df2-df54565e78cd] GET /api/schools/sections/979394e1-8b2c-4cac-b4c1-eb3607161384/timetable from 127.0.0.1 by Anonymous
2026-08-11 12:03:01.948 +05:30 [INF] [94783728-eb89-4c7c-8df2-df54565e78cd] GET /api/schools/sections/979394e1-8b2c-4cac-b4c1-eb3607161384/timetable responded 200 in 15ms
2026-08-11 12:03:01.963 +05:30 [INF] [743ccb62-6500-41db-adfa-16decd78e953] GET /api/schools/sections/979394e1-8b2c-4cac-b4c1-eb3607161384/timetable from 127.0.0.1 by Anonymous
2026-08-11 12:03:01.981 +05:30 [INF] [743ccb62-6500-41db-adfa-16decd78e953] GET /api/schools/sections/979394e1-8b2c-4cac-b4c1-eb3607161384/timetable responded 200 in 17ms
2026-08-11 12:03:01.993 +05:30 [INF] [50f7af57-a6fa-41f7-8f92-04fe2fa8070d] GET /api/schools/sections/979394e1-8b2c-4cac-b4c1-eb3607161384/timetable from 127.0.0.1 by Anonymous
2026-08-11 12:03:02.013 +05:30 [INF] [50f7af57-a6fa-41f7-8f92-04fe2fa8070d] GET /api/schools/sections/979394e1-8b2c-4cac-b4c1-eb3607161384/timetable responded 200 in 19ms
2026-08-11 12:03:02.027 +05:30 [INF] [15994fd9-a5a7-4028-89ed-0f69972fe8ed] GET /api/schools/sections/979394e1-8b2c-4cac-b4c1-eb3607161384/timetable from 127.0.0.1 by Anonymous
2026-08-11 12:03:02.042 +05:30 [INF] [15994fd9-a5a7-4028-89ed-0f69972fe8ed] GET /api/schools/sections/979394e1-8b2c-4cac-b4c1-eb3607161384/timetable responded 200 in 14ms
2026-08-11 12:03:07.137 +05:30 [INF] [6a35bf46-a51b-4223-a641-42aa2392e642] GET /api/teachers from 127.0.0.1 by Anonymous
2026-08-11 12:03:07.164 +05:30 [INF] [6a35bf46-a51b-4223-a641-42aa2392e642] GET /api/teachers responded 200 in 26ms
2026-08-11 12:03:07.169 +05:30 [INF] [f9c3d721-489a-4b1a-a942-6699a46cd724] GET /api/teachers from 127.0.0.1 by Anonymous
2026-08-11 12:03:07.190 +05:30 [INF] [f9c3d721-489a-4b1a-a942-6699a46cd724] GET /api/teachers responded 200 in 20ms
2026-08-11 12:03:14.732 +05:30 [INF] [36a09c47-f448-45fa-bfdf-041083d1464f] GET /api/students from 127.0.0.1 by Anonymous
2026-08-11 12:03:14.923 +05:30 [INF] [36a09c47-f448-45fa-bfdf-041083d1464f] GET /api/students responded 200 in 191ms
2026-08-11 12:03:14.935 +05:30 [INF] [8f4fba87-d780-405c-86dd-37e9d6020b54] GET /api/students from 127.0.0.1 by Anonymous
2026-08-11 12:03:14.969 +05:30 [INF] [8f4fba87-d780-405c-86dd-37e9d6020b54] GET /api/students responded 200 in 34ms
2026-08-11 12:03:20.507 +05:30 [INF] [d434271e-c2b1-4dbc-9ecb-5bc4c0cbcaf5] GET /api/schools from 127.0.0.1 by Anonymous
2026-08-11 12:03:20.534 +05:30 [INF] [d434271e-c2b1-4dbc-9ecb-5bc4c0cbcaf5] GET /api/schools responded 200 in 26ms
2026-08-11 12:03:20.544 +05:30 [INF] [fa4af781-9df0-4ef3-97f9-ce12a7e5adb6] GET /api/schools from 127.0.0.1 by Anonymous
2026-08-11 12:03:20.563 +05:30 [INF] [fa4af781-9df0-4ef3-97f9-ce12a7e5adb6] GET /api/schools responded 200 in 19ms
2026-08-11 12:03:20.623 +05:30 [INF] [2a985825-7f4f-4392-a8dd-77cbcc886f7d] GET /api/schools/93cfbeb0-5697-4af4-9f0b-0115e7e2e14a/classes from 127.0.0.1 by Anonymous
2026-08-11 12:03:20.638 +05:30 [INF] [2a985825-7f4f-4392-a8dd-77cbcc886f7d] GET /api/schools/93cfbeb0-5697-4af4-9f0b-0115e7e2e14a/classes responded 200 in 14ms
2026-08-11 12:03:20.649 +05:30 [INF] [f50b7236-7b3f-4919-968c-4f0ea5728c8f] GET /api/schools/93cfbeb0-5697-4af4-9f0b-0115e7e2e14a/classes from 127.0.0.1 by Anonymous
2026-08-11 12:03:20.666 +05:30 [INF] [f50b7236-7b3f-4919-968c-4f0ea5728c8f] GET /api/schools/93cfbeb0-5697-4af4-9f0b-0115e7e2e14a/classes responded 200 in 17ms
2026-08-11 12:03:34.999 +05:30 [INF] [4e16b538-cf76-4f35-b25e-ce058bca1e3d] GET /api/schools/classes/b2f08a74-ede8-4669-acc8-bafe40a743cf/sections from 127.0.0.1 by Anonymous
2026-08-11 12:03:35.023 +05:30 [INF] [4e16b538-cf76-4f35-b25e-ce058bca1e3d] GET /api/schools/classes/b2f08a74-ede8-4669-acc8-bafe40a743cf/sections responded 200 in 23ms
2026-08-11 12:04:29.106 +05:30 [INF] [557ec5fc-2792-46eb-87b3-708161cbbe83] POST /api/students from 127.0.0.1 by Anonymous
2026-08-11 12:04:29.860 +05:30 [WRN] Compiling a query which loads related collections for more than one collection navigation, either via 'Include' or through projection, but no 'QuerySplittingBehavior' has been configured. By default, Entity Framework will use 'QuerySplittingBehavior.SingleQuery', which can potentially result in slow query performance. See https://go.microsoft.com/fwlink/?linkid=2134277 for more information. To identify the query that's triggering this warning call 'ConfigureWarnings(w => w.Throw(RelationalEventId.MultipleCollectionIncludeWarning))'.
2026-08-11 12:04:29.926 +05:30 [INF] [557ec5fc-2792-46eb-87b3-708161cbbe83] POST /api/students responded 201 in 819ms
2026-08-11 12:04:30.432 +05:30 [INF] [c3a1b55d-114a-495a-a13e-93957df820f6] GET /api/students from 127.0.0.1 by Anonymous
2026-08-11 12:04:30.458 +05:30 [INF] [c3a1b55d-114a-495a-a13e-93957df820f6] GET /api/students responded 200 in 24ms
2026-08-11 12:04:30.465 +05:30 [INF] [2d17d709-0c58-4f34-ae74-613da30ecdcd] GET /api/students from 127.0.0.1 by Anonymous
2026-08-11 12:04:30.492 +05:30 [INF] [2d17d709-0c58-4f34-ae74-613da30ecdcd] GET /api/students responded 200 in 26ms
2026-08-11 12:04:48.352 +05:30 [INF] [dcad0852-0f78-4f9d-a911-4fdd3967d0d6] GET /api/students/08def772-98ea-4bf8-8318-a982e3677aec from 127.0.0.1 by Anonymous
2026-08-11 12:04:48.382 +05:30 [INF] [dcad0852-0f78-4f9d-a911-4fdd3967d0d6] GET /api/students/08def772-98ea-4bf8-8318-a982e3677aec responded 200 in 29ms
2026-08-11 12:04:48.390 +05:30 [INF] [6d946e03-3095-4fae-9e8b-b5eaa9fcb961] GET /api/students/08def772-98ea-4bf8-8318-a982e3677aec from 127.0.0.1 by Anonymous
2026-08-11 12:04:48.415 +05:30 [INF] [6d946e03-3095-4fae-9e8b-b5eaa9fcb961] GET /api/students/08def772-98ea-4bf8-8318-a982e3677aec responded 200 in 24ms
2026-08-11 12:07:36.693 +05:30 [INF] [83102d54-f5da-4e55-b234-6ffc6aacd8b6] GET /api/dashboard/stats from 127.0.0.1 by Anonymous
2026-08-11 12:07:36.703 +05:30 [INF] [78fb747a-bf4d-425a-8e57-0a3483bd17ea] GET /api/dashboard/attendance-chart from 127.0.0.1 by Anonymous
2026-08-11 12:07:36.925 +05:30 [INF] [83102d54-f5da-4e55-b234-6ffc6aacd8b6] GET /api/dashboard/stats responded 200 in 231ms
2026-08-11 12:07:36.980 +05:30 [INF] [f0e98254-1781-4bdc-a253-91a9855ec75e] GET /api/dashboard/stats from 127.0.0.1 by Anonymous
2026-08-11 12:07:37.215 +05:30 [INF] [f0e98254-1781-4bdc-a253-91a9855ec75e] GET /api/dashboard/stats responded 200 in 234ms
2026-08-11 12:07:38.172 +05:30 [INF] [78fb747a-bf4d-425a-8e57-0a3483bd17ea] GET /api/dashboard/attendance-chart responded 200 in 1469ms
2026-08-11 12:07:38.196 +05:30 [INF] [2fb7edc1-459c-413b-b9e6-8b8953714268] GET /api/dashboard/attendance-chart from 127.0.0.1 by Anonymous
2026-08-11 12:07:39.321 +05:30 [INF] [2fb7edc1-459c-413b-b9e6-8b8953714268] GET /api/dashboard/attendance-chart responded 200 in 1124ms
2026-08-11 12:07:43.837 +05:30 [INF] [eb99ac7c-01ce-4de4-a58f-28e9f1ae8a03] GET /api/students from 127.0.0.1 by Anonymous
2026-08-11 12:07:44.474 +05:30 [INF] [eb99ac7c-01ce-4de4-a58f-28e9f1ae8a03] GET /api/students responded 200 in 635ms
2026-08-11 12:07:44.490 +05:30 [INF] [9af66d93-42e6-4046-aa89-34b5d34d622a] GET /api/students from 127.0.0.1 by Anonymous
2026-08-11 12:07:44.521 +05:30 [INF] [9af66d93-42e6-4046-aa89-34b5d34d622a] GET /api/students responded 200 in 30ms
2026-08-11 12:07:47.109 +05:30 [INF] [e2125b74-5913-4d3c-8c49-2ee2cc8e4d00] GET /api/teachers from 127.0.0.1 by Anonymous
2026-08-11 12:07:47.140 +05:30 [INF] [e2125b74-5913-4d3c-8c49-2ee2cc8e4d00] GET /api/teachers responded 200 in 31ms
2026-08-11 12:07:47.172 +05:30 [INF] [e3e30def-ab94-4c58-afb2-ad4f597fc8cd] GET /api/teachers from 127.0.0.1 by Anonymous
2026-08-11 12:07:47.202 +05:30 [INF] [e3e30def-ab94-4c58-afb2-ad4f597fc8cd] GET /api/teachers responded 200 in 29ms
2026-08-11 12:08:43.368 +05:30 [INF] [27c4eae4-0b68-457c-ae9c-cf0116e2d567] POST /api/teachers from 127.0.0.1 by Anonymous
2026-08-11 12:08:43.456 +05:30 [INF] [27c4eae4-0b68-457c-ae9c-cf0116e2d567] POST /api/teachers responded 400 in 88ms
2026-08-11 12:08:56.056 +05:30 [INF] [294ec300-e893-422d-8581-a0742dae3860] POST /api/teachers from 127.0.0.1 by Anonymous
2026-08-11 12:08:56.686 +05:30 [INF] [294ec300-e893-422d-8581-a0742dae3860] POST /api/teachers responded 201 in 629ms
2026-08-11 12:08:57.446 +05:30 [INF] [f7559bd9-6703-4ba1-9b65-4d6b4dbe4fe0] GET /api/teachers from 127.0.0.1 by Anonymous
2026-08-11 12:08:57.484 +05:30 [INF] [f7559bd9-6703-4ba1-9b65-4d6b4dbe4fe0] GET /api/teachers responded 200 in 37ms
2026-08-11 12:08:57.505 +05:30 [INF] [a005f190-a317-4261-9dd0-d8bbd10af0e6] GET /api/teachers from 127.0.0.1 by Anonymous
2026-08-11 12:08:57.562 +05:30 [INF] [a005f190-a317-4261-9dd0-d8bbd10af0e6] GET /api/teachers responded 200 in 56ms
2026-08-11 12:09:11.222 +05:30 [INF] [f81c0e08-b0cb-4590-a01d-68b08bed37d8] GET /api/teachers/08def773-37ee-4a97-8e8c-e09621c4f6e6 from 127.0.0.1 by Anonymous
2026-08-11 12:09:11.268 +05:30 [INF] [f81c0e08-b0cb-4590-a01d-68b08bed37d8] GET /api/teachers/08def773-37ee-4a97-8e8c-e09621c4f6e6 responded 200 in 45ms
2026-08-11 12:09:11.295 +05:30 [INF] [5daffc5e-f582-4574-b319-d9cfae708ac2] GET /api/teachers/08def773-37ee-4a97-8e8c-e09621c4f6e6 from 127.0.0.1 by Anonymous
2026-08-11 12:09:11.319 +05:30 [INF] [5daffc5e-f582-4574-b319-d9cfae708ac2] GET /api/teachers/08def773-37ee-4a97-8e8c-e09621c4f6e6 responded 200 in 23ms
2026-08-11 12:09:36.960 +05:30 [INF] [e3d4e23d-ec85-49af-9d3d-06aaaf805d9d] GET /api/teachers from 127.0.0.1 by Anonymous
2026-08-11 12:09:37.065 +05:30 [INF] [e3d4e23d-ec85-49af-9d3d-06aaaf805d9d] GET /api/teachers responded 200 in 103ms
2026-08-11 12:09:37.085 +05:30 [INF] [86a58d44-d5a0-49c6-893a-5ad23ade2bba] GET /api/teachers from 127.0.0.1 by Anonymous
2026-08-11 12:09:37.138 +05:30 [INF] [86a58d44-d5a0-49c6-893a-5ad23ade2bba] GET /api/teachers responded 200 in 53ms
2026-08-11 12:09:48.715 +05:30 [INF] [1d3f1240-5c16-4394-bb90-e1b2a44bde6f] GET /api/parents from 127.0.0.1 by Anonymous
2026-08-11 12:09:49.045 +05:30 [INF] [1d3f1240-5c16-4394-bb90-e1b2a44bde6f] GET /api/parents responded 200 in 329ms
2026-08-11 12:09:52.467 +05:30 [INF] [371e6e8f-5856-43a9-a5bc-93c51c707a82] GET /api/parents from 127.0.0.1 by Anonymous
2026-08-11 12:09:52.539 +05:30 [INF] [371e6e8f-5856-43a9-a5bc-93c51c707a82] GET /api/parents responded 200 in 71ms
2026-08-11 12:10:05.812 +05:30 [INF] [6311895e-dc2a-4d8f-a578-4640197a3501] GET /api/students from 127.0.0.1 by Anonymous
2026-08-11 12:10:05.843 +05:30 [INF] [6311895e-dc2a-4d8f-a578-4640197a3501] GET /api/students responded 200 in 31ms
2026-08-11 12:10:05.853 +05:30 [INF] [c8305c27-d538-4d73-a184-8144da721c01] GET /api/students from 127.0.0.1 by Anonymous
2026-08-11 12:10:05.878 +05:30 [INF] [c8305c27-d538-4d73-a184-8144da721c01] GET /api/students responded 200 in 24ms
2026-08-11 12:10:25.513 +05:30 [INF] [0492d02a-1372-46c1-b48f-4a8001eebe8f] POST /api/parents from 127.0.0.1 by Anonymous
2026-08-11 12:10:26.278 +05:30 [WRN] Compiling a query which loads related collections for more than one collection navigation, either via 'Include' or through projection, but no 'QuerySplittingBehavior' has been configured. By default, Entity Framework will use 'QuerySplittingBehavior.SingleQuery', which can potentially result in slow query performance. See https://go.microsoft.com/fwlink/?linkid=2134277 for more information. To identify the query that's triggering this warning call 'ConfigureWarnings(w => w.Throw(RelationalEventId.MultipleCollectionIncludeWarning))'.
2026-08-11 12:10:26.343 +05:30 [INF] [0492d02a-1372-46c1-b48f-4a8001eebe8f] POST /api/parents responded 201 in 829ms
2026-08-11 12:10:26.995 +05:30 [INF] [17b24815-43fe-4b2c-83b6-9a64f9aab85a] GET /api/parents from 127.0.0.1 by Anonymous
2026-08-11 12:10:27.032 +05:30 [INF] [17b24815-43fe-4b2c-83b6-9a64f9aab85a] GET /api/parents responded 200 in 36ms
2026-08-11 12:10:27.042 +05:30 [INF] [81ba728a-cfe8-4e61-a5d8-d9560c8b3eba] GET /api/parents from 127.0.0.1 by Anonymous
2026-08-11 12:10:27.066 +05:30 [INF] [81ba728a-cfe8-4e61-a5d8-d9560c8b3eba] GET /api/parents responded 200 in 23ms
2026-08-11 12:10:32.587 +05:30 [INF] [82f9a15c-3003-4d46-84db-99557c6a567a] GET /api/parents/08def773-6d46-4e8f-8273-34245a150845 from 127.0.0.1 by Anonymous
2026-08-11 12:10:32.673 +05:30 [INF] [82f9a15c-3003-4d46-84db-99557c6a567a] GET /api/parents/08def773-6d46-4e8f-8273-34245a150845 responded 200 in 85ms
2026-08-11 12:10:32.698 +05:30 [INF] [7f5c374e-5b01-4c1c-b562-92496e755b54] GET /api/parents/08def773-6d46-4e8f-8273-34245a150845 from 127.0.0.1 by Anonymous
2026-08-11 12:10:32.732 +05:30 [INF] [7f5c374e-5b01-4c1c-b562-92496e755b54] GET /api/parents/08def773-6d46-4e8f-8273-34245a150845 responded 200 in 31ms
2026-08-11 12:10:39.749 +05:30 [INF] [059768de-9e78-49b9-99f1-fddf833228e6] GET /api/employees from 127.0.0.1 by Anonymous
2026-08-11 12:10:40.127 +05:30 [INF] [059768de-9e78-49b9-99f1-fddf833228e6] GET /api/employees responded 200 in 377ms
2026-08-11 12:10:40.133 +05:30 [INF] [edbe01c0-a52d-4333-b2ce-bbb6be6dda6f] GET /api/employees from 127.0.0.1 by Anonymous
2026-08-11 12:10:40.172 +05:30 [INF] [edbe01c0-a52d-4333-b2ce-bbb6be6dda6f] GET /api/employees responded 200 in 39ms
2026-08-11 12:10:47.199 +05:30 [INF] [d5b6709a-5e63-47f2-ab17-3862b6e85735] GET /api/attendance from 127.0.0.1 by Anonymous
2026-08-11 12:10:47.562 +05:30 [INF] [d5b6709a-5e63-47f2-ab17-3862b6e85735] GET /api/attendance responded 200 in 361ms
2026-08-11 12:10:47.578 +05:30 [INF] [8c04a7ca-518c-4c39-8d42-13d280715787] GET /api/attendance from 127.0.0.1 by Anonymous
2026-08-11 12:10:47.615 +05:30 [INF] [8c04a7ca-518c-4c39-8d42-13d280715787] GET /api/attendance responded 200 in 36ms
2026-08-11 12:10:54.461 +05:30 [INF] [99ec3bbf-5603-4401-b710-733624648639] GET /api/schools from 127.0.0.1 by Anonymous
2026-08-11 12:10:54.491 +05:30 [INF] [99ec3bbf-5603-4401-b710-733624648639] GET /api/schools responded 200 in 28ms
2026-08-11 12:10:54.520 +05:30 [INF] [6b9a4748-b81d-4f17-906f-f6cc50a0c898] GET /api/schools from 127.0.0.1 by Anonymous
2026-08-11 12:10:54.550 +05:30 [INF] [c53a69a2-5c2a-42f3-918c-5b5a7aa517ff] GET /api/schools/93cfbeb0-5697-4af4-9f0b-0115e7e2e14a/classes from 127.0.0.1 by Anonymous
2026-08-11 12:10:54.556 +05:30 [INF] [6b9a4748-b81d-4f17-906f-f6cc50a0c898] GET /api/schools responded 200 in 35ms
2026-08-11 12:10:54.577 +05:30 [INF] [c53a69a2-5c2a-42f3-918c-5b5a7aa517ff] GET /api/schools/93cfbeb0-5697-4af4-9f0b-0115e7e2e14a/classes responded 200 in 25ms
2026-08-11 12:10:54.601 +05:30 [INF] [55050481-ef47-4058-9d0c-b0796b498ef3] GET /api/schools/93cfbeb0-5697-4af4-9f0b-0115e7e2e14a/classes from 127.0.0.1 by Anonymous
2026-08-11 12:10:54.618 +05:30 [INF] [55050481-ef47-4058-9d0c-b0796b498ef3] GET /api/schools/93cfbeb0-5697-4af4-9f0b-0115e7e2e14a/classes responded 200 in 16ms
2026-08-11 12:10:57.430 +05:30 [INF] [35d47508-03de-4a56-9975-973383fdbded] GET /api/schools/classes/b2f08a74-ede8-4669-acc8-bafe40a743cf/sections from 127.0.0.1 by Anonymous
2026-08-11 12:10:57.463 +05:30 [INF] [35d47508-03de-4a56-9975-973383fdbded] GET /api/schools/classes/b2f08a74-ede8-4669-acc8-bafe40a743cf/sections responded 200 in 32ms
2026-08-11 12:10:58.791 +05:30 [INF] [2d375054-3431-4599-b79c-f5e6842cc328] GET /api/students from 127.0.0.1 by Anonymous
2026-08-11 12:10:59.033 +05:30 [INF] [2d375054-3431-4599-b79c-f5e6842cc328] GET /api/students responded 200 in 241ms
2026-08-11 12:11:01.464 +05:30 [INF] [f9b1f46a-3678-4b76-8623-37b6b6e99b2a] POST /api/attendance/mark from 127.0.0.1 by Anonymous
2026-08-11 12:11:01.662 +05:30 [INF] [f9b1f46a-3678-4b76-8623-37b6b6e99b2a] POST /api/attendance/mark responded 200 in 196ms
2026-08-11 12:11:02.186 +05:30 [INF] [163ce4ad-c715-4579-a60e-162f3c8758cd] GET /api/attendance from 127.0.0.1 by Anonymous
2026-08-11 12:11:02.220 +05:30 [INF] [163ce4ad-c715-4579-a60e-162f3c8758cd] GET /api/attendance responded 200 in 33ms
2026-08-11 12:11:02.237 +05:30 [INF] [ebd48a93-56e3-48fa-8ef8-8a6a819be2b2] GET /api/attendance from 127.0.0.1 by Anonymous
2026-08-11 12:11:02.277 +05:30 [INF] [ebd48a93-56e3-48fa-8ef8-8a6a819be2b2] GET /api/attendance responded 200 in 39ms
2026-08-11 12:11:05.177 +05:30 [INF] [8b7cdf3d-84a8-4a5d-8d9b-f7ae5d08d790] GET /api/schools from 127.0.0.1 by Anonymous
2026-08-11 12:11:05.199 +05:30 [INF] [8b7cdf3d-84a8-4a5d-8d9b-f7ae5d08d790] GET /api/schools responded 200 in 21ms
2026-08-11 12:11:05.221 +05:30 [INF] [6535c92b-1dbe-45f1-8b08-38283868a569] GET /api/schools from 127.0.0.1 by Anonymous
2026-08-11 12:11:05.251 +05:30 [INF] [6535c92b-1dbe-45f1-8b08-38283868a569] GET /api/schools responded 200 in 30ms
2026-08-11 12:11:05.269 +05:30 [INF] [3c5f8a7e-40b0-4c7c-92b8-3fb285241186] GET /api/schools/93cfbeb0-5697-4af4-9f0b-0115e7e2e14a/classes from 127.0.0.1 by Anonymous
2026-08-11 12:11:05.282 +05:30 [INF] [3c5f8a7e-40b0-4c7c-92b8-3fb285241186] GET /api/schools/93cfbeb0-5697-4af4-9f0b-0115e7e2e14a/classes responded 200 in 13ms
2026-08-11 12:11:05.316 +05:30 [INF] [558ed458-17ed-4aad-8473-20351e80c4e2] GET /api/schools/93cfbeb0-5697-4af4-9f0b-0115e7e2e14a/classes from 127.0.0.1 by Anonymous
2026-08-11 12:11:05.334 +05:30 [INF] [bf164419-1f76-4bc6-81ab-7d662e6cdfe8] GET /api/schools/93cfbeb0-5697-4af4-9f0b-0115e7e2e14a/subjects from 127.0.0.1 by Anonymous
2026-08-11 12:11:05.337 +05:30 [INF] [558ed458-17ed-4aad-8473-20351e80c4e2] GET /api/schools/93cfbeb0-5697-4af4-9f0b-0115e7e2e14a/classes responded 200 in 21ms
2026-08-11 12:11:05.361 +05:30 [INF] [bf164419-1f76-4bc6-81ab-7d662e6cdfe8] GET /api/schools/93cfbeb0-5697-4af4-9f0b-0115e7e2e14a/subjects responded 200 in 26ms
2026-08-11 12:11:05.395 +05:30 [INF] [388c7d98-bd2e-4a44-aa84-b425b2115d54] GET /api/schools/93cfbeb0-5697-4af4-9f0b-0115e7e2e14a/subjects from 127.0.0.1 by Anonymous
2026-08-11 12:11:05.408 +05:30 [INF] [95bba3a5-a2e0-4a18-9323-c2e5cf30da84] GET /api/teachers from 127.0.0.1 by Anonymous
2026-08-11 12:11:05.421 +05:30 [INF] [388c7d98-bd2e-4a44-aa84-b425b2115d54] GET /api/schools/93cfbeb0-5697-4af4-9f0b-0115e7e2e14a/subjects responded 200 in 24ms
2026-08-11 12:11:05.444 +05:30 [INF] [95bba3a5-a2e0-4a18-9323-c2e5cf30da84] GET /api/teachers responded 200 in 34ms
2026-08-11 12:11:05.472 +05:30 [INF] [584eee62-1f1f-43ed-a0f3-8984652eb8c5] GET /api/teachers from 127.0.0.1 by Anonymous
2026-08-11 12:11:05.491 +05:30 [INF] [584eee62-1f1f-43ed-a0f3-8984652eb8c5] GET /api/teachers responded 200 in 18ms
2026-08-11 12:11:08.773 +05:30 [INF] [8b18c12a-adae-45bf-8ebb-290aca628425] GET /api/exams from 127.0.0.1 by Anonymous
2026-08-11 12:11:09.077 +05:30 [INF] [8b18c12a-adae-45bf-8ebb-290aca628425] GET /api/exams responded 200 in 304ms
2026-08-11 12:11:09.087 +05:30 [INF] [ecc45ad7-29ad-42eb-afff-5a24388fbcb5] GET /api/exams from 127.0.0.1 by Anonymous
2026-08-11 12:11:09.109 +05:30 [INF] [ecc45ad7-29ad-42eb-afff-5a24388fbcb5] GET /api/exams responded 200 in 22ms
2026-08-11 12:11:15.347 +05:30 [INF] [1363ba1b-ea30-4b59-b713-8d6ac67fb45e] GET /api/schools from 127.0.0.1 by Anonymous
2026-08-11 12:11:15.364 +05:30 [INF] [1363ba1b-ea30-4b59-b713-8d6ac67fb45e] GET /api/schools responded 200 in 17ms
2026-08-11 12:11:15.374 +05:30 [INF] [4478075e-e505-4940-a65b-4903b85d0e85] GET /api/schools from 127.0.0.1 by Anonymous
2026-08-11 12:11:15.400 +05:30 [INF] [4478075e-e505-4940-a65b-4903b85d0e85] GET /api/schools responded 200 in 25ms
2026-08-11 12:11:15.413 +05:30 [INF] [cc0caa3d-46f2-4d41-8489-b8bc8ded53c6] GET /api/schools/93cfbeb0-5697-4af4-9f0b-0115e7e2e14a/classes from 127.0.0.1 by Anonymous
2026-08-11 12:11:15.440 +05:30 [INF] [cc0caa3d-46f2-4d41-8489-b8bc8ded53c6] GET /api/schools/93cfbeb0-5697-4af4-9f0b-0115e7e2e14a/classes responded 200 in 26ms
2026-08-11 12:11:15.452 +05:30 [INF] [7690ebdd-80c8-4878-86fc-1c0985a608bf] GET /api/schools/93cfbeb0-5697-4af4-9f0b-0115e7e2e14a/classes from 127.0.0.1 by Anonymous
2026-08-11 12:11:15.473 +05:30 [INF] [7690ebdd-80c8-4878-86fc-1c0985a608bf] GET /api/schools/93cfbeb0-5697-4af4-9f0b-0115e7e2e14a/classes responded 200 in 20ms
2026-08-11 12:11:43.513 +05:30 [INF] [e85f555b-f286-42fa-aefb-ed26057611de] POST /api/exams from 127.0.0.1 by Anonymous
2026-08-11 12:11:43.709 +05:30 [INF] [e85f555b-f286-42fa-aefb-ed26057611de] POST /api/exams responded 201 in 196ms
2026-08-11 12:11:44.302 +05:30 [INF] [eb6cfb2a-e449-4490-99ab-bb6b10200313] GET /api/exams from 127.0.0.1 by Anonymous
2026-08-11 12:11:44.337 +05:30 [INF] [eb6cfb2a-e449-4490-99ab-bb6b10200313] GET /api/exams responded 200 in 35ms
2026-08-11 12:11:44.347 +05:30 [INF] [e7859f71-93fb-422d-91d1-d51b77872e42] GET /api/exams from 127.0.0.1 by Anonymous
2026-08-11 12:11:44.380 +05:30 [INF] [e7859f71-93fb-422d-91d1-d51b77872e42] GET /api/exams responded 200 in 32ms
2026-08-11 12:11:54.699 +05:30 [INF] [2c381f35-b197-4fdf-bd24-8942255c245a] GET /api/homework from 127.0.0.1 by Anonymous
2026-08-11 12:11:55.221 +05:30 [INF] [2c381f35-b197-4fdf-bd24-8942255c245a] GET /api/homework responded 200 in 521ms
2026-08-11 12:11:55.236 +05:30 [INF] [d2d003fa-9ec8-4023-a98f-741658bd80f7] GET /api/homework from 127.0.0.1 by Anonymous
2026-08-11 12:11:55.271 +05:30 [INF] [d2d003fa-9ec8-4023-a98f-741658bd80f7] GET /api/homework responded 200 in 34ms
2026-08-11 12:11:58.445 +05:30 [INF] [1fdff39f-9d6c-4bd9-b83c-3aba349e3b8f] GET /api/schools from 127.0.0.1 by Anonymous
2026-08-11 12:11:58.471 +05:30 [INF] [1fdff39f-9d6c-4bd9-b83c-3aba349e3b8f] GET /api/schools responded 200 in 25ms
2026-08-11 12:11:58.480 +05:30 [INF] [8f38e5d1-6f48-4db9-a629-d32e36c08b03] GET /api/schools from 127.0.0.1 by Anonymous
2026-08-11 12:11:58.503 +05:30 [INF] [8f38e5d1-6f48-4db9-a629-d32e36c08b03] GET /api/schools responded 200 in 21ms
2026-08-11 12:11:58.537 +05:30 [INF] [318548cc-5dad-4923-afbc-a0a66b616dc3] GET /api/schools/93cfbeb0-5697-4af4-9f0b-0115e7e2e14a/classes from 127.0.0.1 by Anonymous
2026-08-11 12:11:58.560 +05:30 [INF] [318548cc-5dad-4923-afbc-a0a66b616dc3] GET /api/schools/93cfbeb0-5697-4af4-9f0b-0115e7e2e14a/classes responded 200 in 23ms
2026-08-11 12:11:58.580 +05:30 [INF] [41330256-2b27-4025-90c4-fbaa3fea0ee1] GET /api/schools/93cfbeb0-5697-4af4-9f0b-0115e7e2e14a/classes from 127.0.0.1 by Anonymous
2026-08-11 12:11:58.602 +05:30 [INF] [41330256-2b27-4025-90c4-fbaa3fea0ee1] GET /api/schools/93cfbeb0-5697-4af4-9f0b-0115e7e2e14a/classes responded 200 in 21ms
2026-08-11 12:12:03.529 +05:30 [INF] [a059d9bc-c8b5-4925-8571-63726bcbba59] GET /api/schools/classes/b2f08a74-ede8-4669-acc8-bafe40a743cf/sections from 127.0.0.1 by Anonymous
2026-08-11 12:12:03.538 +05:30 [INF] [7b40caf5-a7a8-4ec5-8b42-117487c1e089] GET /api/schools/93cfbeb0-5697-4af4-9f0b-0115e7e2e14a/subjects from 127.0.0.1 by Anonymous
2026-08-11 12:12:03.579 +05:30 [INF] [a059d9bc-c8b5-4925-8571-63726bcbba59] GET /api/schools/classes/b2f08a74-ede8-4669-acc8-bafe40a743cf/sections responded 200 in 48ms
2026-08-11 12:12:03.616 +05:30 [INF] [7b40caf5-a7a8-4ec5-8b42-117487c1e089] GET /api/schools/93cfbeb0-5697-4af4-9f0b-0115e7e2e14a/subjects responded 200 in 78ms
2026-08-11 12:12:11.339 +05:30 [INF] [4212f4a9-c2dc-4c11-8551-113b65d45311] POST /api/homework from 127.0.0.1 by Anonymous
2026-08-11 12:12:11.556 +05:30 [INF] [4212f4a9-c2dc-4c11-8551-113b65d45311] POST /api/homework responded 201 in 216ms
2026-08-11 12:12:12.109 +05:30 [INF] [eb13ff46-6744-4ecd-995e-40ca42cefc23] GET /api/homework from 127.0.0.1 by Anonymous
2026-08-11 12:12:12.139 +05:30 [INF] [eb13ff46-6744-4ecd-995e-40ca42cefc23] GET /api/homework responded 200 in 29ms
2026-08-11 12:12:12.149 +05:30 [INF] [4c02953f-9925-4526-98dc-ba26c68ce656] GET /api/homework from 127.0.0.1 by Anonymous
2026-08-11 12:12:12.281 +05:30 [INF] [4c02953f-9925-4526-98dc-ba26c68ce656] GET /api/homework responded 200 in 131ms
2026-08-11 12:12:25.743 +05:30 [INF] [63489e93-1f40-4990-a290-6d723493af47] GET /api/homework/08def773-ac29-43a5-8776-415f92bd0101 from 127.0.0.1 by Anonymous
2026-08-11 12:12:25.811 +05:30 [WRN] The query uses a row limiting operator ('Skip'/'Take') without an 'OrderBy' operator. This may lead to unpredictable results. If the 'Distinct' operator is used after 'OrderBy', then make sure to use the 'OrderBy' operator after 'Distinct' as the ordering would otherwise get erased.
2026-08-11 12:12:25.814 +05:30 [WRN] The query uses a row limiting operator ('Skip'/'Take') without an 'OrderBy' operator. This may lead to unpredictable results. If the 'Distinct' operator is used after 'OrderBy', then make sure to use the 'OrderBy' operator after 'Distinct' as the ordering would otherwise get erased.
2026-08-11 12:12:25.965 +05:30 [INF] [63489e93-1f40-4990-a290-6d723493af47] GET /api/homework/08def773-ac29-43a5-8776-415f92bd0101 responded 200 in 221ms
2026-08-11 12:12:25.984 +05:30 [INF] [4bfb2098-28ae-4a82-8473-a066a444ca6f] GET /api/homework/08def773-ac29-43a5-8776-415f92bd0101 from 127.0.0.1 by Anonymous
2026-08-11 12:12:26.007 +05:30 [INF] [4bfb2098-28ae-4a82-8473-a066a444ca6f] GET /api/homework/08def773-ac29-43a5-8776-415f92bd0101 responded 200 in 22ms
2026-08-11 12:12:29.303 +05:30 [INF] [dce006f5-0444-4221-a72b-b4dc7811718a] GET /api/homework from 127.0.0.1 by Anonymous
2026-08-11 12:12:29.340 +05:30 [INF] [dce006f5-0444-4221-a72b-b4dc7811718a] GET /api/homework responded 200 in 36ms
2026-08-11 12:12:29.352 +05:30 [INF] [37f38f9f-9e78-4db1-9bcc-fcbdd39b83d2] GET /api/homework from 127.0.0.1 by Anonymous
2026-08-11 12:12:29.384 +05:30 [INF] [37f38f9f-9e78-4db1-9bcc-fcbdd39b83d2] GET /api/homework responded 200 in 32ms
2026-08-11 12:12:41.118 +05:30 [INF] [9c2b7e27-db54-4fcf-bfe1-cf273c73910d] GET /api/library from 127.0.0.1 by Anonymous
2026-08-11 12:12:41.451 +05:30 [INF] [9c2b7e27-db54-4fcf-bfe1-cf273c73910d] GET /api/library responded 200 in 332ms
2026-08-11 12:12:41.483 +05:30 [INF] [751e3b07-cd16-4ef4-b739-da11c2f82395] GET /api/library from 127.0.0.1 by Anonymous
2026-08-11 12:12:41.514 +05:30 [INF] [751e3b07-cd16-4ef4-b739-da11c2f82395] GET /api/library responded 200 in 30ms
2026-08-11 12:12:49.380 +05:30 [INF] [da3a9202-b9bf-4998-bc28-1e247f9c839c] GET /api/transport/routes from 127.0.0.1 by Anonymous
2026-08-11 12:12:49.385 +05:30 [INF] [873c8a9f-70f6-4912-8747-60f861e156c5] GET /api/students from 127.0.0.1 by Anonymous
2026-08-11 12:12:49.935 +05:30 [INF] [873c8a9f-70f6-4912-8747-60f861e156c5] GET /api/students responded 200 in 550ms
2026-08-11 12:12:49.951 +05:30 [INF] [257bc33c-6c8a-4a0c-8803-7952c5d16ea0] GET /api/students from 127.0.0.1 by Anonymous
2026-08-11 12:12:49.999 +05:30 [INF] [257bc33c-6c8a-4a0c-8803-7952c5d16ea0] GET /api/students responded 200 in 48ms
2026-08-11 12:12:50.257 +05:30 [INF] [da3a9202-b9bf-4998-bc28-1e247f9c839c] GET /api/transport/routes responded 200 in 875ms
2026-08-11 12:12:50.269 +05:30 [INF] [ff16e21f-7397-441f-91c8-7811b283b478] GET /api/transport/routes from 127.0.0.1 by Anonymous
2026-08-11 12:12:50.301 +05:30 [INF] [ff16e21f-7397-441f-91c8-7811b283b478] GET /api/transport/routes responded 200 in 28ms
2026-08-11 12:12:51.251 +05:30 [INF] [e512c592-700f-4f89-a4a1-06605dbe85bd] GET /api/dashboard/stats from 127.0.0.1 by Anonymous
2026-08-11 12:12:51.255 +05:30 [INF] [84c68644-1317-42eb-b1ed-62d6b44bafe7] GET /api/dashboard/attendance-chart from 127.0.0.1 by Anonymous
2026-08-11 12:12:51.384 +05:30 [INF] [e512c592-700f-4f89-a4a1-06605dbe85bd] GET /api/dashboard/stats responded 200 in 132ms
2026-08-11 12:12:51.403 +05:30 [INF] [da459bb2-941e-4776-8241-c2ea08c78a4f] GET /api/dashboard/stats from 127.0.0.1 by Anonymous
2026-08-11 12:12:51.501 +05:30 [INF] [da459bb2-941e-4776-8241-c2ea08c78a4f] GET /api/dashboard/stats responded 200 in 97ms
2026-08-11 12:12:52.416 +05:30 [INF] [84c68644-1317-42eb-b1ed-62d6b44bafe7] GET /api/dashboard/attendance-chart responded 200 in 1159ms
2026-08-11 12:12:52.426 +05:30 [INF] [a9c5d373-1335-4e40-b659-d4f9a77f7344] GET /api/dashboard/attendance-chart from 127.0.0.1 by Anonymous
2026-08-11 12:12:53.293 +05:30 [INF] [a9c5d373-1335-4e40-b659-d4f9a77f7344] GET /api/dashboard/attendance-chart responded 200 in 867ms
2026-08-11 12:12:58.294 +05:30 [INF] [78587609-84e2-4d8d-9a4f-fb1305ffe8a2] GET /api/students from 127.0.0.1 by Anonymous
2026-08-11 12:12:58.339 +05:30 [INF] [78587609-84e2-4d8d-9a4f-fb1305ffe8a2] GET /api/students responded 200 in 44ms
2026-08-11 12:12:58.349 +05:30 [INF] [307dfdf2-6c62-4e41-b92b-eca40b444bc3] GET /api/students from 127.0.0.1 by Anonymous
2026-08-11 12:12:58.386 +05:30 [INF] [307dfdf2-6c62-4e41-b92b-eca40b444bc3] GET /api/students responded 200 in 36ms
2026-08-11 12:13:02.024 +05:30 [INF] [33e1aeba-3d41-49e8-88c4-f2eb052f3afd] GET /api/schools from 127.0.0.1 by Anonymous
2026-08-11 12:13:02.050 +05:30 [INF] [33e1aeba-3d41-49e8-88c4-f2eb052f3afd] GET /api/schools responded 200 in 25ms
2026-08-11 12:13:02.063 +05:30 [INF] [757260e0-13e9-4c98-bcdb-9b57c2f7dc5f] GET /api/schools from 127.0.0.1 by Anonymous
2026-08-11 12:13:02.079 +05:30 [INF] [757260e0-13e9-4c98-bcdb-9b57c2f7dc5f] GET /api/schools responded 200 in 14ms
2026-08-11 12:13:02.190 +05:30 [INF] [d863748c-104b-4376-aa83-3149a17ca738] GET /api/schools/93cfbeb0-5697-4af4-9f0b-0115e7e2e14a/classes from 127.0.0.1 by Anonymous
2026-08-11 12:13:02.210 +05:30 [INF] [d863748c-104b-4376-aa83-3149a17ca738] GET /api/schools/93cfbeb0-5697-4af4-9f0b-0115e7e2e14a/classes responded 200 in 19ms
2026-08-11 12:13:02.220 +05:30 [INF] [e2ec36fb-5e1e-4b30-a571-689c435650d0] GET /api/schools/93cfbeb0-5697-4af4-9f0b-0115e7e2e14a/classes from 127.0.0.1 by Anonymous
2026-08-11 12:13:02.244 +05:30 [INF] [e2ec36fb-5e1e-4b30-a571-689c435650d0] GET /api/schools/93cfbeb0-5697-4af4-9f0b-0115e7e2e14a/classes responded 200 in 23ms
2026-08-11 12:13:04.135 +05:30 [INF] [7134317f-be0a-4c24-9452-ea3919adf69a] GET /api/students from 127.0.0.1 by Anonymous
2026-08-11 12:13:04.167 +05:30 [INF] [7134317f-be0a-4c24-9452-ea3919adf69a] GET /api/students responded 200 in 31ms
2026-08-11 12:13:04.179 +05:30 [INF] [d0190731-b9d8-48b1-b3c5-fff35b753e74] GET /api/students from 127.0.0.1 by Anonymous
2026-08-11 12:13:04.209 +05:30 [INF] [d0190731-b9d8-48b1-b3c5-fff35b753e74] GET /api/students responded 200 in 29ms
2026-08-11 12:13:05.783 +05:30 [INF] [6b0c8482-51f0-45a6-ba95-840a6e88113a] GET /api/students/08dee7c6-325f-4751-84f1-0925ef1b04a7 from 127.0.0.1 by Anonymous
2026-08-11 12:13:05.824 +05:30 [INF] [6b0c8482-51f0-45a6-ba95-840a6e88113a] GET /api/students/08dee7c6-325f-4751-84f1-0925ef1b04a7 responded 200 in 40ms
2026-08-11 12:13:05.841 +05:30 [INF] [ea2449cc-0c78-44c4-b206-cf179318101e] GET /api/students/08dee7c6-325f-4751-84f1-0925ef1b04a7 from 127.0.0.1 by Anonymous
2026-08-11 12:13:05.880 +05:30 [INF] [ea2449cc-0c78-44c4-b206-cf179318101e] GET /api/students/08dee7c6-325f-4751-84f1-0925ef1b04a7 responded 200 in 38ms
2026-08-11 12:21:16.436 +05:30 [INF] [60ed5268-d35b-4446-b6af-3aab633d727b] GET /api/auth/me from 127.0.0.1 by Anonymous
2026-08-11 12:21:17.075 +05:30 [INF] [60ed5268-d35b-4446-b6af-3aab633d727b] GET /api/auth/me responded 200 in 637ms
2026-08-11 12:21:17.103 +05:30 [INF] [3975c7a6-2417-4eae-9662-e90ec4d48045] GET /api/auth/me from 127.0.0.1 by Anonymous
2026-08-11 12:21:17.124 +05:30 [INF] [3975c7a6-2417-4eae-9662-e90ec4d48045] GET /api/auth/me responded 200 in 19ms
2026-08-11 12:21:17.255 +05:30 [INF] [753c5bd5-8c37-4411-9e7d-4c755a917722] GET /api/students/08dee7c6-325f-4751-84f1-0925ef1b04a7 from 127.0.0.1 by Anonymous
2026-08-11 12:21:17.294 +05:30 [INF] [753c5bd5-8c37-4411-9e7d-4c755a917722] GET /api/students/08dee7c6-325f-4751-84f1-0925ef1b04a7 responded 200 in 39ms
2026-08-11 12:21:17.310 +05:30 [INF] [511ecba7-9bba-43a4-ba43-54099fbc2db9] GET /api/students/08dee7c6-325f-4751-84f1-0925ef1b04a7 from 127.0.0.1 by Anonymous
2026-08-11 12:21:17.337 +05:30 [INF] [511ecba7-9bba-43a4-ba43-54099fbc2db9] GET /api/students/08dee7c6-325f-4751-84f1-0925ef1b04a7 responded 200 in 26ms
2026-08-11 12:22:03.548 +05:30 [INF] [a6b8f95c-16cc-4464-b5b4-cd7690f64e36] GET /api/auth/me from 127.0.0.1 by Anonymous
2026-08-11 12:22:03.583 +05:30 [INF] [a6b8f95c-16cc-4464-b5b4-cd7690f64e36] GET /api/auth/me responded 200 in 32ms
2026-08-11 12:22:03.599 +05:30 [INF] [595abb32-7e26-42ff-abe6-f932d1be31c4] GET /api/auth/me from 127.0.0.1 by Anonymous
2026-08-11 12:22:03.616 +05:30 [INF] [595abb32-7e26-42ff-abe6-f932d1be31c4] GET /api/auth/me responded 200 in 16ms
2026-08-11 12:22:04.619 +05:30 [INF] [4a671edb-5e69-4cdc-96d4-afbf47bfab4c] GET /api/students/08dee7c6-325f-4751-84f1-0925ef1b04a7 from 127.0.0.1 by Anonymous
2026-08-11 12:22:04.644 +05:30 [INF] [4a671edb-5e69-4cdc-96d4-afbf47bfab4c] GET /api/students/08dee7c6-325f-4751-84f1-0925ef1b04a7 responded 200 in 24ms
2026-08-11 12:22:04.653 +05:30 [INF] [7188007d-f29f-4215-a1f2-5cea18dd80f6] GET /api/students/08dee7c6-325f-4751-84f1-0925ef1b04a7 from 127.0.0.1 by Anonymous
2026-08-11 12:22:04.691 +05:30 [INF] [7188007d-f29f-4215-a1f2-5cea18dd80f6] GET /api/students/08dee7c6-325f-4751-84f1-0925ef1b04a7 responded 200 in 37ms
2026-08-11 12:23:19.922 +05:30 [INF] [4e215866-0aa5-4946-bd57-1468994fc3c8] GET /api/students/08dee7c6-325f-4751-84f1-0925ef1b04a7 from 127.0.0.1 by Anonymous
2026-08-11 12:23:19.955 +05:30 [INF] [4e215866-0aa5-4946-bd57-1468994fc3c8] GET /api/students/08dee7c6-325f-4751-84f1-0925ef1b04a7 responded 200 in 33ms
2026-08-11 12:23:19.963 +05:30 [INF] [7588768e-47c7-43a4-87b2-e8ab51779c9b] GET /api/students/08dee7c6-325f-4751-84f1-0925ef1b04a7 from 127.0.0.1 by Anonymous
2026-08-11 12:23:19.982 +05:30 [INF] [7588768e-47c7-43a4-87b2-e8ab51779c9b] GET /api/students/08dee7c6-325f-4751-84f1-0925ef1b04a7 responded 200 in 17ms
2026-08-11 12:27:17.641 +05:30 [WRN] Redis unavailable, falling back to in-memory cache and basic SignalR: Redis not connected
2026-08-11 12:27:26.044 +05:30 [WRN] Entity 'ApplicationRole' has a global query filter defined and is the required end of a relationship with the entity 'ApplicationRoleClaim'. This may lead to unexpected results when the required entity is filtered out. Either configure the navigation as optional, or define matching query filters for both entities in the navigation. See https://go.microsoft.com/fwlink/?linkid=2131316 for more information.
2026-08-11 12:27:26.047 +05:30 [WRN] Entity 'ApplicationUser' has a global query filter defined and is the required end of a relationship with the entity 'ApplicationUserClaim'. This may lead to unexpected results when the required entity is filtered out. Either configure the navigation as optional, or define matching query filters for both entities in the navigation. See https://go.microsoft.com/fwlink/?linkid=2131316 for more information.
2026-08-11 12:27:26.047 +05:30 [WRN] Entity 'ApplicationUser' has a global query filter defined and is the required end of a relationship with the entity 'ApplicationUserLogin'. This may lead to unexpected results when the required entity is filtered out. Either configure the navigation as optional, or define matching query filters for both entities in the navigation. See https://go.microsoft.com/fwlink/?linkid=2131316 for more information.
2026-08-11 12:27:26.047 +05:30 [WRN] Entity 'ApplicationRole' has a global query filter defined and is the required end of a relationship with the entity 'ApplicationUserRole'. This may lead to unexpected results when the required entity is filtered out. Either configure the navigation as optional, or define matching query filters for both entities in the navigation. See https://go.microsoft.com/fwlink/?linkid=2131316 for more information.
2026-08-11 12:27:26.048 +05:30 [WRN] Entity 'ApplicationUser' has a global query filter defined and is the required end of a relationship with the entity 'ApplicationUserToken'. This may lead to unexpected results when the required entity is filtered out. Either configure the navigation as optional, or define matching query filters for both entities in the navigation. See https://go.microsoft.com/fwlink/?linkid=2131316 for more information.
2026-08-11 12:27:26.192 +05:30 [WRN] The foreign key property 'HomeworkSubmission.StudentId1' was created in shadow state because a conflicting property with the simple name 'StudentId' exists in the entity type, but is either not mapped, is already used for another relationship, or is incompatible with the associated primary key type. See https://aka.ms/efcore-relationships for information on mapping relationships in EF Core.
2026-08-11 12:27:27.662 +05:30 [INF] Database migrated successfully
2026-08-11 12:27:28.682 +05:30 [INF] Roles seeded successfully
2026-08-11 12:29:23.371 +05:30 [INF] [f713fd6d-8d38-46e9-867e-20fa09675656] POST /api/auth/login from 127.0.0.1 by Anonymous
2026-08-11 12:29:23.405 +05:30 [WRN] Failed to determine the https port for redirect.
2026-08-11 12:29:24.607 +05:30 [INF] [f713fd6d-8d38-46e9-867e-20fa09675656] POST /api/auth/login responded 200 in 1232ms
2026-08-11 12:29:30.680 +05:30 [INF] [560cfa65-0098-48ab-af2a-7978bf3be530] GET /api/attendance/student/08dee7c6-325f-4751-84f1-0925ef1b04a7 from 127.0.0.1 by Anonymous
2026-08-11 12:29:31.448 +05:30 [INF] [560cfa65-0098-48ab-af2a-7978bf3be530] GET /api/attendance/student/08dee7c6-325f-4751-84f1-0925ef1b04a7 responded 200 in 767ms
2026-08-11 12:29:31.479 +05:30 [INF] [f0d2e31d-62e7-442b-80b9-3d7a7c0e030c] GET /api/fees/summary/08dee7c6-325f-4751-84f1-0925ef1b04a7 from 127.0.0.1 by Anonymous
2026-08-11 12:29:31.679 +05:30 [WRN] The query uses the 'First'/'FirstOrDefault' operator without 'OrderBy' and filter operators. This may lead to unpredictable results.
2026-08-11 12:29:31.934 +05:30 [WRN] Compiling a query which loads related collections for more than one collection navigation, either via 'Include' or through projection, but no 'QuerySplittingBehavior' has been configured. By default, Entity Framework will use 'QuerySplittingBehavior.SingleQuery', which can potentially result in slow query performance. See https://go.microsoft.com/fwlink/?linkid=2134277 for more information. To identify the query that's triggering this warning call 'ConfigureWarnings(w => w.Throw(RelationalEventId.MultipleCollectionIncludeWarning))'.
2026-08-11 12:29:32.537 +05:30 [INF] [f0d2e31d-62e7-442b-80b9-3d7a7c0e030c] GET /api/fees/summary/08dee7c6-325f-4751-84f1-0925ef1b04a7 responded 200 in 1056ms
2026-08-11 12:29:32.560 +05:30 [INF] [ce9a756e-29ba-4379-84ea-5d5f6148d4f6] GET /api/exams/student/08dee7c6-325f-4751-84f1-0925ef1b04a7/results from 127.0.0.1 by Anonymous
2026-08-11 12:29:32.712 +05:30 [INF] [ce9a756e-29ba-4379-84ea-5d5f6148d4f6] GET /api/exams/student/08dee7c6-325f-4751-84f1-0925ef1b04a7/results responded 200 in 151ms
2026-08-11 12:29:32.757 +05:30 [INF] [d8a568a4-fab6-4a0a-8179-e35cd1b97079] GET /api/students/08dee7c6-325f-4751-84f1-0925ef1b04a7/documents from 127.0.0.1 by Anonymous
2026-08-11 12:29:32.834 +05:30 [INF] [d8a568a4-fab6-4a0a-8179-e35cd1b97079] GET /api/students/08dee7c6-325f-4751-84f1-0925ef1b04a7/documents responded 200 in 76ms
2026-08-11 12:31:11.557 +05:30 [INF] [a2d2daf8-35d8-4a93-9f80-5868d401b31a] GET /api/auth/me from 127.0.0.1 by Anonymous
2026-08-11 12:31:11.628 +05:30 [INF] [a2d2daf8-35d8-4a93-9f80-5868d401b31a] GET /api/auth/me responded 200 in 71ms
2026-08-11 12:31:11.642 +05:30 [INF] [5221ded7-333d-46b9-a364-a1e7363c3dfa] GET /api/auth/me from 127.0.0.1 by Anonymous
2026-08-11 12:31:11.682 +05:30 [INF] [5221ded7-333d-46b9-a364-a1e7363c3dfa] GET /api/auth/me responded 200 in 39ms
2026-08-11 12:31:13.267 +05:30 [INF] [28b4c128-9863-48f9-be39-83c031bd8e7b] GET /api/students from 127.0.0.1 by Anonymous
2026-08-11 12:31:13.610 +05:30 [INF] [28b4c128-9863-48f9-be39-83c031bd8e7b] GET /api/students responded 200 in 339ms
2026-08-11 12:31:13.624 +05:30 [INF] [e8d6aacb-4b49-45b6-84b9-11da5b6d26a4] GET /api/students from 127.0.0.1 by Anonymous
2026-08-11 12:31:13.662 +05:30 [INF] [e8d6aacb-4b49-45b6-84b9-11da5b6d26a4] GET /api/students responded 200 in 37ms
2026-08-11 12:31:18.246 +05:30 [INF] [8d6335bc-cea8-47dc-b167-fba944fa9b18] GET /api/students/08dee7c6-325f-4751-84f1-0925ef1b04a7 from 127.0.0.1 by Anonymous
2026-08-11 12:31:18.291 +05:30 [INF] [8d6335bc-cea8-47dc-b167-fba944fa9b18] GET /api/students/08dee7c6-325f-4751-84f1-0925ef1b04a7 responded 200 in 44ms
2026-08-11 12:31:18.300 +05:30 [INF] [9be68b36-9367-4153-9a86-45469c4244a5] GET /api/students/08dee7c6-325f-4751-84f1-0925ef1b04a7 from 127.0.0.1 by Anonymous
2026-08-11 12:31:18.334 +05:30 [INF] [9be68b36-9367-4153-9a86-45469c4244a5] GET /api/students/08dee7c6-325f-4751-84f1-0925ef1b04a7 responded 200 in 33ms
2026-08-11 12:31:19.887 +05:30 [INF] [4b22e28a-6dc5-41f8-8629-119ae4fd884d] GET /api/attendance/student/08dee7c6-325f-4751-84f1-0925ef1b04a7 from 127.0.0.1 by Anonymous
2026-08-11 12:31:19.917 +05:30 [INF] [4b22e28a-6dc5-41f8-8629-119ae4fd884d] GET /api/attendance/student/08dee7c6-325f-4751-84f1-0925ef1b04a7 responded 200 in 29ms
2026-08-11 12:31:23.918 +05:30 [INF] [eb954cf1-2feb-437c-9e76-03a89c098fa7] GET /api/exams/student/08dee7c6-325f-4751-84f1-0925ef1b04a7/results from 127.0.0.1 by Anonymous
2026-08-11 12:31:23.960 +05:30 [INF] [eb954cf1-2feb-437c-9e76-03a89c098fa7] GET /api/exams/student/08dee7c6-325f-4751-84f1-0925ef1b04a7/results responded 200 in 41ms
2026-08-11 12:31:25.119 +05:30 [INF] [11090313-266b-48eb-a3ba-311c9e17aaee] GET /api/fees/summary/08dee7c6-325f-4751-84f1-0925ef1b04a7 from 127.0.0.1 by Anonymous
2026-08-11 12:31:25.170 +05:30 [INF] [11090313-266b-48eb-a3ba-311c9e17aaee] GET /api/fees/summary/08dee7c6-325f-4751-84f1-0925ef1b04a7 responded 200 in 49ms
2026-08-11 12:31:28.751 +05:30 [INF] [3f60c83f-7352-46d3-b430-f425da9c4270] GET /api/students/08dee7c6-325f-4751-84f1-0925ef1b04a7/documents from 127.0.0.1 by Anonymous
2026-08-11 12:31:28.789 +05:30 [INF] [3f60c83f-7352-46d3-b430-f425da9c4270] GET /api/students/08dee7c6-325f-4751-84f1-0925ef1b04a7/documents responded 200 in 36ms
2026-08-11 12:31:40.205 +05:30 [INF] [8590a78a-d2a1-485e-848b-4fa3b0ec7f00] GET /api/exams/student/08dee7c6-325f-4751-84f1-0925ef1b04a7/results from 127.0.0.1 by Anonymous
2026-08-11 12:31:40.242 +05:30 [INF] [8590a78a-d2a1-485e-848b-4fa3b0ec7f00] GET /api/exams/student/08dee7c6-325f-4751-84f1-0925ef1b04a7/results responded 200 in 35ms
2026-08-11 12:32:49.234 +05:30 [INF] [d766889f-9e2d-48b8-9138-22e1d5d46b7c] GET /api/students/08dee7c6-325f-4751-84f1-0925ef1b04a7/documents from 127.0.0.1 by Anonymous
2026-08-11 12:32:49.772 +05:30 [INF] [d766889f-9e2d-48b8-9138-22e1d5d46b7c] GET /api/students/08dee7c6-325f-4751-84f1-0925ef1b04a7/documents responded 200 in 537ms
2026-08-11 12:35:31.017 +05:30 [WRN] Redis unavailable, falling back to in-memory cache and basic SignalR: Redis not connected
2026-08-11 12:35:38.860 +05:30 [WRN] Entity 'ApplicationRole' has a global query filter defined and is the required end of a relationship with the entity 'ApplicationRoleClaim'. This may lead to unexpected results when the required entity is filtered out. Either configure the navigation as optional, or define matching query filters for both entities in the navigation. See https://go.microsoft.com/fwlink/?linkid=2131316 for more information.
2026-08-11 12:35:38.863 +05:30 [WRN] Entity 'ApplicationUser' has a global query filter defined and is the required end of a relationship with the entity 'ApplicationUserClaim'. This may lead to unexpected results when the required entity is filtered out. Either configure the navigation as optional, or define matching query filters for both entities in the navigation. See https://go.microsoft.com/fwlink/?linkid=2131316 for more information.
2026-08-11 12:35:38.864 +05:30 [WRN] Entity 'ApplicationUser' has a global query filter defined and is the required end of a relationship with the entity 'ApplicationUserLogin'. This may lead to unexpected results when the required entity is filtered out. Either configure the navigation as optional, or define matching query filters for both entities in the navigation. See https://go.microsoft.com/fwlink/?linkid=2131316 for more information.
2026-08-11 12:35:38.865 +05:30 [WRN] Entity 'ApplicationRole' has a global query filter defined and is the required end of a relationship with the entity 'ApplicationUserRole'. This may lead to unexpected results when the required entity is filtered out. Either configure the navigation as optional, or define matching query filters for both entities in the navigation. See https://go.microsoft.com/fwlink/?linkid=2131316 for more information.
2026-08-11 12:35:38.865 +05:30 [WRN] Entity 'ApplicationUser' has a global query filter defined and is the required end of a relationship with the entity 'ApplicationUserToken'. This may lead to unexpected results when the required entity is filtered out. Either configure the navigation as optional, or define matching query filters for both entities in the navigation. See https://go.microsoft.com/fwlink/?linkid=2131316 for more information.
2026-08-11 12:35:39.115 +05:30 [WRN] The foreign key property 'HomeworkSubmission.StudentId1' was created in shadow state because a conflicting property with the simple name 'StudentId' exists in the entity type, but is either not mapped, is already used for another relationship, or is incompatible with the associated primary key type. See https://aka.ms/efcore-relationships for information on mapping relationships in EF Core.
2026-08-11 12:35:40.828 +05:30 [INF] Database migrated successfully
2026-08-11 12:35:41.730 +05:30 [INF] Roles seeded successfully
2026-08-11 12:36:45.599 +05:30 [INF] [b5a6e502-6b7e-4266-9e2a-12da5a6c44b9] GET /api/exams/student/08dee7c6-325f-4751-84f1-0925ef1b04a7/results from 127.0.0.1 by Anonymous
2026-08-11 12:36:45.647 +05:30 [WRN] Failed to determine the https port for redirect.
2026-08-11 12:36:46.375 +05:30 [INF] [b5a6e502-6b7e-4266-9e2a-12da5a6c44b9] GET /api/exams/student/08dee7c6-325f-4751-84f1-0925ef1b04a7/results responded 200 in 772ms
2026-08-11 12:39:17.655 +05:30 [WRN] Redis unavailable, falling back to in-memory cache and basic SignalR: Redis not connected
2026-08-11 12:39:25.072 +05:30 [WRN] Entity 'ApplicationRole' has a global query filter defined and is the required end of a relationship with the entity 'ApplicationRoleClaim'. This may lead to unexpected results when the required entity is filtered out. Either configure the navigation as optional, or define matching query filters for both entities in the navigation. See https://go.microsoft.com/fwlink/?linkid=2131316 for more information.
2026-08-11 12:39:25.079 +05:30 [WRN] Entity 'ApplicationUser' has a global query filter defined and is the required end of a relationship with the entity 'ApplicationUserClaim'. This may lead to unexpected results when the required entity is filtered out. Either configure the navigation as optional, or define matching query filters for both entities in the navigation. See https://go.microsoft.com/fwlink/?linkid=2131316 for more information.
2026-08-11 12:39:25.080 +05:30 [WRN] Entity 'ApplicationUser' has a global query filter defined and is the required end of a relationship with the entity 'ApplicationUserLogin'. This may lead to unexpected results when the required entity is filtered out. Either configure the navigation as optional, or define matching query filters for both entities in the navigation. See https://go.microsoft.com/fwlink/?linkid=2131316 for more information.
2026-08-11 12:39:25.080 +05:30 [WRN] Entity 'ApplicationRole' has a global query filter defined and is the required end of a relationship with the entity 'ApplicationUserRole'. This may lead to unexpected results when the required entity is filtered out. Either configure the navigation as optional, or define matching query filters for both entities in the navigation. See https://go.microsoft.com/fwlink/?linkid=2131316 for more information.
2026-08-11 12:39:25.080 +05:30 [WRN] Entity 'ApplicationUser' has a global query filter defined and is the required end of a relationship with the entity 'ApplicationUserToken'. This may lead to unexpected results when the required entity is filtered out. Either configure the navigation as optional, or define matching query filters for both entities in the navigation. See https://go.microsoft.com/fwlink/?linkid=2131316 for more information.
2026-08-11 12:39:25.266 +05:30 [WRN] The foreign key property 'HomeworkSubmission.StudentId1' was created in shadow state because a conflicting property with the simple name 'StudentId' exists in the entity type, but is either not mapped, is already used for another relationship, or is incompatible with the associated primary key type. See https://aka.ms/efcore-relationships for information on mapping relationships in EF Core.
2026-08-11 12:39:26.918 +05:30 [INF] Database migrated successfully
2026-08-11 12:39:28.093 +05:30 [INF] Roles seeded successfully
2026-08-11 12:40:00.955 +05:30 [INF] [bf084f6f-b325-4c63-9817-c50f33ea9506] GET /api/exams/student/08dee7c6-325f-4751-84f1-0925ef1b04a7/results from 127.0.0.1 by Anonymous
2026-08-11 12:40:01.042 +05:30 [WRN] Failed to determine the https port for redirect.
2026-08-11 12:40:01.884 +05:30 [INF] [bf084f6f-b325-4c63-9817-c50f33ea9506] GET /api/exams/student/08dee7c6-325f-4751-84f1-0925ef1b04a7/results responded 200 in 917ms
2026-08-11 12:41:16.400 +05:30 [INF] [bd1581ce-9b3e-4e56-a652-8e2b5d5a0f43] GET /api/exams/student/08dee7c6-325f-4751-84f1-0925ef1b04a7/results from 127.0.0.1 by Anonymous
2026-08-11 12:41:17.368 +05:30 [WRN] Compiling a query which loads related collections for more than one collection navigation, either via 'Include' or through projection, but no 'QuerySplittingBehavior' has been configured. By default, Entity Framework will use 'QuerySplittingBehavior.SingleQuery', which can potentially result in slow query performance. See https://go.microsoft.com/fwlink/?linkid=2134277 for more information. To identify the query that's triggering this warning call 'ConfigureWarnings(w => w.Throw(RelationalEventId.MultipleCollectionIncludeWarning))'.
2026-08-11 12:41:18.015 +05:30 [INF] [bd1581ce-9b3e-4e56-a652-8e2b5d5a0f43] GET /api/exams/student/08dee7c6-325f-4751-84f1-0925ef1b04a7/results responded 200 in 1613ms
2026-08-11 12:43:34.170 +05:30 [WRN] Redis unavailable, falling back to in-memory cache and basic SignalR: Redis not connected
2026-08-11 12:43:45.265 +05:30 [WRN] Entity 'ApplicationRole' has a global query filter defined and is the required end of a relationship with the entity 'ApplicationRoleClaim'. This may lead to unexpected results when the required entity is filtered out. Either configure the navigation as optional, or define matching query filters for both entities in the navigation. See https://go.microsoft.com/fwlink/?linkid=2131316 for more information.
2026-08-11 12:43:45.268 +05:30 [WRN] Entity 'ApplicationUser' has a global query filter defined and is the required end of a relationship with the entity 'ApplicationUserClaim'. This may lead to unexpected results when the required entity is filtered out. Either configure the navigation as optional, or define matching query filters for both entities in the navigation. See https://go.microsoft.com/fwlink/?linkid=2131316 for more information.
2026-08-11 12:43:45.268 +05:30 [WRN] Entity 'ApplicationUser' has a global query filter defined and is the required end of a relationship with the entity 'ApplicationUserLogin'. This may lead to unexpected results when the required entity is filtered out. Either configure the navigation as optional, or define matching query filters for both entities in the navigation. See https://go.microsoft.com/fwlink/?linkid=2131316 for more information.
2026-08-11 12:43:45.269 +05:30 [WRN] Entity 'ApplicationRole' has a global query filter defined and is the required end of a relationship with the entity 'ApplicationUserRole'. This may lead to unexpected results when the required entity is filtered out. Either configure the navigation as optional, or define matching query filters for both entities in the navigation. See https://go.microsoft.com/fwlink/?linkid=2131316 for more information.
2026-08-11 12:43:45.269 +05:30 [WRN] Entity 'ApplicationUser' has a global query filter defined and is the required end of a relationship with the entity 'ApplicationUserToken'. This may lead to unexpected results when the required entity is filtered out. Either configure the navigation as optional, or define matching query filters for both entities in the navigation. See https://go.microsoft.com/fwlink/?linkid=2131316 for more information.
2026-08-11 12:43:45.396 +05:30 [WRN] The foreign key property 'HomeworkSubmission.StudentId1' was created in shadow state because a conflicting property with the simple name 'StudentId' exists in the entity type, but is either not mapped, is already used for another relationship, or is incompatible with the associated primary key type. See https://aka.ms/efcore-relationships for information on mapping relationships in EF Core.
2026-08-11 12:43:47.030 +05:30 [INF] Database migrated successfully
2026-08-11 12:43:48.486 +05:30 [INF] Roles seeded successfully
2026-08-11 12:45:35.666 +05:30 [INF] [60f91c1c-a4c1-4930-9fb3-09a9fe95bafa] POST /api/auth/login from 127.0.0.1 by Anonymous
2026-08-11 12:45:35.734 +05:30 [WRN] Failed to determine the https port for redirect.
2026-08-11 12:45:37.367 +05:30 [INF] [60f91c1c-a4c1-4930-9fb3-09a9fe95bafa] POST /api/auth/login responded 200 in 1691ms
2026-08-11 12:45:37.409 +05:30 [INF] [e17f8236-eb57-4475-96bf-600547d3ea9e] GET /api/attendance/student/08dee7c6-325f-4751-84f1-0925ef1b04a7 from 127.0.0.1 by Anonymous
2026-08-11 12:45:38.478 +05:30 [INF] [e17f8236-eb57-4475-96bf-600547d3ea9e] GET /api/attendance/student/08dee7c6-325f-4751-84f1-0925ef1b04a7 responded 200 in 1067ms
2026-08-11 12:45:38.523 +05:30 [INF] [8396c4ab-f667-4ba7-ace6-27baa381b9cb] GET /api/exams/student/08dee7c6-325f-4751-84f1-0925ef1b04a7/results from 127.0.0.1 by Anonymous
2026-08-11 12:45:38.804 +05:30 [INF] [8396c4ab-f667-4ba7-ace6-27baa381b9cb] GET /api/exams/student/08dee7c6-325f-4751-84f1-0925ef1b04a7/results responded 200 in 277ms
2026-08-11 12:45:38.845 +05:30 [INF] [72db39e7-2c52-41e4-b9c8-dedac5aef61a] GET /api/fees/summary/08dee7c6-325f-4751-84f1-0925ef1b04a7 from 127.0.0.1 by Anonymous
2026-08-11 12:45:39.022 +05:30 [WRN] The query uses the 'First'/'FirstOrDefault' operator without 'OrderBy' and filter operators. This may lead to unpredictable results.
2026-08-11 12:45:39.322 +05:30 [WRN] Compiling a query which loads related collections for more than one collection navigation, either via 'Include' or through projection, but no 'QuerySplittingBehavior' has been configured. By default, Entity Framework will use 'QuerySplittingBehavior.SingleQuery', which can potentially result in slow query performance. See https://go.microsoft.com/fwlink/?linkid=2134277 for more information. To identify the query that's triggering this warning call 'ConfigureWarnings(w => w.Throw(RelationalEventId.MultipleCollectionIncludeWarning))'.
2026-08-11 12:45:39.966 +05:30 [INF] [72db39e7-2c52-41e4-b9c8-dedac5aef61a] GET /api/fees/summary/08dee7c6-325f-4751-84f1-0925ef1b04a7 responded 200 in 1120ms
2026-08-11 12:45:40.008 +05:30 [INF] [f2601882-9872-40b8-b083-8a37a99a0f67] GET /api/students/08dee7c6-325f-4751-84f1-0925ef1b04a7/documents from 127.0.0.1 by Anonymous
2026-08-11 12:45:40.155 +05:30 [INF] [f2601882-9872-40b8-b083-8a37a99a0f67] GET /api/students/08dee7c6-325f-4751-84f1-0925ef1b04a7/documents responded 200 in 146ms
2026-08-11 12:48:46.681 +05:30 [INF] [3718dd91-7dc3-44a4-9dfd-61df891efabd] GET /api/auth/me from 127.0.0.1 by Anonymous
2026-08-11 12:48:47.301 +05:30 [INF] [3718dd91-7dc3-44a4-9dfd-61df891efabd] GET /api/auth/me responded 200 in 619ms
2026-08-11 12:48:47.316 +05:30 [INF] [c8ce0951-3732-4f56-ac6e-6c26432f8cfb] GET /api/auth/me from 127.0.0.1 by Anonymous
2026-08-11 12:48:47.357 +05:30 [INF] [c8ce0951-3732-4f56-ac6e-6c26432f8cfb] GET /api/auth/me responded 200 in 39ms
2026-08-11 12:48:47.734 +05:30 [INF] [14e124c5-fc27-4b6a-842b-f90c3e351320] GET /api/students/08dee7c6-325f-4751-84f1-0925ef1b04a7 from 127.0.0.1 by Anonymous
2026-08-11 12:48:47.859 +05:30 [INF] [14e124c5-fc27-4b6a-842b-f90c3e351320] GET /api/students/08dee7c6-325f-4751-84f1-0925ef1b04a7 responded 200 in 123ms
2026-08-11 12:48:47.873 +05:30 [INF] [931ee0c0-18d9-4780-b424-89822d1bb9ef] GET /api/students/08dee7c6-325f-4751-84f1-0925ef1b04a7 from 127.0.0.1 by Anonymous
2026-08-11 12:48:47.911 +05:30 [INF] [931ee0c0-18d9-4780-b424-89822d1bb9ef] GET /api/students/08dee7c6-325f-4751-84f1-0925ef1b04a7 responded 200 in 37ms
2026-08-11 12:48:50.101 +05:30 [INF] [bbb55127-15a4-43bb-a49b-b8053a4396a7] GET /api/attendance/student/08dee7c6-325f-4751-84f1-0925ef1b04a7 from 127.0.0.1 by Anonymous
2026-08-11 12:48:50.134 +05:30 [INF] [bbb55127-15a4-43bb-a49b-b8053a4396a7] GET /api/attendance/student/08dee7c6-325f-4751-84f1-0925ef1b04a7 responded 200 in 31ms
2026-08-11 12:48:52.304 +05:30 [INF] [f5051c50-676b-4568-9eff-29ad832f4da9] GET /api/exams/student/08dee7c6-325f-4751-84f1-0925ef1b04a7/results from 127.0.0.1 by Anonymous
2026-08-11 12:48:52.328 +05:30 [INF] [f5051c50-676b-4568-9eff-29ad832f4da9] GET /api/exams/student/08dee7c6-325f-4751-84f1-0925ef1b04a7/results responded 200 in 24ms
2026-08-11 12:48:53.474 +05:30 [INF] [0b7d83a1-6c70-472c-a457-43b284ccb3c1] GET /api/fees/summary/08dee7c6-325f-4751-84f1-0925ef1b04a7 from 127.0.0.1 by Anonymous
2026-08-11 12:48:53.531 +05:30 [INF] [0b7d83a1-6c70-472c-a457-43b284ccb3c1] GET /api/fees/summary/08dee7c6-325f-4751-84f1-0925ef1b04a7 responded 200 in 56ms
2026-08-11 12:49:01.933 +05:30 [INF] [d4788caf-ae8e-4f6f-9940-61069ab0804c] GET /api/students/08dee7c6-325f-4751-84f1-0925ef1b04a7/documents from 127.0.0.1 by Anonymous
2026-08-11 12:49:01.957 +05:30 [INF] [d4788caf-ae8e-4f6f-9940-61069ab0804c] GET /api/students/08dee7c6-325f-4751-84f1-0925ef1b04a7/documents responded 200 in 23ms
2026-08-11 12:49:05.259 +05:30 [INF] [076d241b-1cf6-4b9e-b40c-3764b3d1c7ee] GET /api/students from 127.0.0.1 by Anonymous
2026-08-11 12:49:05.505 +05:30 [INF] [076d241b-1cf6-4b9e-b40c-3764b3d1c7ee] GET /api/students responded 200 in 245ms
2026-08-11 12:49:05.513 +05:30 [INF] [41cab090-20c3-4f81-b53e-e8c10793e7a6] GET /api/students from 127.0.0.1 by Anonymous
2026-08-11 12:49:05.548 +05:30 [INF] [41cab090-20c3-4f81-b53e-e8c10793e7a6] GET /api/students responded 200 in 34ms
2026-08-11 12:49:07.958 +05:30 [INF] [e4061315-1900-4a5c-a922-cdca71a7ce51] GET /api/students/08def6d4-3170-4474-8196-56d5e14188db from 127.0.0.1 by Anonymous
2026-08-11 12:49:07.981 +05:30 [INF] [e4061315-1900-4a5c-a922-cdca71a7ce51] GET /api/students/08def6d4-3170-4474-8196-56d5e14188db responded 200 in 22ms
2026-08-11 12:49:07.985 +05:30 [INF] [076efea4-6c5c-47ad-881f-306c4346b316] GET /api/students/08def6d4-3170-4474-8196-56d5e14188db from 127.0.0.1 by Anonymous
2026-08-11 12:49:08.008 +05:30 [INF] [076efea4-6c5c-47ad-881f-306c4346b316] GET /api/students/08def6d4-3170-4474-8196-56d5e14188db responded 200 in 22ms
2026-08-11 12:49:09.384 +05:30 [INF] [07e4f976-447b-47b4-9931-0ac4f298e764] GET /api/attendance/student/08def6d4-3170-4474-8196-56d5e14188db from 127.0.0.1 by Anonymous
2026-08-11 12:49:09.407 +05:30 [INF] [07e4f976-447b-47b4-9931-0ac4f298e764] GET /api/attendance/student/08def6d4-3170-4474-8196-56d5e14188db responded 200 in 22ms
2026-08-11 12:49:10.531 +05:30 [INF] [0880de44-9f7f-4213-9162-6ff43eb91238] GET /api/exams/student/08def6d4-3170-4474-8196-56d5e14188db/results from 127.0.0.1 by Anonymous
2026-08-11 12:49:10.561 +05:30 [INF] [0880de44-9f7f-4213-9162-6ff43eb91238] GET /api/exams/student/08def6d4-3170-4474-8196-56d5e14188db/results responded 200 in 29ms
2026-08-11 12:49:11.290 +05:30 [INF] [80b126cc-114d-4492-a463-b29421d437f8] GET /api/fees/summary/08def6d4-3170-4474-8196-56d5e14188db from 127.0.0.1 by Anonymous
2026-08-11 12:49:11.349 +05:30 [INF] [80b126cc-114d-4492-a463-b29421d437f8] GET /api/fees/summary/08def6d4-3170-4474-8196-56d5e14188db responded 200 in 57ms
2026-08-11 12:49:11.848 +05:30 [INF] [24f5469f-7816-4027-a888-a3f7551087dc] GET /api/students/08def6d4-3170-4474-8196-56d5e14188db/documents from 127.0.0.1 by Anonymous
2026-08-11 12:49:11.867 +05:30 [INF] [24f5469f-7816-4027-a888-a3f7551087dc] GET /api/students/08def6d4-3170-4474-8196-56d5e14188db/documents responded 200 in 18ms
2026-08-11 12:49:15.232 +05:30 [INF] [c3c75816-2ef0-4bf7-85f3-442765dad251] GET /api/students from 127.0.0.1 by Anonymous
2026-08-11 12:49:15.267 +05:30 [INF] [c3c75816-2ef0-4bf7-85f3-442765dad251] GET /api/students responded 200 in 35ms
2026-08-11 12:49:15.277 +05:30 [INF] [8d56d0f2-fcee-44d8-ac7b-252e98606e07] GET /api/students from 127.0.0.1 by Anonymous
2026-08-11 12:49:15.298 +05:30 [INF] [8d56d0f2-fcee-44d8-ac7b-252e98606e07] GET /api/students responded 200 in 20ms
2026-08-11 12:49:17.418 +05:30 [INF] [04dac501-3eae-4a1c-ace9-cbfcb90440e6] GET /api/students/08def772-98ea-4bf8-8318-a982e3677aec from 127.0.0.1 by Anonymous
2026-08-11 12:49:17.449 +05:30 [INF] [04dac501-3eae-4a1c-ace9-cbfcb90440e6] GET /api/students/08def772-98ea-4bf8-8318-a982e3677aec responded 200 in 30ms
2026-08-11 12:49:17.454 +05:30 [INF] [d6d4db3c-df1b-450a-84f4-363087c0965c] GET /api/students/08def772-98ea-4bf8-8318-a982e3677aec from 127.0.0.1 by Anonymous
2026-08-11 12:49:17.478 +05:30 [INF] [d6d4db3c-df1b-450a-84f4-363087c0965c] GET /api/students/08def772-98ea-4bf8-8318-a982e3677aec responded 200 in 24ms
2026-08-11 12:49:18.414 +05:30 [INF] [7f9cc395-01ba-4638-9ddc-102c7fa2886a] GET /api/attendance/student/08def772-98ea-4bf8-8318-a982e3677aec from 127.0.0.1 by Anonymous
2026-08-11 12:49:18.443 +05:30 [INF] [7f9cc395-01ba-4638-9ddc-102c7fa2886a] GET /api/attendance/student/08def772-98ea-4bf8-8318-a982e3677aec responded 200 in 25ms
2026-08-11 12:49:20.111 +05:30 [INF] [1dc52173-1363-479d-a1f2-1bff71f686ca] GET /api/exams/student/08def772-98ea-4bf8-8318-a982e3677aec/results from 127.0.0.1 by Anonymous
2026-08-11 12:49:20.129 +05:30 [INF] [1dc52173-1363-479d-a1f2-1bff71f686ca] GET /api/exams/student/08def772-98ea-4bf8-8318-a982e3677aec/results responded 200 in 17ms
2026-08-11 12:49:21.090 +05:30 [INF] [35c1c8df-5a74-4e0a-a5a6-799cfa083433] GET /api/fees/summary/08def772-98ea-4bf8-8318-a982e3677aec from 127.0.0.1 by Anonymous
2026-08-11 12:49:21.121 +05:30 [INF] [35c1c8df-5a74-4e0a-a5a6-799cfa083433] GET /api/fees/summary/08def772-98ea-4bf8-8318-a982e3677aec responded 200 in 30ms
2026-08-11 12:49:21.684 +05:30 [INF] [7d9c8ef4-bb7d-4f4f-947a-84fcf948ce25] GET /api/students/08def772-98ea-4bf8-8318-a982e3677aec/documents from 127.0.0.1 by Anonymous
2026-08-11 12:49:21.704 +05:30 [INF] [7d9c8ef4-bb7d-4f4f-947a-84fcf948ce25] GET /api/students/08def772-98ea-4bf8-8318-a982e3677aec/documents responded 200 in 19ms
2026-08-11 12:49:25.002 +05:30 [INF] [4f39a26d-be28-48cc-833b-95251849d7f1] GET /api/students from 127.0.0.1 by Anonymous
2026-08-11 12:49:25.036 +05:30 [INF] [4f39a26d-be28-48cc-833b-95251849d7f1] GET /api/students responded 200 in 33ms
2026-08-11 12:49:25.046 +05:30 [INF] [5bc98081-d0a7-4b00-87de-7be1958c5469] GET /api/students from 127.0.0.1 by Anonymous
2026-08-11 12:49:25.071 +05:30 [INF] [5bc98081-d0a7-4b00-87de-7be1958c5469] GET /api/students responded 200 in 24ms
2026-08-11 12:49:30.266 +05:30 [INF] [bc1c87e9-8a2c-4810-a905-703f6856e804] POST /api/auth/logout from 127.0.0.1 by Anonymous
2026-08-11 12:49:30.341 +05:30 [INF] [bc1c87e9-8a2c-4810-a905-703f6856e804] POST /api/auth/logout responded 415 in 74ms
2026-08-11 12:51:57.780 +05:30 [INF] [cf59066b-4462-483e-b01b-476496130d36] POST /api/auth/login from 127.0.0.1 by Anonymous
2026-08-11 12:51:58.118 +05:30 [INF] [cf59066b-4462-483e-b01b-476496130d36] POST /api/auth/login responded 200 in 335ms
2026-08-11 12:51:58.804 +05:30 [INF] [6b1c4c05-6525-4a58-8900-1dc5de62a101] GET /api/dashboard/stats from 127.0.0.1 by Anonymous
2026-08-11 12:51:58.809 +05:30 [INF] [8e13222d-c9ac-425b-84ec-5c665edfef0b] GET /api/dashboard/attendance-chart from 127.0.0.1 by Anonymous
2026-08-11 12:51:59.629 +05:30 [WRN] The query uses a row limiting operator ('Skip'/'Take') without an 'OrderBy' operator. This may lead to unpredictable results. If the 'Distinct' operator is used after 'OrderBy', then make sure to use the 'OrderBy' operator after 'Distinct' as the ordering would otherwise get erased.
2026-08-11 12:51:59.629 +05:30 [WRN] The query uses a row limiting operator ('Skip'/'Take') without an 'OrderBy' operator. This may lead to unpredictable results. If the 'Distinct' operator is used after 'OrderBy', then make sure to use the 'OrderBy' operator after 'Distinct' as the ordering would otherwise get erased.
2026-08-11 12:51:59.685 +05:30 [INF] [6b1c4c05-6525-4a58-8900-1dc5de62a101] GET /api/dashboard/stats responded 200 in 880ms
2026-08-11 12:51:59.701 +05:30 [INF] [5fa00d35-053d-4c7c-a52b-6ca5f35decc1] GET /api/dashboard/stats from 127.0.0.1 by Anonymous
2026-08-11 12:51:59.850 +05:30 [INF] [5fa00d35-053d-4c7c-a52b-6ca5f35decc1] GET /api/dashboard/stats responded 200 in 148ms
2026-08-11 12:51:59.855 +05:30 [INF] [8e13222d-c9ac-425b-84ec-5c665edfef0b] GET /api/dashboard/attendance-chart responded 200 in 1045ms
2026-08-11 12:51:59.871 +05:30 [INF] [f8329e47-a840-4247-83b3-ed5b4672253c] GET /api/dashboard/attendance-chart from 127.0.0.1 by Anonymous
2026-08-11 12:52:00.828 +05:30 [INF] [f8329e47-a840-4247-83b3-ed5b4672253c] GET /api/dashboard/attendance-chart responded 200 in 956ms
2026-08-11 12:52:05.762 +05:30 [INF] [c8a26535-2516-4bdc-bf6e-4d208636c60d] GET /api/schools from 127.0.0.1 by Anonymous
2026-08-11 12:52:05.794 +05:30 [WRN] The query uses a row limiting operator ('Skip'/'Take') without an 'OrderBy' operator. This may lead to unpredictable results. If the 'Distinct' operator is used after 'OrderBy', then make sure to use the 'OrderBy' operator after 'Distinct' as the ordering would otherwise get erased.
2026-08-11 12:52:05.794 +05:30 [WRN] The query uses a row limiting operator ('Skip'/'Take') without an 'OrderBy' operator. This may lead to unpredictable results. If the 'Distinct' operator is used after 'OrderBy', then make sure to use the 'OrderBy' operator after 'Distinct' as the ordering would otherwise get erased.
2026-08-11 12:52:05.834 +05:30 [INF] [c8a26535-2516-4bdc-bf6e-4d208636c60d] GET /api/schools responded 200 in 71ms
2026-08-11 12:52:05.846 +05:30 [INF] [471ca9c3-88e5-4789-8b33-b2bc16189ff9] GET /api/schools from 127.0.0.1 by Anonymous
2026-08-11 12:52:05.860 +05:30 [INF] [861ce6d0-5ba4-4af9-85a5-aedf0ce2be97] GET /api/schools/93cfbeb0-5697-4af4-9f0b-0115e7e2e14a/classes from 127.0.0.1 by Anonymous
2026-08-11 12:52:05.875 +05:30 [INF] [471ca9c3-88e5-4789-8b33-b2bc16189ff9] GET /api/schools responded 200 in 27ms
2026-08-11 12:52:05.921 +05:30 [INF] [861ce6d0-5ba4-4af9-85a5-aedf0ce2be97] GET /api/schools/93cfbeb0-5697-4af4-9f0b-0115e7e2e14a/classes responded 200 in 60ms
2026-08-11 12:52:05.930 +05:30 [INF] [7d39ab6c-69a1-445b-b1b0-1f2ee5179857] GET /api/schools/93cfbeb0-5697-4af4-9f0b-0115e7e2e14a/subjects from 127.0.0.1 by Anonymous
2026-08-11 12:52:05.930 +05:30 [INF] [3282b4ef-5e7f-4134-961d-067aba6d59d6] GET /api/schools/93cfbeb0-5697-4af4-9f0b-0115e7e2e14a/classes from 127.0.0.1 by Anonymous
2026-08-11 12:52:05.949 +05:30 [INF] [3282b4ef-5e7f-4134-961d-067aba6d59d6] GET /api/schools/93cfbeb0-5697-4af4-9f0b-0115e7e2e14a/classes responded 200 in 18ms
2026-08-11 12:52:06.055 +05:30 [INF] [7d39ab6c-69a1-445b-b1b0-1f2ee5179857] GET /api/schools/93cfbeb0-5697-4af4-9f0b-0115e7e2e14a/subjects responded 200 in 125ms
2026-08-11 12:52:06.072 +05:30 [INF] [2840d48d-9921-4027-b988-2d33849aa927] GET /api/schools/93cfbeb0-5697-4af4-9f0b-0115e7e2e14a/subjects from 127.0.0.1 by Anonymous
2026-08-11 12:52:06.085 +05:30 [INF] [80fbba07-c70c-40f6-a230-be16c2cfdf0e] GET /api/teachers from 127.0.0.1 by Anonymous
2026-08-11 12:52:06.104 +05:30 [INF] [2840d48d-9921-4027-b988-2d33849aa927] GET /api/schools/93cfbeb0-5697-4af4-9f0b-0115e7e2e14a/subjects responded 200 in 30ms
2026-08-11 12:52:06.222 +05:30 [INF] [80fbba07-c70c-40f6-a230-be16c2cfdf0e] GET /api/teachers responded 200 in 137ms
2026-08-11 12:52:06.243 +05:30 [INF] [bc9221a8-3aa8-4a8a-bdbf-507d27e89957] GET /api/teachers from 127.0.0.1 by Anonymous
2026-08-11 12:52:06.271 +05:30 [INF] [bc9221a8-3aa8-4a8a-bdbf-507d27e89957] GET /api/teachers responded 200 in 27ms
2026-08-11 12:53:49.268 +05:30 [INF] [76eb8f84-2c6a-4867-8d4f-aec27519a9dd] GET /api/parents from 127.0.0.1 by Anonymous
2026-08-11 12:53:49.820 +05:30 [INF] [76eb8f84-2c6a-4867-8d4f-aec27519a9dd] GET /api/parents responded 200 in 550ms
2026-08-11 12:53:49.825 +05:30 [INF] [5cea1e5b-1c52-47a9-9674-ffe37f010cc4] GET /api/parents from 127.0.0.1 by Anonymous
2026-08-11 12:53:49.846 +05:30 [INF] [5cea1e5b-1c52-47a9-9674-ffe37f010cc4] GET /api/parents responded 200 in 21ms
2026-08-11 12:53:55.501 +05:30 [INF] [1d2319a2-81c4-44a5-b96a-ade8a253ea99] GET /api/parents/08def447-9b5c-4fdc-810a-1056f866c277 from 127.0.0.1 by Anonymous
2026-08-11 12:53:55.649 +05:30 [WRN] Compiling a query which loads related collections for more than one collection navigation, either via 'Include' or through projection, but no 'QuerySplittingBehavior' has been configured. By default, Entity Framework will use 'QuerySplittingBehavior.SingleQuery', which can potentially result in slow query performance. See https://go.microsoft.com/fwlink/?linkid=2134277 for more information. To identify the query that's triggering this warning call 'ConfigureWarnings(w => w.Throw(RelationalEventId.MultipleCollectionIncludeWarning))'.
2026-08-11 12:53:55.690 +05:30 [INF] [1d2319a2-81c4-44a5-b96a-ade8a253ea99] GET /api/parents/08def447-9b5c-4fdc-810a-1056f866c277 responded 200 in 188ms
2026-08-11 12:53:55.697 +05:30 [INF] [a8bb4a2c-43d7-4b4a-b86b-046d57a90d92] GET /api/parents/08def447-9b5c-4fdc-810a-1056f866c277 from 127.0.0.1 by Anonymous
2026-08-11 12:53:55.724 +05:30 [INF] [a8bb4a2c-43d7-4b4a-b86b-046d57a90d92] GET /api/parents/08def447-9b5c-4fdc-810a-1056f866c277 responded 200 in 25ms
2026-08-11 12:54:00.704 +05:30 [INF] [e9babfe3-c4f9-4723-9f4b-7c471478b882] GET /api/schools from 127.0.0.1 by Anonymous
2026-08-11 12:54:00.725 +05:30 [INF] [e9babfe3-c4f9-4723-9f4b-7c471478b882] GET /api/schools responded 200 in 20ms
2026-08-11 12:54:00.734 +05:30 [INF] [ed593c7e-e045-4d4a-a773-076b74b0e79f] GET /api/schools from 127.0.0.1 by Anonymous
2026-08-11 12:54:00.750 +05:30 [INF] [5412b2c0-9df7-4cb9-bb86-af09a32aa8d9] GET /api/schools/93cfbeb0-5697-4af4-9f0b-0115e7e2e14a/classes from 127.0.0.1 by Anonymous
2026-08-11 12:54:00.761 +05:30 [INF] [ed593c7e-e045-4d4a-a773-076b74b0e79f] GET /api/schools responded 200 in 26ms
2026-08-11 12:54:00.776 +05:30 [INF] [5412b2c0-9df7-4cb9-bb86-af09a32aa8d9] GET /api/schools/93cfbeb0-5697-4af4-9f0b-0115e7e2e14a/classes responded 200 in 25ms
2026-08-11 12:54:00.792 +05:30 [INF] [3fbe061a-4b1c-46b8-aa62-004fea4458a5] GET /api/schools/93cfbeb0-5697-4af4-9f0b-0115e7e2e14a/classes from 127.0.0.1 by Anonymous
2026-08-11 12:54:00.802 +05:30 [INF] [b247a225-f930-4fcb-beb0-96c546269e61] GET /api/schools/93cfbeb0-5697-4af4-9f0b-0115e7e2e14a/subjects from 127.0.0.1 by Anonymous
2026-08-11 12:54:00.808 +05:30 [INF] [3fbe061a-4b1c-46b8-aa62-004fea4458a5] GET /api/schools/93cfbeb0-5697-4af4-9f0b-0115e7e2e14a/classes responded 200 in 15ms
2026-08-11 12:54:00.837 +05:30 [INF] [b247a225-f930-4fcb-beb0-96c546269e61] GET /api/schools/93cfbeb0-5697-4af4-9f0b-0115e7e2e14a/subjects responded 200 in 31ms
2026-08-11 12:54:00.852 +05:30 [INF] [8c5f2d35-4246-4d29-a179-5a0f6ebb7037] GET /api/schools/93cfbeb0-5697-4af4-9f0b-0115e7e2e14a/subjects from 127.0.0.1 by Anonymous
2026-08-11 12:54:00.871 +05:30 [INF] [8abdb931-2b6d-40f1-943f-7bb53c789375] GET /api/teachers from 127.0.0.1 by Anonymous
2026-08-11 12:54:00.879 +05:30 [INF] [8c5f2d35-4246-4d29-a179-5a0f6ebb7037] GET /api/schools/93cfbeb0-5697-4af4-9f0b-0115e7e2e14a/subjects responded 200 in 26ms
2026-08-11 12:54:00.894 +05:30 [INF] [8abdb931-2b6d-40f1-943f-7bb53c789375] GET /api/teachers responded 200 in 22ms
2026-08-11 12:54:00.912 +05:30 [INF] [585ecc4f-4ecc-45c4-94b4-476666bd1192] GET /api/teachers from 127.0.0.1 by Anonymous
2026-08-11 12:54:00.929 +05:30 [INF] [585ecc4f-4ecc-45c4-94b4-476666bd1192] GET /api/teachers responded 200 in 17ms
2026-08-11 12:54:07.867 +05:30 [INF] [33c170ac-a814-4d1c-a093-b01be2504fc2] GET /api/teachers from 127.0.0.1 by Anonymous
2026-08-11 12:54:07.886 +05:30 [INF] [33c170ac-a814-4d1c-a093-b01be2504fc2] GET /api/teachers responded 200 in 18ms
2026-08-11 12:54:07.891 +05:30 [INF] [996f0369-4022-4cf3-8429-1a308c21068b] GET /api/teachers from 127.0.0.1 by Anonymous
2026-08-11 12:54:07.908 +05:30 [INF] [996f0369-4022-4cf3-8429-1a308c21068b] GET /api/teachers responded 200 in 17ms
2026-08-11 12:54:10.893 +05:30 [INF] [60648aad-0e7c-482e-a91b-c20de5e7316f] GET /api/students from 127.0.0.1 by Anonymous
2026-08-11 12:54:10.924 +05:30 [INF] [60648aad-0e7c-482e-a91b-c20de5e7316f] GET /api/students responded 200 in 31ms
2026-08-11 12:54:10.934 +05:30 [INF] [5eaec8ac-a62d-44d9-8efd-d8f6cfb6cd5c] GET /api/students from 127.0.0.1 by Anonymous
2026-08-11 12:54:10.957 +05:30 [INF] [5eaec8ac-a62d-44d9-8efd-d8f6cfb6cd5c] GET /api/students responded 200 in 22ms
2026-08-11 12:54:13.049 +05:30 [INF] [a2f89a0e-a96c-4135-9023-c5503e90c83f] GET /api/dashboard/stats from 127.0.0.1 by Anonymous
2026-08-11 12:54:13.050 +05:30 [INF] [76f574d0-4c96-4572-bd34-96a84caeddd8] GET /api/dashboard/attendance-chart from 127.0.0.1 by Anonymous
2026-08-11 12:54:13.144 +05:30 [INF] [a2f89a0e-a96c-4135-9023-c5503e90c83f] GET /api/dashboard/stats responded 200 in 95ms
2026-08-11 12:54:13.160 +05:30 [INF] [3948dabb-2ded-4ff2-9098-1b5c8d130758] GET /api/dashboard/stats from 127.0.0.1 by Anonymous
2026-08-11 12:54:13.317 +05:30 [INF] [3948dabb-2ded-4ff2-9098-1b5c8d130758] GET /api/dashboard/stats responded 200 in 156ms
2026-08-11 12:54:14.093 +05:30 [INF] [76f574d0-4c96-4572-bd34-96a84caeddd8] GET /api/dashboard/attendance-chart responded 200 in 1043ms
2026-08-11 12:54:14.105 +05:30 [INF] [fc23e096-6da8-4160-b3d5-07f717f5916f] GET /api/dashboard/attendance-chart from 127.0.0.1 by Anonymous
2026-08-11 12:54:14.825 +05:30 [INF] [fc23e096-6da8-4160-b3d5-07f717f5916f] GET /api/dashboard/attendance-chart responded 200 in 719ms
2026-08-11 12:54:15.832 +05:30 [INF] [8428146b-295c-46af-9c59-d78951ac42fc] GET /api/exams from 127.0.0.1 by Anonymous
2026-08-11 12:54:16.068 +05:30 [INF] [8428146b-295c-46af-9c59-d78951ac42fc] GET /api/exams responded 200 in 236ms
2026-08-11 12:54:16.074 +05:30 [INF] [44c7dac5-864b-4c89-b9d5-9609ef6273b3] GET /api/exams from 127.0.0.1 by Anonymous
2026-08-11 12:54:16.091 +05:30 [INF] [44c7dac5-864b-4c89-b9d5-9609ef6273b3] GET /api/exams responded 200 in 16ms
2026-08-11 12:54:19.851 +05:30 [INF] [0d560e94-bfe3-4bf7-80a7-d4c257c31251] GET /api/homework from 127.0.0.1 by Anonymous
2026-08-11 12:54:20.089 +05:30 [INF] [0d560e94-bfe3-4bf7-80a7-d4c257c31251] GET /api/homework responded 200 in 238ms
2026-08-11 12:54:20.098 +05:30 [INF] [49cbff03-69aa-4a35-8e13-5d279c235cba] GET /api/homework from 127.0.0.1 by Anonymous
2026-08-11 12:54:20.120 +05:30 [INF] [49cbff03-69aa-4a35-8e13-5d279c235cba] GET /api/homework responded 200 in 21ms
2026-08-11 12:54:25.711 +05:30 [INF] [86cf00cd-06dc-4ac0-9f7e-a0a07c8782e2] GET /api/dashboard/stats from 127.0.0.1 by Anonymous
2026-08-11 12:54:25.713 +05:30 [INF] [f893d4e0-b15c-44d5-97e7-9497a18754ba] GET /api/dashboard/attendance-chart from 127.0.0.1 by Anonymous
2026-08-11 12:54:25.813 +05:30 [INF] [86cf00cd-06dc-4ac0-9f7e-a0a07c8782e2] GET /api/dashboard/stats responded 200 in 101ms
2026-08-11 12:54:25.822 +05:30 [INF] [8972fe30-23db-4820-a221-1b0a990af489] GET /api/dashboard/stats from 127.0.0.1 by Anonymous
2026-08-11 12:54:25.965 +05:30 [INF] [8972fe30-23db-4820-a221-1b0a990af489] GET /api/dashboard/stats responded 200 in 142ms
2026-08-11 12:54:26.534 +05:30 [INF] [f893d4e0-b15c-44d5-97e7-9497a18754ba] GET /api/dashboard/attendance-chart responded 200 in 821ms
2026-08-11 12:54:26.540 +05:30 [INF] [a05b06e8-ce91-41d8-876a-2f2470c38ba4] GET /api/dashboard/attendance-chart from 127.0.0.1 by Anonymous
2026-08-11 12:54:27.190 +05:30 [INF] [a05b06e8-ce91-41d8-876a-2f2470c38ba4] GET /api/dashboard/attendance-chart responded 200 in 648ms
2026-08-11 12:54:28.610 +05:30 [INF] [f493f66a-e603-4fdc-9ccb-f12270ce0ca0] GET /api/transport/routes from 127.0.0.1 by Anonymous
2026-08-11 12:54:28.620 +05:30 [INF] [88c53c7d-ec69-4b1b-853a-331b95ae8e48] GET /api/students from 127.0.0.1 by Anonymous
2026-08-11 12:54:28.655 +05:30 [INF] [88c53c7d-ec69-4b1b-853a-331b95ae8e48] GET /api/students responded 200 in 34ms
2026-08-11 12:54:28.662 +05:30 [INF] [398d58a8-ddc7-48bf-a64c-158e12dab7d4] GET /api/students from 127.0.0.1 by Anonymous
2026-08-11 12:54:28.694 +05:30 [INF] [398d58a8-ddc7-48bf-a64c-158e12dab7d4] GET /api/students responded 200 in 31ms
2026-08-11 12:54:28.789 +05:30 [INF] [f493f66a-e603-4fdc-9ccb-f12270ce0ca0] GET /api/transport/routes responded 200 in 178ms
2026-08-11 12:54:28.809 +05:30 [INF] [ecaad9c5-aef6-4c3d-aaaa-89b5182c36bb] GET /api/transport/routes from 127.0.0.1 by Anonymous
2026-08-11 12:54:28.825 +05:30 [INF] [ecaad9c5-aef6-4c3d-aaaa-89b5182c36bb] GET /api/transport/routes responded 200 in 15ms
2026-08-11 12:54:32.225 +05:30 [INF] [e036e43c-b748-431f-82dd-cc13b26c68cf] GET /api/transport/vehicles from 127.0.0.1 by Anonymous
2026-08-11 12:54:32.460 +05:30 [INF] [e036e43c-b748-431f-82dd-cc13b26c68cf] GET /api/transport/vehicles responded 200 in 235ms
2026-08-11 12:54:34.269 +05:30 [INF] [81f6e9e5-d7d2-4d5e-9d3e-5f1f1ca65005] GET /api/transport/allocations from 127.0.0.1 by Anonymous
2026-08-11 12:54:34.458 +05:30 [INF] [81f6e9e5-d7d2-4d5e-9d3e-5f1f1ca65005] GET /api/transport/allocations responded 200 in 189ms
2026-08-11 12:54:36.933 +05:30 [INF] [aa2814cb-4d45-4428-8227-410ab6d435be] GET /api/transport/routes from 127.0.0.1 by Anonymous
2026-08-11 12:54:36.954 +05:30 [INF] [aa2814cb-4d45-4428-8227-410ab6d435be] GET /api/transport/routes responded 200 in 17ms
2026-08-11 12:54:38.021 +05:30 [INF] [0221924c-bc30-4dd7-b6e6-8d019c7ad836] GET /api/library from 127.0.0.1 by Anonymous
2026-08-11 12:54:38.242 +05:30 [INF] [0221924c-bc30-4dd7-b6e6-8d019c7ad836] GET /api/library responded 200 in 221ms
2026-08-11 12:54:38.253 +05:30 [INF] [8cd2e684-198f-4f85-aac3-4867c29ac57f] GET /api/library from 127.0.0.1 by Anonymous
2026-08-11 12:54:38.274 +05:30 [INF] [8cd2e684-198f-4f85-aac3-4867c29ac57f] GET /api/library responded 200 in 20ms
2026-08-11 12:54:41.447 +05:30 [INF] [3788cb6a-3029-48a7-a8a0-af34e39f9ff2] GET /api/notifications from 127.0.0.1 by Anonymous
2026-08-11 12:54:41.491 +05:30 [INF] [3788cb6a-3029-48a7-a8a0-af34e39f9ff2] GET /api/notifications responded 200 in 43ms
2026-08-11 12:54:41.497 +05:30 [INF] [dae5545d-f8d1-4d1d-aa35-a8779b36e98e] GET /api/notifications from 127.0.0.1 by Anonymous
2026-08-11 12:54:41.509 +05:30 [INF] [dae5545d-f8d1-4d1d-aa35-a8779b36e98e] GET /api/notifications responded 200 in 12ms
2026-08-11 12:54:43.230 +05:30 [INF] [d2c24c10-c544-4125-b33f-d415fe481b34] GET /api/notices/published from 127.0.0.1 by Anonymous
2026-08-11 12:54:43.273 +05:30 [INF] [d2c24c10-c544-4125-b33f-d415fe481b34] GET /api/notices/published responded 200 in 42ms
2026-08-11 12:54:43.280 +05:30 [INF] [7f6713b1-14ad-4099-97d8-58788db8dd9e] GET /api/notices/published from 127.0.0.1 by Anonymous
2026-08-11 12:54:43.291 +05:30 [INF] [7f6713b1-14ad-4099-97d8-58788db8dd9e] GET /api/notices/published responded 200 in 10ms
2026-08-11 12:54:45.466 +05:30 [INF] [85a3edb5-b463-4b8b-8cbc-4a98d5cea831] GET /api/notifications from 127.0.0.1 by Anonymous
2026-08-11 12:54:45.485 +05:30 [INF] [85a3edb5-b463-4b8b-8cbc-4a98d5cea831] GET /api/notifications responded 200 in 18ms
2026-08-11 12:54:45.490 +05:30 [INF] [44a24cd3-5f1c-41d2-992c-014216275d11] GET /api/notifications from 127.0.0.1 by Anonymous
2026-08-11 12:54:45.505 +05:30 [INF] [44a24cd3-5f1c-41d2-992c-014216275d11] GET /api/notifications responded 200 in 14ms
2026-08-11 12:54:50.136 +05:30 [INF] [29e15c21-1066-47af-b3a4-6634b61b693e] GET /api/students from 127.0.0.1 by Anonymous
2026-08-11 12:54:50.184 +05:30 [INF] [29e15c21-1066-47af-b3a4-6634b61b693e] GET /api/students responded 200 in 46ms
2026-08-11 12:54:50.189 +05:30 [INF] [d44f1798-13e9-4125-9773-7dc088e453de] GET /api/students from 127.0.0.1 by Anonymous
2026-08-11 12:54:50.215 +05:30 [INF] [d44f1798-13e9-4125-9773-7dc088e453de] GET /api/students responded 200 in 26ms
2026-08-11 12:54:52.904 +05:30 [INF] [c0c10609-2345-4474-a966-d84782ffa0a2] GET /api/teachers from 127.0.0.1 by Anonymous
2026-08-11 12:54:52.925 +05:30 [INF] [c0c10609-2345-4474-a966-d84782ffa0a2] GET /api/teachers responded 200 in 20ms
2026-08-11 12:54:52.933 +05:30 [INF] [b4dff3eb-8e86-4094-a266-703d1836525f] GET /api/teachers from 127.0.0.1 by Anonymous
2026-08-11 12:54:52.951 +05:30 [INF] [b4dff3eb-8e86-4094-a266-703d1836525f] GET /api/teachers responded 200 in 17ms
2026-08-11 12:54:59.020 +05:30 [INF] [cf5104ca-d929-4188-b287-a8bd74ce44f3] GET /api/teachers/08def773-37ee-4a97-8e8c-e09621c4f6e6 from 127.0.0.1 by Anonymous
2026-08-11 12:54:59.174 +05:30 [INF] [cf5104ca-d929-4188-b287-a8bd74ce44f3] GET /api/teachers/08def773-37ee-4a97-8e8c-e09621c4f6e6 responded 200 in 153ms
2026-08-11 12:54:59.191 +05:30 [INF] [9596979c-95d1-4abc-bda1-7f05c93f0479] GET /api/teachers/08def773-37ee-4a97-8e8c-e09621c4f6e6 from 127.0.0.1 by Anonymous
2026-08-11 12:54:59.216 +05:30 [INF] [9596979c-95d1-4abc-bda1-7f05c93f0479] GET /api/teachers/08def773-37ee-4a97-8e8c-e09621c4f6e6 responded 200 in 25ms
2026-08-11 12:55:01.936 +05:30 [INF] [09e72e8b-c7a7-47af-901c-9f13d9fc3ff5] GET /api/schools from 127.0.0.1 by Anonymous
2026-08-11 12:55:01.962 +05:30 [INF] [09e72e8b-c7a7-47af-901c-9f13d9fc3ff5] GET /api/schools responded 200 in 26ms
2026-08-11 12:55:01.979 +05:30 [INF] [dd820b4b-1dd3-434a-bddb-c96a34b07ccd] GET /api/schools from 127.0.0.1 by Anonymous
2026-08-11 12:55:01.994 +05:30 [INF] [f9b374a7-37c9-4ed2-b64e-59c04e91fd19] GET /api/schools/93cfbeb0-5697-4af4-9f0b-0115e7e2e14a/classes from 127.0.0.1 by Anonymous
2026-08-11 12:55:01.997 +05:30 [INF] [dd820b4b-1dd3-434a-bddb-c96a34b07ccd] GET /api/schools responded 200 in 17ms
2026-08-11 12:55:02.015 +05:30 [INF] [f9b374a7-37c9-4ed2-b64e-59c04e91fd19] GET /api/schools/93cfbeb0-5697-4af4-9f0b-0115e7e2e14a/classes responded 200 in 20ms
2026-08-11 12:55:02.026 +05:30 [INF] [51b1ba7f-7ccc-4d40-b66a-4cfae541f0be] GET /api/schools/93cfbeb0-5697-4af4-9f0b-0115e7e2e14a/classes from 127.0.0.1 by Anonymous
2026-08-11 12:55:02.036 +05:30 [INF] [809de812-259c-4afb-ac57-2267092c1c0d] GET /api/schools/93cfbeb0-5697-4af4-9f0b-0115e7e2e14a/subjects from 127.0.0.1 by Anonymous
2026-08-11 12:55:02.054 +05:30 [INF] [51b1ba7f-7ccc-4d40-b66a-4cfae541f0be] GET /api/schools/93cfbeb0-5697-4af4-9f0b-0115e7e2e14a/classes responded 200 in 27ms
2026-08-11 12:55:02.059 +05:30 [INF] [809de812-259c-4afb-ac57-2267092c1c0d] GET /api/schools/93cfbeb0-5697-4af4-9f0b-0115e7e2e14a/subjects responded 200 in 22ms
2026-08-11 12:55:02.071 +05:30 [INF] [88f4f683-8dd2-4220-93d3-f200c3e1ec79] GET /api/schools/93cfbeb0-5697-4af4-9f0b-0115e7e2e14a/subjects from 127.0.0.1 by Anonymous
2026-08-11 12:55:02.076 +05:30 [INF] [907f2c89-1b72-4360-9336-4ddd46730a90] GET /api/teachers from 127.0.0.1 by Anonymous
2026-08-11 12:55:02.093 +05:30 [INF] [88f4f683-8dd2-4220-93d3-f200c3e1ec79] GET /api/schools/93cfbeb0-5697-4af4-9f0b-0115e7e2e14a/subjects responded 200 in 21ms
2026-08-11 12:55:02.101 +05:30 [INF] [907f2c89-1b72-4360-9336-4ddd46730a90] GET /api/teachers responded 200 in 24ms
2026-08-11 12:55:02.107 +05:30 [INF] [b84ff878-b181-43b8-ae39-09417d8ead13] GET /api/teachers from 127.0.0.1 by Anonymous
2026-08-11 12:55:02.127 +05:30 [INF] [b84ff878-b181-43b8-ae39-09417d8ead13] GET /api/teachers responded 200 in 18ms
2026-08-11 12:55:11.555 +05:30 [INF] [85c8b7cf-bb95-4328-98e2-6e2f225509ac] GET /api/exams from 127.0.0.1 by Anonymous
2026-08-11 12:55:11.580 +05:30 [INF] [85c8b7cf-bb95-4328-98e2-6e2f225509ac] GET /api/exams responded 200 in 25ms
2026-08-11 12:55:11.589 +05:30 [INF] [478651f5-d9b4-4be9-b803-3e30c73cf155] GET /api/exams from 127.0.0.1 by Anonymous
2026-08-11 12:55:11.611 +05:30 [INF] [478651f5-d9b4-4be9-b803-3e30c73cf155] GET /api/exams responded 200 in 21ms
2026-08-11 12:55:17.503 +05:30 [INF] [b80706a5-b641-466e-914f-5b56e9622c6f] GET /api/homework from 127.0.0.1 by Anonymous
2026-08-11 12:55:17.536 +05:30 [INF] [b80706a5-b641-466e-914f-5b56e9622c6f] GET /api/homework responded 200 in 32ms
2026-08-11 12:55:17.540 +05:30 [INF] [ee1a55af-d0b9-455a-99ea-117c798a22e3] GET /api/homework from 127.0.0.1 by Anonymous
2026-08-11 12:55:17.562 +05:30 [INF] [ee1a55af-d0b9-455a-99ea-117c798a22e3] GET /api/homework responded 200 in 21ms
2026-08-11 12:55:20.402 +05:30 [INF] [60982697-80a9-4e1e-a2a5-82adfec89394] GET /api/exams from 127.0.0.1 by Anonymous
2026-08-11 12:55:20.431 +05:30 [INF] [60982697-80a9-4e1e-a2a5-82adfec89394] GET /api/exams responded 200 in 28ms
2026-08-11 12:55:20.435 +05:30 [INF] [b1717a0a-0220-464e-986e-fd499f1db068] GET /api/exams from 127.0.0.1 by Anonymous
2026-08-11 12:55:20.512 +05:30 [INF] [b1717a0a-0220-464e-986e-fd499f1db068] GET /api/exams responded 200 in 76ms
2026-08-11 12:56:15.238 +05:30 [INF] [6a6a87b2-32f0-4891-adf4-6a85252420e5] POST /api/auth/logout from 127.0.0.1 by Anonymous
2026-08-11 12:56:15.264 +05:30 [INF] [6a6a87b2-32f0-4891-adf4-6a85252420e5] POST /api/auth/logout responded 415 in 25ms
2026-08-11 12:56:40.101 +05:30 [INF] [c7b10b11-c9e0-4605-96a1-ffc69e099503] POST /api/auth/login from 127.0.0.1 by Anonymous
2026-08-11 12:56:40.412 +05:30 [INF] [c7b10b11-c9e0-4605-96a1-ffc69e099503] POST /api/auth/login responded 200 in 310ms
2026-08-11 12:56:40.752 +05:30 [INF] [c8ebed60-a78d-4405-a23f-5167f727bcb7] GET /api/dashboard/stats from 127.0.0.1 by Anonymous
2026-08-11 12:56:40.755 +05:30 [INF] [ec6e90db-f4e4-465b-8075-7a7e78bbd722] GET /api/dashboard/attendance-chart from 127.0.0.1 by Anonymous
2026-08-11 12:56:40.885 +05:30 [INF] [c8ebed60-a78d-4405-a23f-5167f727bcb7] GET /api/dashboard/stats responded 200 in 132ms
2026-08-11 12:56:40.913 +05:30 [INF] [060c03dc-9416-4efa-b2be-d3f870291ee0] GET /api/dashboard/stats from 127.0.0.1 by Anonymous
2026-08-11 12:56:41.059 +05:30 [INF] [060c03dc-9416-4efa-b2be-d3f870291ee0] GET /api/dashboard/stats responded 200 in 145ms
2026-08-11 12:56:41.672 +05:30 [INF] [ec6e90db-f4e4-465b-8075-7a7e78bbd722] GET /api/dashboard/attendance-chart responded 200 in 916ms
2026-08-11 12:56:41.679 +05:30 [INF] [a70976f4-045c-4c41-affd-50d7b8d53329] GET /api/dashboard/attendance-chart from 127.0.0.1 by Anonymous
2026-08-11 12:56:42.444 +05:30 [INF] [a70976f4-045c-4c41-affd-50d7b8d53329] GET /api/dashboard/attendance-chart responded 200 in 764ms
2026-08-11 12:56:42.866 +05:30 [INF] [1f43de92-3aa1-40cf-a4fe-d72d24ab4c95] GET /api/teachers from 127.0.0.1 by Anonymous
2026-08-11 12:56:42.897 +05:30 [INF] [1f43de92-3aa1-40cf-a4fe-d72d24ab4c95] GET /api/teachers responded 200 in 30ms
2026-08-11 12:56:42.910 +05:30 [INF] [1e721250-b533-40e8-b1d0-5de432349851] GET /api/teachers from 127.0.0.1 by Anonymous
2026-08-11 12:56:42.934 +05:30 [INF] [1e721250-b533-40e8-b1d0-5de432349851] GET /api/teachers responded 200 in 22ms
2026-08-11 12:56:51.542 +05:30 [INF] [a6e3acc3-5c47-43fb-8000-4ac7fab934aa] POST /api/auth/logout from 127.0.0.1 by Anonymous
2026-08-11 12:56:51.566 +05:30 [INF] [a6e3acc3-5c47-43fb-8000-4ac7fab934aa] POST /api/auth/logout responded 415 in 23ms
2026-08-11 12:57:01.298 +05:30 [INF] [e515ffc7-fb4e-437a-b0e3-690db8f2924d] POST /api/auth/login from 127.0.0.1 by Anonymous
2026-08-11 12:57:01.590 +05:30 [INF] [e515ffc7-fb4e-437a-b0e3-690db8f2924d] POST /api/auth/login responded 200 in 292ms
2026-08-11 12:57:01.892 +05:30 [INF] [52c929ff-d7ef-4705-92e0-12ff2133972c] GET /api/dashboard/stats from 127.0.0.1 by Anonymous
2026-08-11 12:57:01.896 +05:30 [INF] [368b823b-9e98-4af5-b5f3-65fcdc7a198c] GET /api/dashboard/attendance-chart from 127.0.0.1 by Anonymous
2026-08-11 12:57:01.979 +05:30 [INF] [52c929ff-d7ef-4705-92e0-12ff2133972c] GET /api/dashboard/stats responded 200 in 86ms
2026-08-11 12:57:01.989 +05:30 [INF] [8fc03db9-0846-4b03-b78a-692f8e85dbd4] GET /api/dashboard/stats from 127.0.0.1 by Anonymous
2026-08-11 12:57:02.107 +05:30 [INF] [8fc03db9-0846-4b03-b78a-692f8e85dbd4] GET /api/dashboard/stats responded 200 in 117ms
2026-08-11 12:57:02.698 +05:30 [INF] [368b823b-9e98-4af5-b5f3-65fcdc7a198c] GET /api/dashboard/attendance-chart responded 200 in 801ms
2026-08-11 12:57:02.703 +05:30 [INF] [25aa545c-d088-4404-8819-190333718427] GET /api/dashboard/attendance-chart from 127.0.0.1 by Anonymous
2026-08-11 12:57:03.415 +05:30 [INF] [25aa545c-d088-4404-8819-190333718427] GET /api/dashboard/attendance-chart responded 200 in 711ms
2026-08-11 12:57:07.650 +05:30 [INF] [c30f44c1-4eb3-4241-92e6-044f8bca5df9] GET /api/teachers from 127.0.0.1 by Anonymous
2026-08-11 12:57:07.676 +05:30 [INF] [c30f44c1-4eb3-4241-92e6-044f8bca5df9] GET /api/teachers responded 200 in 26ms
2026-08-11 12:57:07.690 +05:30 [INF] [9e749333-7b51-4ee7-87be-259eaf726e06] GET /api/teachers from 127.0.0.1 by Anonymous
2026-08-11 12:57:07.718 +05:30 [INF] [9e749333-7b51-4ee7-87be-259eaf726e06] GET /api/teachers responded 200 in 27ms
2026-08-11 12:57:09.728 +05:30 [INF] [7825ae9c-5f84-41f2-97eb-364b0ab8a570] GET /api/schools from 127.0.0.1 by Anonymous
2026-08-11 12:57:09.746 +05:30 [INF] [7825ae9c-5f84-41f2-97eb-364b0ab8a570] GET /api/schools responded 200 in 17ms
2026-08-11 12:57:09.750 +05:30 [INF] [df2e95e4-0e28-45d0-8235-72f71e25c442] GET /api/schools from 127.0.0.1 by Anonymous
2026-08-11 12:57:09.756 +05:30 [INF] [92448e9e-7ade-4004-86d7-4d9bff83f26f] GET /api/schools/93cfbeb0-5697-4af4-9f0b-0115e7e2e14a/classes from 127.0.0.1 by Anonymous
2026-08-11 12:57:09.769 +05:30 [INF] [df2e95e4-0e28-45d0-8235-72f71e25c442] GET /api/schools responded 200 in 18ms
2026-08-11 12:57:09.779 +05:30 [INF] [92448e9e-7ade-4004-86d7-4d9bff83f26f] GET /api/schools/93cfbeb0-5697-4af4-9f0b-0115e7e2e14a/classes responded 200 in 22ms
2026-08-11 12:57:09.785 +05:30 [INF] [2fe71140-fed7-4654-aaeb-150df75d1faa] GET /api/schools/93cfbeb0-5697-4af4-9f0b-0115e7e2e14a/classes from 127.0.0.1 by Anonymous
2026-08-11 12:57:09.790 +05:30 [INF] [3bdcc6fa-dd02-4718-8be6-8e4553c24bfb] GET /api/schools/93cfbeb0-5697-4af4-9f0b-0115e7e2e14a/subjects from 127.0.0.1 by Anonymous
2026-08-11 12:57:09.806 +05:30 [INF] [2fe71140-fed7-4654-aaeb-150df75d1faa] GET /api/schools/93cfbeb0-5697-4af4-9f0b-0115e7e2e14a/classes responded 200 in 21ms
2026-08-11 12:57:09.810 +05:30 [INF] [3bdcc6fa-dd02-4718-8be6-8e4553c24bfb] GET /api/schools/93cfbeb0-5697-4af4-9f0b-0115e7e2e14a/subjects responded 200 in 19ms
2026-08-11 12:57:09.821 +05:30 [INF] [8555b5b5-4a51-41e4-b5b2-6b31a08edc71] GET /api/schools/93cfbeb0-5697-4af4-9f0b-0115e7e2e14a/subjects from 127.0.0.1 by Anonymous
2026-08-11 12:57:09.837 +05:30 [INF] [8555b5b5-4a51-41e4-b5b2-6b31a08edc71] GET /api/schools/93cfbeb0-5697-4af4-9f0b-0115e7e2e14a/subjects responded 200 in 16ms
2026-08-11 12:57:09.849 +05:30 [INF] [40cc071c-3179-4a3f-92bf-3e01b7984fb1] GET /api/teachers from 127.0.0.1 by Anonymous
2026-08-11 12:57:09.867 +05:30 [INF] [40cc071c-3179-4a3f-92bf-3e01b7984fb1] GET /api/teachers responded 200 in 17ms
2026-08-11 12:57:09.876 +05:30 [INF] [ec69a776-01b2-40e0-908b-b114ea146fa1] GET /api/teachers from 127.0.0.1 by Anonymous
2026-08-11 12:57:09.892 +05:30 [INF] [ec69a776-01b2-40e0-908b-b114ea146fa1] GET /api/teachers responded 200 in 15ms
2026-08-11 12:57:11.714 +05:30 [INF] [6491506b-3a8a-4d76-b4c5-94356bb5b2ad] GET /api/parents from 127.0.0.1 by Anonymous
2026-08-11 12:57:11.751 +05:30 [INF] [6491506b-3a8a-4d76-b4c5-94356bb5b2ad] GET /api/parents responded 200 in 36ms
2026-08-11 12:57:11.758 +05:30 [INF] [a3d7d1da-da06-46d5-8d45-80f0a7d9f604] GET /api/parents from 127.0.0.1 by Anonymous
2026-08-11 12:57:11.778 +05:30 [INF] [a3d7d1da-da06-46d5-8d45-80f0a7d9f604] GET /api/parents responded 200 in 19ms
2026-08-11 12:57:14.115 +05:30 [INF] [91707489-7971-454e-918f-2fe5c5feac7f] GET /api/exams from 127.0.0.1 by Anonymous
2026-08-11 12:57:14.136 +05:30 [INF] [91707489-7971-454e-918f-2fe5c5feac7f] GET /api/exams responded 200 in 20ms
2026-08-11 12:57:14.145 +05:30 [INF] [e3bbbc3c-f8ee-41d4-9ae4-2b372e60b214] GET /api/exams from 127.0.0.1 by Anonymous
2026-08-11 12:57:14.162 +05:30 [INF] [e3bbbc3c-f8ee-41d4-9ae4-2b372e60b214] GET /api/exams responded 200 in 16ms
2026-08-11 12:57:16.291 +05:30 [INF] [843800eb-d936-4dd6-bc49-e9ff6db85316] GET /api/homework from 127.0.0.1 by Anonymous
2026-08-11 12:57:16.316 +05:30 [INF] [843800eb-d936-4dd6-bc49-e9ff6db85316] GET /api/homework responded 200 in 24ms
2026-08-11 12:57:16.328 +05:30 [INF] [6571464f-49e1-426d-961d-ef1425b1ac80] GET /api/homework from 127.0.0.1 by Anonymous
2026-08-11 12:57:16.357 +05:30 [INF] [6571464f-49e1-426d-961d-ef1425b1ac80] GET /api/homework responded 200 in 28ms
2026-08-11 12:57:21.026 +05:30 [INF] [4e6584ae-6eca-4f8f-9720-07ffb0fb169a] GET /api/dashboard/stats from 127.0.0.1 by Anonymous
2026-08-11 12:57:21.033 +05:30 [INF] [7340efd2-4b1e-47b8-baba-129d6c1289a6] GET /api/dashboard/attendance-chart from 127.0.0.1 by Anonymous
2026-08-11 12:57:21.124 +05:30 [INF] [4e6584ae-6eca-4f8f-9720-07ffb0fb169a] GET /api/dashboard/stats responded 200 in 98ms
2026-08-11 12:57:21.134 +05:30 [INF] [77a4314d-c3ad-4832-8687-58d437c19f5b] GET /api/dashboard/stats from 127.0.0.1 by Anonymous
2026-08-11 12:57:21.269 +05:30 [INF] [77a4314d-c3ad-4832-8687-58d437c19f5b] GET /api/dashboard/stats responded 200 in 135ms
2026-08-11 12:57:21.868 +05:30 [INF] [7340efd2-4b1e-47b8-baba-129d6c1289a6] GET /api/dashboard/attendance-chart responded 200 in 834ms
2026-08-11 12:57:21.874 +05:30 [INF] [c08bd6ed-d95f-4fee-b8f6-20278f244f59] GET /api/dashboard/attendance-chart from 127.0.0.1 by Anonymous
2026-08-11 12:57:22.593 +05:30 [INF] [c08bd6ed-d95f-4fee-b8f6-20278f244f59] GET /api/dashboard/attendance-chart responded 200 in 719ms
2026-08-11 12:57:22.924 +05:30 [INF] [a8866322-bc72-4ace-a165-1dbfa49704b2] GET /api/teachers from 127.0.0.1 by Anonymous
2026-08-11 12:57:22.945 +05:30 [INF] [a8866322-bc72-4ace-a165-1dbfa49704b2] GET /api/teachers responded 200 in 20ms
2026-08-11 12:57:22.954 +05:30 [INF] [be3a9d32-15ea-4e50-afd8-e53200a29cd5] GET /api/teachers from 127.0.0.1 by Anonymous
2026-08-11 12:57:22.969 +05:30 [INF] [be3a9d32-15ea-4e50-afd8-e53200a29cd5] GET /api/teachers responded 200 in 14ms
2026-08-11 12:57:24.265 +05:30 [INF] [424b9fa3-8638-4bac-8e4f-e3590a43a62e] GET /api/schools from 127.0.0.1 by Anonymous
2026-08-11 12:57:24.285 +05:30 [INF] [424b9fa3-8638-4bac-8e4f-e3590a43a62e] GET /api/schools responded 200 in 19ms
2026-08-11 12:57:24.292 +05:30 [INF] [add10f76-7394-4aeb-8ced-1b12e08a7d17] GET /api/schools from 127.0.0.1 by Anonymous
2026-08-11 12:57:24.300 +05:30 [INF] [2cc3df86-d9ea-4f3e-bce1-bcf926e0f462] GET /api/schools/93cfbeb0-5697-4af4-9f0b-0115e7e2e14a/classes from 127.0.0.1 by Anonymous
2026-08-11 12:57:24.315 +05:30 [INF] [add10f76-7394-4aeb-8ced-1b12e08a7d17] GET /api/schools responded 200 in 22ms
2026-08-11 12:57:24.325 +05:30 [INF] [2cc3df86-d9ea-4f3e-bce1-bcf926e0f462] GET /api/schools/93cfbeb0-5697-4af4-9f0b-0115e7e2e14a/classes responded 200 in 24ms
2026-08-11 12:57:24.337 +05:30 [INF] [4013237d-933b-4642-aeb0-05b343959d21] GET /api/schools/93cfbeb0-5697-4af4-9f0b-0115e7e2e14a/classes from 127.0.0.1 by Anonymous
2026-08-11 12:57:24.347 +05:30 [INF] [a7b26d2a-7880-437c-b1fc-a540cb49a94c] GET /api/schools/93cfbeb0-5697-4af4-9f0b-0115e7e2e14a/subjects from 127.0.0.1 by Anonymous
2026-08-11 12:57:24.355 +05:30 [INF] [4013237d-933b-4642-aeb0-05b343959d21] GET /api/schools/93cfbeb0-5697-4af4-9f0b-0115e7e2e14a/classes responded 200 in 18ms
2026-08-11 12:57:24.374 +05:30 [INF] [a7b26d2a-7880-437c-b1fc-a540cb49a94c] GET /api/schools/93cfbeb0-5697-4af4-9f0b-0115e7e2e14a/subjects responded 200 in 26ms
2026-08-11 12:57:24.394 +05:30 [INF] [07b2063d-a91e-4f80-9d68-a5a5133646d1] GET /api/schools/93cfbeb0-5697-4af4-9f0b-0115e7e2e14a/subjects from 127.0.0.1 by Anonymous
2026-08-11 12:57:24.404 +05:30 [INF] [56438e38-9baa-47ac-aaec-ef3e508833a0] GET /api/teachers from 127.0.0.1 by Anonymous
2026-08-11 12:57:24.414 +05:30 [INF] [07b2063d-a91e-4f80-9d68-a5a5133646d1] GET /api/schools/93cfbeb0-5697-4af4-9f0b-0115e7e2e14a/subjects responded 200 in 19ms
2026-08-11 12:57:24.428 +05:30 [INF] [56438e38-9baa-47ac-aaec-ef3e508833a0] GET /api/teachers responded 200 in 23ms
2026-08-11 12:57:24.435 +05:30 [INF] [f6411912-4f86-4a12-81fa-1ec98dfdde88] GET /api/teachers from 127.0.0.1 by Anonymous
2026-08-11 12:57:24.452 +05:30 [INF] [f6411912-4f86-4a12-81fa-1ec98dfdde88] GET /api/teachers responded 200 in 17ms
2026-08-11 12:57:25.048 +05:30 [INF] [68b2f2d2-40f4-4c1c-9bdc-76fb27e70a21] GET /api/exams from 127.0.0.1 by Anonymous
2026-08-11 12:57:25.072 +05:30 [INF] [68b2f2d2-40f4-4c1c-9bdc-76fb27e70a21] GET /api/exams responded 200 in 24ms
2026-08-11 12:57:25.088 +05:30 [INF] [3f2bd09c-4404-44ef-b56d-8dc2c963ae09] GET /api/exams from 127.0.0.1 by Anonymous
2026-08-11 12:57:25.110 +05:30 [INF] [3f2bd09c-4404-44ef-b56d-8dc2c963ae09] GET /api/exams responded 200 in 21ms
2026-08-11 13:13:35.728 +05:30 [INF] [f4f1b55b-f0aa-493b-933f-b77ffefdad83] GET /api/parents from 127.0.0.1 by Anonymous
2026-08-11 13:13:36.120 +05:30 [INF] [f4f1b55b-f0aa-493b-933f-b77ffefdad83] GET /api/parents responded 200 in 391ms
2026-08-11 13:13:36.127 +05:30 [INF] [5e7cd660-7e81-4b5b-ab98-5955c200cac4] GET /api/parents from 127.0.0.1 by Anonymous
2026-08-11 13:13:36.145 +05:30 [INF] [5e7cd660-7e81-4b5b-ab98-5955c200cac4] GET /api/parents responded 200 in 18ms
2026-08-11 13:16:30.525 +05:30 [INF] [10a57fdc-9bd5-4807-86b3-5da44d0b3d64] GET /api/schools from 127.0.0.1 by Anonymous
2026-08-11 13:16:30.554 +05:30 [INF] [10a57fdc-9bd5-4807-86b3-5da44d0b3d64] GET /api/schools responded 200 in 29ms
2026-08-11 13:16:30.558 +05:30 [INF] [2c5bce6b-c869-48f8-83af-64fa6e56f045] GET /api/schools from 127.0.0.1 by Anonymous
2026-08-11 13:16:30.567 +05:30 [INF] [5bf5c558-afeb-4103-8976-26cbe8f1b8d3] GET /api/schools/93cfbeb0-5697-4af4-9f0b-0115e7e2e14a/classes from 127.0.0.1 by Anonymous
2026-08-11 13:16:30.578 +05:30 [INF] [2c5bce6b-c869-48f8-83af-64fa6e56f045] GET /api/schools responded 200 in 19ms
2026-08-11 13:16:30.588 +05:30 [INF] [5bf5c558-afeb-4103-8976-26cbe8f1b8d3] GET /api/schools/93cfbeb0-5697-4af4-9f0b-0115e7e2e14a/classes responded 200 in 20ms
2026-08-11 13:16:30.594 +05:30 [INF] [29a5ff34-ec6b-4eb2-8210-984c363d4c77] GET /api/schools/93cfbeb0-5697-4af4-9f0b-0115e7e2e14a/classes from 127.0.0.1 by Anonymous
2026-08-11 13:16:30.602 +05:30 [INF] [7501809f-e0fb-4789-8f28-84791226240b] GET /api/schools/93cfbeb0-5697-4af4-9f0b-0115e7e2e14a/subjects from 127.0.0.1 by Anonymous
2026-08-11 13:16:30.615 +05:30 [INF] [29a5ff34-ec6b-4eb2-8210-984c363d4c77] GET /api/schools/93cfbeb0-5697-4af4-9f0b-0115e7e2e14a/classes responded 200 in 20ms
2026-08-11 13:16:30.627 +05:30 [INF] [7501809f-e0fb-4789-8f28-84791226240b] GET /api/schools/93cfbeb0-5697-4af4-9f0b-0115e7e2e14a/subjects responded 200 in 24ms
2026-08-11 13:16:30.635 +05:30 [INF] [4ed046e8-0246-47a1-8461-dc49f09f2948] GET /api/schools/93cfbeb0-5697-4af4-9f0b-0115e7e2e14a/subjects from 127.0.0.1 by Anonymous
2026-08-11 13:16:30.649 +05:30 [INF] [4ed046e8-0246-47a1-8461-dc49f09f2948] GET /api/schools/93cfbeb0-5697-4af4-9f0b-0115e7e2e14a/subjects responded 200 in 12ms
2026-08-11 13:16:30.658 +05:30 [INF] [1e3823b4-788f-409c-a269-1f60deadacc0] GET /api/teachers from 127.0.0.1 by Anonymous
2026-08-11 13:16:30.681 +05:30 [INF] [1e3823b4-788f-409c-a269-1f60deadacc0] GET /api/teachers responded 200 in 22ms
2026-08-11 13:16:30.688 +05:30 [INF] [a903f658-8f3a-45d6-8fcb-a2d98117a61b] GET /api/teachers from 127.0.0.1 by Anonymous
2026-08-11 13:16:30.703 +05:30 [INF] [a903f658-8f3a-45d6-8fcb-a2d98117a61b] GET /api/teachers responded 200 in 15ms
2026-08-11 13:16:32.361 +05:30 [INF] [3b02421c-0e7c-4811-bd50-df2bda8a8a1b] GET /api/teachers from 127.0.0.1 by Anonymous
2026-08-11 13:16:32.380 +05:30 [INF] [3b02421c-0e7c-4811-bd50-df2bda8a8a1b] GET /api/teachers responded 200 in 18ms
2026-08-11 13:16:32.389 +05:30 [INF] [5c78e1f5-c92f-4755-9e16-f1c69129b9c6] GET /api/teachers from 127.0.0.1 by Anonymous
2026-08-11 13:16:32.411 +05:30 [INF] [5c78e1f5-c92f-4755-9e16-f1c69129b9c6] GET /api/teachers responded 200 in 21ms
2026-08-11 13:16:34.454 +05:30 [INF] [26bd35a5-ed1c-4ca0-b5a5-fdce22e9398c] GET /api/exams from 127.0.0.1 by Anonymous
2026-08-11 13:16:34.472 +05:30 [INF] [26bd35a5-ed1c-4ca0-b5a5-fdce22e9398c] GET /api/exams responded 200 in 17ms
2026-08-11 13:16:34.476 +05:30 [INF] [37078d3d-d262-4532-bc62-c92c0436b176] GET /api/exams from 127.0.0.1 by Anonymous
2026-08-11 13:16:34.491 +05:30 [INF] [37078d3d-d262-4532-bc62-c92c0436b176] GET /api/exams responded 200 in 15ms
2026-08-11 13:16:37.739 +05:30 [INF] [9fdc9bec-2828-4b41-b677-c31d348449db] GET /api/auth/me from 127.0.0.1 by Anonymous
2026-08-11 13:16:37.754 +05:30 [INF] [9fdc9bec-2828-4b41-b677-c31d348449db] GET /api/auth/me responded 200 in 14ms
2026-08-11 13:16:37.769 +05:30 [INF] [ed6e61ca-2ea3-41d8-a463-91ebde7c5cb7] GET /api/auth/me from 127.0.0.1 by Anonymous
2026-08-11 13:16:37.785 +05:30 [INF] [ed6e61ca-2ea3-41d8-a463-91ebde7c5cb7] GET /api/auth/me responded 200 in 15ms
2026-08-11 13:16:38.478 +05:30 [INF] [4efbdbe7-06b7-4c5e-84f1-c5cbf817f12f] GET /api/exams from 127.0.0.1 by Anonymous
2026-08-11 13:16:38.501 +05:30 [INF] [4efbdbe7-06b7-4c5e-84f1-c5cbf817f12f] GET /api/exams responded 200 in 22ms
2026-08-11 13:16:38.509 +05:30 [INF] [7b7a0d34-65e7-4e2b-a238-851b48772f82] GET /api/exams from 127.0.0.1 by Anonymous
2026-08-11 13:16:38.537 +05:30 [INF] [7b7a0d34-65e7-4e2b-a238-851b48772f82] GET /api/exams responded 200 in 27ms
2026-08-11 13:16:40.770 +05:30 [INF] [7191175c-7dfb-4c32-a48e-9b4aaaf505a9] GET /api/homework from 127.0.0.1 by Anonymous
2026-08-11 13:16:40.788 +05:30 [INF] [7191175c-7dfb-4c32-a48e-9b4aaaf505a9] GET /api/homework responded 200 in 18ms
2026-08-11 13:16:40.792 +05:30 [INF] [db32c8e6-747d-48fb-a94c-da1464c84493] GET /api/homework from 127.0.0.1 by Anonymous
2026-08-11 13:16:40.813 +05:30 [INF] [db32c8e6-747d-48fb-a94c-da1464c84493] GET /api/homework responded 200 in 19ms
2026-08-11 13:16:42.587 +05:30 [INF] [cdaabafb-44b1-488e-8d9a-4ae942d5f97e] GET /api/dashboard/stats from 127.0.0.1 by Anonymous
2026-08-11 13:16:42.591 +05:30 [INF] [e56c52d3-50b0-41e7-b224-905470a45bd3] GET /api/dashboard/attendance-chart from 127.0.0.1 by Anonymous
2026-08-11 13:16:42.688 +05:30 [INF] [cdaabafb-44b1-488e-8d9a-4ae942d5f97e] GET /api/dashboard/stats responded 200 in 100ms
2026-08-11 13:16:42.699 +05:30 [INF] [75794df6-d455-4b47-8702-b0e96c1aa16a] GET /api/dashboard/stats from 127.0.0.1 by Anonymous
2026-08-11 13:16:42.797 +05:30 [INF] [75794df6-d455-4b47-8702-b0e96c1aa16a] GET /api/dashboard/stats responded 200 in 96ms
2026-08-11 13:16:43.448 +05:30 [INF] [e56c52d3-50b0-41e7-b224-905470a45bd3] GET /api/dashboard/attendance-chart responded 200 in 856ms
2026-08-11 13:16:43.455 +05:30 [INF] [41379376-2170-4494-8419-a30ff94c53ea] GET /api/dashboard/attendance-chart from 127.0.0.1 by Anonymous
2026-08-11 13:16:44.206 +05:30 [INF] [41379376-2170-4494-8419-a30ff94c53ea] GET /api/dashboard/attendance-chart responded 200 in 751ms
2026-08-11 13:16:47.100 +05:30 [INF] [a95b0aca-521d-4e3c-980a-ef8b486a07e1] GET /api/exams from 127.0.0.1 by Anonymous
2026-08-11 13:16:47.121 +05:30 [INF] [a95b0aca-521d-4e3c-980a-ef8b486a07e1] GET /api/exams responded 200 in 20ms
2026-08-11 13:16:47.127 +05:30 [INF] [2c85cc29-2bab-4a91-b3bc-ace558f00250] GET /api/exams from 127.0.0.1 by Anonymous
2026-08-11 13:16:47.143 +05:30 [INF] [2c85cc29-2bab-4a91-b3bc-ace558f00250] GET /api/exams responded 200 in 16ms
2026-08-11 13:17:26.775 +05:30 [INF] [7bae35d8-b089-4620-8dc9-36230b881c0d] GET /api/auth/me from 127.0.0.1 by Anonymous
2026-08-11 13:17:26.811 +05:30 [INF] [7bae35d8-b089-4620-8dc9-36230b881c0d] GET /api/auth/me responded 200 in 35ms
2026-08-11 13:17:26.833 +05:30 [INF] [da935190-5cdd-4ea3-99ef-0b8bea4b9033] GET /api/auth/me from 127.0.0.1 by Anonymous
2026-08-11 13:17:26.850 +05:30 [INF] [da935190-5cdd-4ea3-99ef-0b8bea4b9033] GET /api/auth/me responded 200 in 16ms
2026-08-11 13:17:27.413 +05:30 [INF] [b78d8efc-9c43-46e7-9cbb-6db5c988e853] GET /api/exams from 127.0.0.1 by Anonymous
2026-08-11 13:17:27.432 +05:30 [INF] [b78d8efc-9c43-46e7-9cbb-6db5c988e853] GET /api/exams responded 200 in 18ms
2026-08-11 13:17:27.439 +05:30 [INF] [6bc5eda9-3bff-4904-9a4d-1cad1467f650] GET /api/exams from 127.0.0.1 by Anonymous
2026-08-11 13:17:27.457 +05:30 [INF] [6bc5eda9-3bff-4904-9a4d-1cad1467f650] GET /api/exams responded 200 in 17ms
2026-08-11 13:17:32.039 +05:30 [INF] [62e3fa3a-442e-4b38-954d-caf0cb0fa296] GET /api/homework from 127.0.0.1 by Anonymous
2026-08-11 13:17:32.058 +05:30 [INF] [62e3fa3a-442e-4b38-954d-caf0cb0fa296] GET /api/homework responded 200 in 18ms
2026-08-11 13:17:32.064 +05:30 [INF] [f6bc4823-2957-42e3-9c49-0df2f0023d0d] GET /api/homework from 127.0.0.1 by Anonymous
2026-08-11 13:17:32.088 +05:30 [INF] [f6bc4823-2957-42e3-9c49-0df2f0023d0d] GET /api/homework responded 200 in 24ms
2026-08-11 13:17:34.444 +05:30 [INF] [e71c25ef-73cb-41fd-bd5b-73d481bd5377] GET /api/dashboard/stats from 127.0.0.1 by Anonymous
2026-08-11 13:17:34.449 +05:30 [INF] [ce1c7d5c-32b1-4508-bd9b-b49c7cf50bd2] GET /api/dashboard/attendance-chart from 127.0.0.1 by Anonymous
2026-08-11 13:17:34.542 +05:30 [INF] [e71c25ef-73cb-41fd-bd5b-73d481bd5377] GET /api/dashboard/stats responded 200 in 98ms
2026-08-11 13:17:34.558 +05:30 [INF] [1030697f-5d58-4036-9915-4cac9541289f] GET /api/dashboard/stats from 127.0.0.1 by Anonymous
2026-08-11 13:17:34.668 +05:30 [INF] [1030697f-5d58-4036-9915-4cac9541289f] GET /api/dashboard/stats responded 200 in 109ms
2026-08-11 13:17:35.334 +05:30 [INF] [ce1c7d5c-32b1-4508-bd9b-b49c7cf50bd2] GET /api/dashboard/attendance-chart responded 200 in 884ms
2026-08-11 13:17:35.339 +05:30 [INF] [659968f6-a161-48e8-8cd0-1b9f50766c82] GET /api/dashboard/attendance-chart from 127.0.0.1 by Anonymous
2026-08-11 13:17:36.193 +05:30 [INF] [659968f6-a161-48e8-8cd0-1b9f50766c82] GET /api/dashboard/attendance-chart responded 200 in 854ms
2026-08-11 13:18:27.208 +05:30 [INF] [7dd1c7d2-56ae-4499-ba2d-b091605048e6] POST /api/auth/logout from 127.0.0.1 by Anonymous
2026-08-11 13:18:27.241 +05:30 [INF] [7dd1c7d2-56ae-4499-ba2d-b091605048e6] POST /api/auth/logout responded 415 in 32ms
2026-08-11 13:18:34.644 +05:30 [INF] [6a763803-10bb-4537-8db2-cffd1b41d06e] POST /api/auth/login from 127.0.0.1 by Anonymous
2026-08-11 13:18:35.036 +05:30 [INF] [6a763803-10bb-4537-8db2-cffd1b41d06e] POST /api/auth/login responded 200 in 390ms
2026-08-11 13:18:35.538 +05:30 [INF] [986e8178-fdf3-42d5-83ba-b116aa7ba212] GET /api/dashboard/stats from 127.0.0.1 by Anonymous
2026-08-11 13:18:35.544 +05:30 [INF] [6cf18929-f03a-413f-b0f3-3986a2f282ea] GET /api/dashboard/attendance-chart from 127.0.0.1 by Anonymous
2026-08-11 13:18:35.709 +05:30 [INF] [986e8178-fdf3-42d5-83ba-b116aa7ba212] GET /api/dashboard/stats responded 200 in 171ms
2026-08-11 13:18:35.767 +05:30 [INF] [f289d30e-853c-4e4c-955e-01654f6a5856] GET /api/dashboard/stats from 127.0.0.1 by Anonymous
2026-08-11 13:18:35.896 +05:30 [INF] [f289d30e-853c-4e4c-955e-01654f6a5856] GET /api/dashboard/stats responded 200 in 126ms
2026-08-11 13:18:36.699 +05:30 [INF] [6cf18929-f03a-413f-b0f3-3986a2f282ea] GET /api/dashboard/attendance-chart responded 200 in 1154ms
2026-08-11 13:18:36.708 +05:30 [INF] [ef23e891-47ab-4495-92a2-36d8fbf18b51] GET /api/dashboard/attendance-chart from 127.0.0.1 by Anonymous
2026-08-11 13:18:38.156 +05:30 [INF] [ef23e891-47ab-4495-92a2-36d8fbf18b51] GET /api/dashboard/attendance-chart responded 200 in 1448ms
2026-08-11 13:18:40.182 +05:30 [INF] [d8582c61-316c-41a7-9d1d-221ab9859468] GET /api/exams from 127.0.0.1 by Anonymous
2026-08-11 13:18:40.206 +05:30 [INF] [d8582c61-316c-41a7-9d1d-221ab9859468] GET /api/exams responded 200 in 24ms
2026-08-11 13:18:40.217 +05:30 [INF] [2ecf8e07-d2ab-4da4-9e7b-1f850710300b] GET /api/exams from 127.0.0.1 by Anonymous
2026-08-11 13:18:40.272 +05:30 [INF] [2ecf8e07-d2ab-4da4-9e7b-1f850710300b] GET /api/exams responded 200 in 55ms
2026-08-11 13:18:43.197 +05:30 [INF] [a9c3fb8f-5502-4eae-ac23-67a93e6bac58] GET /api/schools from 127.0.0.1 by Anonymous
2026-08-11 13:18:43.220 +05:30 [INF] [a9c3fb8f-5502-4eae-ac23-67a93e6bac58] GET /api/schools responded 200 in 22ms
2026-08-11 13:18:43.236 +05:30 [INF] [b61f1127-5e99-4f7d-a536-755479184db0] GET /api/schools from 127.0.0.1 by Anonymous
2026-08-11 13:18:43.258 +05:30 [INF] [b61f1127-5e99-4f7d-a536-755479184db0] GET /api/schools responded 200 in 21ms
2026-08-11 13:18:43.319 +05:30 [INF] [93d2f81a-42aa-4cca-bc4a-7acdcc5f1b0b] GET /api/schools/93cfbeb0-5697-4af4-9f0b-0115e7e2e14a/classes from 127.0.0.1 by Anonymous
2026-08-11 13:18:43.335 +05:30 [INF] [93d2f81a-42aa-4cca-bc4a-7acdcc5f1b0b] GET /api/schools/93cfbeb0-5697-4af4-9f0b-0115e7e2e14a/classes responded 200 in 16ms
2026-08-11 13:18:43.350 +05:30 [INF] [7355af83-d532-4642-8143-99b33e9b13a2] GET /api/schools/93cfbeb0-5697-4af4-9f0b-0115e7e2e14a/classes from 127.0.0.1 by Anonymous
2026-08-11 13:18:43.373 +05:30 [INF] [7355af83-d532-4642-8143-99b33e9b13a2] GET /api/schools/93cfbeb0-5697-4af4-9f0b-0115e7e2e14a/classes responded 200 in 23ms
2026-08-11 13:18:48.665 +05:30 [INF] [771ea2f7-3f87-4e32-aaf7-371731694bd6] GET /api/exams from 127.0.0.1 by Anonymous
2026-08-11 13:18:48.699 +05:30 [INF] [771ea2f7-3f87-4e32-aaf7-371731694bd6] GET /api/exams responded 200 in 33ms
2026-08-11 13:18:48.727 +05:30 [INF] [598f16ed-1780-4fad-a06d-21ff93ca8510] GET /api/exams from 127.0.0.1 by Anonymous
2026-08-11 13:18:48.757 +05:30 [INF] [598f16ed-1780-4fad-a06d-21ff93ca8510] GET /api/exams responded 200 in 29ms
2026-08-11 13:18:52.510 +05:30 [INF] [05f8d6de-d39c-4c1c-b842-20f21fcf3d04] GET /api/students from 127.0.0.1 by Anonymous
2026-08-11 13:18:52.545 +05:30 [INF] [05f8d6de-d39c-4c1c-b842-20f21fcf3d04] GET /api/students responded 200 in 34ms
2026-08-11 13:18:52.559 +05:30 [INF] [46f744cd-a882-43f6-ab21-79dee9d59974] GET /api/students from 127.0.0.1 by Anonymous
2026-08-11 13:18:52.580 +05:30 [INF] [46f744cd-a882-43f6-ab21-79dee9d59974] GET /api/students responded 200 in 20ms
2026-08-11 13:18:54.608 +05:30 [INF] [dcbb5bf6-d749-451d-9450-8e94d3447a61] GET /api/teachers from 127.0.0.1 by Anonymous
2026-08-11 13:18:54.637 +05:30 [INF] [dcbb5bf6-d749-451d-9450-8e94d3447a61] GET /api/teachers responded 200 in 28ms
2026-08-11 13:18:54.654 +05:30 [INF] [758ffe49-297f-4a7b-b4ab-8339f0da8cb1] GET /api/teachers from 127.0.0.1 by Anonymous
2026-08-11 13:18:54.681 +05:30 [INF] [758ffe49-297f-4a7b-b4ab-8339f0da8cb1] GET /api/teachers responded 200 in 25ms
2026-08-11 13:19:02.072 +05:30 [INF] [986db057-345b-4f32-88f6-655f058f393c] POST /api/auth/logout from 127.0.0.1 by Anonymous
2026-08-11 13:19:02.114 +05:30 [INF] [986db057-345b-4f32-88f6-655f058f393c] POST /api/auth/logout responded 415 in 41ms
2026-08-11 13:19:15.345 +05:30 [INF] [4ecc4ce1-f7e3-498b-b363-36ccd91a8cfd] POST /api/auth/login from 127.0.0.1 by Anonymous
2026-08-11 13:19:15.774 +05:30 [INF] [4ecc4ce1-f7e3-498b-b363-36ccd91a8cfd] POST /api/auth/login responded 200 in 428ms
2026-08-11 13:19:16.208 +05:30 [INF] [f7831edd-a4e2-4d12-a0f5-f9b6ed0c4fa1] GET /api/dashboard/attendance-chart from 127.0.0.1 by Anonymous
2026-08-11 13:19:16.212 +05:30 [INF] [d9414244-648a-4118-961f-ead6c3ed614c] GET /api/dashboard/stats from 127.0.0.1 by Anonymous
2026-08-11 13:19:16.370 +05:30 [INF] [d9414244-648a-4118-961f-ead6c3ed614c] GET /api/dashboard/stats responded 200 in 157ms
2026-08-11 13:19:16.387 +05:30 [INF] [0bac983c-3086-4769-80b9-afab0ea86174] GET /api/dashboard/stats from 127.0.0.1 by Anonymous
2026-08-11 13:19:16.524 +05:30 [INF] [0bac983c-3086-4769-80b9-afab0ea86174] GET /api/dashboard/stats responded 200 in 134ms
2026-08-11 13:19:17.397 +05:30 [INF] [f7831edd-a4e2-4d12-a0f5-f9b6ed0c4fa1] GET /api/dashboard/attendance-chart responded 200 in 1189ms
2026-08-11 13:19:17.405 +05:30 [INF] [3a23df64-ed03-4169-aa75-2f4d5723a7a2] GET /api/dashboard/attendance-chart from 127.0.0.1 by Anonymous
2026-08-11 13:19:18.381 +05:30 [INF] [3a23df64-ed03-4169-aa75-2f4d5723a7a2] GET /api/dashboard/attendance-chart responded 200 in 975ms
2026-08-11 13:19:19.055 +05:30 [INF] [77dd6ace-c46f-440a-afc3-6a6f8d38fcc4] GET /api/exams from 127.0.0.1 by Anonymous
2026-08-11 13:19:19.076 +05:30 [INF] [77dd6ace-c46f-440a-afc3-6a6f8d38fcc4] GET /api/exams responded 200 in 20ms
2026-08-11 13:19:19.093 +05:30 [INF] [c042bc56-2424-45cd-aae1-eaba1e1d1074] GET /api/exams from 127.0.0.1 by Anonymous
2026-08-11 13:19:19.119 +05:30 [INF] [c042bc56-2424-45cd-aae1-eaba1e1d1074] GET /api/exams responded 200 in 26ms
2026-08-11 13:32:07.692 +05:30 [INF] [af83cd17-c8bb-4765-ba39-80de55d1b221] GET /api/auth/me from 127.0.0.1 by Anonymous
2026-08-11 13:32:08.207 +05:30 [INF] [af83cd17-c8bb-4765-ba39-80de55d1b221] GET /api/auth/me responded 200 in 513ms
2026-08-11 13:32:08.214 +05:30 [INF] [b6373ca8-a324-441d-9e3b-cbdc20ce7bef] GET /api/auth/me from 127.0.0.1 by Anonymous
2026-08-11 13:32:08.235 +05:30 [INF] [b6373ca8-a324-441d-9e3b-cbdc20ce7bef] GET /api/auth/me responded 200 in 20ms
2026-08-11 13:32:08.575 +05:30 [INF] [89f5f78e-972e-4fa4-b52f-59f3d41f09fb] GET /api/exams from 127.0.0.1 by Anonymous
2026-08-11 13:32:08.604 +05:30 [INF] [89f5f78e-972e-4fa4-b52f-59f3d41f09fb] GET /api/exams responded 200 in 28ms
2026-08-11 13:32:08.614 +05:30 [INF] [cc24b35b-2e1e-430c-b513-a2a0b72f174f] GET /api/exams from 127.0.0.1 by Anonymous
2026-08-11 13:32:08.639 +05:30 [INF] [cc24b35b-2e1e-430c-b513-a2a0b72f174f] GET /api/exams responded 200 in 24ms
2026-08-11 13:37:56.247 +05:30 [INF] [3c026577-93a0-4159-a116-5f318026b6bf] GET /api/dashboard/stats from 127.0.0.1 by Anonymous
2026-08-11 13:37:56.260 +05:30 [INF] [55fa65b3-be28-46f9-98de-317ae5bdd50b] GET /api/dashboard/attendance-chart from 127.0.0.1 by Anonymous
2026-08-11 13:37:56.775 +05:30 [INF] [3c026577-93a0-4159-a116-5f318026b6bf] GET /api/dashboard/stats responded 200 in 528ms
2026-08-11 13:37:56.782 +05:30 [INF] [3c2f2628-a34f-4a43-9e22-335a6efc1d2c] GET /api/dashboard/stats from 127.0.0.1 by Anonymous
2026-08-11 13:37:56.860 +05:30 [INF] [3c2f2628-a34f-4a43-9e22-335a6efc1d2c] GET /api/dashboard/stats responded 200 in 77ms
2026-08-11 13:37:57.648 +05:30 [INF] [55fa65b3-be28-46f9-98de-317ae5bdd50b] GET /api/dashboard/attendance-chart responded 200 in 1387ms
2026-08-11 13:37:57.655 +05:30 [INF] [dc4a4662-15e7-4c9f-a0cd-249b564926ce] GET /api/dashboard/attendance-chart from 127.0.0.1 by Anonymous
2026-08-11 13:37:58.650 +05:30 [INF] [dc4a4662-15e7-4c9f-a0cd-249b564926ce] GET /api/dashboard/attendance-chart responded 200 in 995ms
2026-08-11 13:38:03.792 +05:30 [INF] [606cf6d2-6f29-421e-bfdd-8418ae3a4417] GET /api/teachers from 127.0.0.1 by Anonymous
2026-08-11 13:38:03.825 +05:30 [INF] [606cf6d2-6f29-421e-bfdd-8418ae3a4417] GET /api/teachers responded 200 in 32ms
2026-08-11 13:38:03.834 +05:30 [INF] [4990c23c-e6ff-457f-a5bc-8aa2b20e8f60] GET /api/teachers from 127.0.0.1 by Anonymous
2026-08-11 13:38:03.864 +05:30 [INF] [4990c23c-e6ff-457f-a5bc-8aa2b20e8f60] GET /api/teachers responded 200 in 30ms
2026-08-11 13:38:08.997 +05:30 [INF] [056d5566-6c5f-410d-b828-3fdb1f7ebc78] GET /api/exams from 127.0.0.1 by Anonymous
2026-08-11 13:38:09.026 +05:30 [INF] [056d5566-6c5f-410d-b828-3fdb1f7ebc78] GET /api/exams responded 200 in 27ms
2026-08-11 13:38:09.038 +05:30 [INF] [f8bc1e25-3b78-455a-8ede-0bb2da2602c1] GET /api/exams from 127.0.0.1 by Anonymous
2026-08-11 13:38:09.062 +05:30 [INF] [f8bc1e25-3b78-455a-8ede-0bb2da2602c1] GET /api/exams responded 200 in 23ms
2026-08-11 13:38:15.581 +05:30 [INF] [f3e054d9-1998-461f-8c25-436773edbf2b] GET /api/homework from 127.0.0.1 by Anonymous
2026-08-11 13:38:15.620 +05:30 [INF] [f3e054d9-1998-461f-8c25-436773edbf2b] GET /api/homework responded 200 in 38ms
2026-08-11 13:38:15.632 +05:30 [INF] [ef78b548-3a4b-447d-a534-65fc5d7752fa] GET /api/homework from 127.0.0.1 by Anonymous
2026-08-11 13:38:15.658 +05:30 [INF] [ef78b548-3a4b-447d-a534-65fc5d7752fa] GET /api/homework responded 200 in 26ms
2026-08-11 13:38:17.203 +05:30 [INF] [c6a1e442-5a60-43a1-ac46-9b2758901aaf] GET /api/dashboard/stats from 127.0.0.1 by Anonymous
2026-08-11 13:38:17.208 +05:30 [INF] [4134acfe-c763-4776-a9d7-f516b58668a6] GET /api/dashboard/attendance-chart from 127.0.0.1 by Anonymous
2026-08-11 13:38:17.344 +05:30 [INF] [c6a1e442-5a60-43a1-ac46-9b2758901aaf] GET /api/dashboard/stats responded 200 in 139ms
2026-08-11 13:38:17.357 +05:30 [INF] [e930562f-cdea-44a3-8dbc-7da24d298c50] GET /api/dashboard/stats from 127.0.0.1 by Anonymous
2026-08-11 13:38:17.491 +05:30 [INF] [e930562f-cdea-44a3-8dbc-7da24d298c50] GET /api/dashboard/stats responded 200 in 133ms
2026-08-11 13:38:18.370 +05:30 [INF] [4134acfe-c763-4776-a9d7-f516b58668a6] GET /api/dashboard/attendance-chart responded 200 in 1161ms
2026-08-11 13:38:18.400 +05:30 [INF] [bae724ae-ade0-4bec-8ec2-3944d646e98c] GET /api/dashboard/attendance-chart from 127.0.0.1 by Anonymous
2026-08-11 13:38:19.691 +05:30 [INF] [bae724ae-ade0-4bec-8ec2-3944d646e98c] GET /api/dashboard/attendance-chart responded 200 in 1290ms
2026-08-11 13:38:20.418 +05:30 [INF] [fb9d2137-b117-441d-9c17-4e75f003ef66] GET /api/transport/routes from 127.0.0.1 by Anonymous
2026-08-11 13:38:20.432 +05:30 [INF] [46cefe23-6542-4b53-a808-0c4e6185ad77] GET /api/students from 127.0.0.1 by Anonymous
2026-08-11 13:38:20.462 +05:30 [INF] [fb9d2137-b117-441d-9c17-4e75f003ef66] GET /api/transport/routes responded 200 in 43ms
2026-08-11 13:38:20.480 +05:30 [INF] [46cefe23-6542-4b53-a808-0c4e6185ad77] GET /api/students responded 200 in 47ms
2026-08-11 13:38:20.490 +05:30 [INF] [e3b95042-135d-4dbf-a6d3-37adc657cc22] GET /api/transport/routes from 127.0.0.1 by Anonymous
2026-08-11 13:38:20.517 +05:30 [INF] [e3b95042-135d-4dbf-a6d3-37adc657cc22] GET /api/transport/routes responded 200 in 26ms
2026-08-11 13:38:20.520 +05:30 [INF] [8e107630-7478-46ac-8110-8d4b7e0c9180] GET /api/students from 127.0.0.1 by Anonymous
2026-08-11 13:38:20.555 +05:30 [INF] [8e107630-7478-46ac-8110-8d4b7e0c9180] GET /api/students responded 200 in 35ms
2026-08-11 13:38:28.090 +05:30 [INF] [3b13e9a7-267b-4988-9317-cb342ebdad82] GET /api/library from 127.0.0.1 by Anonymous
2026-08-11 13:38:28.124 +05:30 [INF] [3b13e9a7-267b-4988-9317-cb342ebdad82] GET /api/library responded 200 in 33ms
2026-08-11 13:38:28.132 +05:30 [INF] [117dfa5e-92ac-4eff-8ba6-048cdd28eeb4] GET /api/library from 127.0.0.1 by Anonymous
2026-08-11 13:38:28.147 +05:30 [INF] [117dfa5e-92ac-4eff-8ba6-048cdd28eeb4] GET /api/library responded 200 in 15ms
2026-08-11 13:38:31.605 +05:30 [INF] [5975270e-26c7-428e-8aef-789cd695c323] GET /api/notifications from 127.0.0.1 by Anonymous
2026-08-11 13:38:31.624 +05:30 [INF] [5975270e-26c7-428e-8aef-789cd695c323] GET /api/notifications responded 200 in 18ms
2026-08-11 13:38:31.632 +05:30 [INF] [e5d8b63a-0416-41f3-9f16-23d4b9a3ad30] GET /api/notifications from 127.0.0.1 by Anonymous
2026-08-11 13:38:31.655 +05:30 [INF] [e5d8b63a-0416-41f3-9f16-23d4b9a3ad30] GET /api/notifications responded 200 in 21ms
2026-08-11 13:38:32.827 +05:30 [INF] [df99cd59-11b5-4864-93e3-c0b636b7fd93] GET /api/notices/published from 127.0.0.1 by Anonymous
2026-08-11 13:38:32.852 +05:30 [INF] [df99cd59-11b5-4864-93e3-c0b636b7fd93] GET /api/notices/published responded 200 in 21ms
2026-08-11 13:38:32.867 +05:30 [INF] [83286569-b39f-4272-9280-1d2e04596d26] GET /api/notices/published from 127.0.0.1 by Anonymous
2026-08-11 13:38:32.884 +05:30 [INF] [83286569-b39f-4272-9280-1d2e04596d26] GET /api/notices/published responded 200 in 16ms
2026-08-11 13:38:35.414 +05:30 [INF] [177813f0-37ec-4b9b-a885-3fb3a989c789] GET /api/dashboard/stats from 127.0.0.1 by Anonymous
2026-08-11 13:38:35.424 +05:30 [INF] [7316d474-31f2-49e2-b2ef-af66a355ab95] GET /api/dashboard/attendance-chart from 127.0.0.1 by Anonymous
2026-08-11 13:38:35.560 +05:30 [INF] [177813f0-37ec-4b9b-a885-3fb3a989c789] GET /api/dashboard/stats responded 200 in 144ms
2026-08-11 13:38:35.578 +05:30 [INF] [2333594e-72c0-4a6f-b6d8-e629de2f7a0f] GET /api/dashboard/stats from 127.0.0.1 by Anonymous
2026-08-11 13:38:35.729 +05:30 [INF] [2333594e-72c0-4a6f-b6d8-e629de2f7a0f] GET /api/dashboard/stats responded 200 in 150ms
2026-08-11 13:38:36.600 +05:30 [INF] [7316d474-31f2-49e2-b2ef-af66a355ab95] GET /api/dashboard/attendance-chart responded 200 in 1175ms
2026-08-11 13:38:36.612 +05:30 [INF] [2babffad-40b9-44d2-9646-61ce034e9f8b] GET /api/dashboard/attendance-chart from 127.0.0.1 by Anonymous
2026-08-11 13:38:37.502 +05:30 [INF] [2babffad-40b9-44d2-9646-61ce034e9f8b] GET /api/dashboard/attendance-chart responded 200 in 890ms
2026-08-11 13:38:37.914 +05:30 [INF] [adfc5d3e-7e90-463d-b979-f0604e0e0ba8] GET /api/exams from 127.0.0.1 by Anonymous
2026-08-11 13:38:37.938 +05:30 [INF] [adfc5d3e-7e90-463d-b979-f0604e0e0ba8] GET /api/exams responded 200 in 23ms
2026-08-11 13:38:37.950 +05:30 [INF] [404ce4ec-d22c-4cfd-9d0d-6d2d61b8b46f] GET /api/exams from 127.0.0.1 by Anonymous
2026-08-11 13:38:37.976 +05:30 [INF] [404ce4ec-d22c-4cfd-9d0d-6d2d61b8b46f] GET /api/exams responded 200 in 25ms
2026-08-11 13:46:26.042 +05:30 [INF] [9b4d0209-023f-4368-aaaa-8ccae8085d14] GET /api/auth/me from 127.0.0.1 by Anonymous
2026-08-11 13:46:26.608 +05:30 [INF] [9b4d0209-023f-4368-aaaa-8ccae8085d14] GET /api/auth/me responded 200 in 565ms
2026-08-11 13:46:26.631 +05:30 [INF] [e57da08b-b00c-4422-b0fa-b72d064949f1] GET /api/auth/me from 127.0.0.1 by Anonymous
2026-08-11 13:46:26.658 +05:30 [INF] [e57da08b-b00c-4422-b0fa-b72d064949f1] GET /api/auth/me responded 200 in 27ms
2026-08-11 13:46:27.413 +05:30 [INF] [5d999dc9-ff9f-487a-9ac3-affc966fee3d] GET /api/exams from 127.0.0.1 by Anonymous
2026-08-11 13:46:27.448 +05:30 [INF] [5d999dc9-ff9f-487a-9ac3-affc966fee3d] GET /api/exams responded 200 in 35ms
2026-08-11 13:46:27.461 +05:30 [INF] [4491a6ce-6808-466a-b82f-6e7c9a2e4a20] GET /api/exams from 127.0.0.1 by Anonymous
2026-08-11 13:46:27.494 +05:30 [INF] [4491a6ce-6808-466a-b82f-6e7c9a2e4a20] GET /api/exams responded 200 in 33ms
2026-08-11 14:11:22.968 +05:30 [INF] [a7b3261a-9df4-498b-ac38-6ce8c7ebac8d] GET /swagger/v1/swagger.json from 127.0.0.1 by Anonymous
2026-08-11 14:11:23.348 +05:30 [ERR] An unhandled exception occurred: Failed to generate Operation for action - SchoolCRM.API.Controllers.ExamsController.GetExamsAsync (SchoolCRM.API). See inner exception
Swashbuckle.AspNetCore.SwaggerGen.SwaggerGeneratorException: Failed to generate Operation for action - SchoolCRM.API.Controllers.ExamsController.GetExamsAsync (SchoolCRM.API). See inner exception
 ---> Swashbuckle.AspNetCore.SwaggerGen.SwaggerGeneratorException: Failed to generate schema for type - SchoolCRM.Shared.Models.ApiResponse`1[SchoolCRM.Shared.Models.PagedResult`1[SchoolCRM.Application.DTOs.Exam.ExamDto]]. See inner exception
 ---> System.InvalidOperationException: Can't use schemaId "$ExamDto" for type "$SchoolCRM.Application.DTOs.Exam.ExamDto". The same schemaId is already used for type "$SchoolCRM.Application.DTOs.Dashboard.ExamDto"
   at Swashbuckle.AspNetCore.SwaggerGen.SchemaRepository.RegisterType(Type type, String schemaId)
   at Swashbuckle.AspNetCore.SwaggerGen.SchemaGenerator.GenerateReferencedSchema(DataContract dataContract, SchemaRepository schemaRepository, Func`1 definitionFactory)
   at Swashbuckle.AspNetCore.SwaggerGen.SchemaGenerator.GenerateConcreteSchema(DataContract dataContract, SchemaRepository schemaRepository)
   at Swashbuckle.AspNetCore.SwaggerGen.SchemaGenerator.GenerateSchemaForType(Type modelType, SchemaRepository schemaRepository)
   at Swashbuckle.AspNetCore.SwaggerGen.SchemaGenerator.GenerateSchema(Type modelType, SchemaRepository schemaRepository, MemberInfo memberInfo, ParameterInfo parameterInfo, ApiParameterRouteInfo routeInfo)
   at Swashbuckle.AspNetCore.SwaggerGen.SchemaGenerator.CreateArraySchema(DataContract dataContract, SchemaRepository schemaRepository)
   at Swashbuckle.AspNetCore.SwaggerGen.SchemaGenerator.<>c__DisplayClass13_0.<GenerateConcreteSchema>b__1()
   at Swashbuckle.AspNetCore.SwaggerGen.SchemaGenerator.GenerateConcreteSchema(DataContract dataContract, SchemaRepository schemaRepository)
   at Swashbuckle.AspNetCore.SwaggerGen.SchemaGenerator.GenerateSchemaForMember(Type modelType, SchemaRepository schemaRepository, MemberInfo memberInfo, DataProperty dataProperty)
   at Swashbuckle.AspNetCore.SwaggerGen.SchemaGenerator.CreateObjectSchema(DataContract dataContract, SchemaRepository schemaRepository)
   at Swashbuckle.AspNetCore.SwaggerGen.SchemaGenerator.<>c__DisplayClass13_0.<GenerateConcreteSchema>b__3()
   at Swashbuckle.AspNetCore.SwaggerGen.SchemaGenerator.GenerateReferencedSchema(DataContract dataContract, SchemaRepository schemaRepository, Func`1 definitionFactory)
   at Swashbuckle.AspNetCore.SwaggerGen.SchemaGenerator.GenerateConcreteSchema(DataContract dataContract, SchemaRepository schemaRepository)
   at Swashbuckle.AspNetCore.SwaggerGen.SchemaGenerator.GenerateSchemaForMember(Type modelType, SchemaRepository schemaRepository, MemberInfo memberInfo, DataProperty dataProperty)
   at Swashbuckle.AspNetCore.SwaggerGen.SchemaGenerator.CreateObjectSchema(DataContract dataContract, SchemaRepository schemaRepository)
   at Swashbuckle.AspNetCore.SwaggerGen.SchemaGenerator.<>c__DisplayClass13_0.<GenerateConcreteSchema>b__3()
   at Swashbuckle.AspNetCore.SwaggerGen.SchemaGenerator.GenerateReferencedSchema(DataContract dataContract, SchemaRepository schemaRepository, Func`1 definitionFactory)
   at Swashbuckle.AspNetCore.SwaggerGen.SchemaGenerator.GenerateConcreteSchema(DataContract dataContract, SchemaRepository schemaRepository)
   at Swashbuckle.AspNetCore.SwaggerGen.SchemaGenerator.GenerateSchemaForType(Type modelType, SchemaRepository schemaRepository)
   at Swashbuckle.AspNetCore.SwaggerGen.SchemaGenerator.GenerateSchema(Type modelType, SchemaRepository schemaRepository, MemberInfo memberInfo, ParameterInfo parameterInfo, ApiParameterRouteInfo routeInfo)
   at Swashbuckle.AspNetCore.SwaggerGen.SwaggerGenerator.GenerateSchema(Type type, SchemaRepository schemaRepository, PropertyInfo propertyInfo, ParameterInfo parameterInfo, ApiParameterRouteInfo routeInfo)
   --- End of inner exception stack trace ---
   at Swashbuckle.AspNetCore.SwaggerGen.SwaggerGenerator.GenerateSchema(Type type, SchemaRepository schemaRepository, PropertyInfo propertyInfo, ParameterInfo parameterInfo, ApiParameterRouteInfo routeInfo)
   at Swashbuckle.AspNetCore.SwaggerGen.SwaggerGenerator.CreateResponseMediaType(Type modelType, SchemaRepository schemaRespository)
   at Swashbuckle.AspNetCore.SwaggerGen.SwaggerGenerator.<>c__DisplayClass40_0.<GenerateResponse>b__2(String contentType)
   at System.Linq.Enumerable.ToDictionary[TSource,TKey,TElement](IEnumerable`1 source, Func`2 keySelector, Func`2 elementSelector, IEqualityComparer`1 comparer)
   at Swashbuckle.AspNetCore.SwaggerGen.SwaggerGenerator.GenerateResponse(ApiDescription apiDescription, SchemaRepository schemaRepository, String statusCode, ApiResponseType apiResponseType)
   at Swashbuckle.AspNetCore.SwaggerGen.SwaggerGenerator.GenerateResponses(ApiDescription apiDescription, SchemaRepository schemaRepository)
   at Swashbuckle.AspNetCore.SwaggerGen.SwaggerGenerator.GenerateOperationAsync(ApiDescription apiDescription, SchemaRepository schemaRepository, Func`3 parametersGenerator, Func`3 bodyGenerator, Func`3 applyFilters)
   --- End of inner exception stack trace ---
   at Swashbuckle.AspNetCore.SwaggerGen.SwaggerGenerator.GenerateOperationAsync(ApiDescription apiDescription, SchemaRepository schemaRepository, Func`3 parametersGenerator, Func`3 bodyGenerator, Func`3 applyFilters)
   at Swashbuckle.AspNetCore.SwaggerGen.SwaggerGenerator.GenerateOperationAsync(ApiDescription apiDescription, SchemaRepository schemaRepository)
   at Swashbuckle.AspNetCore.SwaggerGen.SwaggerGenerator.GenerateOperationsAsync(IEnumerable`1 apiDescriptions, SchemaRepository schemaRepository)
   at Swashbuckle.AspNetCore.SwaggerGen.SwaggerGenerator.GeneratePathsAsync(IEnumerable`1 apiDescriptions, SchemaRepository schemaRepository, Func`3 operationsGenerator)
   at Swashbuckle.AspNetCore.SwaggerGen.SwaggerGenerator.GeneratePathsAsync(IEnumerable`1 apiDescriptions, SchemaRepository schemaRepository)
   at Swashbuckle.AspNetCore.SwaggerGen.SwaggerGenerator.GetSwaggerAsync(String documentName, String host, String basePath)
   at Swashbuckle.AspNetCore.Swagger.SwaggerMiddleware.Invoke(HttpContext httpContext, ISwaggerProvider swaggerProvider)
   at SchoolCRM.API.Middleware.RequestLoggingMiddleware.InvokeAsync(HttpContext context)
   at SchoolCRM.API.Middleware.GlobalExceptionMiddleware.InvokeAsync(HttpContext context)
ion.
2026-08-11 14:01:51.834 +05:30 [WRN] Entity 'ApplicationUser' has a global query filter defined and is the required end of a relationship with the entity 'ApplicationUserLogin'. This may lead to unexpected results when the required entity is filtered out. Either configure the navigation as optional, or define matching query filters for both entities in the navigation. See https://go.microsoft.com/fwlink/?linkid=2131316 for more information.
2026-08-11 14:01:51.834 +05:30 [WRN] Entity 'ApplicationRole' has a global query filter defined and is the required end of a relationship with the entity 'ApplicationUserRole'. This may lead to unexpected results when the required entity is filtered out. Either configure the navigation as optional, or define matching query filters for both entities in the navigation. See https://go.microsoft.com/fwlink/?linkid=2131316 for more information.
2026-08-11 14:01:51.835 +05:30 [WRN] Entity 'ApplicationUser' has a global query filter defined and is the required end of a relationship with the entity 'ApplicationUserToken'. This may lead to unexpected results when the required entity is filtered out. Either configure the navigation as optional, or define matching query filters for both entities in the navigation. See https://go.microsoft.com/fwlink/?linkid=2131316 for more information.
2026-08-11 14:01:51.967 +05:30 [WRN] The foreign key property 'HomeworkSubmission.StudentId1' was created in shadow state because a conflicting property with the simple name 'StudentId' exists in the entity type, but is either not mapped, is already used for another relationship, or is incompatible with the associated primary key type. See https://aka.ms/efcore-relationships for information on mapping relationships in EF Core.
2026-08-11 14:13:40.885 +05:30 [WRN] Redis unavailable, falling back to in-memory cache and basic SignalR: Redis not connected
2026-08-11 14:13:46.774 +05:30 [WRN] Entity 'ApplicationRole' has a global query filter defined and is the required end of a relationship with the entity 'ApplicationRoleClaim'. This may lead to unexpected results when the required entity is filtered out. Either configure the navigation as optional, or define matching query filters for both entities in the navigation. See https://go.microsoft.com/fwlink/?linkid=2131316 for more information.
2026-08-11 14:13:46.777 +05:30 [WRN] Entity 'ApplicationUser' has a global query filter defined and is the required end of a relationship with the entity 'ApplicationUserClaim'. This may lead to unexpected results when the required entity is filtered out. Either configure the navigation as optional, or define matching query filters for both entities in the navigation. See https://go.microsoft.com/fwlink/?linkid=2131316 for more information.
2026-08-11 14:13:46.778 +05:30 [WRN] Entity 'ApplicationUser' has a global query filter defined and is the required end of a relationship with the entity 'ApplicationUserLogin'. This may lead to unexpected results when the required entity is filtered out. Either configure the navigation as optional, or define matching query filters for both entities in the navigation. See https://go.microsoft.com/fwlink/?linkid=2131316 for more information.
2026-08-11 14:13:46.778 +05:30 [WRN] Entity 'ApplicationRole' has a global query filter defined and is the required end of a relationship with the entity 'ApplicationUserRole'. This may lead to unexpected results when the required entity is filtered out. Either configure the navigation as optional, or define matching query filters for both entities in the navigation. See https://go.microsoft.com/fwlink/?linkid=2131316 for more information.
2026-08-11 14:13:46.778 +05:30 [WRN] Entity 'ApplicationUser' has a global query filter defined and is the required end of a relationship with the entity 'ApplicationUserToken'. This may lead to unexpected results when the required entity is filtered out. Either configure the navigation as optional, or define matching query filters for both entities in the navigation. See https://go.microsoft.com/fwlink/?linkid=2131316 for more information.
2026-08-11 14:13:46.913 +05:30 [WRN] The foreign key property 'HomeworkSubmission.StudentId1' was created in shadow state because a conflicting property with the simple name 'StudentId' exists in the entity type, but is either not mapped, is already used for another relationship, or is incompatible with the associated primary key type. See https://aka.ms/efcore-relationships for information on mapping relationships in EF Core.
2026-08-11 14:13:48.262 +05:30 [INF] Database migrated successfully
2026-08-11 14:13:49.187 +05:30 [INF] Roles seeded successfully
2026-08-11 14:14:04.998 +05:30 [INF] [0d035fd2-6ad8-4fa1-935b-1cd478e0e6f6] GET /swagger/v1/swagger.json from 127.0.0.1 by Anonymous
2026-08-11 14:14:05.504 +05:30 [ERR] An unhandled exception occurred: Failed to generate Operation for action - SchoolCRM.API.Controllers.ExamsController.GetExamsAsync (SchoolCRM.API). See inner exception
Swashbuckle.AspNetCore.SwaggerGen.SwaggerGeneratorException: Failed to generate Operation for action - SchoolCRM.API.Controllers.ExamsController.GetExamsAsync (SchoolCRM.API). See inner exception
 ---> Swashbuckle.AspNetCore.SwaggerGen.SwaggerGeneratorException: Failed to generate schema for type - SchoolCRM.Shared.Models.ApiResponse`1[SchoolCRM.Shared.Models.PagedResult`1[SchoolCRM.Application.DTOs.Exam.ExamDto]]. See inner exception
 ---> System.InvalidOperationException: Can't use schemaId "$ExamDto" for type "$SchoolCRM.Application.DTOs.Exam.ExamDto". The same schemaId is already used for type "$SchoolCRM.Application.DTOs.Dashboard.ExamDto"
   at Swashbuckle.AspNetCore.SwaggerGen.SchemaRepository.RegisterType(Type type, String schemaId)
   at Swashbuckle.AspNetCore.SwaggerGen.SchemaGenerator.GenerateReferencedSchema(DataContract dataContract, SchemaRepository schemaRepository, Func`1 definitionFactory)
   at Swashbuckle.AspNetCore.SwaggerGen.SchemaGenerator.GenerateConcreteSchema(DataContract dataContract, SchemaRepository schemaRepository)
   at Swashbuckle.AspNetCore.SwaggerGen.SchemaGenerator.GenerateSchemaForType(Type modelType, SchemaRepository schemaRepository)
   at Swashbuckle.AspNetCore.SwaggerGen.SchemaGenerator.GenerateSchema(Type modelType, SchemaRepository schemaRepository, MemberInfo memberInfo, ParameterInfo parameterInfo, ApiParameterRouteInfo routeInfo)
   at Swashbuckle.AspNetCore.SwaggerGen.SchemaGenerator.CreateArraySchema(DataContract dataContract, SchemaRepository schemaRepository)
   at Swashbuckle.AspNetCore.SwaggerGen.SchemaGenerator.<>c__DisplayClass13_0.<GenerateConcreteSchema>b__1()
   at Swashbuckle.AspNetCore.SwaggerGen.SchemaGenerator.GenerateConcreteSchema(DataContract dataContract, SchemaRepository schemaRepository)
   at Swashbuckle.AspNetCore.SwaggerGen.SchemaGenerator.GenerateSchemaForMember(Type modelType, SchemaRepository schemaRepository, MemberInfo memberInfo, DataProperty dataProperty)
   at Swashbuckle.AspNetCore.SwaggerGen.SchemaGenerator.CreateObjectSchema(DataContract dataContract, SchemaRepository schemaRepository)
   at Swashbuckle.AspNetCore.SwaggerGen.SchemaGenerator.<>c__DisplayClass13_0.<GenerateConcreteSchema>b__3()
   at Swashbuckle.AspNetCore.SwaggerGen.SchemaGenerator.GenerateReferencedSchema(DataContract dataContract, SchemaRepository schemaRepository, Func`1 definitionFactory)
   at Swashbuckle.AspNetCore.SwaggerGen.SchemaGenerator.GenerateConcreteSchema(DataContract dataContract, SchemaRepository schemaRepository)
   at Swashbuckle.AspNetCore.SwaggerGen.SchemaGenerator.GenerateSchemaForMember(Type modelType, SchemaRepository schemaRepository, MemberInfo memberInfo, DataProperty dataProperty)
   at Swashbuckle.AspNetCore.SwaggerGen.SchemaGenerator.CreateObjectSchema(DataContract dataContract, SchemaRepository schemaRepository)
   at Swashbuckle.AspNetCore.SwaggerGen.SchemaGenerator.<>c__DisplayClass13_0.<GenerateConcreteSchema>b__3()
   at Swashbuckle.AspNetCore.SwaggerGen.SchemaGenerator.GenerateReferencedSchema(DataContract dataContract, SchemaRepository schemaRepository, Func`1 definitionFactory)
   at Swashbuckle.AspNetCore.SwaggerGen.SchemaGenerator.GenerateConcreteSchema(DataContract dataContract, SchemaRepository schemaRepository)
   at Swashbuckle.AspNetCore.SwaggerGen.SchemaGenerator.GenerateSchemaForType(Type modelType, SchemaRepository schemaRepository)
   at Swashbuckle.AspNetCore.SwaggerGen.SchemaGenerator.GenerateSchema(Type modelType, SchemaRepository schemaRepository, MemberInfo memberInfo, ParameterInfo parameterInfo, ApiParameterRouteInfo routeInfo)
   at Swashbuckle.AspNetCore.SwaggerGen.SwaggerGenerator.GenerateSchema(Type type, SchemaRepository schemaRepository, PropertyInfo propertyInfo, ParameterInfo parameterInfo, ApiParameterRouteInfo routeInfo)
   --- End of inner exception stack trace ---
   at Swashbuckle.AspNetCore.SwaggerGen.SwaggerGenerator.GenerateSchema(Type type, SchemaRepository schemaRepository, PropertyInfo propertyInfo, ParameterInfo parameterInfo, ApiParameterRouteInfo routeInfo)
   at Swashbuckle.AspNetCore.SwaggerGen.SwaggerGenerator.CreateResponseMediaType(Type modelType, SchemaRepository schemaRespository)
   at Swashbuckle.AspNetCore.SwaggerGen.SwaggerGenerator.<>c__DisplayClass40_0.<GenerateResponse>b__2(String contentType)
   at System.Linq.Enumerable.ToDictionary[TSource,TKey,TElement](IEnumerable`1 source, Func`2 keySelector, Func`2 elementSelector, IEqualityComparer`1 comparer)
   at Swashbuckle.AspNetCore.SwaggerGen.SwaggerGenerator.GenerateResponse(ApiDescription apiDescription, SchemaRepository schemaRepository, String statusCode, ApiResponseType apiResponseType)
   at Swashbuckle.AspNetCore.SwaggerGen.SwaggerGenerator.GenerateResponses(ApiDescription apiDescription, SchemaRepository schemaRepository)
   at Swashbuckle.AspNetCore.SwaggerGen.SwaggerGenerator.GenerateOperationAsync(ApiDescription apiDescription, SchemaRepository schemaRepository, Func`3 parametersGenerator, Func`3 bodyGenerator, Func`3 applyFilters)
   --- End of inner exception stack trace ---
   at Swashbuckle.AspNetCore.SwaggerGen.SwaggerGenerator.GenerateOperationAsync(ApiDescription apiDescription, SchemaRepository schemaRepository, Func`3 parametersGenerator, Func`3 bodyGenerator, Func`3 applyFilters)
   at Swashbuckle.AspNetCore.SwaggerGen.SwaggerGenerator.GenerateOperationAsync(ApiDescription apiDescription, SchemaRepository schemaRepository)
   at Swashbuckle.AspNetCore.SwaggerGen.SwaggerGenerator.GenerateOperationsAsync(IEnumerable`1 apiDescriptions, SchemaRepository schemaRepository)
   at Swashbuckle.AspNetCore.SwaggerGen.SwaggerGenerator.GeneratePathsAsync(IEnumerable`1 apiDescriptions, SchemaRepository schemaRepository, Func`3 operationsGenerator)
   at Swashbuckle.AspNetCore.SwaggerGen.SwaggerGenerator.GeneratePathsAsync(IEnumerable`1 apiDescriptions, SchemaRepository schemaRepository)
   at Swashbuckle.AspNetCore.SwaggerGen.SwaggerGenerator.GetSwaggerAsync(String documentName, String host, String basePath)
   at Swashbuckle.AspNetCore.Swagger.SwaggerMiddleware.Invoke(HttpContext httpContext, ISwaggerProvider swaggerProvider)
   at SchoolCRM.API.Middleware.RequestLoggingMiddleware.InvokeAsync(HttpContext context) in /var/www/html/school-crm/src/SchoolCRM.API/Middleware/RequestLoggingMiddleware.cs:line 33
   at SchoolCRM.API.Middleware.GlobalExceptionMiddleware.InvokeAsync(HttpContext context) in /var/www/html/school-crm/src/SchoolCRM.API/Middleware/GlobalExceptionMiddleware.cs:line 23
2026-08-11 14:15:39.972 +05:30 [INF] [e34a6700-f5e0-4f98-b680-454f9b90d1ff] POST /api/auth/login from 127.0.0.1 by Anonymous
2026-08-11 14:15:39.990 +05:30 [WRN] Failed to determine the https port for redirect.
2026-08-11 14:15:41.018 +05:30 [ERR] An unhandled exception occurred: Invalid email or password.
System.UnauthorizedAccessException: Invalid email or password.
   at SchoolCRM.Infrastructure.Services.AuthService.LoginAsync(LoginDto dto, String ipAddress) in /var/www/html/school-crm/src/SchoolCRM.Infrastructure/Services/AuthService.cs:line 57
   at SchoolCRM.API.Controllers.AuthController.LoginAsync(LoginDto dto) in /var/www/html/school-crm/src/SchoolCRM.API/Controllers/AuthController.cs:line 28
   at lambda_method670(Closure, Object)
   at Microsoft.AspNetCore.Mvc.Infrastructure.ActionMethodExecutor.AwaitableObjectResultExecutor.Execute(ActionContext actionContext, IActionResultTypeMapper mapper, ObjectMethodExecutor executor, Object controller, Object[] arguments)
   at Microsoft.AspNetCore.Mvc.Infrastructure.ControllerActionInvoker.<InvokeActionMethodAsync>g__Awaited|12_0(ControllerActionInvoker invoker, ValueTask`1 actionResultValueTask)
   at Microsoft.AspNetCore.Mvc.Infrastructure.ControllerActionInvoker.<InvokeNextActionFilterAsync>g__Awaited|10_0(ControllerActionInvoker invoker, Task lastTask, State next, Scope scope, Object state, Boolean isCompleted)
   at Microsoft.AspNetCore.Mvc.Infrastructure.ControllerActionInvoker.Rethrow(ActionExecutedContextSealed context)
   at Microsoft.AspNetCore.Mvc.Infrastructure.ControllerActionInvoker.Next(State& next, Scope& scope, Object& state, Boolean& isCompleted)
   at Microsoft.AspNetCore.Mvc.Infrastructure.ControllerActionInvoker.<InvokeInnerFilterAsync>g__Awaited|13_0(ControllerActionInvoker invoker, Task lastTask, State next, Scope scope, Object state, Boolean isCompleted)
   at Microsoft.AspNetCore.Mvc.Infrastructure.ResourceInvoker.<InvokeFilterPipelineAsync>g__Awaited|20_0(ResourceInvoker invoker, Task lastTask, State next, Scope scope, Object state, Boolean isCompleted)
   at Microsoft.AspNetCore.Mvc.Infrastructure.ResourceInvoker.<InvokeAsync>g__Awaited|17_0(ResourceInvoker invoker, Task task, IDisposable scope)
   at Microsoft.AspNetCore.Mvc.Infrastructure.ResourceInvoker.<InvokeAsync>g__Awaited|17_0(ResourceInvoker invoker, Task task, IDisposable scope)
   at Microsoft.AspNetCore.Authorization.AuthorizationMiddleware.Invoke(HttpContext context)
   at Microsoft.AspNetCore.Authentication.AuthenticationMiddleware.Invoke(HttpContext context)
   at Swashbuckle.AspNetCore.SwaggerUI.SwaggerUIMiddleware.Invoke(HttpContext httpContext)
   at Swashbuckle.AspNetCore.Swagger.SwaggerMiddleware.Invoke(HttpContext httpContext, ISwaggerProvider swaggerProvider)
   at SchoolCRM.API.Middleware.RequestLoggingMiddleware.InvokeAsync(HttpContext context) in /var/www/html/school-crm/src/SchoolCRM.API/Middleware/RequestLoggingMiddleware.cs:line 33
   at SchoolCRM.API.Middleware.GlobalExceptionMiddleware.InvokeAsync(HttpContext context) in /var/www/html/school-crm/src/SchoolCRM.API/Middleware/GlobalExceptionMiddleware.cs:line 23
2026-08-11 14:16:05.589 +05:30 [INF] [a58eafa6-d670-47e6-afb9-fd20bdc5c627] POST /api/auth/login from 127.0.0.1 by Anonymous
2026-08-11 14:16:06.071 +05:30 [ERR] An unhandled exception occurred: Invalid email or password.
System.UnauthorizedAccessException: Invalid email or password.
   at SchoolCRM.Infrastructure.Services.AuthService.LoginAsync(LoginDto dto, String ipAddress) in /var/www/html/school-crm/src/SchoolCRM.Infrastructure/Services/AuthService.cs:line 57
   at SchoolCRM.API.Controllers.AuthController.LoginAsync(LoginDto dto) in /var/www/html/school-crm/src/SchoolCRM.API/Controllers/AuthController.cs:line 28
   at lambda_method670(Closure, Object)
   at Microsoft.AspNetCore.Mvc.Infrastructure.ActionMethodExecutor.AwaitableObjectResultExecutor.Execute(ActionContext actionContext, IActionResultTypeMapper mapper, ObjectMethodExecutor executor, Object controller, Object[] arguments)
   at Microsoft.AspNetCore.Mvc.Infrastructure.ControllerActionInvoker.<InvokeActionMethodAsync>g__Awaited|12_0(ControllerActionInvoker invoker, ValueTask`1 actionResultValueTask)
   at Microsoft.AspNetCore.Mvc.Infrastructure.ControllerActionInvoker.<InvokeNextActionFilterAsync>g__Awaited|10_0(ControllerActionInvoker invoker, Task lastTask, State next, Scope scope, Object state, Boolean isCompleted)
   at Microsoft.AspNetCore.Mvc.Infrastructure.ControllerActionInvoker.Rethrow(ActionExecutedContextSealed context)
   at Microsoft.AspNetCore.Mvc.Infrastructure.ControllerActionInvoker.Next(State& next, Scope& scope, Object& state, Boolean& isCompleted)
   at Microsoft.AspNetCore.Mvc.Infrastructure.ControllerActionInvoker.<InvokeInnerFilterAsync>g__Awaited|13_0(ControllerActionInvoker invoker, Task lastTask, State next, Scope scope, Object state, Boolean isCompleted)
   at Microsoft.AspNetCore.Mvc.Infrastructure.ResourceInvoker.<InvokeFilterPipelineAsync>g__Awaited|20_0(ResourceInvoker invoker, Task lastTask, State next, Scope scope, Object state, Boolean isCompleted)
   at Microsoft.AspNetCore.Mvc.Infrastructure.ResourceInvoker.<InvokeAsync>g__Awaited|17_0(ResourceInvoker invoker, Task task, IDisposable scope)
   at Microsoft.AspNetCore.Mvc.Infrastructure.ResourceInvoker.<InvokeAsync>g__Awaited|17_0(ResourceInvoker invoker, Task task, IDisposable scope)
   at Microsoft.AspNetCore.Authorization.AuthorizationMiddleware.Invoke(HttpContext context)
   at Microsoft.AspNetCore.Authentication.AuthenticationMiddleware.Invoke(HttpContext context)
   at Swashbuckle.AspNetCore.SwaggerUI.SwaggerUIMiddleware.Invoke(HttpContext httpContext)
   at Swashbuckle.AspNetCore.Swagger.SwaggerMiddleware.Invoke(HttpContext httpContext, ISwaggerProvider swaggerProvider)
   at SchoolCRM.API.Middleware.RequestLoggingMiddleware.InvokeAsync(HttpContext context) in /var/www/html/school-crm/src/SchoolCRM.API/Middleware/RequestLoggingMiddleware.cs:line 33
   at SchoolCRM.API.Middleware.GlobalExceptionMiddleware.InvokeAsync(HttpContext context) in /var/www/html/school-crm/src/SchoolCRM.API/Middleware/GlobalExceptionMiddleware.cs:line 23
2026-08-11 14:17:55.654 +05:30 [INF] [b1105eea-ca0b-42e9-ae75-c6686e0ea762] POST /api/auth/login from 127.0.0.1 by Anonymous
2026-08-11 14:17:56.361 +05:30 [INF] [b1105eea-ca0b-42e9-ae75-c6686e0ea762] POST /api/auth/login responded 200 in 707ms
2026-08-11 14:17:56.393 +05:30 [INF] [d478c024-1372-4002-aae0-627b23ffb792] POST /api/auth/login from 127.0.0.1 by Anonymous
2026-08-11 14:17:56.782 +05:30 [INF] [d478c024-1372-4002-aae0-627b23ffb792] POST /api/auth/login responded 200 in 388ms
2026-08-11 14:17:56.811 +05:30 [INF] [f6ae2879-8f91-4968-ab48-b6a924848c03] POST /api/auth/login from 127.0.0.1 by Anonymous
2026-08-11 14:17:57.209 +05:30 [INF] [f6ae2879-8f91-4968-ab48-b6a924848c03] POST /api/auth/login responded 200 in 398ms
2026-08-11 14:18:43.102 +05:30 [INF] [4c1ca4b4-2a64-4148-ba6a-290b8e0aa00b] GET /api/exams from 127.0.0.1 by Anonymous
2026-08-11 14:18:44.177 +05:30 [INF] [4c1ca4b4-2a64-4148-ba6a-290b8e0aa00b] GET /api/exams responded 200 in 1073ms
2026-08-11 14:18:44.203 +05:30 [INF] [3accafae-78ae-46a5-a898-4747e93e5633] GET /api/classrooms from 127.0.0.1 by Anonymous
2026-08-11 14:18:44.218 +05:30 [INF] [3accafae-78ae-46a5-a898-4747e93e5633] GET /api/classrooms responded 404 in 15ms
2026-08-11 14:18:44.527 +05:30 [INF] [c8825f01-8d3a-414d-9441-dee481ef3c04] GET /api/subjects from 127.0.0.1 by Anonymous
2026-08-11 14:18:44.552 +05:30 [INF] [c8825f01-8d3a-414d-9441-dee481ef3c04] GET /api/subjects responded 404 in 23ms
2026-08-11 14:19:34.623 +05:30 [INF] [41b98bb7-2c49-4bc5-a4fc-9927626bf11c] GET /api/exams/08def6d2-432c-4e5b-892f-4bb59d9af6fa from 127.0.0.1 by Anonymous
2026-08-11 14:19:34.863 +05:30 [WRN] Compiling a query which loads related collections for more than one collection navigation, either via 'Include' or through projection, but no 'QuerySplittingBehavior' has been configured. By default, Entity Framework will use 'QuerySplittingBehavior.SingleQuery', which can potentially result in slow query performance. See https://go.microsoft.com/fwlink/?linkid=2134277 for more information. To identify the query that's triggering this warning call 'ConfigureWarnings(w => w.Throw(RelationalEventId.MultipleCollectionIncludeWarning))'.
2026-08-11 14:19:35.062 +05:30 [INF] [41b98bb7-2c49-4bc5-a4fc-9927626bf11c] GET /api/exams/08def6d2-432c-4e5b-892f-4bb59d9af6fa responded 200 in 438ms
2026-08-11 14:27:15.867 +05:30 [WRN] Redis unavailable, falling back to in-memory cache and basic SignalR: Redis not connected
2026-08-11 14:27:22.303 +05:30 [WRN] Entity 'ApplicationRole' has a global query filter defined and is the required end of a relationship with the entity 'ApplicationRoleClaim'. This may lead to unexpected results when the required entity is filtered out. Either configure the navigation as optional, or define matching query filters for both entities in the navigation. See https://go.microsoft.com/fwlink/?linkid=2131316 for more information.
2026-08-11 14:27:22.308 +05:30 [WRN] Entity 'ApplicationUser' has a global query filter defined and is the required end of a relationship with the entity 'ApplicationUserClaim'. This may lead to unexpected results when the required entity is filtered out. Either configure the navigation as optional, or define matching query filters for both entities in the navigation. See https://go.microsoft.com/fwlink/?linkid=2131316 for more information.
2026-08-11 14:27:22.309 +05:30 [WRN] Entity 'ApplicationUser' has a global query filter defined and is the required end of a relationship with the entity 'ApplicationUserLogin'. This may lead to unexpected results when the required entity is filtered out. Either configure the navigation as optional, or define matching query filters for both entities in the navigation. See https://go.microsoft.com/fwlink/?linkid=2131316 for more information.
2026-08-11 14:27:22.309 +05:30 [WRN] Entity 'ApplicationRole' has a global query filter defined and is the required end of a relationship with the entity 'ApplicationUserRole'. This may lead to unexpected results when the required entity is filtered out. Either configure the navigation as optional, or define matching query filters for both entities in the navigation. See https://go.microsoft.com/fwlink/?linkid=2131316 for more information.
2026-08-11 14:27:22.309 +05:30 [WRN] Entity 'ApplicationUser' has a global query filter defined and is the required end of a relationship with the entity 'ApplicationUserToken'. This may lead to unexpected results when the required entity is filtered out. Either configure the navigation as optional, or define matching query filters for both entities in the navigation. See https://go.microsoft.com/fwlink/?linkid=2131316 for more information.
2026-08-11 14:27:22.456 +05:30 [WRN] The foreign key property 'HomeworkSubmission.StudentId1' was created in shadow state because a conflicting property with the simple name 'StudentId' exists in the entity type, but is either not mapped, is already used for another relationship, or is incompatible with the associated primary key type. See https://aka.ms/efcore-relationships for information on mapping relationships in EF Core.
2026-08-11 14:27:23.888 +05:30 [INF] Database migrated successfully
2026-08-11 14:27:24.883 +05:30 [INF] Roles seeded successfully
2026-08-11 14:28:30.393 +05:30 [INF] [544e2d57-ca2e-49e1-8295-7a942248ea60] POST /api/auth/login from 127.0.0.1 by Anonymous
2026-08-11 14:28:30.437 +05:30 [WRN] Failed to determine the https port for redirect.
2026-08-11 14:28:31.772 +05:30 [INF] [544e2d57-ca2e-49e1-8295-7a942248ea60] POST /api/auth/login responded 200 in 1374ms
2026-08-11 14:28:59.819 +05:30 [INF] [d177819f-6d70-4176-8065-7bdfd52d38ff] GET /api/classrooms from 127.0.0.1 by Anonymous
2026-08-11 14:29:00.138 +05:30 [INF] [d177819f-6d70-4176-8065-7bdfd52d38ff] GET /api/classrooms responded 404 in 317ms
2026-08-11 14:29:00.160 +05:30 [INF] [313ffa61-8aee-4cd4-adec-3763e68c3a6e] GET /api/classrooms from 127.0.0.1 by Anonymous
2026-08-11 14:29:00.198 +05:30 [INF] [313ffa61-8aee-4cd4-adec-3763e68c3a6e] GET /api/classrooms responded 404 in 38ms
2026-08-11 14:31:19.958 +05:30 [INF] [c4ed2769-0ec1-421a-a87e-cf654b7bb4da] GET /api/schools from 127.0.0.1 by Anonymous
2026-08-11 14:31:20.127 +05:30 [WRN] The query uses a row limiting operator ('Skip'/'Take') without an 'OrderBy' operator. This may lead to unpredictable results. If the 'Distinct' operator is used after 'OrderBy', then make sure to use the 'OrderBy' operator after 'Distinct' as the ordering would otherwise get erased.
2026-08-11 14:31:20.129 +05:30 [WRN] The query uses a row limiting operator ('Skip'/'Take') without an 'OrderBy' operator. This may lead to unpredictable results. If the 'Distinct' operator is used after 'OrderBy', then make sure to use the 'OrderBy' operator after 'Distinct' as the ordering would otherwise get erased.
2026-08-11 14:31:20.207 +05:30 [INF] [c4ed2769-0ec1-421a-a87e-cf654b7bb4da] GET /api/schools responded 200 in 247ms
2026-08-11 14:31:20.517 +05:30 [INF] [f35d92ad-aa04-4c98-81c5-0c2d4b2aee39] GET /api/schools//classes from 127.0.0.1 by Anonymous
2026-08-11 14:31:20.543 +05:30 [INF] [f35d92ad-aa04-4c98-81c5-0c2d4b2aee39] GET /api/schools//classes responded 404 in 25ms
2026-08-11 14:31:20.795 +05:30 [INF] [51c41c87-214e-43f7-b8b4-f4c740402095] GET /api/schools//subjects from 127.0.0.1 by Anonymous
2026-08-11 14:31:20.819 +05:30 [INF] [51c41c87-214e-43f7-b8b4-f4c740402095] GET /api/schools//subjects responded 404 in 23ms
2026-08-11 14:32:07.838 +05:30 [INF] [3f45018b-7208-4a1e-8c1c-6541a24e1e2a] GET /api/schools from 127.0.0.1 by Anonymous
2026-08-11 14:32:07.882 +05:30 [INF] [3f45018b-7208-4a1e-8c1c-6541a24e1e2a] GET /api/schools responded 200 in 43ms
2026-08-11 14:32:38.357 +05:30 [INF] [7d15b7de-04de-4fb3-8189-d953656170ad] GET /api/schools/93cfbeb0-5697-4af4-9f0b-0115e7e2e14a/classes from 127.0.0.1 by Anonymous
2026-08-11 14:32:38.989 +05:30 [INF] [7d15b7de-04de-4fb3-8189-d953656170ad] GET /api/schools/93cfbeb0-5697-4af4-9f0b-0115e7e2e14a/classes responded 200 in 630ms
2026-08-11 14:32:39.034 +05:30 [INF] [ebcfddc8-b6c9-4fc6-9929-1773c6bd81f5] GET /api/schools/93cfbeb0-5697-4af4-9f0b-0115e7e2e14a/subjects from 127.0.0.1 by Anonymous
2026-08-11 14:32:39.195 +05:30 [INF] [ebcfddc8-b6c9-4fc6-9929-1773c6bd81f5] GET /api/schools/93cfbeb0-5697-4af4-9f0b-0115e7e2e14a/subjects responded 200 in 161ms
2026-08-11 14:33:02.253 +05:30 [INF] [28c35621-d80f-45c7-a881-7cfe7d16c10e] POST /api/exams from 127.0.0.1 by Anonymous
2026-08-11 14:33:03.263 +05:30 [INF] [28c35621-d80f-45c7-a881-7cfe7d16c10e] POST /api/exams responded 201 in 1009ms
2026-08-11 14:34:07.569 +05:30 [INF] [6b40b798-ee34-43be-b555-fcb19498d18c] POST /api/exams/08def787-5985-4163-8a50-72b22797a865/questions from 127.0.0.1 by Anonymous
2026-08-11 14:34:07.898 +05:30 [WRN] Compiling a query which loads related collections for more than one collection navigation, either via 'Include' or through projection, but no 'QuerySplittingBehavior' has been configured. By default, Entity Framework will use 'QuerySplittingBehavior.SingleQuery', which can potentially result in slow query performance. See https://go.microsoft.com/fwlink/?linkid=2134277 for more information. To identify the query that's triggering this warning call 'ConfigureWarnings(w => w.Throw(RelationalEventId.MultipleCollectionIncludeWarning))'.
2026-08-11 14:34:08.281 +05:30 [INF] [6b40b798-ee34-43be-b555-fcb19498d18c] POST /api/exams/08def787-5985-4163-8a50-72b22797a865/questions responded 200 in 711ms
2026-08-11 14:34:08.315 +05:30 [INF] [b97dbf01-0bd8-4b18-a20e-daf08ba9f652] GET /api/exams/08def787-5985-4163-8a50-72b22797a865/questions from 127.0.0.1 by Anonymous
2026-08-11 14:34:08.402 +05:30 [INF] [b97dbf01-0bd8-4b18-a20e-daf08ba9f652] GET /api/exams/08def787-5985-4163-8a50-72b22797a865/questions responded 200 in 86ms
2026-08-11 14:34:53.902 +05:30 [INF] [cff87955-a8d4-41f8-b459-3bf06f2aa605] POST /api/exams from 127.0.0.1 by Anonymous
2026-08-11 14:34:53.952 +05:30 [INF] [cff87955-a8d4-41f8-b459-3bf06f2aa605] POST /api/exams responded 400 in 49ms
2026-08-11 14:34:53.983 +05:30 [INF] [750464fb-8b72-484d-9f01-e6b162ae19dd] POST /api/exams/08def787-5985-4163-8a50-72b22797a865/approve from 127.0.0.1 by Anonymous
2026-08-11 14:34:54.019 +05:30 [INF] [750464fb-8b72-484d-9f01-e6b162ae19dd] POST /api/exams/08def787-5985-4163-8a50-72b22797a865/approve responded 400 in 34ms
2026-08-11 14:34:54.064 +05:30 [INF] [ecb7a5a3-1404-4c89-bd9d-ec3bae0181a8] POST /api/exams/08def787-5985-4163-8a50-72b22797a865/approve from 127.0.0.1 by Anonymous
2026-08-11 14:34:54.140 +05:30 [INF] [ecb7a5a3-1404-4c89-bd9d-ec3bae0181a8] POST /api/exams/08def787-5985-4163-8a50-72b22797a865/approve responded 200 in 75ms
2026-08-11 14:35:03.656 +05:30 [INF] [61630637-d2aa-4603-b5b2-6b40d03005c9] GET /api/exams/08def787-5985-4163-8a50-72b22797a865/questions from 127.0.0.1 by Anonymous
2026-08-11 14:35:03.688 +05:30 [INF] [61630637-d2aa-4603-b5b2-6b40d03005c9] GET /api/exams/08def787-5985-4163-8a50-72b22797a865/questions responded 200 in 31ms
2026-08-11 14:35:03.762 +05:30 [INF] [080f829d-dc45-482d-ab84-b37e590b03b5] GET /api/exams/08def787-5985-4163-8a50-72b22797a865/questions from 127.0.0.1 by Anonymous
2026-08-11 14:35:03.787 +05:30 [INF] [080f829d-dc45-482d-ab84-b37e590b03b5] GET /api/exams/08def787-5985-4163-8a50-72b22797a865/questions responded 200 in 24ms
2026-08-11 14:35:03.844 +05:30 [INF] [48a41d58-71ce-4d9b-aef2-13d8e6098ea8] POST /api/exams/08def787-5985-4163-8a50-72b22797a865/submit from 127.0.0.1 by Anonymous
2026-08-11 14:35:04.612 +05:30 [INF] [48a41d58-71ce-4d9b-aef2-13d8e6098ea8] POST /api/exams/08def787-5985-4163-8a50-72b22797a865/submit responded 200 in 767ms
2026-08-11 14:35:04.635 +05:30 [INF] [c701a6b3-bbf4-4b78-bf6b-7e051e403fea] POST /api/exams/08def787-5985-4163-8a50-72b22797a865/submit from 127.0.0.1 by Anonymous
2026-08-11 14:35:04.687 +05:30 [INF] [c701a6b3-bbf4-4b78-bf6b-7e051e403fea] POST /api/exams/08def787-5985-4163-8a50-72b22797a865/submit responded 400 in 51ms
2026-08-11 14:40:08.005 +05:30 [INF] [40db088f-bf74-4688-ade9-5555f978847d] GET /api/schools/93cfbeb0-5697-4af4-9f0b-0115e7e2e14a/classes from 127.0.0.1 by Anonymous
2026-08-11 14:40:08.490 +05:30 [INF] [40db088f-bf74-4688-ade9-5555f978847d] GET /api/schools/93cfbeb0-5697-4af4-9f0b-0115e7e2e14a/classes responded 200 in 484ms
2026-08-11 14:40:33.789 +05:30 [INF] [3fe6b794-d627-487e-9b0f-33440f51ec1c] GET /api/schools/93cfbeb0-5697-4af4-9f0b-0115e7e2e14a/classes from 127.0.0.1 by Anonymous
2026-08-11 14:40:33.819 +05:30 [INF] [3fe6b794-d627-487e-9b0f-33440f51ec1c] GET /api/schools/93cfbeb0-5697-4af4-9f0b-0115e7e2e14a/classes responded 200 in 29ms
2026-08-11 14:41:37.164 +05:30 [INF] [49df6f10-8331-4862-9b2c-1cbc7fcb8e02] POST /api/students from 127.0.0.1 by Anonymous
2026-08-11 14:41:37.249 +05:30 [INF] [49df6f10-8331-4862-9b2c-1cbc7fcb8e02] POST /api/students responded 400 in 84ms
2026-08-11 14:42:41.756 +05:30 [INF] [84ec5567-c80b-4f38-af36-24da5653f9fc] POST /api/students from 127.0.0.1 by Anonymous
2026-08-11 14:42:42.225 +05:30 [INF] [84ec5567-c80b-4f38-af36-24da5653f9fc] POST /api/students responded 400 in 469ms
2026-08-11 14:43:45.759 +05:30 [INF] [7e3a6f74-3b71-4476-8d0a-36bcb36b1824] POST /api/students from 127.0.0.1 by Anonymous
2026-08-11 14:43:46.505 +05:30 [WRN] Compiling a query which loads related collections for more than one collection navigation, either via 'Include' or through projection, but no 'QuerySplittingBehavior' has been configured. By default, Entity Framework will use 'QuerySplittingBehavior.SingleQuery', which can potentially result in slow query performance. See https://go.microsoft.com/fwlink/?linkid=2134277 for more information. To identify the query that's triggering this warning call 'ConfigureWarnings(w => w.Throw(RelationalEventId.MultipleCollectionIncludeWarning))'.
2026-08-11 14:43:46.630 +05:30 [INF] [7e3a6f74-3b71-4476-8d0a-36bcb36b1824] POST /api/students responded 201 in 870ms
2026-08-11 14:44:17.500 +05:30 [WRN] Redis unavailable, falling back to in-memory cache and basic SignalR: Redis not connected
2026-08-11 14:44:23.615 +05:30 [WRN] Entity 'ApplicationRole' has a global query filter defined and is the required end of a relationship with the entity 'ApplicationRoleClaim'. This may lead to unexpected results when the required entity is filtered out. Either configure the navigation as optional, or define matching query filters for both entities in the navigation. See https://go.microsoft.com/fwlink/?linkid=2131316 for more information.
2026-08-11 14:44:23.619 +05:30 [WRN] Entity 'ApplicationUser' has a global query filter defined and is the required end of a relationship with the entity 'ApplicationUserClaim'. This may lead to unexpected results when the required entity is filtered out. Either configure the navigation as optional, or define matching query filters for both entities in the navigation. See https://go.microsoft.com/fwlink/?linkid=2131316 for more information.
2026-08-11 14:44:23.620 +05:30 [WRN] Entity 'ApplicationUser' has a global query filter defined and is the required end of a relationship with the entity 'ApplicationUserLogin'. This may lead to unexpected results when the required entity is filtered out. Either configure the navigation as optional, or define matching query filters for both entities in the navigation. See https://go.microsoft.com/fwlink/?linkid=2131316 for more information.
2026-08-11 14:44:23.620 +05:30 [WRN] Entity 'ApplicationRole' has a global query filter defined and is the required end of a relationship with the entity 'ApplicationUserRole'. This may lead to unexpected results when the required entity is filtered out. Either configure the navigation as optional, or define matching query filters for both entities in the navigation. See https://go.microsoft.com/fwlink/?linkid=2131316 for more information.
2026-08-11 14:44:23.620 +05:30 [WRN] Entity 'ApplicationUser' has a global query filter defined and is the required end of a relationship with the entity 'ApplicationUserToken'. This may lead to unexpected results when the required entity is filtered out. Either configure the navigation as optional, or define matching query filters for both entities in the navigation. See https://go.microsoft.com/fwlink/?linkid=2131316 for more information.
2026-08-11 14:44:23.769 +05:30 [WRN] The foreign key property 'HomeworkSubmission.StudentId1' was created in shadow state because a conflicting property with the simple name 'StudentId' exists in the entity type, but is either not mapped, is already used for another relationship, or is incompatible with the associated primary key type. See https://aka.ms/efcore-relationships for information on mapping relationships in EF Core.
2026-08-11 14:44:25.124 +05:30 [INF] Database migrated successfully
2026-08-11 14:44:26.150 +05:30 [INF] Roles seeded successfully
2026-08-11 14:44:42.665 +05:30 [INF] [5cde653c-5a18-49e3-bbd0-43c5aecdc82f] POST /api/auth/login from 127.0.0.1 by Anonymous
2026-08-11 14:44:42.705 +05:30 [WRN] Failed to determine the https port for redirect.
2026-08-11 14:44:44.074 +05:30 [INF] [5cde653c-5a18-49e3-bbd0-43c5aecdc82f] POST /api/auth/login responded 200 in 1405ms
2026-08-11 14:44:44.148 +05:30 [INF] [8e7466fa-1fff-4fbb-b819-f0a83278cdf1] GET /api/exams/08def787-5985-4163-8a50-72b22797a865/questions from 127.0.0.1 by Anonymous
2026-08-11 14:44:44.767 +05:30 [INF] [8e7466fa-1fff-4fbb-b819-f0a83278cdf1] GET /api/exams/08def787-5985-4163-8a50-72b22797a865/questions responded 200 in 618ms
2026-08-11 14:44:44.986 +05:30 [INF] [6c40be7b-5b6b-411f-956f-54239e48e71b] POST /api/exams/08def787-5985-4163-8a50-72b22797a865/submit from 127.0.0.1 by Anonymous
2026-08-11 14:44:45.313 +05:30 [WRN] Compiling a query which loads related collections for more than one collection navigation, either via 'Include' or through projection, but no 'QuerySplittingBehavior' has been configured. By default, Entity Framework will use 'QuerySplittingBehavior.SingleQuery', which can potentially result in slow query performance. See https://go.microsoft.com/fwlink/?linkid=2134277 for more information. To identify the query that's triggering this warning call 'ConfigureWarnings(w => w.Throw(RelationalEventId.MultipleCollectionIncludeWarning))'.
2026-08-11 14:44:47.120 +05:30 [INF] [6c40be7b-5b6b-411f-956f-54239e48e71b] POST /api/exams/08def787-5985-4163-8a50-72b22797a865/submit responded 200 in 2131ms
2026-08-11 14:45:15.941 +05:30 [INF] [f1e0418a-16de-483f-960c-7c02acd65b1c] POST /api/exams from 127.0.0.1 by Anonymous
2026-08-11 14:45:16.186 +05:30 [INF] [f1e0418a-16de-483f-960c-7c02acd65b1c] POST /api/exams responded 201 in 244ms
2026-08-11 14:45:16.212 +05:30 [INF] [dcb1e06f-7c2e-4b6d-9a4c-c16e9afbbc74] POST /api/exams/08def789-0ea1-4bac-8b46-115e5ada85e6/questions from 127.0.0.1 by Anonymous
2026-08-11 14:45:16.339 +05:30 [INF] [dcb1e06f-7c2e-4b6d-9a4c-c16e9afbbc74] POST /api/exams/08def789-0ea1-4bac-8b46-115e5ada85e6/questions responded 200 in 126ms
2026-08-11 14:45:16.376 +05:30 [INF] [0b9bc3e8-d7e9-44c9-95a7-491938ece931] POST /api/exams/08def789-0ea1-4bac-8b46-115e5ada85e6/approve from 127.0.0.1 by Anonymous
2026-08-11 14:45:16.474 +05:30 [INF] [0b9bc3e8-d7e9-44c9-95a7-491938ece931] POST /api/exams/08def789-0ea1-4bac-8b46-115e5ada85e6/approve responded 200 in 98ms
2026-08-11 14:45:16.533 +05:30 [INF] [d8d9b450-9775-4617-824a-bda144e7dd6a] GET /api/exams/08def789-0ea1-4bac-8b46-115e5ada85e6/questions from 127.0.0.1 by Anonymous
2026-08-11 14:45:16.569 +05:30 [INF] [d8d9b450-9775-4617-824a-bda144e7dd6a] GET /api/exams/08def789-0ea1-4bac-8b46-115e5ada85e6/questions responded 200 in 32ms
2026-08-11 14:45:16.608 +05:30 [INF] [0f41f58c-86c8-4b49-b54a-48cb233a82ae] POST /api/exams/08def789-0ea1-4bac-8b46-115e5ada85e6/submit from 127.0.0.1 by Anonymous
2026-08-11 14:45:16.719 +05:30 [INF] [0f41f58c-86c8-4b49-b54a-48cb233a82ae] POST /api/exams/08def789-0ea1-4bac-8b46-115e5ada85e6/submit responded 200 in 109ms
2026-08-11 14:47:56.171 +05:30 [WRN] Redis unavailable, falling back to in-memory cache and basic SignalR: Redis not connected
2026-08-11 14:48:02.529 +05:30 [WRN] Entity 'ApplicationRole' has a global query filter defined and is the required end of a relationship with the entity 'ApplicationRoleClaim'. This may lead to unexpected results when the required entity is filtered out. Either configure the navigation as optional, or define matching query filters for both entities in the navigation. See https://go.microsoft.com/fwlink/?linkid=2131316 for more information.
2026-08-11 14:48:02.532 +05:30 [WRN] Entity 'ApplicationUser' has a global query filter defined and is the required end of a relationship with the entity 'ApplicationUserClaim'. This may lead to unexpected results when the required entity is filtered out. Either configure the navigation as optional, or define matching query filters for both entities in the navigation. See https://go.microsoft.com/fwlink/?linkid=2131316 for more information.
2026-08-11 14:48:02.532 +05:30 [WRN] Entity 'ApplicationUser' has a global query filter defined and is the required end of a relationship with the entity 'ApplicationUserLogin'. This may lead to unexpected results when the required entity is filtered out. Either configure the navigation as optional, or define matching query filters for both entities in the navigation. See https://go.microsoft.com/fwlink/?linkid=2131316 for more information.
2026-08-11 14:48:02.533 +05:30 [WRN] Entity 'ApplicationRole' has a global query filter defined and is the required end of a relationship with the entity 'ApplicationUserRole'. This may lead to unexpected results when the required entity is filtered out. Either configure the navigation as optional, or define matching query filters for both entities in the navigation. See https://go.microsoft.com/fwlink/?linkid=2131316 for more information.
2026-08-11 14:48:02.533 +05:30 [WRN] Entity 'ApplicationUser' has a global query filter defined and is the required end of a relationship with the entity 'ApplicationUserToken'. This may lead to unexpected results when the required entity is filtered out. Either configure the navigation as optional, or define matching query filters for both entities in the navigation. See https://go.microsoft.com/fwlink/?linkid=2131316 for more information.
2026-08-11 14:48:02.689 +05:30 [WRN] The foreign key property 'HomeworkSubmission.StudentId1' was created in shadow state because a conflicting property with the simple name 'StudentId' exists in the entity type, but is either not mapped, is already used for another relationship, or is incompatible with the associated primary key type. See https://aka.ms/efcore-relationships for information on mapping relationships in EF Core.
2026-08-11 14:48:04.156 +05:30 [INF] Database migrated successfully
2026-08-11 14:48:05.296 +05:30 [INF] Roles seeded successfully
2026-08-11 14:48:42.606 +05:30 [INF] [ef14a432-50fd-435c-9ff8-132fff13b58f] GET /api/exams/08def789-0ea1-4bac-8b46-115e5ada85e6/submissions from 127.0.0.1 by Anonymous
2026-08-11 14:48:42.650 +05:30 [WRN] Failed to determine the https port for redirect.
2026-08-11 14:48:43.922 +05:30 [INF] [ef14a432-50fd-435c-9ff8-132fff13b58f] GET /api/exams/08def789-0ea1-4bac-8b46-115e5ada85e6/submissions responded 200 in 1310ms
2026-08-11 14:48:51.506 +05:30 [INF] [775cbd7c-4acd-47d6-9e9c-7837867ba2ac] POST /api/exams/submissions/08def789-0ef3-4bb3-83fb-011b33375f13/grade from 127.0.0.1 by Anonymous
2026-08-11 14:48:51.794 +05:30 [INF] [775cbd7c-4acd-47d6-9e9c-7837867ba2ac] POST /api/exams/submissions/08def789-0ef3-4bb3-83fb-011b33375f13/grade responded 400 in 287ms
2026-08-11 14:48:52.055 +05:30 [INF] [ce5b88a9-217a-4376-9eb0-7dc7856d0043] GET /api/exams/submissions/mine from 127.0.0.1 by Anonymous
2026-08-11 14:48:52.525 +05:30 [INF] [ce5b88a9-217a-4376-9eb0-7dc7856d0043] GET /api/exams/submissions/mine responded 200 in 466ms
2026-08-11 14:51:34.195 +05:30 [WRN] Redis unavailable, falling back to in-memory cache and basic SignalR: Redis not connected
2026-08-11 14:51:40.602 +05:30 [WRN] Entity 'ApplicationRole' has a global query filter defined and is the required end of a relationship with the entity 'ApplicationRoleClaim'. This may lead to unexpected results when the required entity is filtered out. Either configure the navigation as optional, or define matching query filters for both entities in the navigation. See https://go.microsoft.com/fwlink/?linkid=2131316 for more information.
2026-08-11 14:51:40.606 +05:30 [WRN] Entity 'ApplicationUser' has a global query filter defined and is the required end of a relationship with the entity 'ApplicationUserClaim'. This may lead to unexpected results when the required entity is filtered out. Either configure the navigation as optional, or define matching query filters for both entities in the navigation. See https://go.microsoft.com/fwlink/?linkid=2131316 for more information.
2026-08-11 14:51:40.607 +05:30 [WRN] Entity 'ApplicationUser' has a global query filter defined and is the required end of a relationship with the entity 'ApplicationUserLogin'. This may lead to unexpected results when the required entity is filtered out. Either configure the navigation as optional, or define matching query filters for both entities in the navigation. See https://go.microsoft.com/fwlink/?linkid=2131316 for more information.
2026-08-11 14:51:40.607 +05:30 [WRN] Entity 'ApplicationRole' has a global query filter defined and is the required end of a relationship with the entity 'ApplicationUserRole'. This may lead to unexpected results when the required entity is filtered out. Either configure the navigation as optional, or define matching query filters for both entities in the navigation. See https://go.microsoft.com/fwlink/?linkid=2131316 for more information.
2026-08-11 14:51:40.607 +05:30 [WRN] Entity 'ApplicationUser' has a global query filter defined and is the required end of a relationship with the entity 'ApplicationUserToken'. This may lead to unexpected results when the required entity is filtered out. Either configure the navigation as optional, or define matching query filters for both entities in the navigation. See https://go.microsoft.com/fwlink/?linkid=2131316 for more information.
2026-08-11 14:51:40.763 +05:30 [WRN] The foreign key property 'HomeworkSubmission.StudentId1' was created in shadow state because a conflicting property with the simple name 'StudentId' exists in the entity type, but is either not mapped, is already used for another relationship, or is incompatible with the associated primary key type. See https://aka.ms/efcore-relationships for information on mapping relationships in EF Core.
2026-08-11 14:51:42.248 +05:30 [INF] Database migrated successfully
2026-08-11 14:51:43.301 +05:30 [INF] Roles seeded successfully
2026-08-11 14:52:24.537 +05:30 [INF] [7104deba-1ae3-4176-a77b-ec9b15dc7a52] POST /api/exams/submissions/08def789-0ef3-4bb3-83fb-011b33375f13/grade from 127.0.0.1 by Anonymous
2026-08-11 14:52:24.569 +05:30 [WRN] Failed to determine the https port for redirect.
2026-08-11 14:52:26.169 +05:30 [INF] [7104deba-1ae3-4176-a77b-ec9b15dc7a52] POST /api/exams/submissions/08def789-0ef3-4bb3-83fb-011b33375f13/grade responded 200 in 1629ms
2026-08-11 14:52:59.502 +05:30 [INF] [82b069fa-b802-4103-8dbd-7b0b241a879e] POST /api/files/upload from 127.0.0.1 by Anonymous
2026-08-11 14:52:59.811 +05:30 [INF] [82b069fa-b802-4103-8dbd-7b0b241a879e] POST /api/files/upload responded 200 in 308ms
2026-08-11 14:52:59.893 +05:30 [INF] [5fc23fec-4144-4cf8-9407-97bfee672ab8] POST /api/exams/08def787-5985-4163-8a50-72b22797a865/question-paper from 127.0.0.1 by Anonymous
2026-08-11 14:53:00.221 +05:30 [WRN] Compiling a query which loads related collections for more than one collection navigation, either via 'Include' or through projection, but no 'QuerySplittingBehavior' has been configured. By default, Entity Framework will use 'QuerySplittingBehavior.SingleQuery', which can potentially result in slow query performance. See https://go.microsoft.com/fwlink/?linkid=2134277 for more information. To identify the query that's triggering this warning call 'ConfigureWarnings(w => w.Throw(RelationalEventId.MultipleCollectionIncludeWarning))'.
2026-08-11 14:53:01.069 +05:30 [INF] [5fc23fec-4144-4cf8-9407-97bfee672ab8] POST /api/exams/08def787-5985-4163-8a50-72b22797a865/question-paper responded 200 in 1175ms
2026-08-11 14:53:01.101 +05:30 [INF] [e2b101a2-7a5a-4e47-b53a-f68a18dbdb6b] GET /uploads/eec071a010734e6fb1325cb8f6cce6a7.pdf from 127.0.0.1 by Anonymous
2026-08-11 14:53:01.131 +05:30 [INF] [e2b101a2-7a5a-4e47-b53a-f68a18dbdb6b] GET /uploads/eec071a010734e6fb1325cb8f6cce6a7.pdf responded 200 in 30ms
2026-08-11 14:53:34.525 +05:30 [INF] [2b36680b-276f-4fa3-9384-ad1d3e5f0d62] POST /api/homework from 127.0.0.1 by Anonymous
2026-08-11 14:53:34.958 +05:30 [INF] [2b36680b-276f-4fa3-9384-ad1d3e5f0d62] POST /api/homework responded 201 in 431ms
2026-08-11 14:53:34.996 +05:30 [INF] [6bb44f94-41f9-4edb-a874-1ffb4a3d3a00] POST /api/homework/08def78a-37d4-459a-83e2-1183038fd648/approve from 127.0.0.1 by Anonymous
2026-08-11 14:53:35.090 +05:30 [INF] [6bb44f94-41f9-4edb-a874-1ffb4a3d3a00] POST /api/homework/08def78a-37d4-459a-83e2-1183038fd648/approve responded 200 in 94ms
2026-08-11 14:53:35.122 +05:30 [INF] [7ce8ef05-5a63-47ad-b5a4-9d21cfd6ae75] GET /api/homework from 127.0.0.1 by Anonymous
2026-08-11 14:53:35.609 +05:30 [INF] [7ce8ef05-5a63-47ad-b5a4-9d21cfd6ae75] GET /api/homework responded 200 in 485ms
2026-08-11 14:54:07.549 +05:30 [INF] [c04172e6-93de-41cb-b320-72271bad100c] GET /api/homework from 127.0.0.1 by Anonymous
2026-08-11 14:54:07.603 +05:30 [INF] [c04172e6-93de-41cb-b320-72271bad100c] GET /api/homework responded 200 in 52ms
2026-08-11 14:54:41.254 +05:30 [INF] [772446f3-5158-49de-b233-909109f9bd88] GET /api/homework/08def78a-37d4-459a-83e2-1183038fd648 from 127.0.0.1 by Anonymous
2026-08-11 14:54:41.326 +05:30 [WRN] The query uses a row limiting operator ('Skip'/'Take') without an 'OrderBy' operator. This may lead to unpredictable results. If the 'Distinct' operator is used after 'OrderBy', then make sure to use the 'OrderBy' operator after 'Distinct' as the ordering would otherwise get erased.
2026-08-11 14:54:41.326 +05:30 [WRN] The query uses a row limiting operator ('Skip'/'Take') without an 'OrderBy' operator. This may lead to unpredictable results. If the 'Distinct' operator is used after 'OrderBy', then make sure to use the 'OrderBy' operator after 'Distinct' as the ordering would otherwise get erased.
2026-08-11 14:54:41.456 +05:30 [INF] [772446f3-5158-49de-b233-909109f9bd88] GET /api/homework/08def78a-37d4-459a-83e2-1183038fd648 responded 200 in 201ms
2026-08-11 14:55:38.504 +05:30 [INF] [ca683da3-2741-4a3e-9473-52040c3217ae] GET /api/homework from 127.0.0.1 by Anonymous
2026-08-11 14:55:38.549 +05:30 [INF] [ca683da3-2741-4a3e-9473-52040c3217ae] GET /api/homework responded 200 in 44ms
2026-08-11 14:55:38.573 +05:30 [INF] [5a0f50be-e5cb-4c09-8af1-9a33e4dd355f] POST /api/homework/08def773-ac29-43a5-8776-415f92bd0101/approve from 127.0.0.1 by Anonymous
2026-08-11 14:55:38.617 +05:30 [INF] [5a0f50be-e5cb-4c09-8af1-9a33e4dd355f] POST /api/homework/08def773-ac29-43a5-8776-415f92bd0101/approve responded 200 in 43ms
2026-08-11 14:55:38.649 +05:30 [INF] [6b7a8569-406b-4120-9ef6-276e0a50d111] POST /api/exams from 127.0.0.1 by Anonymous
2026-08-11 14:55:38.822 +05:30 [INF] [6b7a8569-406b-4120-9ef6-276e0a50d111] POST /api/exams responded 201 in 172ms
2026-08-11 14:55:38.865 +05:30 [INF] [3c137e0d-0e03-4fb9-bc1c-c646a22b76ba] POST /api/exams/08def78a-81c4-4aea-8443-ea5c3e38d846/questions from 127.0.0.1 by Anonymous
2026-08-11 14:55:38.987 +05:30 [INF] [3c137e0d-0e03-4fb9-bc1c-c646a22b76ba] POST /api/exams/08def78a-81c4-4aea-8443-ea5c3e38d846/questions responded 200 in 121ms
2026-08-11 14:55:39.013 +05:30 [INF] [43f9c082-a505-4951-ae9e-55ccdcf9da1c] POST /api/exams/08def78a-81c4-4aea-8443-ea5c3e38d846/submit from 127.0.0.1 by Anonymous
2026-08-11 14:55:39.066 +05:30 [INF] [43f9c082-a505-4951-ae9e-55ccdcf9da1c] POST /api/exams/08def78a-81c4-4aea-8443-ea5c3e38d846/submit responded 400 in 53ms
2026-08-11 15:01:00.577 +05:30 [INF] [40fec381-edef-4bc5-9052-299b984ab3d7] GET /api/auth/me from 127.0.0.1 by Anonymous
2026-08-11 15:01:00.610 +05:30 [INF] [40fec381-edef-4bc5-9052-299b984ab3d7] GET /api/auth/me responded 401 in 31ms
2026-08-11 15:01:00.664 +05:30 [INF] [012ae130-f855-4d20-a64f-a5dce667b049] GET /api/auth/me from 127.0.0.1 by Anonymous
2026-08-11 15:01:00.668 +05:30 [INF] [012ae130-f855-4d20-a64f-a5dce667b049] GET /api/auth/me responded 401 in 2ms
2026-08-11 15:01:00.707 +05:30 [INF] [0d6bb40b-e6ca-45d8-a21a-28c1f4cc4ae4] POST /api/auth/refresh from 127.0.0.1 by Anonymous
2026-08-11 15:01:00.774 +05:30 [INF] [c46830e1-72f5-457c-9e13-6f1605d677b3] POST /api/auth/refresh from 127.0.0.1 by Anonymous
2026-08-11 15:01:01.415 +05:30 [INF] [c46830e1-72f5-457c-9e13-6f1605d677b3] POST /api/auth/refresh responded 400 in 640ms
2026-08-11 15:01:01.415 +05:30 [INF] [0d6bb40b-e6ca-45d8-a21a-28c1f4cc4ae4] POST /api/auth/refresh responded 400 in 707ms
2026-08-11 15:01:02.127 +05:30 [INF] [05e527b8-6d29-476f-8c64-e9056e9965a2] GET /api/exams from 127.0.0.1 by Anonymous
2026-08-11 15:01:02.128 +05:30 [INF] [05e527b8-6d29-476f-8c64-e9056e9965a2] GET /api/exams responded 401 in 0ms
2026-08-11 15:01:02.142 +05:30 [INF] [75eb088f-b091-4e63-9a1e-585e093280a7] GET /api/exams from 127.0.0.1 by Anonymous
2026-08-11 15:01:02.144 +05:30 [INF] [75eb088f-b091-4e63-9a1e-585e093280a7] GET /api/exams responded 401 in 0ms
2026-08-11 15:01:14.801 +05:30 [INF] [dac7e57c-3df7-47b4-9aa1-e5b73d9d4706] POST /api/auth/login from 127.0.0.1 by Anonymous
2026-08-11 15:01:15.416 +05:30 [INF] [dac7e57c-3df7-47b4-9aa1-e5b73d9d4706] POST /api/auth/login responded 200 in 613ms
2026-08-11 15:01:16.338 +05:30 [INF] [5d3605b3-73d9-4a2b-b79a-f5f311c7f0fb] GET /api/dashboard/stats from 127.0.0.1 by Anonymous
2026-08-11 15:01:16.347 +05:30 [INF] [9b5cb912-7f1d-4469-9545-2ca737af3b59] GET /api/dashboard/attendance-chart from 127.0.0.1 by Anonymous
2026-08-11 15:01:17.808 +05:30 [INF] [9b5cb912-7f1d-4469-9545-2ca737af3b59] GET /api/dashboard/attendance-chart responded 200 in 1461ms
2026-08-11 15:01:17.817 +05:30 [INF] [3c9c30e5-2c38-44cd-a373-46574f42ca79] GET /api/dashboard/attendance-chart from 127.0.0.1 by Anonymous
2026-08-11 15:01:17.925 +05:30 [WRN] The query uses a row limiting operator ('Skip'/'Take') without an 'OrderBy' operator. This may lead to unpredictable results. If the 'Distinct' operator is used after 'OrderBy', then make sure to use the 'OrderBy' operator after 'Distinct' as the ordering would otherwise get erased.
2026-08-11 15:01:17.925 +05:30 [WRN] The query uses a row limiting operator ('Skip'/'Take') without an 'OrderBy' operator. This may lead to unpredictable results. If the 'Distinct' operator is used after 'OrderBy', then make sure to use the 'OrderBy' operator after 'Distinct' as the ordering would otherwise get erased.
2026-08-11 15:01:17.976 +05:30 [INF] [5d3605b3-73d9-4a2b-b79a-f5f311c7f0fb] GET /api/dashboard/stats responded 200 in 1636ms
2026-08-11 15:01:18.001 +05:30 [INF] [65300b40-59e3-41a2-9c4f-a954eaa9443f] GET /api/dashboard/stats from 127.0.0.1 by Anonymous
2026-08-11 15:01:18.148 +05:30 [INF] [65300b40-59e3-41a2-9c4f-a954eaa9443f] GET /api/dashboard/stats responded 200 in 146ms
2026-08-11 15:01:19.073 +05:30 [INF] [3c9c30e5-2c38-44cd-a373-46574f42ca79] GET /api/dashboard/attendance-chart responded 200 in 1255ms
2026-08-11 15:01:22.056 +05:30 [INF] [e048498e-b69d-458a-94bf-26d42c972f7b] GET /api/exams from 127.0.0.1 by Anonymous
2026-08-11 15:01:22.177 +05:30 [INF] [e048498e-b69d-458a-94bf-26d42c972f7b] GET /api/exams responded 200 in 120ms
2026-08-11 15:01:22.187 +05:30 [INF] [9ec7c550-e5f9-4715-bcc0-c69023bac805] GET /api/exams from 127.0.0.1 by Anonymous
2026-08-11 15:01:22.211 +05:30 [INF] [9ec7c550-e5f9-4715-bcc0-c69023bac805] GET /api/exams responded 200 in 24ms
2026-08-11 15:01:30.862 +05:30 [INF] [871872be-3727-4c18-8dd1-158161bc9627] GET /api/homework from 127.0.0.1 by Anonymous
2026-08-11 15:01:30.901 +05:30 [INF] [871872be-3727-4c18-8dd1-158161bc9627] GET /api/homework responded 200 in 37ms
2026-08-11 15:01:30.910 +05:30 [INF] [f80cf493-e3d5-4da9-a910-55c2b7bdcf49] GET /api/homework from 127.0.0.1 by Anonymous
2026-08-11 15:01:30.934 +05:30 [INF] [f80cf493-e3d5-4da9-a910-55c2b7bdcf49] GET /api/homework responded 200 in 23ms
2026-08-11 15:01:38.523 +05:30 [INF] [ab750673-c344-4295-aa45-faf7a7be5def] GET /api/dashboard/stats from 127.0.0.1 by Anonymous
2026-08-11 15:01:38.535 +05:30 [INF] [b68186be-b65e-420c-bd66-17928dcac8ab] GET /api/dashboard/attendance-chart from 127.0.0.1 by Anonymous
2026-08-11 15:01:38.732 +05:30 [INF] [ab750673-c344-4295-aa45-faf7a7be5def] GET /api/dashboard/stats responded 200 in 209ms
2026-08-11 15:01:38.745 +05:30 [INF] [9931f402-99dc-4c72-9cde-ead0d9834005] GET /api/dashboard/stats from 127.0.0.1 by Anonymous
2026-08-11 15:01:38.913 +05:30 [INF] [9931f402-99dc-4c72-9cde-ead0d9834005] GET /api/dashboard/stats responded 200 in 167ms
2026-08-11 15:01:39.932 +05:30 [INF] [b68186be-b65e-420c-bd66-17928dcac8ab] GET /api/dashboard/attendance-chart responded 200 in 1396ms
2026-08-11 15:01:39.946 +05:30 [INF] [bbae6e62-e3e4-4c16-bfec-7ad6558df660] GET /api/dashboard/attendance-chart from 127.0.0.1 by Anonymous
2026-08-11 15:01:40.899 +05:30 [INF] [bbae6e62-e3e4-4c16-bfec-7ad6558df660] GET /api/dashboard/attendance-chart responded 200 in 952ms
2026-08-11 15:01:42.084 +05:30 [INF] [f80b41c6-df5d-4147-acd4-3b2bbc006601] GET /api/schools from 127.0.0.1 by Anonymous
2026-08-11 15:01:42.130 +05:30 [WRN] The query uses a row limiting operator ('Skip'/'Take') without an 'OrderBy' operator. This may lead to unpredictable results. If the 'Distinct' operator is used after 'OrderBy', then make sure to use the 'OrderBy' operator after 'Distinct' as the ordering would otherwise get erased.
2026-08-11 15:01:42.130 +05:30 [WRN] The query uses a row limiting operator ('Skip'/'Take') without an 'OrderBy' operator. This may lead to unpredictable results. If the 'Distinct' operator is used after 'OrderBy', then make sure to use the 'OrderBy' operator after 'Distinct' as the ordering would otherwise get erased.
2026-08-11 15:01:42.179 +05:30 [INF] [f80b41c6-df5d-4147-acd4-3b2bbc006601] GET /api/schools responded 200 in 93ms
2026-08-11 15:01:42.192 +05:30 [INF] [ff9dcfaf-89af-4e3c-b452-a63ce120f056] GET /api/schools from 127.0.0.1 by Anonymous
2026-08-11 15:01:42.212 +05:30 [INF] [536f37a2-6bac-43b4-ab54-f64d110f0b31] GET /api/schools/93cfbeb0-5697-4af4-9f0b-0115e7e2e14a/classes from 127.0.0.1 by Anonymous
2026-08-11 15:01:42.223 +05:30 [INF] [ff9dcfaf-89af-4e3c-b452-a63ce120f056] GET /api/schools responded 200 in 30ms
2026-08-11 15:01:42.313 +05:30 [INF] [536f37a2-6bac-43b4-ab54-f64d110f0b31] GET /api/schools/93cfbeb0-5697-4af4-9f0b-0115e7e2e14a/classes responded 200 in 100ms
2026-08-11 15:01:42.335 +05:30 [INF] [5bf4ab71-b9e6-4f3d-977e-def89db4d72d] GET /api/schools/93cfbeb0-5697-4af4-9f0b-0115e7e2e14a/classes from 127.0.0.1 by Anonymous
2026-08-11 15:01:42.349 +05:30 [INF] [a5abb478-a995-4b3d-8a83-943250efc356] GET /api/schools/93cfbeb0-5697-4af4-9f0b-0115e7e2e14a/subjects from 127.0.0.1 by Anonymous
2026-08-11 15:01:42.365 +05:30 [INF] [5bf4ab71-b9e6-4f3d-977e-def89db4d72d] GET /api/schools/93cfbeb0-5697-4af4-9f0b-0115e7e2e14a/classes responded 200 in 28ms
2026-08-11 15:01:42.452 +05:30 [INF] [a5abb478-a995-4b3d-8a83-943250efc356] GET /api/schools/93cfbeb0-5697-4af4-9f0b-0115e7e2e14a/subjects responded 200 in 103ms
2026-08-11 15:01:42.477 +05:30 [INF] [2d59ce52-c165-4a6b-bd64-b6ee6be5d32a] GET /api/schools/93cfbeb0-5697-4af4-9f0b-0115e7e2e14a/subjects from 127.0.0.1 by Anonymous
2026-08-11 15:01:42.509 +05:30 [INF] [2d59ce52-c165-4a6b-bd64-b6ee6be5d32a] GET /api/schools/93cfbeb0-5697-4af4-9f0b-0115e7e2e14a/subjects responded 200 in 31ms
2026-08-11 15:01:42.514 +05:30 [INF] [ba172349-cbdd-4cdf-a063-da58a6465b3f] GET /api/teachers from 127.0.0.1 by Anonymous
2026-08-11 15:01:42.713 +05:30 [INF] [ba172349-cbdd-4cdf-a063-da58a6465b3f] GET /api/teachers responded 200 in 197ms
2026-08-11 15:01:42.739 +05:30 [INF] [17d7da26-12d2-4fca-bbbd-023e6a282510] GET /api/teachers from 127.0.0.1 by Anonymous
2026-08-11 15:01:42.774 +05:30 [INF] [17d7da26-12d2-4fca-bbbd-023e6a282510] GET /api/teachers responded 200 in 35ms
2026-08-11 15:01:45.452 +05:30 [INF] [dca8fd74-d4e8-46d5-9f14-3acd16d4c181] GET /api/schools/classes/b2f08a74-ede8-4669-acc8-bafe40a743cf/sections from 127.0.0.1 by Anonymous
2026-08-11 15:01:45.523 +05:30 [INF] [dca8fd74-d4e8-46d5-9f14-3acd16d4c181] GET /api/schools/classes/b2f08a74-ede8-4669-acc8-bafe40a743cf/sections responded 200 in 70ms
2026-08-11 15:01:47.120 +05:30 [INF] [951909d1-1d92-4590-a3f4-786433d62af9] GET /api/schools/sections/7134343b-904e-4b02-a7ad-70e812f93812/timetable from 127.0.0.1 by Anonymous
2026-08-11 15:01:47.434 +05:30 [INF] [951909d1-1d92-4590-a3f4-786433d62af9] GET /api/schools/sections/7134343b-904e-4b02-a7ad-70e812f93812/timetable responded 200 in 312ms
2026-08-11 15:01:47.469 +05:30 [INF] [456f9327-faf1-4aae-9763-dbb1146267fe] GET /api/schools/sections/7134343b-904e-4b02-a7ad-70e812f93812/timetable from 127.0.0.1 by Anonymous
2026-08-11 15:01:47.501 +05:30 [INF] [456f9327-faf1-4aae-9763-dbb1146267fe] GET /api/schools/sections/7134343b-904e-4b02-a7ad-70e812f93812/timetable responded 200 in 32ms
2026-08-11 15:01:47.514 +05:30 [INF] [30b8ebfc-1552-4bf1-9359-5226d8f0c153] GET /api/schools/sections/7134343b-904e-4b02-a7ad-70e812f93812/timetable from 127.0.0.1 by Anonymous
2026-08-11 15:01:47.541 +05:30 [INF] [30b8ebfc-1552-4bf1-9359-5226d8f0c153] GET /api/schools/sections/7134343b-904e-4b02-a7ad-70e812f93812/timetable responded 200 in 26ms
2026-08-11 15:01:47.557 +05:30 [INF] [8c0b1fb0-c41b-4bf2-9189-b2230120091b] GET /api/schools/sections/7134343b-904e-4b02-a7ad-70e812f93812/timetable from 127.0.0.1 by Anonymous
2026-08-11 15:01:47.584 +05:30 [INF] [8c0b1fb0-c41b-4bf2-9189-b2230120091b] GET /api/schools/sections/7134343b-904e-4b02-a7ad-70e812f93812/timetable responded 200 in 26ms
2026-08-11 15:01:47.600 +05:30 [INF] [27bb080d-4b63-49b1-9485-a7e027866756] GET /api/schools/sections/7134343b-904e-4b02-a7ad-70e812f93812/timetable from 127.0.0.1 by Anonymous
2026-08-11 15:01:47.627 +05:30 [INF] [27bb080d-4b63-49b1-9485-a7e027866756] GET /api/schools/sections/7134343b-904e-4b02-a7ad-70e812f93812/timetable responded 200 in 27ms
2026-08-11 15:01:47.673 +05:30 [INF] [20a8a82d-61a1-4186-a372-e7bf97890da3] GET /api/schools/sections/7134343b-904e-4b02-a7ad-70e812f93812/timetable from 127.0.0.1 by Anonymous
2026-08-11 15:01:47.710 +05:30 [INF] [20a8a82d-61a1-4186-a372-e7bf97890da3] GET /api/schools/sections/7134343b-904e-4b02-a7ad-70e812f93812/timetable responded 200 in 37ms
2026-08-11 15:02:05.217 +05:30 [INF] [921f6eee-d540-4605-a4e1-a6fbd1289c8e] GET /api/dashboard/stats from 127.0.0.1 by Anonymous
2026-08-11 15:02:05.221 +05:30 [INF] [7647f409-eb67-47df-8009-524ceaa8113c] GET /api/dashboard/attendance-chart from 127.0.0.1 by Anonymous
2026-08-11 15:02:05.371 +05:30 [INF] [921f6eee-d540-4605-a4e1-a6fbd1289c8e] GET /api/dashboard/stats responded 200 in 151ms
2026-08-11 15:02:05.419 +05:30 [INF] [23ada1fe-8695-4cb2-9598-0d54397b7d4f] GET /api/dashboard/stats from 127.0.0.1 by Anonymous
2026-08-11 15:02:05.611 +05:30 [INF] [23ada1fe-8695-4cb2-9598-0d54397b7d4f] GET /api/dashboard/stats responded 200 in 191ms
2026-08-11 15:02:06.587 +05:30 [INF] [7647f409-eb67-47df-8009-524ceaa8113c] GET /api/dashboard/attendance-chart responded 200 in 1365ms
2026-08-11 15:02:06.617 +05:30 [INF] [9446d4b0-c08c-4554-9fb2-2c6c940a697b] GET /api/dashboard/attendance-chart from 127.0.0.1 by Anonymous
2026-08-11 15:02:07.677 +05:30 [INF] [9446d4b0-c08c-4554-9fb2-2c6c940a697b] GET /api/dashboard/attendance-chart responded 200 in 1059ms
2026-08-11 15:02:46.797 +05:30 [INF] [91029e9d-3257-47b7-8c86-5b94b4bce18b] GET /api/auth/me from 127.0.0.1 by Anonymous
2026-08-11 15:02:46.925 +05:30 [INF] [91029e9d-3257-47b7-8c86-5b94b4bce18b] GET /api/auth/me responded 200 in 127ms
2026-08-11 15:02:46.962 +05:30 [INF] [ffa6fe5a-a12b-4091-9d9b-0b6171e8c6e2] GET /api/auth/me from 127.0.0.1 by Anonymous
2026-08-11 15:02:46.997 +05:30 [INF] [ffa6fe5a-a12b-4091-9d9b-0b6171e8c6e2] GET /api/auth/me responded 200 in 33ms
2026-08-11 15:02:48.135 +05:30 [INF] [54465ffc-f758-40c7-8420-80eb2469eab2] GET /api/dashboard/stats from 127.0.0.1 by Anonymous
2026-08-11 15:02:48.140 +05:30 [INF] [1e700553-d29a-4e16-acf6-85466c43ebbb] GET /api/dashboard/attendance-chart from 127.0.0.1 by Anonymous
2026-08-11 15:02:48.326 +05:30 [INF] [54465ffc-f758-40c7-8420-80eb2469eab2] GET /api/dashboard/stats responded 200 in 190ms
2026-08-11 15:02:48.340 +05:30 [INF] [2ce1e4ab-1f3c-4638-84b5-15f7ebdc03f0] GET /api/dashboard/stats from 127.0.0.1 by Anonymous
2026-08-11 15:02:48.501 +05:30 [INF] [2ce1e4ab-1f3c-4638-84b5-15f7ebdc03f0] GET /api/dashboard/stats responded 200 in 160ms
2026-08-11 15:02:49.408 +05:30 [INF] [1e700553-d29a-4e16-acf6-85466c43ebbb] GET /api/dashboard/attendance-chart responded 200 in 1268ms
2026-08-11 15:02:49.415 +05:30 [INF] [57fccdfa-26b2-4d48-9421-195e5fb96979] GET /api/dashboard/attendance-chart from 127.0.0.1 by Anonymous
2026-08-11 15:02:50.482 +05:30 [INF] [57fccdfa-26b2-4d48-9421-195e5fb96979] GET /api/dashboard/attendance-chart responded 200 in 1066ms
2026-08-11 15:02:54.592 +05:30 [INF] [d603a427-5e1f-4271-a88a-ca1c0546fbf1] GET /api/exams from 127.0.0.1 by Anonymous
2026-08-11 15:02:54.632 +05:30 [INF] [d603a427-5e1f-4271-a88a-ca1c0546fbf1] GET /api/exams responded 200 in 39ms
2026-08-11 15:02:54.648 +05:30 [INF] [0d9eb789-177f-4d18-949f-2f3629e391e2] GET /api/exams from 127.0.0.1 by Anonymous
2026-08-11 15:02:54.682 +05:30 [INF] [0d9eb789-177f-4d18-949f-2f3629e391e2] GET /api/exams responded 200 in 32ms
2026-08-11 15:04:27.019 +05:30 [INF] [92a3504a-08e5-497d-9f3a-5449d75154af] GET /api/auth/me from 127.0.0.1 by Anonymous
2026-08-11 15:04:27.127 +05:30 [INF] [92a3504a-08e5-497d-9f3a-5449d75154af] GET /api/auth/me responded 200 in 106ms
2026-08-11 15:04:27.224 +05:30 [INF] [2c494850-2951-4872-b411-f09112e3b414] GET /api/auth/me from 127.0.0.1 by Anonymous
2026-08-11 15:04:27.256 +05:30 [INF] [2c494850-2951-4872-b411-f09112e3b414] GET /api/auth/me responded 200 in 31ms
2026-08-11 15:04:28.894 +05:30 [INF] [4deb9d6c-053b-438e-aacc-87060b262b3e] GET /api/exams from 127.0.0.1 by Anonymous
2026-08-11 15:04:28.924 +05:30 [INF] [4deb9d6c-053b-438e-aacc-87060b262b3e] GET /api/exams responded 200 in 28ms
2026-08-11 15:04:28.944 +05:30 [INF] [0f30af7d-57cb-4a40-825c-89fcee9a2923] GET /api/exams from 127.0.0.1 by Anonymous
2026-08-11 15:04:28.976 +05:30 [INF] [0f30af7d-57cb-4a40-825c-89fcee9a2923] GET /api/exams responded 200 in 31ms
2026-08-11 15:08:44.871 +05:30 [INF] [22a0e563-c0ad-4f87-b2cd-e7b083f13a3f] GET /api/exams from 127.0.0.1 by Anonymous
2026-08-11 15:08:45.555 +05:30 [INF] [22a0e563-c0ad-4f87-b2cd-e7b083f13a3f] GET /api/exams responded 200 in 683ms
2026-08-11 15:08:47.785 +05:30 [INF] [6eefec4b-adef-4b9b-b405-c1948789d9d0] GET /api/auth/me from 127.0.0.1 by Anonymous
2026-08-11 15:08:47.812 +05:30 [INF] [6eefec4b-adef-4b9b-b405-c1948789d9d0] GET /api/auth/me responded 200 in 26ms
2026-08-11 15:08:48.152 +05:30 [INF] [fb4c6819-481f-44ba-90a1-3d62c5ca84c4] GET /api/auth/me from 127.0.0.1 by Anonymous
2026-08-11 15:08:48.177 +05:30 [INF] [fb4c6819-481f-44ba-90a1-3d62c5ca84c4] GET /api/auth/me responded 200 in 24ms
2026-08-11 15:08:49.413 +05:30 [INF] [7e7a5256-3fac-403f-b66d-5a7b221c3681] GET /api/exams from 127.0.0.1 by Anonymous
2026-08-11 15:08:49.442 +05:30 [INF] [7e7a5256-3fac-403f-b66d-5a7b221c3681] GET /api/exams responded 200 in 28ms
2026-08-11 15:08:49.457 +05:30 [INF] [abcd92da-2053-438d-8ed4-ee02c4a6e80f] GET /api/exams from 127.0.0.1 by Anonymous
2026-08-11 15:08:49.492 +05:30 [INF] [abcd92da-2053-438d-8ed4-ee02c4a6e80f] GET /api/exams responded 200 in 34ms
2026-08-11 15:08:51.617 +05:30 [INF] [502fa7e9-7301-424e-bc19-cf09c2cbeb35] GET /api/exams from 127.0.0.1 by Anonymous
2026-08-11 15:08:51.659 +05:30 [INF] [502fa7e9-7301-424e-bc19-cf09c2cbeb35] GET /api/exams responded 200 in 41ms
2026-08-11 15:08:56.745 +05:30 [INF] [d84de6f7-dd7a-4983-bc21-a20e549f7afe] GET /api/dashboard/stats from 127.0.0.1 by Anonymous
2026-08-11 15:08:56.753 +05:30 [INF] [e29717c9-1ee4-4a72-8233-a4d6aa9567f0] GET /api/dashboard/attendance-chart from 127.0.0.1 by Anonymous
2026-08-11 15:08:56.894 +05:30 [INF] [d84de6f7-dd7a-4983-bc21-a20e549f7afe] GET /api/dashboard/stats responded 200 in 149ms
2026-08-11 15:08:56.908 +05:30 [INF] [3ee0d6e5-eba5-4eb8-9fb4-e02efa5cae65] GET /api/dashboard/stats from 127.0.0.1 by Anonymous
2026-08-11 15:08:57.035 +05:30 [INF] [3ee0d6e5-eba5-4eb8-9fb4-e02efa5cae65] GET /api/dashboard/stats responded 200 in 126ms
2026-08-11 15:08:57.931 +05:30 [INF] [e29717c9-1ee4-4a72-8233-a4d6aa9567f0] GET /api/dashboard/attendance-chart responded 200 in 1178ms
2026-08-11 15:08:57.943 +05:30 [INF] [12d3a104-7ff6-48c1-ad12-b7da49c9bf19] GET /api/dashboard/attendance-chart from 127.0.0.1 by Anonymous
2026-08-11 15:08:59.099 +05:30 [INF] [12d3a104-7ff6-48c1-ad12-b7da49c9bf19] GET /api/dashboard/attendance-chart responded 200 in 1155ms
2026-08-11 15:09:00.533 +05:30 [INF] [98ef0fc1-e016-497a-9880-629137cb4fea] GET /api/homework from 127.0.0.1 by Anonymous
2026-08-11 15:09:00.574 +05:30 [INF] [98ef0fc1-e016-497a-9880-629137cb4fea] GET /api/homework responded 200 in 38ms
2026-08-11 15:09:00.585 +05:30 [INF] [796e7a51-7db5-4a87-9860-88ab5634859f] GET /api/homework from 127.0.0.1 by Anonymous
2026-08-11 15:09:00.621 +05:30 [INF] [796e7a51-7db5-4a87-9860-88ab5634859f] GET /api/homework responded 200 in 33ms
2026-08-11 15:09:02.993 +05:30 [INF] [193ea1b9-1e6e-479e-b502-703c29f8d55c] GET /api/dashboard/stats from 127.0.0.1 by Anonymous
2026-08-11 15:09:03.000 +05:30 [INF] [c62c3168-74b6-4e93-b1b6-7be47d47b60e] GET /api/dashboard/attendance-chart from 127.0.0.1 by Anonymous
2026-08-11 15:09:03.163 +05:30 [INF] [193ea1b9-1e6e-479e-b502-703c29f8d55c] GET /api/dashboard/stats responded 200 in 169ms
2026-08-11 15:09:03.184 +05:30 [INF] [a882453a-6ca9-43e2-8697-c268789754a6] GET /api/dashboard/stats from 127.0.0.1 by Anonymous
2026-08-11 15:09:03.346 +05:30 [INF] [a882453a-6ca9-43e2-8697-c268789754a6] GET /api/dashboard/stats responded 200 in 157ms
2026-08-11 15:09:04.195 +05:30 [INF] [c62c3168-74b6-4e93-b1b6-7be47d47b60e] GET /api/dashboard/attendance-chart responded 200 in 1194ms
2026-08-11 15:09:04.206 +05:30 [INF] [1934476b-f2da-40cc-9232-cf020dd45fce] GET /api/dashboard/attendance-chart from 127.0.0.1 by Anonymous
2026-08-11 15:09:05.156 +05:30 [INF] [1934476b-f2da-40cc-9232-cf020dd45fce] GET /api/dashboard/attendance-chart responded 200 in 949ms
2026-08-11 15:09:05.694 +05:30 [INF] [ed33d215-401d-429f-aac8-bd0c1adaef46] GET /api/exams from 127.0.0.1 by Anonymous
2026-08-11 15:09:05.728 +05:30 [INF] [ed33d215-401d-429f-aac8-bd0c1adaef46] GET /api/exams responded 200 in 32ms
2026-08-11 15:09:05.735 +05:30 [INF] [086f653d-dcaa-4960-8acf-116f15d3797c] GET /api/exams from 127.0.0.1 by Anonymous
2026-08-11 15:09:05.774 +05:30 [INF] [086f653d-dcaa-4960-8acf-116f15d3797c] GET /api/exams responded 200 in 38ms
2026-08-11 15:09:28.758 +05:30 [INF] [2854edfb-269c-4b94-82ed-ce5a0985572d] GET /api/exams from 127.0.0.1 by Anonymous
2026-08-11 15:09:28.792 +05:30 [INF] [2854edfb-269c-4b94-82ed-ce5a0985572d] GET /api/exams responded 200 in 33ms
2026-08-11 15:11:19.184 +05:30 [INF] [cbd26cdb-faf2-4106-9371-af0252834be5] GET /api/dashboard/stats from 127.0.0.1 by Anonymous
2026-08-11 15:11:19.192 +05:30 [INF] [321deaae-0379-42ca-a662-8573651c6870] GET /api/dashboard/attendance-chart from 127.0.0.1 by Anonymous
2026-08-11 15:11:19.323 +05:30 [INF] [cbd26cdb-faf2-4106-9371-af0252834be5] GET /api/dashboard/stats responded 200 in 139ms
2026-08-11 15:11:19.351 +05:30 [INF] [20864359-984c-432a-af98-4f8f0c974da5] GET /api/dashboard/stats from 127.0.0.1 by Anonymous
2026-08-11 15:11:19.455 +05:30 [INF] [20864359-984c-432a-af98-4f8f0c974da5] GET /api/dashboard/stats responded 200 in 103ms
2026-08-11 15:11:20.200 +05:30 [INF] [321deaae-0379-42ca-a662-8573651c6870] GET /api/dashboard/attendance-chart responded 200 in 1008ms
2026-08-11 15:11:20.208 +05:30 [INF] [1e6c0df3-6cfb-44ac-8a77-b879a8f52003] GET /api/dashboard/attendance-chart from 127.0.0.1 by Anonymous
2026-08-11 15:11:21.466 +05:30 [INF] [1e6c0df3-6cfb-44ac-8a77-b879a8f52003] GET /api/dashboard/attendance-chart responded 200 in 1257ms
2026-08-11 15:11:21.528 +05:30 [INF] [2e03e763-eeb3-4520-9c41-fd8537bdc990] GET /api/exams from 127.0.0.1 by Anonymous
2026-08-11 15:11:21.570 +05:30 [INF] [2e03e763-eeb3-4520-9c41-fd8537bdc990] GET /api/exams responded 200 in 42ms
2026-08-11 15:11:21.586 +05:30 [INF] [7c1bc4c7-1a5c-4279-8a05-f362c6b064ea] GET /api/exams from 127.0.0.1 by Anonymous
2026-08-11 15:11:21.621 +05:30 [INF] [7c1bc4c7-1a5c-4279-8a05-f362c6b064ea] GET /api/exams responded 200 in 34ms
2026-08-11 15:12:20.751 +05:30 [INF] [21764423-464e-46e9-9ae3-d21023c2ed22] GET /api/exams from 127.0.0.1 by Anonymous
2026-08-11 15:12:20.777 +05:30 [INF] [21764423-464e-46e9-9ae3-d21023c2ed22] GET /api/exams responded 200 in 26ms
2026-08-11 15:19:05.188 +05:30 [INF] [b1b85372-1e94-40cb-b4c3-1b907ecfcd09] GET /api/auth/me from 127.0.0.1 by Anonymous
2026-08-11 15:19:05.685 +05:30 [INF] [b1b85372-1e94-40cb-b4c3-1b907ecfcd09] GET /api/auth/me responded 200 in 496ms
2026-08-11 15:19:05.723 +05:30 [INF] [445286e6-a058-4acf-bd0e-2a3223a7def6] GET /api/auth/me from 127.0.0.1 by Anonymous
2026-08-11 15:19:05.743 +05:30 [INF] [445286e6-a058-4acf-bd0e-2a3223a7def6] GET /api/auth/me responded 200 in 18ms
2026-08-11 15:19:06.736 +05:30 [INF] [4c8a798c-6e25-4f96-942d-40f84f17d7e6] GET /api/exams from 127.0.0.1 by Anonymous
2026-08-11 15:19:06.765 +05:30 [INF] [4c8a798c-6e25-4f96-942d-40f84f17d7e6] GET /api/exams responded 200 in 29ms
2026-08-11 15:19:06.785 +05:30 [INF] [b8e87bbe-7fef-4be8-9d85-35d2715518aa] GET /api/exams from 127.0.0.1 by Anonymous
2026-08-11 15:19:06.808 +05:30 [INF] [b8e87bbe-7fef-4be8-9d85-35d2715518aa] GET /api/exams responded 200 in 22ms
2026-08-11 15:19:40.177 +05:30 [INF] [d3f9954e-79d1-42d5-8743-54aec6405a3e] GET /api/auth/me from 127.0.0.1 by Anonymous
2026-08-11 15:19:40.217 +05:30 [INF] [d3f9954e-79d1-42d5-8743-54aec6405a3e] GET /api/auth/me responded 200 in 39ms
2026-08-11 15:19:40.254 +05:30 [INF] [108ceb54-d5bf-40a1-ac62-40017aa8cc02] GET /api/auth/me from 127.0.0.1 by Anonymous
2026-08-11 15:19:40.278 +05:30 [INF] [108ceb54-d5bf-40a1-ac62-40017aa8cc02] GET /api/auth/me responded 200 in 23ms
2026-08-11 15:19:41.008 +05:30 [INF] [2b7025b8-e8af-4016-8c1d-bccc974bc48b] GET /api/exams from 127.0.0.1 by Anonymous
2026-08-11 15:19:41.031 +05:30 [INF] [2b7025b8-e8af-4016-8c1d-bccc974bc48b] GET /api/exams responded 200 in 23ms
2026-08-11 15:19:41.042 +05:30 [INF] [375f37d0-6b59-4b68-8c11-199e9779ac36] GET /api/exams from 127.0.0.1 by Anonymous
2026-08-11 15:19:41.072 +05:30 [INF] [375f37d0-6b59-4b68-8c11-199e9779ac36] GET /api/exams responded 200 in 29ms
2026-08-11 15:19:43.258 +05:30 [INF] [fb771f7d-cd60-43e0-baf2-d8f25a56781a] GET /api/schools from 127.0.0.1 by Anonymous
2026-08-11 15:19:43.277 +05:30 [INF] [fb771f7d-cd60-43e0-baf2-d8f25a56781a] GET /api/schools responded 200 in 18ms
2026-08-11 15:19:43.291 +05:30 [INF] [fb3e8629-2c57-4adf-9e9a-702e227f6627] GET /api/schools from 127.0.0.1 by Anonymous
2026-08-11 15:19:43.309 +05:30 [INF] [fb3e8629-2c57-4adf-9e9a-702e227f6627] GET /api/schools responded 200 in 18ms
2026-08-11 15:19:43.362 +05:30 [INF] [f12d7d8b-6a95-4e4f-a88f-98c0f749bcc1] GET /api/schools/93cfbeb0-5697-4af4-9f0b-0115e7e2e14a/classes from 127.0.0.1 by Anonymous
2026-08-11 15:19:43.384 +05:30 [INF] [f12d7d8b-6a95-4e4f-a88f-98c0f749bcc1] GET /api/schools/93cfbeb0-5697-4af4-9f0b-0115e7e2e14a/classes responded 200 in 21ms
2026-08-11 15:19:43.391 +05:30 [INF] [f1343c10-4f24-4a99-8cf1-a93bda3273fe] GET /api/schools/93cfbeb0-5697-4af4-9f0b-0115e7e2e14a/classes from 127.0.0.1 by Anonymous
2026-08-11 15:19:43.409 +05:30 [INF] [f1343c10-4f24-4a99-8cf1-a93bda3273fe] GET /api/schools/93cfbeb0-5697-4af4-9f0b-0115e7e2e14a/classes responded 200 in 17ms
2026-08-11 15:21:14.647 +05:30 [INF] [a811ed57-97d6-42c4-b861-d6e374b48666] POST /api/exams from 127.0.0.1 by Anonymous
2026-08-11 15:21:14.720 +05:30 [INF] [a811ed57-97d6-42c4-b861-d6e374b48666] POST /api/exams responded 201 in 72ms
2026-08-11 15:21:15.464 +05:30 [INF] [e08088de-732d-49d3-bacc-6cf095f9609a] GET /api/exams from 127.0.0.1 by Anonymous
2026-08-11 15:21:15.500 +05:30 [INF] [e08088de-732d-49d3-bacc-6cf095f9609a] GET /api/exams responded 200 in 33ms
2026-08-11 15:21:15.512 +05:30 [INF] [f66cea01-96cd-4cfd-8d78-d6a4a1fe786e] GET /api/exams from 127.0.0.1 by Anonymous
2026-08-11 15:21:15.545 +05:30 [INF] [f66cea01-96cd-4cfd-8d78-d6a4a1fe786e] GET /api/exams responded 200 in 32ms
2026-08-11 15:21:30.058 +05:30 [INF] [51b1bf1d-ed6d-4f2b-89b9-f75d2ff04bf2] GET /api/auth/me from 127.0.0.1 by Anonymous
2026-08-11 15:21:30.079 +05:30 [INF] [51b1bf1d-ed6d-4f2b-89b9-f75d2ff04bf2] GET /api/auth/me responded 200 in 20ms
2026-08-11 15:21:30.093 +05:30 [INF] [83203318-3f30-4256-8810-c181755e0138] GET /api/auth/me from 127.0.0.1 by Anonymous
2026-08-11 15:21:30.117 +05:30 [INF] [83203318-3f30-4256-8810-c181755e0138] GET /api/auth/me responded 200 in 24ms
2026-08-11 15:21:31.453 +05:30 [INF] [7bc8c162-0e55-42ed-b872-edc0b72a2235] GET /api/exams/08def78e-153d-4d98-826d-c753e1dabfc4 from 127.0.0.1 by Anonymous
2026-08-11 15:21:31.462 +05:30 [INF] [42714389-1756-4ea4-93df-ad0757e5449d] GET /api/exams/08def78e-153d-4d98-826d-c753e1dabfc4/questions from 127.0.0.1 by Anonymous
2026-08-11 15:21:31.493 +05:30 [INF] [f512f3ae-d115-4c43-abea-9e1cdcbe84ba] GET /api/schools from 127.0.0.1 by Anonymous
2026-08-11 15:21:31.541 +05:30 [INF] [f512f3ae-d115-4c43-abea-9e1cdcbe84ba] GET /api/schools responded 200 in 48ms
2026-08-11 15:21:31.577 +05:30 [INF] [3e722d41-4522-4b5e-ae0e-ef84f1efaf26] GET /api/schools from 127.0.0.1 by Anonymous
2026-08-11 15:21:31.585 +05:30 [INF] [7bc8c162-0e55-42ed-b872-edc0b72a2235] GET /api/exams/08def78e-153d-4d98-826d-c753e1dabfc4 responded 200 in 131ms
2026-08-11 15:21:31.612 +05:30 [INF] [3e722d41-4522-4b5e-ae0e-ef84f1efaf26] GET /api/schools responded 200 in 34ms
2026-08-11 15:21:31.634 +05:30 [INF] [42714389-1756-4ea4-93df-ad0757e5449d] GET /api/exams/08def78e-153d-4d98-826d-c753e1dabfc4/questions responded 200 in 171ms
2026-08-11 15:21:31.646 +05:30 [INF] [bf486e9b-71ff-4dbb-a9a5-594a29b63299] GET /api/schools/93cfbeb0-5697-4af4-9f0b-0115e7e2e14a/subjects from 127.0.0.1 by Anonymous
2026-08-11 15:21:31.663 +05:30 [INF] [8e18c900-7d0f-4fc1-a368-b4e912f2c696] GET /api/exams/08def78e-153d-4d98-826d-c753e1dabfc4 from 127.0.0.1 by Anonymous
2026-08-11 15:21:31.663 +05:30 [INF] [27e8b06b-4939-4f8d-aafd-a587a8a4cb00] GET /api/exams/08def78e-153d-4d98-826d-c753e1dabfc4/questions from 127.0.0.1 by Anonymous
2026-08-11 15:21:31.701 +05:30 [INF] [bf486e9b-71ff-4dbb-a9a5-594a29b63299] GET /api/schools/93cfbeb0-5697-4af4-9f0b-0115e7e2e14a/subjects responded 200 in 52ms
2026-08-11 15:21:31.719 +05:30 [INF] [27e8b06b-4939-4f8d-aafd-a587a8a4cb00] GET /api/exams/08def78e-153d-4d98-826d-c753e1dabfc4/questions responded 200 in 54ms
2026-08-11 15:21:31.735 +05:30 [INF] [8e18c900-7d0f-4fc1-a368-b4e912f2c696] GET /api/exams/08def78e-153d-4d98-826d-c753e1dabfc4 responded 200 in 71ms
2026-08-11 15:21:32.048 +05:30 [INF] [7ca8dd14-0d19-44f2-976c-ae82551984e7] GET /api/schools/93cfbeb0-5697-4af4-9f0b-0115e7e2e14a/subjects from 127.0.0.1 by Anonymous
2026-08-11 15:21:32.077 +05:30 [INF] [7ca8dd14-0d19-44f2-976c-ae82551984e7] GET /api/schools/93cfbeb0-5697-4af4-9f0b-0115e7e2e14a/subjects responded 200 in 29ms
2026-08-11 15:21:46.379 +05:30 [INF] [84641b57-55fb-41d8-887e-1e9645ef71fd] POST /api/files/upload from 127.0.0.1 by Anonymous
2026-08-11 15:21:46.416 +05:30 [INF] [84641b57-55fb-41d8-887e-1e9645ef71fd] POST /api/files/upload responded 200 in 37ms
2026-08-11 15:21:46.438 +05:30 [INF] [c626d0e1-b971-4ad2-86dd-7e34436a35c1] POST /api/exams/08def78e-153d-4d98-826d-c753e1dabfc4/question-paper from 127.0.0.1 by Anonymous
2026-08-11 15:21:46.486 +05:30 [INF] [c626d0e1-b971-4ad2-86dd-7e34436a35c1] POST /api/exams/08def78e-153d-4d98-826d-c753e1dabfc4/question-paper responded 200 in 47ms
2026-08-11 15:21:46.581 +05:30 [INF] [6dcac9cd-6aba-4c4e-9d53-578ddfaac04b] GET /api/exams/08def78e-153d-4d98-826d-c753e1dabfc4 from 127.0.0.1 by Anonymous
2026-08-11 15:21:46.620 +05:30 [INF] [6dcac9cd-6aba-4c4e-9d53-578ddfaac04b] GET /api/exams/08def78e-153d-4d98-826d-c753e1dabfc4 responded 200 in 37ms
2026-08-11 15:23:21.212 +05:30 [INF] [694d07eb-27cc-42f4-a2f2-d648b6f5cfe7] POST /api/exams/08def78e-153d-4d98-826d-c753e1dabfc4/questions from 127.0.0.1 by Anonymous
2026-08-11 15:23:21.314 +05:30 [INF] [694d07eb-27cc-42f4-a2f2-d648b6f5cfe7] POST /api/exams/08def78e-153d-4d98-826d-c753e1dabfc4/questions responded 200 in 101ms
2026-08-11 15:23:21.379 +05:30 [INF] [d88a01c0-1ee8-4741-8daf-87e4edc89e01] GET /api/exams/08def78e-153d-4d98-826d-c753e1dabfc4/questions from 127.0.0.1 by Anonymous
2026-08-11 15:23:21.418 +05:30 [INF] [d88a01c0-1ee8-4741-8daf-87e4edc89e01] GET /api/exams/08def78e-153d-4d98-826d-c753e1dabfc4/questions responded 200 in 38ms
2026-08-11 15:23:44.510 +05:30 [INF] [83e90408-4468-461d-bc47-71bf2af0c7d1] GET /api/exams from 127.0.0.1 by Anonymous
2026-08-11 15:23:44.543 +05:30 [INF] [83e90408-4468-461d-bc47-71bf2af0c7d1] GET /api/exams responded 200 in 32ms
2026-08-11 15:23:44.567 +05:30 [INF] [2d1680f4-37e1-4a6d-afe9-8c2e3cb2b090] GET /api/exams from 127.0.0.1 by Anonymous
2026-08-11 15:23:44.608 +05:30 [INF] [2d1680f4-37e1-4a6d-afe9-8c2e3cb2b090] GET /api/exams responded 200 in 40ms
2026-08-11 15:23:48.459 +05:30 [INF] [425db1df-c9ea-4b6a-9a6a-30e6864f90dd] GET /api/exams/08def78e-153d-4d98-826d-c753e1dabfc4/submissions from 127.0.0.1 by Anonymous
2026-08-11 15:23:48.461 +05:30 [INF] [f49e790c-d528-463f-ad00-b01d9a5bc382] GET /api/exams/08def78e-153d-4d98-826d-c753e1dabfc4 from 127.0.0.1 by Anonymous
2026-08-11 15:23:48.561 +05:30 [INF] [f49e790c-d528-463f-ad00-b01d9a5bc382] GET /api/exams/08def78e-153d-4d98-826d-c753e1dabfc4 responded 200 in 100ms
2026-08-11 15:23:48.611 +05:30 [INF] [307e76d4-cb58-441b-b3a4-17b8a574c934] GET /api/exams/08def78e-153d-4d98-826d-c753e1dabfc4 from 127.0.0.1 by Anonymous
2026-08-11 15:23:48.659 +05:30 [INF] [307e76d4-cb58-441b-b3a4-17b8a574c934] GET /api/exams/08def78e-153d-4d98-826d-c753e1dabfc4 responded 200 in 47ms
2026-08-11 15:23:48.731 +05:30 [INF] [425db1df-c9ea-4b6a-9a6a-30e6864f90dd] GET /api/exams/08def78e-153d-4d98-826d-c753e1dabfc4/submissions responded 200 in 271ms
2026-08-11 15:23:48.745 +05:30 [INF] [3779317e-dc10-4b7f-bad0-977bafed95b2] GET /api/exams/08def78e-153d-4d98-826d-c753e1dabfc4/submissions from 127.0.0.1 by Anonymous
2026-08-11 15:23:48.776 +05:30 [INF] [3779317e-dc10-4b7f-bad0-977bafed95b2] GET /api/exams/08def78e-153d-4d98-826d-c753e1dabfc4/submissions responded 200 in 30ms
2026-08-11 15:23:57.508 +05:30 [INF] [ce888ee2-3ee4-49ed-b909-96a8735a8965] GET /api/exams/08def78e-153d-4d98-826d-c753e1dabfc4 from 127.0.0.1 by Anonymous
2026-08-11 15:23:57.531 +05:30 [INF] [c341827c-800f-40a0-8090-a2efc978dc0a] GET /api/exams/08def78e-153d-4d98-826d-c753e1dabfc4/questions from 127.0.0.1 by Anonymous
2026-08-11 15:23:57.544 +05:30 [INF] [ce888ee2-3ee4-49ed-b909-96a8735a8965] GET /api/exams/08def78e-153d-4d98-826d-c753e1dabfc4 responded 200 in 35ms
2026-08-11 15:23:57.557 +05:30 [INF] [75999081-68ce-4305-ab90-d890830b4f17] GET /api/schools from 127.0.0.1 by Anonymous
2026-08-11 15:23:57.561 +05:30 [INF] [c341827c-800f-40a0-8090-a2efc978dc0a] GET /api/exams/08def78e-153d-4d98-826d-c753e1dabfc4/questions responded 200 in 29ms
2026-08-11 15:23:57.566 +05:30 [INF] [c18e26c9-19a6-4486-a2b6-7a0d224106f6] GET /api/exams/08def78e-153d-4d98-826d-c753e1dabfc4 from 127.0.0.1 by Anonymous
2026-08-11 15:23:57.572 +05:30 [INF] [0551bbe3-5d7a-4cbf-9093-e32c8c6068bc] GET /api/exams/08def78e-153d-4d98-826d-c753e1dabfc4/questions from 127.0.0.1 by Anonymous
2026-08-11 15:23:57.623 +05:30 [INF] [75999081-68ce-4305-ab90-d890830b4f17] GET /api/schools responded 200 in 63ms
2026-08-11 15:23:57.654 +05:30 [INF] [c18e26c9-19a6-4486-a2b6-7a0d224106f6] GET /api/exams/08def78e-153d-4d98-826d-c753e1dabfc4 responded 200 in 87ms
2026-08-11 15:23:57.655 +05:30 [INF] [0551bbe3-5d7a-4cbf-9093-e32c8c6068bc] GET /api/exams/08def78e-153d-4d98-826d-c753e1dabfc4/questions responded 200 in 82ms
2026-08-11 15:23:57.656 +05:30 [INF] [8e29205f-79d4-4fc0-8f6c-6de10a32612d] GET /api/schools from 127.0.0.1 by Anonymous
2026-08-11 15:23:57.689 +05:30 [INF] [8e29205f-79d4-4fc0-8f6c-6de10a32612d] GET /api/schools responded 200 in 32ms
2026-08-11 15:23:58.034 +05:30 [INF] [f45e7f9b-02da-40d0-b26b-7612754240c2] GET /api/schools/93cfbeb0-5697-4af4-9f0b-0115e7e2e14a/subjects from 127.0.0.1 by Anonymous
2026-08-11 15:23:58.057 +05:30 [INF] [f45e7f9b-02da-40d0-b26b-7612754240c2] GET /api/schools/93cfbeb0-5697-4af4-9f0b-0115e7e2e14a/subjects responded 200 in 22ms
2026-08-11 15:23:58.300 +05:30 [INF] [6cc1b85b-92f3-49d9-98a4-5d771260c2c6] GET /api/schools/93cfbeb0-5697-4af4-9f0b-0115e7e2e14a/subjects from 127.0.0.1 by Anonymous
2026-08-11 15:23:58.327 +05:30 [INF] [6cc1b85b-92f3-49d9-98a4-5d771260c2c6] GET /api/schools/93cfbeb0-5697-4af4-9f0b-0115e7e2e14a/subjects responded 200 in 26ms
2026-08-11 15:24:00.578 +05:30 [INF] [f1fb48bd-d6ca-48fa-81a2-d43bd8754b64] GET /api/exams from 127.0.0.1 by Anonymous
2026-08-11 15:24:00.613 +05:30 [INF] [f1fb48bd-d6ca-48fa-81a2-d43bd8754b64] GET /api/exams responded 200 in 32ms
2026-08-11 15:24:00.694 +05:30 [INF] [49f8aca5-b608-4625-8c95-026d727b1375] GET /api/exams from 127.0.0.1 by Anonymous
2026-08-11 15:24:00.725 +05:30 [INF] [49f8aca5-b608-4625-8c95-026d727b1375] GET /api/exams responded 200 in 30ms
2026-08-11 15:24:08.749 +05:30 [INF] [c247d03c-930c-4f2e-a9da-2b7c930cdcb0] GET /api/homework from 127.0.0.1 by Anonymous
2026-08-11 15:24:09.264 +05:30 [INF] [c247d03c-930c-4f2e-a9da-2b7c930cdcb0] GET /api/homework responded 200 in 514ms
2026-08-11 15:24:09.281 +05:30 [INF] [1e3e0cae-1d3c-4371-b064-63b2e55a0414] GET /api/homework from 127.0.0.1 by Anonymous
2026-08-11 15:24:09.343 +05:30 [INF] [1e3e0cae-1d3c-4371-b064-63b2e55a0414] GET /api/homework responded 200 in 60ms
2026-08-11 15:24:19.217 +05:30 [INF] [183c12b9-35b8-4b4d-b607-70080bfab938] GET /api/dashboard/stats from 127.0.0.1 by Anonymous
2026-08-11 15:24:19.239 +05:30 [INF] [971b6f06-02cf-437a-8aca-fb3ec2577cc2] GET /api/dashboard/attendance-chart from 127.0.0.1 by Anonymous
2026-08-11 15:24:19.366 +05:30 [INF] [183c12b9-35b8-4b4d-b607-70080bfab938] GET /api/dashboard/stats responded 200 in 148ms
2026-08-11 15:24:19.386 +05:30 [INF] [dbcb5d9c-0303-4c6c-8fb0-9fd21eb42e0a] GET /api/dashboard/stats from 127.0.0.1 by Anonymous
2026-08-11 15:24:19.532 +05:30 [INF] [dbcb5d9c-0303-4c6c-8fb0-9fd21eb42e0a] GET /api/dashboard/stats responded 200 in 146ms
2026-08-11 15:24:20.383 +05:30 [INF] [971b6f06-02cf-437a-8aca-fb3ec2577cc2] GET /api/dashboard/attendance-chart responded 200 in 1143ms
2026-08-11 15:24:20.395 +05:30 [INF] [b5316bed-a6a8-42c3-b746-a197d9687edc] GET /api/dashboard/attendance-chart from 127.0.0.1 by Anonymous
2026-08-11 15:24:21.566 +05:30 [INF] [b5316bed-a6a8-42c3-b746-a197d9687edc] GET /api/dashboard/attendance-chart responded 200 in 1170ms
2026-08-11 15:24:25.811 +05:30 [INF] [d4eb6d6a-35cb-402c-b3c0-395e59f61349] GET /api/homework from 127.0.0.1 by Anonymous
2026-08-11 15:24:25.841 +05:30 [INF] [d4eb6d6a-35cb-402c-b3c0-395e59f61349] GET /api/homework responded 200 in 30ms
2026-08-11 15:24:25.862 +05:30 [INF] [4053ad09-8a06-4401-8877-1b88d21ea6a2] GET /api/homework from 127.0.0.1 by Anonymous
2026-08-11 15:24:25.895 +05:30 [INF] [4053ad09-8a06-4401-8877-1b88d21ea6a2] GET /api/homework responded 200 in 32ms
2026-08-11 15:24:31.644 +05:30 [INF] [6617876f-f55d-4fe6-880d-e8ae9caadc38] GET /api/homework/08def78a-37d4-459a-83e2-1183038fd648 from 127.0.0.1 by Anonymous
2026-08-11 15:24:31.704 +05:30 [INF] [6617876f-f55d-4fe6-880d-e8ae9caadc38] GET /api/homework/08def78a-37d4-459a-83e2-1183038fd648 responded 200 in 59ms
2026-08-11 15:24:31.725 +05:30 [INF] [cfe1f53a-7a11-41d6-ae49-59d47309e800] GET /api/homework/08def78a-37d4-459a-83e2-1183038fd648 from 127.0.0.1 by Anonymous
2026-08-11 15:24:31.748 +05:30 [INF] [cfe1f53a-7a11-41d6-ae49-59d47309e800] GET /api/homework/08def78a-37d4-459a-83e2-1183038fd648 responded 200 in 23ms
2026-08-11 15:24:36.448 +05:30 [INF] [750e3f97-e88a-4993-8df5-1ca6bc01f7c2] GET /api/homework from 127.0.0.1 by Anonymous
2026-08-11 15:24:36.486 +05:30 [INF] [750e3f97-e88a-4993-8df5-1ca6bc01f7c2] GET /api/homework responded 200 in 37ms
2026-08-11 15:24:36.525 +05:30 [INF] [bcec85ea-01d4-473c-bd49-56c87cab5f3c] GET /api/homework from 127.0.0.1 by Anonymous
2026-08-11 15:24:36.558 +05:30 [INF] [bcec85ea-01d4-473c-bd49-56c87cab5f3c] GET /api/homework responded 200 in 32ms
2026-08-11 15:24:38.921 +05:30 [INF] [b298825b-e695-4bcc-ae7f-f99db3b35af4] GET /api/homework/08def450-f873-40d9-8284-c2be4a2e04e1 from 127.0.0.1 by Anonymous
2026-08-11 15:24:38.949 +05:30 [INF] [b298825b-e695-4bcc-ae7f-f99db3b35af4] GET /api/homework/08def450-f873-40d9-8284-c2be4a2e04e1 responded 200 in 27ms
2026-08-11 15:24:38.973 +05:30 [INF] [0097b58f-ba81-42f3-86d4-96cbd036a4c1] GET /api/homework/08def450-f873-40d9-8284-c2be4a2e04e1 from 127.0.0.1 by Anonymous
2026-08-11 15:24:39.009 +05:30 [INF] [0097b58f-ba81-42f3-86d4-96cbd036a4c1] GET /api/homework/08def450-f873-40d9-8284-c2be4a2e04e1 responded 200 in 35ms
2026-08-11 15:24:42.465 +05:30 [INF] [17858783-b25b-4f6e-a913-8bf388d15fe4] GET /api/homework from 127.0.0.1 by Anonymous
2026-08-11 15:24:42.501 +05:30 [INF] [17858783-b25b-4f6e-a913-8bf388d15fe4] GET /api/homework responded 200 in 35ms
2026-08-11 15:24:42.517 +05:30 [INF] [26db8b20-0d29-46b8-91f7-631ba2ca6a12] GET /api/homework from 127.0.0.1 by Anonymous
2026-08-11 15:24:42.542 +05:30 [INF] [26db8b20-0d29-46b8-91f7-631ba2ca6a12] GET /api/homework responded 200 in 25ms
2026-08-11 15:24:45.553 +05:30 [INF] [0a34ad41-868b-499d-8b24-2e475d652819] POST /api/homework/08def44f-e1e2-4760-80c6-42bedd641d01/submit-for-approval from 127.0.0.1 by Anonymous
2026-08-11 15:24:45.606 +05:30 [INF] [0a34ad41-868b-499d-8b24-2e475d652819] POST /api/homework/08def44f-e1e2-4760-80c6-42bedd641d01/submit-for-approval responded 200 in 52ms
2026-08-11 15:24:45.728 +05:30 [INF] [9f431cb3-e1e2-4e54-8d4d-dd6c68827073] GET /api/homework from 127.0.0.1 by Anonymous
2026-08-11 15:24:45.765 +05:30 [INF] [9f431cb3-e1e2-4e54-8d4d-dd6c68827073] GET /api/homework responded 200 in 35ms
2026-08-11 15:24:52.498 +05:30 [INF] [cb5bf88d-76fd-499d-9fef-2666c7d179dc] GET /api/dashboard/stats from 127.0.0.1 by Anonymous
2026-08-11 15:24:52.528 +05:30 [INF] [9bc2bdce-7909-44a1-87cf-e89ff1eecfab] GET /api/dashboard/attendance-chart from 127.0.0.1 by Anonymous
2026-08-11 15:24:52.631 +05:30 [INF] [cb5bf88d-76fd-499d-9fef-2666c7d179dc] GET /api/dashboard/stats responded 200 in 131ms
2026-08-11 15:24:52.642 +05:30 [INF] [faa93d7b-5442-4660-95be-7e1ccd319d02] GET /api/dashboard/stats from 127.0.0.1 by Anonymous
2026-08-11 15:24:52.757 +05:30 [INF] [faa93d7b-5442-4660-95be-7e1ccd319d02] GET /api/dashboard/stats responded 200 in 114ms
2026-08-11 15:24:53.701 +05:30 [INF] [9bc2bdce-7909-44a1-87cf-e89ff1eecfab] GET /api/dashboard/attendance-chart responded 200 in 1170ms
2026-08-11 15:24:53.718 +05:30 [INF] [c0d1063d-b0a9-4850-809d-71432425bfb9] GET /api/dashboard/attendance-chart from 127.0.0.1 by Anonymous
2026-08-11 15:24:54.691 +05:30 [INF] [c0d1063d-b0a9-4850-809d-71432425bfb9] GET /api/dashboard/attendance-chart responded 200 in 972ms
2026-08-11 15:29:14.690 +05:30 [INF] [4ae70518-23ed-4ebe-aecf-9ae3da983fad] GET /api/auth/me from 127.0.0.1 by Anonymous
2026-08-11 15:29:15.192 +05:30 [INF] [4ae70518-23ed-4ebe-aecf-9ae3da983fad] GET /api/auth/me responded 200 in 501ms
2026-08-11 15:29:15.220 +05:30 [INF] [633d5a0a-b0e0-49bc-af57-2885624513e5] GET /api/auth/me from 127.0.0.1 by Anonymous
2026-08-11 15:29:15.246 +05:30 [INF] [633d5a0a-b0e0-49bc-af57-2885624513e5] GET /api/auth/me responded 200 in 24ms
2026-08-11 15:29:17.010 +05:30 [INF] [a7996095-89d9-46a8-a939-703fe08042fc] GET /api/dashboard/stats from 127.0.0.1 by Anonymous
2026-08-11 15:29:17.045 +05:30 [INF] [41ddab31-440f-4306-aeb5-e6c81013d6c4] GET /api/dashboard/attendance-chart from 127.0.0.1 by Anonymous
2026-08-11 15:29:17.139 +05:30 [INF] [a7996095-89d9-46a8-a939-703fe08042fc] GET /api/dashboard/stats responded 200 in 128ms
2026-08-11 15:29:17.167 +05:30 [INF] [b7444fc6-7280-460e-bf6f-f726c3b34695] GET /api/dashboard/stats from 127.0.0.1 by Anonymous
2026-08-11 15:29:17.313 +05:30 [INF] [b7444fc6-7280-460e-bf6f-f726c3b34695] GET /api/dashboard/stats responded 200 in 145ms
2026-08-11 15:29:18.227 +05:30 [INF] [41ddab31-440f-4306-aeb5-e6c81013d6c4] GET /api/dashboard/attendance-chart responded 200 in 1180ms
2026-08-11 15:29:18.238 +05:30 [INF] [bc60a50a-8b01-4776-a97f-b0abf1c938d9] GET /api/dashboard/attendance-chart from 127.0.0.1 by Anonymous
2026-08-11 15:29:19.325 +05:30 [INF] [bc60a50a-8b01-4776-a97f-b0abf1c938d9] GET /api/dashboard/attendance-chart responded 200 in 1087ms
2026-08-11 15:33:09.033 +05:30 [WRN] Redis unavailable, falling back to in-memory cache and basic SignalR: Redis not connected
2026-08-11 15:33:15.696 +05:30 [WRN] Entity 'ApplicationRole' has a global query filter defined and is the required end of a relationship with the entity 'ApplicationRoleClaim'. This may lead to unexpected results when the required entity is filtered out. Either configure the navigation as optional, or define matching query filters for both entities in the navigation. See https://go.microsoft.com/fwlink/?linkid=2131316 for more information.
2026-08-11 15:33:15.701 +05:30 [WRN] Entity 'ApplicationUser' has a global query filter defined and is the required end of a relationship with the entity 'ApplicationUserClaim'. This may lead to unexpected results when the required entity is filtered out. Either configure the navigation as optional, or define matching query filters for both entities in the navigation. See https://go.microsoft.com/fwlink/?linkid=2131316 for more information.
2026-08-11 15:33:15.702 +05:30 [WRN] Entity 'ApplicationUser' has a global query filter defined and is the required end of a relationship with the entity 'ApplicationUserLogin'. This may lead to unexpected results when the required entity is filtered out. Either configure the navigation as optional, or define matching query filters for both entities in the navigation. See https://go.microsoft.com/fwlink/?linkid=2131316 for more information.
2026-08-11 15:33:15.702 +05:30 [WRN] Entity 'ApplicationRole' has a global query filter defined and is the required end of a relationship with the entity 'ApplicationUserRole'. This may lead to unexpected results when the required entity is filtered out. Either configure the navigation as optional, or define matching query filters for both entities in the navigation. See https://go.microsoft.com/fwlink/?linkid=2131316 for more information.
2026-08-11 15:33:15.702 +05:30 [WRN] Entity 'ApplicationUser' has a global query filter defined and is the required end of a relationship with the entity 'ApplicationUserToken'. This may lead to unexpected results when the required entity is filtered out. Either configure the navigation as optional, or define matching query filters for both entities in the navigation. See https://go.microsoft.com/fwlink/?linkid=2131316 for more information.
2026-08-11 15:33:15.870 +05:30 [WRN] The foreign key property 'HomeworkSubmission.StudentId1' was created in shadow state because a conflicting property with the simple name 'StudentId' exists in the entity type, but is either not mapped, is already used for another relationship, or is incompatible with the associated primary key type. See https://aka.ms/efcore-relationships for information on mapping relationships in EF Core.
2026-08-11 15:33:17.342 +05:30 [INF] Database migrated successfully
2026-08-11 15:33:18.494 +05:30 [INF] Roles seeded successfully
2026-08-11 15:33:32.535 +05:30 [INF] [fed81c9a-83a7-4a44-9a20-a653dab38648] GET /api/homework/assignments from 127.0.0.1 by Anonymous
2026-08-11 15:33:32.577 +05:30 [WRN] Failed to determine the https port for redirect.
2026-08-11 15:33:33.620 +05:30 [INF] [fed81c9a-83a7-4a44-9a20-a653dab38648] GET /api/homework/assignments responded 200 in 1078ms
2026-08-11 15:33:40.684 +05:30 [INF] [c3723640-8adb-4712-8e53-d34e65badb62] GET /api/homework from 127.0.0.1 by Anonymous
2026-08-11 15:33:40.716 +05:30 [INF] [c3723640-8adb-4712-8e53-d34e65badb62] GET /api/homework responded 401 in 31ms
2026-08-11 15:33:45.864 +05:30 [INF] [5804abc7-e1ed-49f7-b288-8eb6f932eaeb] GET /api/homework from 127.0.0.1 by Anonymous
2026-08-11 15:33:45.872 +05:30 [INF] [5804abc7-e1ed-49f7-b288-8eb6f932eaeb] GET /api/homework responded 401 in 7ms
2026-08-11 15:34:19.149 +05:30 [INF] [682e8f2f-c45f-40a1-8f51-0c4e6fa2996c] POST /api/auth/login from 127.0.0.1 by Anonymous
2026-08-11 15:34:20.126 +05:30 [INF] [682e8f2f-c45f-40a1-8f51-0c4e6fa2996c] POST /api/auth/login responded 200 in 977ms
2026-08-11 15:34:20.156 +05:30 [INF] [1b3dc419-ceb5-4a7c-bc98-adfba21362a3] POST /api/auth/login from 127.0.0.1 by Anonymous
2026-08-11 15:34:20.521 +05:30 [INF] [1b3dc419-ceb5-4a7c-bc98-adfba21362a3] POST /api/auth/login responded 200 in 364ms
2026-08-11 15:34:20.555 +05:30 [INF] [002c2b46-a033-4f69-b32e-ad641b179027] POST /api/auth/login from 127.0.0.1 by Anonymous
2026-08-11 15:34:21.060 +05:30 [INF] [002c2b46-a033-4f69-b32e-ad641b179027] POST /api/auth/login responded 200 in 504ms
2026-08-11 15:34:26.809 +05:30 [INF] [67b6e021-6068-47c4-b2fe-ffba060912ca] GET /api/homework from 127.0.0.1 by Anonymous
2026-08-11 15:34:27.675 +05:30 [INF] [67b6e021-6068-47c4-b2fe-ffba060912ca] GET /api/homework responded 200 in 865ms
2026-08-11 15:34:34.171 +05:30 [INF] [116f56a4-b6df-40ce-981d-c0754bb63330] POST /api/homework/08def78a-37d4-459a-83e2-1183038fd648/submit from 127.0.0.1 by Anonymous
2026-08-11 15:34:34.215 +05:30 [INF] [116f56a4-b6df-40ce-981d-c0754bb63330] POST /api/homework/08def78a-37d4-459a-83e2-1183038fd648/submit responded 400 in 42ms
2026-08-11 15:34:34.233 +05:30 [INF] [95fa7589-d3e3-4160-a01f-15d5f90f75cd] POST /api/homework/08def78a-37d4-459a-83e2-1183038fd648/submit from 127.0.0.1 by Anonymous
2026-08-11 15:34:34.645 +05:30 [INF] [95fa7589-d3e3-4160-a01f-15d5f90f75cd] POST /api/homework/08def78a-37d4-459a-83e2-1183038fd648/submit responded 200 in 412ms
2026-08-11 15:34:34.664 +05:30 [INF] [187df626-63d7-4fb4-963f-c283d5f6e620] GET /api/homework/assignments from 127.0.0.1 by Anonymous
2026-08-11 15:34:34.728 +05:30 [INF] [187df626-63d7-4fb4-963f-c283d5f6e620] GET /api/homework/assignments responded 200 in 63ms
2026-08-11 15:36:36.960 +05:30 [INF] [32367c5a-e5c2-4b2b-b988-3e9555c0dee3] GET /api/homework from 127.0.0.1 by Anonymous
2026-08-11 15:36:37.065 +05:30 [INF] [32367c5a-e5c2-4b2b-b988-3e9555c0dee3] GET /api/homework responded 200 in 104ms
2026-08-11 15:36:37.095 +05:30 [INF] [1adf4095-5f5d-425d-9949-ddca1ffda54f] GET /api/homework from 127.0.0.1 by Anonymous
2026-08-11 15:36:37.132 +05:30 [INF] [1adf4095-5f5d-425d-9949-ddca1ffda54f] GET /api/homework responded 200 in 36ms
2026-08-11 15:36:41.233 +05:30 [INF] [c1f47471-a6b1-42fb-ac7c-99017777cb2b] GET /api/schools from 127.0.0.1 by Anonymous
2026-08-11 15:36:41.314 +05:30 [WRN] The query uses a row limiting operator ('Skip'/'Take') without an 'OrderBy' operator. This may lead to unpredictable results. If the 'Distinct' operator is used after 'OrderBy', then make sure to use the 'OrderBy' operator after 'Distinct' as the ordering would otherwise get erased.
2026-08-11 15:36:41.315 +05:30 [WRN] The query uses a row limiting operator ('Skip'/'Take') without an 'OrderBy' operator. This may lead to unpredictable results. If the 'Distinct' operator is used after 'OrderBy', then make sure to use the 'OrderBy' operator after 'Distinct' as the ordering would otherwise get erased.
2026-08-11 15:36:41.353 +05:30 [INF] [c1f47471-a6b1-42fb-ac7c-99017777cb2b] GET /api/schools responded 200 in 120ms
2026-08-11 15:36:41.361 +05:30 [INF] [016839a6-3aa8-4380-89d0-9e5531838606] GET /api/schools from 127.0.0.1 by Anonymous
2026-08-11 15:36:41.383 +05:30 [INF] [016839a6-3aa8-4380-89d0-9e5531838606] GET /api/schools responded 200 in 21ms
2026-08-11 15:36:41.503 +05:30 [INF] [0f95b14d-a9a5-408a-a657-d38c51f48658] GET /api/schools/93cfbeb0-5697-4af4-9f0b-0115e7e2e14a/classes from 127.0.0.1 by Anonymous
2026-08-11 15:36:41.608 +05:30 [INF] [0f95b14d-a9a5-408a-a657-d38c51f48658] GET /api/schools/93cfbeb0-5697-4af4-9f0b-0115e7e2e14a/classes responded 200 in 103ms
2026-08-11 15:36:41.647 +05:30 [INF] [59b16d96-c68a-4d4c-922a-2b4845eb1145] GET /api/schools/93cfbeb0-5697-4af4-9f0b-0115e7e2e14a/classes from 127.0.0.1 by Anonymous
2026-08-11 15:36:41.671 +05:30 [INF] [59b16d96-c68a-4d4c-922a-2b4845eb1145] GET /api/schools/93cfbeb0-5697-4af4-9f0b-0115e7e2e14a/classes responded 200 in 23ms
2026-08-11 15:36:50.691 +05:30 [INF] [fad1fc7c-2f64-4ae1-bb2d-3eb92407c5c0] GET /api/schools/classes/b2f08a74-ede8-4669-acc8-bafe40a743cf/sections from 127.0.0.1 by Anonymous
2026-08-11 15:36:50.695 +05:30 [INF] [98647433-21c4-4b94-ab2a-16c173dad373] GET /api/schools/93cfbeb0-5697-4af4-9f0b-0115e7e2e14a/subjects from 127.0.0.1 by Anonymous
2026-08-11 15:36:50.817 +05:30 [INF] [fad1fc7c-2f64-4ae1-bb2d-3eb92407c5c0] GET /api/schools/classes/b2f08a74-ede8-4669-acc8-bafe40a743cf/sections responded 200 in 124ms
2026-08-11 15:36:50.838 +05:30 [INF] [98647433-21c4-4b94-ab2a-16c173dad373] GET /api/schools/93cfbeb0-5697-4af4-9f0b-0115e7e2e14a/subjects responded 200 in 140ms
2026-08-11 15:37:26.892 +05:30 [INF] [c9a4187d-2c4c-4b90-b494-ef7bdda2c459] POST /api/homework from 127.0.0.1 by Anonymous
2026-08-11 15:37:27.282 +05:30 [INF] [c9a4187d-2c4c-4b90-b494-ef7bdda2c459] POST /api/homework responded 201 in 390ms
2026-08-11 15:37:28.074 +05:30 [INF] [41b54ac2-ddf2-4882-83cb-3d8c497569fa] GET /api/homework from 127.0.0.1 by Anonymous
2026-08-11 15:37:28.114 +05:30 [INF] [41b54ac2-ddf2-4882-83cb-3d8c497569fa] GET /api/homework responded 200 in 39ms
2026-08-11 15:37:28.127 +05:30 [INF] [4853850f-2601-4881-9bec-51bd28f9afa3] GET /api/homework from 127.0.0.1 by Anonymous
2026-08-11 15:37:28.164 +05:30 [INF] [4853850f-2601-4881-9bec-51bd28f9afa3] GET /api/homework responded 200 in 35ms
2026-08-11 15:42:39.057 +05:30 [INF] [b08b06a5-12f4-4318-9b2d-1cb9fdb8be39] GET /api/auth/me from 127.0.0.1 by Anonymous
2026-08-11 15:42:39.749 +05:30 [INF] [b08b06a5-12f4-4318-9b2d-1cb9fdb8be39] GET /api/auth/me responded 200 in 689ms
2026-08-11 15:42:39.767 +05:30 [INF] [84ec709c-e9ea-40a5-a61f-8dad4991ad51] GET /api/auth/me from 127.0.0.1 by Anonymous
2026-08-11 15:42:39.784 +05:30 [INF] [84ec709c-e9ea-40a5-a61f-8dad4991ad51] GET /api/auth/me responded 200 in 17ms
2026-08-11 15:42:40.356 +05:30 [INF] [1da00266-b61c-45d0-9106-4eb24869b695] GET /api/homework from 127.0.0.1 by Anonymous
2026-08-11 15:42:40.399 +05:30 [INF] [1da00266-b61c-45d0-9106-4eb24869b695] GET /api/homework responded 200 in 41ms
2026-08-11 15:42:40.420 +05:30 [INF] [c65d2082-7cc8-4ae3-80f9-c162e44a47c3] GET /api/homework from 127.0.0.1 by Anonymous
2026-08-11 15:42:40.465 +05:30 [INF] [c65d2082-7cc8-4ae3-80f9-c162e44a47c3] GET /api/homework responded 200 in 44ms
2026-08-11 15:42:43.019 +05:30 [INF] [cba702d5-1d8b-4744-bb6c-711b1e3886f9] GET /api/schools from 127.0.0.1 by Anonymous
2026-08-11 15:42:43.055 +05:30 [INF] [cba702d5-1d8b-4744-bb6c-711b1e3886f9] GET /api/schools responded 200 in 35ms
2026-08-11 15:42:43.072 +05:30 [INF] [70d45e39-cabd-4439-9117-130f862227ce] GET /api/schools from 127.0.0.1 by Anonymous
2026-08-11 15:42:43.108 +05:30 [INF] [70d45e39-cabd-4439-9117-130f862227ce] GET /api/schools responded 200 in 36ms
2026-08-11 15:42:43.160 +05:30 [INF] [ca56cd13-10b2-4453-8a4f-037a1474fb01] GET /api/schools/93cfbeb0-5697-4af4-9f0b-0115e7e2e14a/classes from 127.0.0.1 by Anonymous
2026-08-11 15:42:43.190 +05:30 [INF] [ca56cd13-10b2-4453-8a4f-037a1474fb01] GET /api/schools/93cfbeb0-5697-4af4-9f0b-0115e7e2e14a/classes responded 200 in 29ms
2026-08-11 15:42:43.205 +05:30 [INF] [9acd27a1-3c38-44d1-abfb-967df76a994d] GET /api/schools/93cfbeb0-5697-4af4-9f0b-0115e7e2e14a/classes from 127.0.0.1 by Anonymous
2026-08-11 15:42:43.231 +05:30 [INF] [9acd27a1-3c38-44d1-abfb-967df76a994d] GET /api/schools/93cfbeb0-5697-4af4-9f0b-0115e7e2e14a/classes responded 200 in 25ms
2026-08-11 15:43:05.560 +05:30 [INF] [605ac4f1-5f75-4c01-b1c0-b4709461a073] GET /api/schools/classes/b2f08a74-ede8-4669-acc8-bafe40a743cf/sections from 127.0.0.1 by Anonymous
2026-08-11 15:43:05.565 +05:30 [INF] [d4d02d7f-6479-49a0-b3c2-a9baf79b7ce1] GET /api/schools/93cfbeb0-5697-4af4-9f0b-0115e7e2e14a/subjects from 127.0.0.1 by Anonymous
2026-08-11 15:43:05.582 +05:30 [INF] [605ac4f1-5f75-4c01-b1c0-b4709461a073] GET /api/schools/classes/b2f08a74-ede8-4669-acc8-bafe40a743cf/sections responded 200 in 20ms
2026-08-11 15:43:05.595 +05:30 [INF] [d4d02d7f-6479-49a0-b3c2-a9baf79b7ce1] GET /api/schools/93cfbeb0-5697-4af4-9f0b-0115e7e2e14a/subjects responded 200 in 29ms
2026-08-11 15:43:14.858 +05:30 [INF] [fdb6cedf-82c2-4e79-8fae-de2090076315] POST /api/homework from 127.0.0.1 by Anonymous
2026-08-11 15:43:14.919 +05:30 [INF] [fdb6cedf-82c2-4e79-8fae-de2090076315] POST /api/homework responded 201 in 60ms
2026-08-11 15:43:15.451 +05:30 [INF] [aa1cd892-f5e1-450e-b8df-a5136b59a140] GET /api/homework from 127.0.0.1 by Anonymous
2026-08-11 15:43:15.494 +05:30 [INF] [aa1cd892-f5e1-450e-b8df-a5136b59a140] GET /api/homework responded 200 in 42ms
2026-08-11 15:43:15.501 +05:30 [INF] [2054e95f-c473-4757-a8b5-65f80a9dbb81] GET /api/homework from 127.0.0.1 by Anonymous
2026-08-11 15:43:15.529 +05:30 [INF] [2054e95f-c473-4757-a8b5-65f80a9dbb81] GET /api/homework responded 200 in 28ms
2026-08-11 15:43:28.632 +05:30 [INF] [0621dccf-6257-4052-8dbb-702e30f20a25] GET /api/homework/08def791-2824-4ae3-8ec4-a5929821af85 from 127.0.0.1 by Anonymous
2026-08-11 15:43:28.697 +05:30 [WRN] The query uses a row limiting operator ('Skip'/'Take') without an 'OrderBy' operator. This may lead to unpredictable results. If the 'Distinct' operator is used after 'OrderBy', then make sure to use the 'OrderBy' operator after 'Distinct' as the ordering would otherwise get erased.
2026-08-11 15:43:28.698 +05:30 [WRN] The query uses a row limiting operator ('Skip'/'Take') without an 'OrderBy' operator. This may lead to unpredictable results. If the 'Distinct' operator is used after 'OrderBy', then make sure to use the 'OrderBy' operator after 'Distinct' as the ordering would otherwise get erased.
2026-08-11 15:43:28.846 +05:30 [INF] [0621dccf-6257-4052-8dbb-702e30f20a25] GET /api/homework/08def791-2824-4ae3-8ec4-a5929821af85 responded 200 in 214ms
2026-08-11 15:43:28.862 +05:30 [INF] [ddcf3efc-e88d-46de-834b-95287d75505c] GET /api/homework/08def791-2824-4ae3-8ec4-a5929821af85 from 127.0.0.1 by Anonymous
2026-08-11 15:43:28.890 +05:30 [INF] [ddcf3efc-e88d-46de-834b-95287d75505c] GET /api/homework/08def791-2824-4ae3-8ec4-a5929821af85 responded 200 in 27ms
2026-08-11 15:43:36.008 +05:30 [INF] [dc974ca2-e59e-474f-a232-0fadd2a34c5c] POST /api/homework/08def791-2824-4ae3-8ec4-a5929821af85/submit-for-approval from 127.0.0.1 by Anonymous
2026-08-11 15:43:36.094 +05:30 [INF] [dc974ca2-e59e-474f-a232-0fadd2a34c5c] POST /api/homework/08def791-2824-4ae3-8ec4-a5929821af85/submit-for-approval responded 200 in 85ms
2026-08-11 15:43:36.238 +05:30 [INF] [9badebc1-f4c7-4e49-a04d-79fd92dae91d] GET /api/homework/08def791-2824-4ae3-8ec4-a5929821af85 from 127.0.0.1 by Anonymous
2026-08-11 15:43:36.270 +05:30 [INF] [9badebc1-f4c7-4e49-a04d-79fd92dae91d] GET /api/homework/08def791-2824-4ae3-8ec4-a5929821af85 responded 200 in 32ms
2026-08-11 15:43:41.851 +05:30 [INF] [5e5e6ea9-a566-41ec-b09e-84a5635786cc] GET /api/homework from 127.0.0.1 by Anonymous
2026-08-11 15:43:41.893 +05:30 [INF] [5e5e6ea9-a566-41ec-b09e-84a5635786cc] GET /api/homework responded 200 in 42ms
2026-08-11 15:43:41.908 +05:30 [INF] [b83aa5b9-2751-447c-8f75-39ee645f6774] GET /api/homework from 127.0.0.1 by Anonymous
2026-08-11 15:43:41.950 +05:30 [INF] [b83aa5b9-2751-447c-8f75-39ee645f6774] GET /api/homework responded 200 in 41ms
2026-08-11 15:48:28.245 +05:30 [INF] [7212df25-0718-4322-a1f9-4ec73645d831] GET /api/auth/me from 127.0.0.1 by Anonymous
2026-08-11 15:48:28.769 +05:30 [INF] [7212df25-0718-4322-a1f9-4ec73645d831] GET /api/auth/me responded 200 in 523ms
2026-08-11 15:48:28.786 +05:30 [INF] [423fdd3b-a0a2-4545-baea-700090a7039e] GET /api/auth/me from 127.0.0.1 by Anonymous
2026-08-11 15:48:28.804 +05:30 [INF] [423fdd3b-a0a2-4545-baea-700090a7039e] GET /api/auth/me responded 200 in 18ms
2026-08-11 15:48:31.336 +05:30 [INF] [f77b132b-f306-4fd3-9206-40c741917f72] GET /api/homework from 127.0.0.1 by Anonymous
2026-08-11 15:48:31.381 +05:30 [INF] [f77b132b-f306-4fd3-9206-40c741917f72] GET /api/homework responded 200 in 43ms
2026-08-11 15:48:31.412 +05:30 [INF] [ac869f6d-fcca-4f0d-8e80-54c2d2c85b45] GET /api/homework from 127.0.0.1 by Anonymous
2026-08-11 15:48:31.442 +05:30 [INF] [ac869f6d-fcca-4f0d-8e80-54c2d2c85b45] GET /api/homework responded 200 in 29ms
2026-08-11 15:51:17.199 +05:30 [INF] [ce3cb854-94ec-48b9-a412-f19db2c38fba] POST /api/homework from 127.0.0.1 by Anonymous
2026-08-11 15:51:17.328 +05:30 [ERR] Failed executing DbCommand (39ms) [Parameters=[@p0='?' (DbType = Guid), @p1='?' (DbType = Int32), @p2='?' (DbType = DateTime), @p3='?' (Size = 4000), @p4='?' (DbType = DateTime), @p5='?' (Size = 4000), @p6='?' (Size = 4000), @p7='?' (DbType = Guid), @p8='?' (DbType = DateTime), @p9='?' (Size = 4000), @p10='?' (DbType = DateTime), @p11='?' (Size = 4000), @p12='?' (Size = 4000), @p13='?' (DbType = DateTime), @p14='?' (DbType = Boolean), @p15='?', @p16='?' (Size = 4000), @p17='?' (DbType = Guid), @p18='?' (DbType = Guid), @p19='?' (DbType = Guid), @p20='?' (DbType = Guid), @p21='?' (Size = 300), @p22='?' (DbType = DateTime), @p23='?' (Size = 4000)], CommandType='"Text"', CommandTimeout='30']
SET AUTOCOMMIT = 1;
INSERT INTO `Homeworks` (`Id`, `ApprovalStatus`, `ApprovedAt`, `ApprovedBy`, `AssignedDate`, `AttachmentFileName`, `AttachmentUrl`, `ClassRoomId`, `CreatedAt`, `CreatedBy`, `DeletedAt`, `DeletedBy`, `Description`, `DueDate`, `IsDeleted`, `MaxMarks`, `RejectionReason`, `SchoolId`, `SectionId`, `SubjectId`, `TeacherId`, `Title`, `UpdatedAt`, `UpdatedBy`)
VALUES (@p0, @p1, @p2, @p3, @p4, @p5, @p6, @p7, @p8, @p9, @p10, @p11, @p12, @p13, @p14, @p15, @p16, @p17, @p18, @p19, @p20, @p21, @p22, @p23);
2026-08-11 15:51:17.370 +05:30 [ERR] An exception occurred in the database while saving changes for context type 'SchoolCRM.Infrastructure.Data.ApplicationDbContext'.
Microsoft.EntityFrameworkCore.DbUpdateException: An error occurred while saving the entity changes. See the inner exception for details.
 ---> MySqlConnector.MySqlException (0x80004005): Cannot add or update a child row: a foreign key constraint fails (`schoolcrm`.`Homeworks`, CONSTRAINT `FK_Homeworks_Subjects_SubjectId` FOREIGN KEY (`SubjectId`) REFERENCES `Subjects` (`Id`) ON DELETE CASCADE)
   at MySqlConnector.Core.ServerSession.ReceiveReplyAsync(IOBehavior ioBehavior, CancellationToken cancellationToken) in /_/src/MySqlConnector/Core/ServerSession.cs:line 894
   at MySqlConnector.Core.ResultSet.ReadResultSetHeaderAsync(IOBehavior ioBehavior) in /_/src/MySqlConnector/Core/ResultSet.cs:line 37
   at MySqlConnector.MySqlDataReader.ActivateResultSet(CancellationToken cancellationToken) in /_/src/MySqlConnector/MySqlDataReader.cs:line 130
   at MySqlConnector.MySqlDataReader.InitAsync(CommandListPosition commandListPosition, ICommandPayloadCreator payloadCreator, IDictionary`2 cachedProcedures, IMySqlCommand command, CommandBehavior behavior, Activity activity, IOBehavior ioBehavior, CancellationToken cancellationToken) in /_/src/MySqlConnector/MySqlDataReader.cs:line 483
   at MySqlConnector.Core.CommandExecutor.ExecuteReaderAsync(CommandListPosition commandListPosition, ICommandPayloadCreator payloadCreator, CommandBehavior behavior, Activity activity, IOBehavior ioBehavior, CancellationToken cancellationToken) in /_/src/MySqlConnector/Core/CommandExecutor.cs:line 56
   at MySqlConnector.MySqlCommand.ExecuteReaderAsync(CommandBehavior behavior, IOBehavior ioBehavior, CancellationToken cancellationToken) in /_/src/MySqlConnector/MySqlCommand.cs:line 357
   at MySqlConnector.MySqlCommand.ExecuteDbDataReaderAsync(CommandBehavior behavior, CancellationToken cancellationToken) in /_/src/MySqlConnector/MySqlCommand.cs:line 350
   at Microsoft.EntityFrameworkCore.Storage.RelationalCommand.ExecuteReaderAsync(RelationalCommandParameterObject parameterObject, CancellationToken cancellationToken)
   at Microsoft.EntityFrameworkCore.Storage.RelationalCommand.ExecuteReaderAsync(RelationalCommandParameterObject parameterObject, CancellationToken cancellationToken)
   at Microsoft.EntityFrameworkCore.Update.ReaderModificationCommandBatch.ExecuteAsync(IRelationalConnection connection, CancellationToken cancellationToken)
   --- End of inner exception stack trace ---
   at Microsoft.EntityFrameworkCore.Update.ReaderModificationCommandBatch.ExecuteAsync(IRelationalConnection connection, CancellationToken cancellationToken)
   at Microsoft.EntityFrameworkCore.Update.Internal.BatchExecutor.ExecuteAsync(IEnumerable`1 commandBatches, IRelationalConnection connection, CancellationToken cancellationToken)
   at Microsoft.EntityFrameworkCore.Update.Internal.BatchExecutor.ExecuteAsync(IEnumerable`1 commandBatches, IRelationalConnection connection, CancellationToken cancellationToken)
   at Microsoft.EntityFrameworkCore.Update.Internal.BatchExecutor.ExecuteAsync(IEnumerable`1 commandBatches, IRelationalConnection connection, CancellationToken cancellationToken)
   at Microsoft.EntityFrameworkCore.ChangeTracking.Internal.StateManager.SaveChangesAsync(IList`1 entriesToSave, CancellationToken cancellationToken)
   at Microsoft.EntityFrameworkCore.ChangeTracking.Internal.StateManager.SaveChangesAsync(StateManager stateManager, Boolean acceptAllChangesOnSuccess, CancellationToken cancellationToken)
   at Microsoft.EntityFrameworkCore.Storage.ExecutionStrategy.<>c__DisplayClass30_0`2.<<ExecuteAsync>b__0>d.MoveNext()
--- End of stack trace from previous location ---
   at Microsoft.EntityFrameworkCore.Storage.ExecutionStrategy.ExecuteImplementationAsync[TState,TResult](Func`4 operation, Func`4 verifySucceeded, TState state, CancellationToken cancellationToken)
   at Microsoft.EntityFrameworkCore.Storage.ExecutionStrategy.ExecuteImplementationAsync[TState,TResult](Func`4 operation, Func`4 verifySucceeded, TState state, CancellationToken cancellationToken)
   at Microsoft.EntityFrameworkCore.Storage.ExecutionStrategy.ExecuteAsync[TState,TResult](TState state, Func`4 operation, Func`4 verifySucceeded, CancellationToken cancellationToken)
   at Microsoft.EntityFrameworkCore.DbContext.SaveChangesAsync(Boolean acceptAllChangesOnSuccess, CancellationToken cancellationToken)
Microsoft.EntityFrameworkCore.DbUpdateException: An error occurred while saving the entity changes. See the inner exception for details.
 ---> MySqlConnector.MySqlException (0x80004005): Cannot add or update a child row: a foreign key constraint fails (`schoolcrm`.`Homeworks`, CONSTRAINT `FK_Homeworks_Subjects_SubjectId` FOREIGN KEY (`SubjectId`) REFERENCES `Subjects` (`Id`) ON DELETE CASCADE)
   at MySqlConnector.Core.ServerSession.ReceiveReplyAsync(IOBehavior ioBehavior, CancellationToken cancellationToken) in /_/src/MySqlConnector/Core/ServerSession.cs:line 894
   at MySqlConnector.Core.ResultSet.ReadResultSetHeaderAsync(IOBehavior ioBehavior) in /_/src/MySqlConnector/Core/ResultSet.cs:line 37
   at MySqlConnector.MySqlDataReader.ActivateResultSet(CancellationToken cancellationToken) in /_/src/MySqlConnector/MySqlDataReader.cs:line 130
   at MySqlConnector.MySqlDataReader.InitAsync(CommandListPosition commandListPosition, ICommandPayloadCreator payloadCreator, IDictionary`2 cachedProcedures, IMySqlCommand command, CommandBehavior behavior, Activity activity, IOBehavior ioBehavior, CancellationToken cancellationToken) in /_/src/MySqlConnector/MySqlDataReader.cs:line 483
   at MySqlConnector.Core.CommandExecutor.ExecuteReaderAsync(CommandListPosition commandListPosition, ICommandPayloadCreator payloadCreator, CommandBehavior behavior, Activity activity, IOBehavior ioBehavior, CancellationToken cancellationToken) in /_/src/MySqlConnector/Core/CommandExecutor.cs:line 56
   at MySqlConnector.MySqlCommand.ExecuteReaderAsync(CommandBehavior behavior, IOBehavior ioBehavior, CancellationToken cancellationToken) in /_/src/MySqlConnector/MySqlCommand.cs:line 357
   at MySqlConnector.MySqlCommand.ExecuteDbDataReaderAsync(CommandBehavior behavior, CancellationToken cancellationToken) in /_/src/MySqlConnector/MySqlCommand.cs:line 350
   at Microsoft.EntityFrameworkCore.Storage.RelationalCommand.ExecuteReaderAsync(RelationalCommandParameterObject parameterObject, CancellationToken cancellationToken)
   at Microsoft.EntityFrameworkCore.Storage.RelationalCommand.ExecuteReaderAsync(RelationalCommandParameterObject parameterObject, CancellationToken cancellationToken)
   at Microsoft.EntityFrameworkCore.Update.ReaderModificationCommandBatch.ExecuteAsync(IRelationalConnection connection, CancellationToken cancellationToken)
   --- End of inner exception stack trace ---
   at Microsoft.EntityFrameworkCore.Update.ReaderModificationCommandBatch.ExecuteAsync(IRelationalConnection connection, CancellationToken cancellationToken)
   at Microsoft.EntityFrameworkCore.Update.Internal.BatchExecutor.ExecuteAsync(IEnumerable`1 commandBatches, IRelationalConnection connection, CancellationToken cancellationToken)
   at Microsoft.EntityFrameworkCore.Update.Internal.BatchExecutor.ExecuteAsync(IEnumerable`1 commandBatches, IRelationalConnection connection, CancellationToken cancellationToken)
   at Microsoft.EntityFrameworkCore.Update.Internal.BatchExecutor.ExecuteAsync(IEnumerable`1 commandBatches, IRelationalConnection connection, CancellationToken cancellationToken)
   at Microsoft.EntityFrameworkCore.ChangeTracking.Internal.StateManager.SaveChangesAsync(IList`1 entriesToSave, CancellationToken cancellationToken)
   at Microsoft.EntityFrameworkCore.ChangeTracking.Internal.StateManager.SaveChangesAsync(StateManager stateManager, Boolean acceptAllChangesOnSuccess, CancellationToken cancellationToken)
   at Microsoft.EntityFrameworkCore.Storage.ExecutionStrategy.<>c__DisplayClass30_0`2.<<ExecuteAsync>b__0>d.MoveNext()
--- End of stack trace from previous location ---
   at Microsoft.EntityFrameworkCore.Storage.ExecutionStrategy.ExecuteImplementationAsync[TState,TResult](Func`4 operation, Func`4 verifySucceeded, TState state, CancellationToken cancellationToken)
   at Microsoft.EntityFrameworkCore.Storage.ExecutionStrategy.ExecuteImplementationAsync[TState,TResult](Func`4 operation, Func`4 verifySucceeded, TState state, CancellationToken cancellationToken)
   at Microsoft.EntityFrameworkCore.Storage.ExecutionStrategy.ExecuteAsync[TState,TResult](TState state, Func`4 operation, Func`4 verifySucceeded, CancellationToken cancellationToken)
   at Microsoft.EntityFrameworkCore.DbContext.SaveChangesAsync(Boolean acceptAllChangesOnSuccess, CancellationToken cancellationToken)
2026-08-11 15:51:17.378 +05:30 [INF] [ce3cb854-94ec-48b9-a412-f19db2c38fba] POST /api/homework responded 400 in 177ms
2026-08-11 15:51:28.616 +05:30 [INF] [2409e5a8-3034-44b5-9cf6-132a0e787a10] GET /api/schools/93cfbeb0-5697-4af4-9f0b-0115e7e2e14a/subjects from 127.0.0.1 by Anonymous
2026-08-11 15:51:28.638 +05:30 [INF] [2409e5a8-3034-44b5-9cf6-132a0e787a10] GET /api/schools/93cfbeb0-5697-4af4-9f0b-0115e7e2e14a/subjects responded 200 in 21ms
2026-08-11 15:51:35.498 +05:30 [INF] [23db48aa-09c5-4a8e-a264-7416d77e85de] POST /api/homework from 127.0.0.1 by Anonymous
2026-08-11 15:51:35.538 +05:30 [INF] [23db48aa-09c5-4a8e-a264-7416d77e85de] POST /api/homework responded 201 in 40ms
2026-08-11 15:52:19.527 +05:30 [INF] [d452e2f5-1daf-41ee-a1ab-bd3cb3ea4a2a] GET /api/homework/08def792-5288-4822-8fa3-8594d2068983 from 127.0.0.1 by Anonymous
2026-08-11 15:52:19.572 +05:30 [INF] [d452e2f5-1daf-41ee-a1ab-bd3cb3ea4a2a] GET /api/homework/08def792-5288-4822-8fa3-8594d2068983 responded 200 in 44ms
2026-08-11 15:56:52.321 +05:30 [INF] [476da4c2-efeb-4a82-b69c-f99a6519c599] GET /api/auth/me from 127.0.0.1 by Anonymous
2026-08-11 15:56:52.867 +05:30 [INF] [476da4c2-efeb-4a82-b69c-f99a6519c599] GET /api/auth/me responded 200 in 545ms
2026-08-11 15:56:52.883 +05:30 [INF] [930ad70a-17de-45f4-b10a-ed5e1bbe873a] GET /api/auth/me from 127.0.0.1 by Anonymous
2026-08-11 15:56:52.903 +05:30 [INF] [930ad70a-17de-45f4-b10a-ed5e1bbe873a] GET /api/auth/me responded 200 in 20ms
2026-08-11 15:56:53.596 +05:30 [INF] [ab664137-3bc4-4d1b-b458-4a9266ca96f7] GET /api/homework from 127.0.0.1 by Anonymous
2026-08-11 15:56:53.649 +05:30 [INF] [ab664137-3bc4-4d1b-b458-4a9266ca96f7] GET /api/homework responded 200 in 52ms
2026-08-11 15:56:53.663 +05:30 [INF] [2131074d-ce08-49fb-8a67-c72d3cb15484] GET /api/homework from 127.0.0.1 by Anonymous
2026-08-11 15:56:53.700 +05:30 [INF] [2131074d-ce08-49fb-8a67-c72d3cb15484] GET /api/homework responded 200 in 37ms
2026-08-11 15:56:59.071 +05:30 [INF] [43f4423a-0102-45df-ace7-3246ea5e19ae] GET /api/schools from 127.0.0.1 by Anonymous
2026-08-11 15:56:59.102 +05:30 [INF] [43f4423a-0102-45df-ace7-3246ea5e19ae] GET /api/schools responded 200 in 29ms
2026-08-11 15:56:59.127 +05:30 [INF] [f7b5deeb-243c-422a-abac-4ffc665328c2] GET /api/schools from 127.0.0.1 by Anonymous
2026-08-11 15:56:59.146 +05:30 [INF] [f7b5deeb-243c-422a-abac-4ffc665328c2] GET /api/schools responded 200 in 18ms
2026-08-11 15:56:59.193 +05:30 [INF] [c728751e-5561-41a0-9a77-0959e5716701] GET /api/schools/93cfbeb0-5697-4af4-9f0b-0115e7e2e14a/classes from 127.0.0.1 by Anonymous
2026-08-11 15:56:59.215 +05:30 [INF] [c728751e-5561-41a0-9a77-0959e5716701] GET /api/schools/93cfbeb0-5697-4af4-9f0b-0115e7e2e14a/classes responded 200 in 21ms
2026-08-11 15:56:59.238 +05:30 [INF] [65587d18-72f1-42ba-a0d9-a62a6e11d1a3] GET /api/schools/93cfbeb0-5697-4af4-9f0b-0115e7e2e14a/classes from 127.0.0.1 by Anonymous
2026-08-11 15:56:59.258 +05:30 [INF] [65587d18-72f1-42ba-a0d9-a62a6e11d1a3] GET /api/schools/93cfbeb0-5697-4af4-9f0b-0115e7e2e14a/classes responded 200 in 20ms
2026-08-11 15:57:09.340 +05:30 [INF] [4a49859d-d848-40b9-9b0e-d6a3bc9b31bb] GET /api/schools/classes/bbfbbb9c-4e96-4d70-a0d4-7105a898e4c3/sections from 127.0.0.1 by Anonymous
2026-08-11 15:57:09.342 +05:30 [INF] [cf21c69d-5301-4c45-87e2-b0ee98a09a6b] GET /api/schools/93cfbeb0-5697-4af4-9f0b-0115e7e2e14a/subjects from 127.0.0.1 by Anonymous
2026-08-11 15:57:09.375 +05:30 [INF] [4a49859d-d848-40b9-9b0e-d6a3bc9b31bb] GET /api/schools/classes/bbfbbb9c-4e96-4d70-a0d4-7105a898e4c3/sections responded 200 in 34ms
2026-08-11 15:57:09.383 +05:30 [INF] [cf21c69d-5301-4c45-87e2-b0ee98a09a6b] GET /api/schools/93cfbeb0-5697-4af4-9f0b-0115e7e2e14a/subjects responded 200 in 40ms
2026-08-11 15:57:42.771 +05:30 [INF] [d701d862-b9a5-4800-921b-5f9b186911b0] POST /api/files/upload from 127.0.0.1 by Anonymous
2026-08-11 15:57:42.919 +05:30 [INF] [d701d862-b9a5-4800-921b-5f9b186911b0] POST /api/files/upload responded 200 in 147ms
2026-08-11 15:57:49.467 +05:30 [INF] [cf8ed7b6-e840-4514-9e2c-3b499016b029] POST /api/homework from 127.0.0.1 by Anonymous
2026-08-11 15:57:49.508 +05:30 [INF] [cf8ed7b6-e840-4514-9e2c-3b499016b029] POST /api/homework responded 201 in 40ms
2026-08-11 15:57:49.975 +05:30 [INF] [06182fc8-204b-489c-97c4-6ce0860e8379] GET /api/homework from 127.0.0.1 by Anonymous
2026-08-11 15:57:50.013 +05:30 [INF] [06182fc8-204b-489c-97c4-6ce0860e8379] GET /api/homework responded 200 in 37ms
2026-08-11 15:57:50.037 +05:30 [INF] [b80057e6-b1d4-4511-9a4c-804701088477] GET /api/homework from 127.0.0.1 by Anonymous
2026-08-11 15:57:50.075 +05:30 [INF] [b80057e6-b1d4-4511-9a4c-804701088477] GET /api/homework responded 200 in 37ms
2026-08-11 15:58:13.897 +05:30 [INF] [c889fd1e-6cb4-4a68-bd34-09efcdf20cdf] POST /api/homework/08def793-3170-48fb-8cc1-a3f481a03aab/submit-for-approval from 127.0.0.1 by Anonymous
2026-08-11 15:58:13.953 +05:30 [INF] [c889fd1e-6cb4-4a68-bd34-09efcdf20cdf] POST /api/homework/08def793-3170-48fb-8cc1-a3f481a03aab/submit-for-approval responded 200 in 55ms
2026-08-11 15:58:14.081 +05:30 [INF] [39dc7ff7-af07-4a1d-ab92-7a538bfce116] GET /api/homework from 127.0.0.1 by Anonymous
2026-08-11 15:58:14.123 +05:30 [INF] [39dc7ff7-af07-4a1d-ab92-7a538bfce116] GET /api/homework responded 200 in 41ms
2026-08-11 15:58:29.494 +05:30 [INF] [1c3f1afb-e852-4d25-b8ba-70a858fe7bcb] POST /api/auth/logout from 127.0.0.1 by Anonymous
2026-08-11 15:58:29.585 +05:30 [INF] [1c3f1afb-e852-4d25-b8ba-70a858fe7bcb] POST /api/auth/logout responded 415 in 90ms
2026-08-11 15:58:43.177 +05:30 [INF] [6f1011dd-add6-49d9-be4c-51f89ed20d99] POST /api/auth/login from 127.0.0.1 by Anonymous
2026-08-11 15:58:43.522 +05:30 [INF] [6f1011dd-add6-49d9-be4c-51f89ed20d99] POST /api/auth/login responded 200 in 344ms
2026-08-11 15:58:44.455 +05:30 [INF] [83c3a0bd-ac24-4c8b-b63b-80bdb7230780] GET /api/dashboard/stats from 127.0.0.1 by Anonymous
2026-08-11 15:58:44.484 +05:30 [INF] [7dbfad62-af9e-4dd4-a09c-5031648c7c51] GET /api/dashboard/attendance-chart from 127.0.0.1 by Anonymous
2026-08-11 15:58:45.503 +05:30 [WRN] The query uses a row limiting operator ('Skip'/'Take') without an 'OrderBy' operator. This may lead to unpredictable results. If the 'Distinct' operator is used after 'OrderBy', then make sure to use the 'OrderBy' operator after 'Distinct' as the ordering would otherwise get erased.
2026-08-11 15:58:45.503 +05:30 [WRN] The query uses a row limiting operator ('Skip'/'Take') without an 'OrderBy' operator. This may lead to unpredictable results. If the 'Distinct' operator is used after 'OrderBy', then make sure to use the 'OrderBy' operator after 'Distinct' as the ordering would otherwise get erased.
2026-08-11 15:58:45.524 +05:30 [INF] [7dbfad62-af9e-4dd4-a09c-5031648c7c51] GET /api/dashboard/attendance-chart responded 200 in 1034ms
2026-08-11 15:58:45.536 +05:30 [INF] [e2c87524-ffd9-4153-85c0-c05f6673fafc] GET /api/dashboard/attendance-chart from 127.0.0.1 by Anonymous
2026-08-11 15:58:45.547 +05:30 [INF] [83c3a0bd-ac24-4c8b-b63b-80bdb7230780] GET /api/dashboard/stats responded 200 in 1090ms
2026-08-11 15:58:45.563 +05:30 [INF] [b56a55ff-caa7-4053-8b87-6c9edc001139] GET /api/dashboard/stats from 127.0.0.1 by Anonymous
2026-08-11 15:58:45.676 +05:30 [INF] [b56a55ff-caa7-4053-8b87-6c9edc001139] GET /api/dashboard/stats responded 200 in 112ms
2026-08-11 15:58:46.756 +05:30 [INF] [e2c87524-ffd9-4153-85c0-c05f6673fafc] GET /api/dashboard/attendance-chart responded 200 in 1219ms
2026-08-11 15:58:51.455 +05:30 [INF] [c446d4fe-c035-4d44-857a-54379394776f] GET /api/exams from 127.0.0.1 by Anonymous
2026-08-11 15:58:51.856 +05:30 [INF] [c446d4fe-c035-4d44-857a-54379394776f] GET /api/exams responded 200 in 400ms
2026-08-11 15:58:51.862 +05:30 [INF] [d6b273d3-de91-4b24-87af-c5553bc79c54] GET /api/exams from 127.0.0.1 by Anonymous
2026-08-11 15:58:51.887 +05:30 [INF] [d6b273d3-de91-4b24-87af-c5553bc79c54] GET /api/exams responded 200 in 23ms
2026-08-11 15:59:00.303 +05:30 [INF] [8edeb22b-91ce-4090-a4fd-1c89b4cccc61] GET /api/exams/08def6d2-432c-4e5b-892f-4bb59d9af6fa from 127.0.0.1 by Anonymous
2026-08-11 15:59:00.306 +05:30 [INF] [59f5daf0-a9d1-4b15-96ad-3b69e377e824] GET /api/exams/08def6d2-432c-4e5b-892f-4bb59d9af6fa/questions from 127.0.0.1 by Anonymous
2026-08-11 15:59:00.306 +05:30 [INF] [95cedbd0-6c55-44d3-b0d6-eadf5565e102] GET /api/schools from 127.0.0.1 by Anonymous
2026-08-11 15:59:00.350 +05:30 [INF] [95cedbd0-6c55-44d3-b0d6-eadf5565e102] GET /api/schools responded 200 in 39ms
2026-08-11 15:59:00.374 +05:30 [INF] [bfdf4cc3-4d50-4828-b186-8d321eda0ac9] GET /api/schools from 127.0.0.1 by Anonymous
2026-08-11 15:59:00.397 +05:30 [INF] [cd5eab3b-dd35-4477-af09-0008ede6b395] GET /api/schools/93cfbeb0-5697-4af4-9f0b-0115e7e2e14a/subjects from 127.0.0.1 by Anonymous
2026-08-11 15:59:00.415 +05:30 [INF] [bfdf4cc3-4d50-4828-b186-8d321eda0ac9] GET /api/schools responded 200 in 41ms
2026-08-11 15:59:00.448 +05:30 [INF] [59f5daf0-a9d1-4b15-96ad-3b69e377e824] GET /api/exams/08def6d2-432c-4e5b-892f-4bb59d9af6fa/questions responded 200 in 139ms
2026-08-11 15:59:00.454 +05:30 [INF] [cd5eab3b-dd35-4477-af09-0008ede6b395] GET /api/schools/93cfbeb0-5697-4af4-9f0b-0115e7e2e14a/subjects responded 200 in 56ms
2026-08-11 15:59:00.482 +05:30 [INF] [5016a60d-62bc-4fbf-bf1e-7d6f04365450] GET /api/exams/08def6d2-432c-4e5b-892f-4bb59d9af6fa/questions from 127.0.0.1 by Anonymous
2026-08-11 15:59:00.483 +05:30 [INF] [3c3f0a7b-5e9d-41ec-808d-37e38825ee11] GET /api/schools/93cfbeb0-5697-4af4-9f0b-0115e7e2e14a/subjects from 127.0.0.1 by Anonymous
2026-08-11 15:59:00.509 +05:30 [INF] [3c3f0a7b-5e9d-41ec-808d-37e38825ee11] GET /api/schools/93cfbeb0-5697-4af4-9f0b-0115e7e2e14a/subjects responded 200 in 25ms
2026-08-11 15:59:00.514 +05:30 [INF] [5016a60d-62bc-4fbf-bf1e-7d6f04365450] GET /api/exams/08def6d2-432c-4e5b-892f-4bb59d9af6fa/questions responded 200 in 31ms
2026-08-11 15:59:00.579 +05:30 [WRN] Compiling a query which loads related collections for more than one collection navigation, either via 'Include' or through projection, but no 'QuerySplittingBehavior' has been configured. By default, Entity Framework will use 'QuerySplittingBehavior.SingleQuery', which can potentially result in slow query performance. See https://go.microsoft.com/fwlink/?linkid=2134277 for more information. To identify the query that's triggering this warning call 'ConfigureWarnings(w => w.Throw(RelationalEventId.MultipleCollectionIncludeWarning))'.
2026-08-11 15:59:00.705 +05:30 [INF] [8edeb22b-91ce-4090-a4fd-1c89b4cccc61] GET /api/exams/08def6d2-432c-4e5b-892f-4bb59d9af6fa responded 200 in 398ms
2026-08-11 15:59:00.720 +05:30 [INF] [cd0df87a-59cc-4a43-b3ec-4d5866585a5a] GET /api/exams/08def6d2-432c-4e5b-892f-4bb59d9af6fa from 127.0.0.1 by Anonymous
2026-08-11 15:59:00.753 +05:30 [INF] [cd0df87a-59cc-4a43-b3ec-4d5866585a5a] GET /api/exams/08def6d2-432c-4e5b-892f-4bb59d9af6fa responded 200 in 31ms
2026-08-11 15:59:06.270 +05:30 [INF] [f03e9771-9ee4-445d-bdbc-9009eb04bbbb] GET /api/exams from 127.0.0.1 by Anonymous
2026-08-11 15:59:06.297 +05:30 [INF] [f03e9771-9ee4-445d-bdbc-9009eb04bbbb] GET /api/exams responded 200 in 27ms
2026-08-11 15:59:06.310 +05:30 [INF] [85bfb6dd-0751-4645-be8a-0e4e296e3cc0] GET /api/exams from 127.0.0.1 by Anonymous
2026-08-11 15:59:06.338 +05:30 [INF] [85bfb6dd-0751-4645-be8a-0e4e296e3cc0] GET /api/exams responded 200 in 28ms
2026-08-11 15:59:09.195 +05:30 [INF] [9515bf46-fa47-4b2c-9944-94a0b85cb83d] GET /api/homework from 127.0.0.1 by Anonymous
2026-08-11 15:59:09.241 +05:30 [INF] [9515bf46-fa47-4b2c-9944-94a0b85cb83d] GET /api/homework responded 200 in 45ms
2026-08-11 15:59:09.268 +05:30 [INF] [aa7c43bd-a0e8-4ba8-8953-bf612763a542] GET /api/homework from 127.0.0.1 by Anonymous
2026-08-11 15:59:09.296 +05:30 [INF] [aa7c43bd-a0e8-4ba8-8953-bf612763a542] GET /api/homework responded 200 in 27ms
2026-08-11 15:59:21.470 +05:30 [INF] [c92a47d9-9026-475c-96c3-d579f851e895] POST /api/homework/08def793-3170-48fb-8cc1-a3f481a03aab/approve from 127.0.0.1 by Anonymous
2026-08-11 15:59:21.552 +05:30 [INF] [c92a47d9-9026-475c-96c3-d579f851e895] POST /api/homework/08def793-3170-48fb-8cc1-a3f481a03aab/approve responded 200 in 81ms
2026-08-11 15:59:21.668 +05:30 [INF] [53c1418e-00ad-4f73-ae48-6baf56175f37] GET /api/homework from 127.0.0.1 by Anonymous
2026-08-11 15:59:21.705 +05:30 [INF] [53c1418e-00ad-4f73-ae48-6baf56175f37] GET /api/homework responded 200 in 36ms
2026-08-11 15:59:29.943 +05:30 [INF] [a0bfe477-f0ff-46ca-96d8-26da9d6949ad] POST /api/auth/logout from 127.0.0.1 by Anonymous
2026-08-11 15:59:29.961 +05:30 [INF] [a0bfe477-f0ff-46ca-96d8-26da9d6949ad] POST /api/auth/logout responded 415 in 17ms
2026-08-11 15:59:46.785 +05:30 [INF] [b3034f43-d55f-43f6-b397-c9099485b9c2] POST /api/auth/login from 127.0.0.1 by Anonymous
2026-08-11 15:59:59.615 +05:30 [INF] [b3034f43-d55f-43f6-b397-c9099485b9c2] POST /api/auth/login responded 200 in 12830ms
2026-08-11 16:00:00.232 +05:30 [INF] [24981c79-fdc0-4504-bad5-5a1bf7ff9844] GET /api/dashboard/stats from 127.0.0.1 by Anonymous
2026-08-11 16:00:00.234 +05:30 [INF] [f38ea889-1e3a-424d-918c-99ebb461c0a0] GET /api/dashboard/attendance-chart from 127.0.0.1 by Anonymous
2026-08-11 16:00:00.406 +05:30 [INF] [24981c79-fdc0-4504-bad5-5a1bf7ff9844] GET /api/dashboard/stats responded 200 in 172ms
2026-08-11 16:00:00.418 +05:30 [INF] [d8ea9bd2-a8b9-49c8-96a9-3980254066fb] GET /api/dashboard/stats from 127.0.0.1 by Anonymous
2026-08-11 16:00:00.527 +05:30 [INF] [d8ea9bd2-a8b9-49c8-96a9-3980254066fb] GET /api/dashboard/stats responded 200 in 108ms
2026-08-11 16:00:01.282 +05:30 [INF] [f38ea889-1e3a-424d-918c-99ebb461c0a0] GET /api/dashboard/attendance-chart responded 200 in 1047ms
2026-08-11 16:00:01.292 +05:30 [INF] [a923a57f-8ee0-4175-81ce-4e2a58e3d583] GET /api/dashboard/attendance-chart from 127.0.0.1 by Anonymous
2026-08-11 16:00:02.040 +05:30 [INF] [a923a57f-8ee0-4175-81ce-4e2a58e3d583] GET /api/dashboard/attendance-chart responded 200 in 747ms
2026-08-11 16:00:14.563 +05:30 [INF] [0fe317e5-b5a9-4003-a297-d1e1949113cb] GET /api/homework from 127.0.0.1 by Anonymous
2026-08-11 16:00:14.613 +05:30 [INF] [0fe317e5-b5a9-4003-a297-d1e1949113cb] GET /api/homework responded 200 in 49ms
2026-08-11 16:00:14.628 +05:30 [INF] [873bdab3-6940-4a76-9ebf-f33e80f58b5a] GET /api/homework from 127.0.0.1 by Anonymous
2026-08-11 16:00:14.659 +05:30 [INF] [873bdab3-6940-4a76-9ebf-f33e80f58b5a] GET /api/homework responded 200 in 30ms
2026-08-11 16:00:25.295 +05:30 [INF] [9603d429-8dde-4b01-a72a-4b7f2216c62e] GET /api/homework/08def793-3170-48fb-8cc1-a3f481a03aab from 127.0.0.1 by Anonymous
2026-08-11 16:00:25.295 +05:30 [INF] [afb4a4e4-79d3-49e2-8750-a42061b3471e] GET /api/homework/assignments from 127.0.0.1 by Anonymous
2026-08-11 16:00:25.314 +05:30 [INF] [9603d429-8dde-4b01-a72a-4b7f2216c62e] GET /api/homework/08def793-3170-48fb-8cc1-a3f481a03aab responded 200 in 18ms
2026-08-11 16:00:25.324 +05:30 [INF] [76fc22c8-c8ee-4a6c-bbb0-2785b91593fd] GET /api/homework/08def793-3170-48fb-8cc1-a3f481a03aab from 127.0.0.1 by Anonymous
2026-08-11 16:00:25.342 +05:30 [INF] [76fc22c8-c8ee-4a6c-bbb0-2785b91593fd] GET /api/homework/08def793-3170-48fb-8cc1-a3f481a03aab responded 200 in 18ms
2026-08-11 16:00:25.347 +05:30 [INF] [afb4a4e4-79d3-49e2-8750-a42061b3471e] GET /api/homework/assignments responded 200 in 51ms
2026-08-11 16:00:25.357 +05:30 [INF] [204c52f5-2dd4-43f7-8c90-fac070a413be] GET /api/homework/assignments from 127.0.0.1 by Anonymous
2026-08-11 16:00:25.374 +05:30 [INF] [204c52f5-2dd4-43f7-8c90-fac070a413be] GET /api/homework/assignments responded 200 in 17ms
2026-08-11 16:00:30.063 +05:30 [INF] [59d69116-b65c-45c9-9ef5-ea224a965708] GET /uploads/d2fece2abe5a4deebfdb919f20b5a75f.png from 127.0.0.1 by Anonymous
2026-08-11 16:00:30.103 +05:30 [INF] [59d69116-b65c-45c9-9ef5-ea224a965708] GET /uploads/d2fece2abe5a4deebfdb919f20b5a75f.png responded 200 in 40ms
2026-08-11 16:00:39.953 +05:30 [INF] [0c41afd1-f24c-487b-a818-12d21beeb034] POST /api/files/upload from 127.0.0.1 by Anonymous
2026-08-11 16:00:39.988 +05:30 [INF] [0c41afd1-f24c-487b-a818-12d21beeb034] POST /api/files/upload responded 200 in 34ms
2026-08-11 16:00:42.336 +05:30 [INF] [127945a0-8b74-4847-8bc8-c2292b0babcc] POST /api/homework/08def793-3170-48fb-8cc1-a3f481a03aab/submit from 127.0.0.1 by Anonymous
2026-08-11 16:00:42.386 +05:30 [INF] [127945a0-8b74-4847-8bc8-c2292b0babcc] POST /api/homework/08def793-3170-48fb-8cc1-a3f481a03aab/submit responded 200 in 49ms
2026-08-11 16:00:42.416 +05:30 [INF] [16ab20c9-73a7-47c3-ae05-c906c5ed72b3] GET /api/homework/assignments from 127.0.0.1 by Anonymous
2026-08-11 16:00:42.435 +05:30 [INF] [16ab20c9-73a7-47c3-ae05-c906c5ed72b3] GET /api/homework/assignments responded 200 in 19ms
2026-08-11 16:00:47.768 +05:30 [INF] [b81e0205-92d1-4160-b81c-e53712ea1d5d] GET /api/exams from 127.0.0.1 by Anonymous
2026-08-11 16:00:47.792 +05:30 [INF] [b81e0205-92d1-4160-b81c-e53712ea1d5d] GET /api/exams responded 200 in 23ms
2026-08-11 16:00:47.799 +05:30 [INF] [dfeaa410-77b3-418a-8d40-029872b7eff2] GET /api/exams from 127.0.0.1 by Anonymous
2026-08-11 16:00:47.818 +05:30 [INF] [dfeaa410-77b3-418a-8d40-029872b7eff2] GET /api/exams responded 200 in 18ms
2026-08-11 16:00:51.789 +05:30 [INF] [84ae1713-8c92-4bbc-a2a9-c1617a215e20] GET /api/exams/08def787-5985-4163-8a50-72b22797a865 from 127.0.0.1 by Anonymous
2026-08-11 16:00:51.789 +05:30 [INF] [6ae987a7-727b-4561-bd9d-a5108ce0b65a] GET /api/exams/08def787-5985-4163-8a50-72b22797a865/questions from 127.0.0.1 by Anonymous
2026-08-11 16:00:51.794 +05:30 [INF] [50c70e71-4982-408b-90be-58ed6120ef8c] GET /api/exams/submissions/mine from 127.0.0.1 by Anonymous
2026-08-11 16:00:51.927 +05:30 [INF] [84ae1713-8c92-4bbc-a2a9-c1617a215e20] GET /api/exams/08def787-5985-4163-8a50-72b22797a865 responded 200 in 138ms
2026-08-11 16:00:51.943 +05:30 [INF] [6ae987a7-727b-4561-bd9d-a5108ce0b65a] GET /api/exams/08def787-5985-4163-8a50-72b22797a865/questions responded 200 in 153ms
2026-08-11 16:00:51.956 +05:30 [INF] [ed2474ba-70a7-4d89-9e06-1a210396ff6e] GET /api/exams/08def787-5985-4163-8a50-72b22797a865 from 127.0.0.1 by Anonymous
2026-08-11 16:00:51.959 +05:30 [INF] [eb75c167-1d84-4332-8b5a-5d4737a68e07] GET /api/exams/08def787-5985-4163-8a50-72b22797a865/questions from 127.0.0.1 by Anonymous
2026-08-11 16:00:51.980 +05:30 [INF] [eb75c167-1d84-4332-8b5a-5d4737a68e07] GET /api/exams/08def787-5985-4163-8a50-72b22797a865/questions responded 200 in 20ms
2026-08-11 16:00:51.993 +05:30 [INF] [ed2474ba-70a7-4d89-9e06-1a210396ff6e] GET /api/exams/08def787-5985-4163-8a50-72b22797a865 responded 200 in 36ms
2026-08-11 16:00:52.198 +05:30 [INF] [50c70e71-4982-408b-90be-58ed6120ef8c] GET /api/exams/submissions/mine responded 200 in 404ms
2026-08-11 16:00:52.206 +05:30 [INF] [a9a2996a-fdf4-4e21-a33e-bae92f4dcd2d] GET /api/exams/submissions/mine from 127.0.0.1 by Anonymous
2026-08-11 16:00:52.228 +05:30 [INF] [a9a2996a-fdf4-4e21-a33e-bae92f4dcd2d] GET /api/exams/submissions/mine responded 200 in 21ms
2026-08-11 16:01:11.166 +05:30 [INF] [5592fda5-4de8-4694-a2f4-509f041f9330] GET /api/exams from 127.0.0.1 by Anonymous
2026-08-11 16:01:11.227 +05:30 [INF] [5592fda5-4de8-4694-a2f4-509f041f9330] GET /api/exams responded 200 in 59ms
2026-08-11 16:01:11.237 +05:30 [INF] [f0d13514-a90b-4a2e-884c-ced5ed13df6b] GET /api/exams from 127.0.0.1 by Anonymous
2026-08-11 16:01:11.268 +05:30 [INF] [f0d13514-a90b-4a2e-884c-ced5ed13df6b] GET /api/exams responded 200 in 30ms
2026-08-11 16:01:13.541 +05:30 [INF] [7c22d975-94b7-43c3-a28a-64fc62205b0c] GET /api/exams/08def789-0ea1-4bac-8b46-115e5ada85e6 from 127.0.0.1 by Anonymous
2026-08-11 16:01:13.556 +05:30 [INF] [809e3aaa-3e45-4611-a13e-8f51f3296822] GET /api/exams/submissions/mine from 127.0.0.1 by Anonymous
2026-08-11 16:01:13.556 +05:30 [INF] [1a4e9430-5456-49c6-b0f2-f022302c5e6f] GET /api/exams/08def789-0ea1-4bac-8b46-115e5ada85e6/questions from 127.0.0.1 by Anonymous
2026-08-11 16:01:13.570 +05:30 [INF] [7c22d975-94b7-43c3-a28a-64fc62205b0c] GET /api/exams/08def789-0ea1-4bac-8b46-115e5ada85e6 responded 200 in 28ms
2026-08-11 16:01:13.575 +05:30 [INF] [1a4e9430-5456-49c6-b0f2-f022302c5e6f] GET /api/exams/08def789-0ea1-4bac-8b46-115e5ada85e6/questions responded 200 in 18ms
2026-08-11 16:01:13.586 +05:30 [INF] [4f13b41e-4809-40da-b303-bee271289758] GET /api/exams/08def789-0ea1-4bac-8b46-115e5ada85e6 from 127.0.0.1 by Anonymous
2026-08-11 16:01:13.589 +05:30 [INF] [3488256b-5489-49b6-916f-fab20a7f1dfb] GET /api/exams/08def789-0ea1-4bac-8b46-115e5ada85e6/questions from 127.0.0.1 by Anonymous
2026-08-11 16:01:13.595 +05:30 [INF] [809e3aaa-3e45-4611-a13e-8f51f3296822] GET /api/exams/submissions/mine responded 200 in 39ms
2026-08-11 16:01:13.607 +05:30 [INF] [488ac916-fee1-4478-9891-b09019929571] GET /api/exams/submissions/mine from 127.0.0.1 by Anonymous
2026-08-11 16:01:13.611 +05:30 [INF] [3488256b-5489-49b6-916f-fab20a7f1dfb] GET /api/exams/08def789-0ea1-4bac-8b46-115e5ada85e6/questions responded 200 in 22ms
2026-08-11 16:01:13.613 +05:30 [INF] [4f13b41e-4809-40da-b303-bee271289758] GET /api/exams/08def789-0ea1-4bac-8b46-115e5ada85e6 responded 200 in 26ms
2026-08-11 16:01:13.639 +05:30 [INF] [488ac916-fee1-4478-9891-b09019929571] GET /api/exams/submissions/mine responded 200 in 30ms
2026-08-11 16:01:19.818 +05:30 [INF] [2446a473-7239-4955-8cbf-c1428a91465f] POST /api/files/upload from 127.0.0.1 by Anonymous
2026-08-11 16:01:19.829 +05:30 [INF] [2446a473-7239-4955-8cbf-c1428a91465f] POST /api/files/upload responded 200 in 10ms
2026-08-11 16:01:22.812 +05:30 [INF] [9096a892-f573-4298-911e-88a7dd0f102f] POST /api/exams/08def789-0ea1-4bac-8b46-115e5ada85e6/submit from 127.0.0.1 by Anonymous
2026-08-11 16:01:23.192 +05:30 [INF] [9096a892-f573-4298-911e-88a7dd0f102f] POST /api/exams/08def789-0ea1-4bac-8b46-115e5ada85e6/submit responded 200 in 379ms
2026-08-11 16:01:23.209 +05:30 [INF] [be794a39-5d8c-4578-896b-2713df3927b2] GET /api/exams/08def789-0ea1-4bac-8b46-115e5ada85e6 from 127.0.0.1 by Anonymous
2026-08-11 16:01:23.209 +05:30 [INF] [45111024-f6e9-4c07-b4b4-d5db357d85fc] GET /api/exams/08def789-0ea1-4bac-8b46-115e5ada85e6/questions from 127.0.0.1 by Anonymous
2026-08-11 16:01:23.209 +05:30 [INF] [1410d3b4-327b-4c58-9175-138f7bcec191] GET /api/exams/submissions/mine from 127.0.0.1 by Anonymous
2026-08-11 16:01:23.227 +05:30 [INF] [45111024-f6e9-4c07-b4b4-d5db357d85fc] GET /api/exams/08def789-0ea1-4bac-8b46-115e5ada85e6/questions responded 200 in 17ms
2026-08-11 16:01:23.247 +05:30 [INF] [be794a39-5d8c-4578-896b-2713df3927b2] GET /api/exams/08def789-0ea1-4bac-8b46-115e5ada85e6 responded 200 in 38ms
2026-08-11 16:01:23.259 +05:30 [INF] [1410d3b4-327b-4c58-9175-138f7bcec191] GET /api/exams/submissions/mine responded 200 in 48ms
2026-08-11 16:01:25.435 +05:30 [INF] [c8cc8c30-f439-42c5-a0bc-4a86e283d1dc] GET /api/exams from 127.0.0.1 by Anonymous
2026-08-11 16:01:25.465 +05:30 [INF] [c8cc8c30-f439-42c5-a0bc-4a86e283d1dc] GET /api/exams responded 200 in 29ms
2026-08-11 16:01:25.479 +05:30 [INF] [52554ec4-a7cf-41af-b3eb-9da47ddfabdc] GET /api/exams from 127.0.0.1 by Anonymous
2026-08-11 16:01:25.511 +05:30 [INF] [52554ec4-a7cf-41af-b3eb-9da47ddfabdc] GET /api/exams responded 200 in 32ms
2026-08-11 16:01:57.555 +05:30 [INF] [29d33420-697c-4f93-9f16-56eab7dc466a] POST /api/auth/logout from 127.0.0.1 by Anonymous
2026-08-11 16:01:57.916 +05:30 [INF] [29d33420-697c-4f93-9f16-56eab7dc466a] POST /api/auth/logout responded 415 in 359ms
2026-08-11 16:02:06.622 +05:30 [INF] [789d498f-a761-468f-9aba-6c903220f054] POST /api/auth/login from 127.0.0.1 by Anonymous
2026-08-11 16:02:06.938 +05:30 [INF] [789d498f-a761-468f-9aba-6c903220f054] POST /api/auth/login responded 200 in 316ms
2026-08-11 16:02:07.287 +05:30 [INF] [fe72fdff-bc67-4e77-8000-1e80fd10b7ff] GET /api/dashboard/stats from 127.0.0.1 by Anonymous
2026-08-11 16:02:07.292 +05:30 [INF] [6584e164-40ea-49d8-b5d7-09c3062e0f91] GET /api/dashboard/attendance-chart from 127.0.0.1 by Anonymous
2026-08-11 16:02:07.399 +05:30 [INF] [fe72fdff-bc67-4e77-8000-1e80fd10b7ff] GET /api/dashboard/stats responded 200 in 111ms
2026-08-11 16:02:07.436 +05:30 [INF] [cd6cdd9e-cb0e-4de0-a6cb-c4f2e4cddefd] GET /api/dashboard/stats from 127.0.0.1 by Anonymous
2026-08-11 16:02:07.585 +05:30 [INF] [cd6cdd9e-cb0e-4de0-a6cb-c4f2e4cddefd] GET /api/dashboard/stats responded 200 in 148ms
2026-08-11 16:02:08.188 +05:30 [INF] [6584e164-40ea-49d8-b5d7-09c3062e0f91] GET /api/dashboard/attendance-chart responded 200 in 896ms
2026-08-11 16:02:08.194 +05:30 [INF] [ac381490-880c-4fa0-a4d2-c1477ef9c33d] GET /api/dashboard/attendance-chart from 127.0.0.1 by Anonymous
2026-08-11 16:02:08.941 +05:30 [INF] [ac381490-880c-4fa0-a4d2-c1477ef9c33d] GET /api/dashboard/attendance-chart responded 200 in 747ms
2026-08-11 16:02:11.091 +05:30 [INF] [94180039-8a0f-40bb-ada0-d92e1c9c9705] GET /api/exams from 127.0.0.1 by Anonymous
2026-08-11 16:02:11.121 +05:30 [INF] [94180039-8a0f-40bb-ada0-d92e1c9c9705] GET /api/exams responded 200 in 29ms
2026-08-11 16:02:11.129 +05:30 [INF] [fa12a69b-a16a-4ade-a950-905afcce57c7] GET /api/exams from 127.0.0.1 by Anonymous
2026-08-11 16:02:11.159 +05:30 [INF] [fa12a69b-a16a-4ade-a950-905afcce57c7] GET /api/exams responded 200 in 29ms
2026-08-11 16:02:22.396 +05:30 [INF] [60d616be-b7ce-4704-a1bf-b8055dae8a7e] GET /api/teachers from 127.0.0.1 by Anonymous
2026-08-11 16:02:22.510 +05:30 [INF] [60d616be-b7ce-4704-a1bf-b8055dae8a7e] GET /api/teachers responded 200 in 112ms
2026-08-11 16:02:22.516 +05:30 [INF] [9ac69dd6-1bdb-4274-ba6c-467fe85a8220] GET /api/teachers from 127.0.0.1 by Anonymous
2026-08-11 16:02:22.539 +05:30 [INF] [9ac69dd6-1bdb-4274-ba6c-467fe85a8220] GET /api/teachers responded 200 in 22ms
2026-08-11 16:02:29.704 +05:30 [INF] [4846678b-4fcf-4b5b-865a-ef207b24a671] POST /api/auth/logout from 127.0.0.1 by Anonymous
2026-08-11 16:02:29.731 +05:30 [INF] [4846678b-4fcf-4b5b-865a-ef207b24a671] POST /api/auth/logout responded 415 in 26ms
2026-08-11 16:02:42.524 +05:30 [INF] [5c72e6b8-e6e0-4e51-ae7b-9041f5b230ef] POST /api/auth/login from 127.0.0.1 by Anonymous
2026-08-11 16:02:42.845 +05:30 [INF] [5c72e6b8-e6e0-4e51-ae7b-9041f5b230ef] POST /api/auth/login responded 200 in 319ms
2026-08-11 16:02:43.149 +05:30 [INF] [e5512119-8279-4efc-93a1-9b02315320bb] GET /api/dashboard/stats from 127.0.0.1 by Anonymous
2026-08-11 16:02:43.150 +05:30 [INF] [215e3ed1-a999-4c97-ae70-4db75697e102] GET /api/dashboard/attendance-chart from 127.0.0.1 by Anonymous
2026-08-11 16:02:43.257 +05:30 [INF] [e5512119-8279-4efc-93a1-9b02315320bb] GET /api/dashboard/stats responded 200 in 106ms
2026-08-11 16:02:43.267 +05:30 [INF] [22e88a57-f420-462c-8ecf-6b78b1f2ac7a] GET /api/dashboard/stats from 127.0.0.1 by Anonymous
2026-08-11 16:02:43.398 +05:30 [INF] [22e88a57-f420-462c-8ecf-6b78b1f2ac7a] GET /api/dashboard/stats responded 200 in 130ms
2026-08-11 16:02:44.059 +05:30 [INF] [215e3ed1-a999-4c97-ae70-4db75697e102] GET /api/dashboard/attendance-chart responded 200 in 908ms
2026-08-11 16:02:44.064 +05:30 [INF] [35fd5681-358e-456d-b5a5-df1c112c6416] GET /api/dashboard/attendance-chart from 127.0.0.1 by Anonymous
2026-08-11 16:02:44.792 +05:30 [INF] [35fd5681-358e-456d-b5a5-df1c112c6416] GET /api/dashboard/attendance-chart responded 200 in 727ms
2026-08-11 16:02:45.503 +05:30 [INF] [00fbd7d8-7e45-4cfe-8a7d-cd5e44ea59e1] GET /api/exams from 127.0.0.1 by Anonymous
2026-08-11 16:02:45.618 +05:30 [INF] [00fbd7d8-7e45-4cfe-8a7d-cd5e44ea59e1] GET /api/exams responded 200 in 114ms
2026-08-11 16:02:45.635 +05:30 [INF] [40019037-4262-4aeb-9955-719ca6536102] GET /api/exams from 127.0.0.1 by Anonymous
2026-08-11 16:02:45.661 +05:30 [INF] [40019037-4262-4aeb-9955-719ca6536102] GET /api/exams responded 200 in 25ms
2026-08-11 16:03:01.160 +05:30 [INF] [f0b948ea-5d02-4050-bfba-ae9b779c1ed9] GET /api/exams/08def78e-153d-4d98-826d-c753e1dabfc4 from 127.0.0.1 by Anonymous
2026-08-11 16:03:01.163 +05:30 [INF] [e77fd8df-07be-4cce-9f09-0beec6b64537] GET /api/exams/08def78e-153d-4d98-826d-c753e1dabfc4/questions from 127.0.0.1 by Anonymous
2026-08-11 16:03:01.170 +05:30 [INF] [ef1d0f7a-2097-4d43-a5f3-d044e2173e95] GET /api/schools from 127.0.0.1 by Anonymous
2026-08-11 16:03:01.220 +05:30 [INF] [e77fd8df-07be-4cce-9f09-0beec6b64537] GET /api/exams/08def78e-153d-4d98-826d-c753e1dabfc4/questions responded 200 in 56ms
2026-08-11 16:03:01.225 +05:30 [INF] [f0b948ea-5d02-4050-bfba-ae9b779c1ed9] GET /api/exams/08def78e-153d-4d98-826d-c753e1dabfc4 responded 200 in 64ms
2026-08-11 16:03:01.229 +05:30 [INF] [ef1d0f7a-2097-4d43-a5f3-d044e2173e95] GET /api/schools responded 200 in 55ms
2026-08-11 16:03:01.241 +05:30 [INF] [3a4bdfb0-00e2-48bb-b6d4-09692743745c] GET /api/exams/08def78e-153d-4d98-826d-c753e1dabfc4 from 127.0.0.1 by Anonymous
2026-08-11 16:03:01.247 +05:30 [INF] [998955f1-edf6-4ba2-a5ae-61c6f4d3b4bb] GET /api/schools from 127.0.0.1 by Anonymous
2026-08-11 16:03:01.249 +05:30 [INF] [d9298572-b6c3-4edf-b728-c3b978f21489] GET /api/exams/08def78e-153d-4d98-826d-c753e1dabfc4/questions from 127.0.0.1 by Anonymous
2026-08-11 16:03:01.269 +05:30 [INF] [3a4bdfb0-00e2-48bb-b6d4-09692743745c] GET /api/exams/08def78e-153d-4d98-826d-c753e1dabfc4 responded 200 in 26ms
2026-08-11 16:03:01.271 +05:30 [INF] [998955f1-edf6-4ba2-a5ae-61c6f4d3b4bb] GET /api/schools responded 200 in 24ms
2026-08-11 16:03:01.272 +05:30 [INF] [d9298572-b6c3-4edf-b728-c3b978f21489] GET /api/exams/08def78e-153d-4d98-826d-c753e1dabfc4/questions responded 200 in 22ms
2026-08-11 16:03:01.381 +05:30 [INF] [828b3c9c-1e13-4497-bc36-53e1df9e15ff] GET /api/schools/93cfbeb0-5697-4af4-9f0b-0115e7e2e14a/subjects from 127.0.0.1 by Anonymous
2026-08-11 16:03:01.404 +05:30 [INF] [828b3c9c-1e13-4497-bc36-53e1df9e15ff] GET /api/schools/93cfbeb0-5697-4af4-9f0b-0115e7e2e14a/subjects responded 200 in 20ms
2026-08-11 16:03:01.473 +05:30 [INF] [63901abc-d1bb-4378-a68d-a3d85b5f5b90] GET /api/schools/93cfbeb0-5697-4af4-9f0b-0115e7e2e14a/subjects from 127.0.0.1 by Anonymous
2026-08-11 16:03:01.487 +05:30 [INF] [63901abc-d1bb-4378-a68d-a3d85b5f5b90] GET /api/schools/93cfbeb0-5697-4af4-9f0b-0115e7e2e14a/subjects responded 200 in 14ms
2026-08-11 16:03:07.144 +05:30 [INF] [08d50c96-70e1-4694-a35a-393a4cf2f5b0] GET /api/exams/08def78e-153d-4d98-826d-c753e1dabfc4/submissions from 127.0.0.1 by Anonymous
2026-08-11 16:03:07.154 +05:30 [INF] [9ced0db8-da9c-4fc5-8b8b-fc1c97c574eb] GET /api/exams/08def78e-153d-4d98-826d-c753e1dabfc4 from 127.0.0.1 by Anonymous
2026-08-11 16:03:07.183 +05:30 [INF] [9ced0db8-da9c-4fc5-8b8b-fc1c97c574eb] GET /api/exams/08def78e-153d-4d98-826d-c753e1dabfc4 responded 200 in 28ms
2026-08-11 16:03:07.204 +05:30 [INF] [14fc0bb0-fd67-4f4e-a1fe-00486804974e] GET /api/exams/08def78e-153d-4d98-826d-c753e1dabfc4 from 127.0.0.1 by Anonymous
2026-08-11 16:03:07.235 +05:30 [INF] [14fc0bb0-fd67-4f4e-a1fe-00486804974e] GET /api/exams/08def78e-153d-4d98-826d-c753e1dabfc4 responded 200 in 29ms
2026-08-11 16:03:07.271 +05:30 [INF] [08d50c96-70e1-4694-a35a-393a4cf2f5b0] GET /api/exams/08def78e-153d-4d98-826d-c753e1dabfc4/submissions responded 200 in 126ms
2026-08-11 16:03:07.276 +05:30 [INF] [12475615-a3b8-4015-a4cc-086024e85028] GET /api/exams/08def78e-153d-4d98-826d-c753e1dabfc4/submissions from 127.0.0.1 by Anonymous
2026-08-11 16:03:07.291 +05:30 [INF] [12475615-a3b8-4015-a4cc-086024e85028] GET /api/exams/08def78e-153d-4d98-826d-c753e1dabfc4/submissions responded 200 in 15ms
2026-08-11 16:03:12.057 +05:30 [INF] [852636b4-8fd7-463d-937b-1dbc7940a20a] GET /api/exams/08def78e-153d-4d98-826d-c753e1dabfc4 from 127.0.0.1 by Anonymous
2026-08-11 16:03:12.058 +05:30 [INF] [07ef5cca-527a-417e-aef6-f5f6458dfdc9] GET /api/exams/08def78e-153d-4d98-826d-c753e1dabfc4/questions from 127.0.0.1 by Anonymous
2026-08-11 16:03:12.060 +05:30 [INF] [fb89b81c-d5e6-4c37-83d9-1bfa0800a517] GET /api/schools from 127.0.0.1 by Anonymous
2026-08-11 16:03:12.074 +05:30 [INF] [07ef5cca-527a-417e-aef6-f5f6458dfdc9] GET /api/exams/08def78e-153d-4d98-826d-c753e1dabfc4/questions responded 200 in 16ms
2026-08-11 16:03:12.085 +05:30 [INF] [8dfe2fe1-c747-434a-8909-2145d7dc6798] GET /api/exams/08def78e-153d-4d98-826d-c753e1dabfc4/questions from 127.0.0.1 by Anonymous
2026-08-11 16:03:12.088 +05:30 [INF] [852636b4-8fd7-463d-937b-1dbc7940a20a] GET /api/exams/08def78e-153d-4d98-826d-c753e1dabfc4 responded 200 in 31ms
2026-08-11 16:03:12.089 +05:30 [INF] [fb89b81c-d5e6-4c37-83d9-1bfa0800a517] GET /api/schools responded 200 in 28ms
2026-08-11 16:03:12.105 +05:30 [INF] [8dfe2fe1-c747-434a-8909-2145d7dc6798] GET /api/exams/08def78e-153d-4d98-826d-c753e1dabfc4/questions responded 200 in 18ms
2026-08-11 16:03:12.110 +05:30 [INF] [f62d06a1-3bab-4ba9-bee1-b9bc24f9ea85] GET /api/schools from 127.0.0.1 by Anonymous
2026-08-11 16:03:12.110 +05:30 [INF] [a84305d3-6982-4bdf-9939-e0a0c4ee860c] GET /api/exams/08def78e-153d-4d98-826d-c753e1dabfc4 from 127.0.0.1 by Anonymous
2026-08-11 16:03:12.126 +05:30 [INF] [f62d06a1-3bab-4ba9-bee1-b9bc24f9ea85] GET /api/schools responded 200 in 16ms
2026-08-11 16:03:12.139 +05:30 [INF] [a84305d3-6982-4bdf-9939-e0a0c4ee860c] GET /api/exams/08def78e-153d-4d98-826d-c753e1dabfc4 responded 200 in 28ms
2026-08-11 16:03:12.203 +05:30 [INF] [d4262f39-439f-4c64-a5d1-329093b90f00] GET /api/schools/93cfbeb0-5697-4af4-9f0b-0115e7e2e14a/subjects from 127.0.0.1 by Anonymous
2026-08-11 16:03:12.221 +05:30 [INF] [d4262f39-439f-4c64-a5d1-329093b90f00] GET /api/schools/93cfbeb0-5697-4af4-9f0b-0115e7e2e14a/subjects responded 200 in 17ms
2026-08-11 16:03:12.229 +05:30 [INF] [bba038c8-62ce-4b24-819b-7277e5eef3d0] GET /api/schools/93cfbeb0-5697-4af4-9f0b-0115e7e2e14a/subjects from 127.0.0.1 by Anonymous
2026-08-11 16:03:12.247 +05:30 [INF] [bba038c8-62ce-4b24-819b-7277e5eef3d0] GET /api/schools/93cfbeb0-5697-4af4-9f0b-0115e7e2e14a/subjects responded 200 in 17ms
2026-08-11 16:03:16.269 +05:30 [INF] [96ee1d32-319a-4643-8a21-2a729402b1f2] GET /api/exams from 127.0.0.1 by Anonymous
2026-08-11 16:03:16.288 +05:30 [INF] [96ee1d32-319a-4643-8a21-2a729402b1f2] GET /api/exams responded 200 in 19ms
2026-08-11 16:03:16.292 +05:30 [INF] [14086640-42fe-41f3-83cb-48f7fecca49b] GET /api/exams from 127.0.0.1 by Anonymous
2026-08-11 16:03:16.314 +05:30 [INF] [14086640-42fe-41f3-83cb-48f7fecca49b] GET /api/exams responded 200 in 21ms
2026-08-11 16:03:20.446 +05:30 [INF] [26334290-b11c-4725-84ab-ded4a8a5fb46] GET /api/schools from 127.0.0.1 by Anonymous
2026-08-11 16:03:20.466 +05:30 [INF] [26334290-b11c-4725-84ab-ded4a8a5fb46] GET /api/schools responded 200 in 17ms
2026-08-11 16:03:20.472 +05:30 [INF] [1e2f7f4f-a4f1-4978-9a4b-b51ecb341c47] GET /api/schools from 127.0.0.1 by Anonymous
2026-08-11 16:03:20.483 +05:30 [INF] [1e2f7f4f-a4f1-4978-9a4b-b51ecb341c47] GET /api/schools responded 200 in 10ms
2026-08-11 16:03:20.493 +05:30 [INF] [5cfd8237-33ed-4979-8f78-43dd09802fbe] GET /api/schools/93cfbeb0-5697-4af4-9f0b-0115e7e2e14a/classes from 127.0.0.1 by Anonymous
2026-08-11 16:03:20.503 +05:30 [INF] [5cfd8237-33ed-4979-8f78-43dd09802fbe] GET /api/schools/93cfbeb0-5697-4af4-9f0b-0115e7e2e14a/classes responded 200 in 9ms
2026-08-11 16:03:20.509 +05:30 [INF] [f0af4ae0-909b-4583-8779-7e200d63a9d6] GET /api/schools/93cfbeb0-5697-4af4-9f0b-0115e7e2e14a/classes from 127.0.0.1 by Anonymous
2026-08-11 16:03:20.519 +05:30 [INF] [f0af4ae0-909b-4583-8779-7e200d63a9d6] GET /api/schools/93cfbeb0-5697-4af4-9f0b-0115e7e2e14a/classes responded 200 in 9ms
2026-08-11 16:03:47.431 +05:30 [INF] [16ef1fae-c31f-441f-878d-8d725a511708] POST /api/exams from 127.0.0.1 by Anonymous
2026-08-11 16:03:47.597 +05:30 [INF] [16ef1fae-c31f-441f-878d-8d725a511708] POST /api/exams responded 201 in 165ms
2026-08-11 16:03:48.032 +05:30 [INF] [71230b11-48ff-4cc6-84ea-1fa40da2dcea] GET /api/exams from 127.0.0.1 by Anonymous
2026-08-11 16:03:48.056 +05:30 [INF] [71230b11-48ff-4cc6-84ea-1fa40da2dcea] GET /api/exams responded 200 in 23ms
2026-08-11 16:03:48.061 +05:30 [INF] [b605fb44-2df8-48ef-bf4d-8378077806d3] GET /api/exams from 127.0.0.1 by Anonymous
2026-08-11 16:03:48.077 +05:30 [INF] [b605fb44-2df8-48ef-bf4d-8378077806d3] GET /api/exams responded 200 in 15ms
2026-08-11 16:03:51.391 +05:30 [INF] [55f62ae0-6647-49bb-92ba-3d2ca749523c] GET /api/schools from 127.0.0.1 by Anonymous
2026-08-11 16:03:51.391 +05:30 [INF] [9743262b-2e38-4cb4-82d8-426cffcc77ca] GET /api/exams/08def794-06db-4e59-84fe-5275d35f12be from 127.0.0.1 by Anonymous
2026-08-11 16:03:51.391 +05:30 [INF] [8fc573ea-bbd2-4f37-84b3-8bf4217d563e] GET /api/exams/08def794-06db-4e59-84fe-5275d35f12be/questions from 127.0.0.1 by Anonymous
2026-08-11 16:03:51.411 +05:30 [INF] [55f62ae0-6647-49bb-92ba-3d2ca749523c] GET /api/schools responded 200 in 19ms
2026-08-11 16:03:51.417 +05:30 [INF] [8fc573ea-bbd2-4f37-84b3-8bf4217d563e] GET /api/exams/08def794-06db-4e59-84fe-5275d35f12be/questions responded 200 in 24ms
2026-08-11 16:03:51.422 +05:30 [INF] [9743262b-2e38-4cb4-82d8-426cffcc77ca] GET /api/exams/08def794-06db-4e59-84fe-5275d35f12be responded 200 in 30ms
2026-08-11 16:03:51.428 +05:30 [INF] [d0cac8b1-d41b-4cd4-bf09-b491bd09e464] GET /api/exams/08def794-06db-4e59-84fe-5275d35f12be/questions from 127.0.0.1 by Anonymous
2026-08-11 16:03:51.429 +05:30 [INF] [5b28f2f1-38f3-4785-9144-f2d61425a1b3] GET /api/schools from 127.0.0.1 by Anonymous
2026-08-11 16:03:51.442 +05:30 [INF] [eb4f0b36-6c59-4bad-ab14-5eccf9f749ef] GET /api/exams/08def794-06db-4e59-84fe-5275d35f12be from 127.0.0.1 by Anonymous
2026-08-11 16:03:51.446 +05:30 [INF] [d21a133d-849e-4529-8aee-3cfa9b817bc9] GET /api/schools/93cfbeb0-5697-4af4-9f0b-0115e7e2e14a/subjects from 127.0.0.1 by Anonymous
2026-08-11 16:03:51.457 +05:30 [INF] [d0cac8b1-d41b-4cd4-bf09-b491bd09e464] GET /api/exams/08def794-06db-4e59-84fe-5275d35f12be/questions responded 200 in 27ms
2026-08-11 16:03:51.462 +05:30 [INF] [5b28f2f1-38f3-4785-9144-f2d61425a1b3] GET /api/schools responded 200 in 31ms
2026-08-11 16:03:51.463 +05:30 [INF] [d21a133d-849e-4529-8aee-3cfa9b817bc9] GET /api/schools/93cfbeb0-5697-4af4-9f0b-0115e7e2e14a/subjects responded 200 in 16ms
2026-08-11 16:03:51.476 +05:30 [INF] [eb4f0b36-6c59-4bad-ab14-5eccf9f749ef] GET /api/exams/08def794-06db-4e59-84fe-5275d35f12be responded 200 in 33ms
2026-08-11 16:03:51.558 +05:30 [INF] [346ac4c0-1901-42c2-a25f-d8bd1b720478] GET /api/schools/93cfbeb0-5697-4af4-9f0b-0115e7e2e14a/subjects from 127.0.0.1 by Anonymous
2026-08-11 16:03:51.576 +05:30 [INF] [346ac4c0-1901-42c2-a25f-d8bd1b720478] GET /api/schools/93cfbeb0-5697-4af4-9f0b-0115e7e2e14a/subjects responded 200 in 17ms
2026-08-11 16:09:19.497 +05:30 [INF] [90d96801-1e32-41d4-9f26-5ff4ee25c428] GET /api/homework from 127.0.0.1 by Anonymous
2026-08-11 16:09:20.102 +05:30 [INF] [90d96801-1e32-41d4-9f26-5ff4ee25c428] GET /api/homework responded 200 in 604ms
2026-08-11 16:09:20.111 +05:30 [INF] [a355bae2-8a78-4a9a-ab04-9ea725bab575] GET /api/homework from 127.0.0.1 by Anonymous
2026-08-11 16:09:20.146 +05:30 [INF] [a355bae2-8a78-4a9a-ab04-9ea725bab575] GET /api/homework responded 200 in 34ms
2026-08-11 16:09:31.310 +05:30 [INF] [9a30cbea-4153-4bfa-9f9f-feb901ab4e85] GET /api/homework/08def78a-37d4-459a-83e2-1183038fd648 from 127.0.0.1 by Anonymous
2026-08-11 16:09:31.339 +05:30 [INF] [9a30cbea-4153-4bfa-9f9f-feb901ab4e85] GET /api/homework/08def78a-37d4-459a-83e2-1183038fd648 responded 200 in 28ms
2026-08-11 16:09:31.354 +05:30 [INF] [f318685f-fd12-44f1-9dee-15b88618fb27] GET /api/homework/08def78a-37d4-459a-83e2-1183038fd648 from 127.0.0.1 by Anonymous
2026-08-11 16:09:31.377 +05:30 [INF] [f318685f-fd12-44f1-9dee-15b88618fb27] GET /api/homework/08def78a-37d4-459a-83e2-1183038fd648 responded 200 in 22ms
2026-08-11 16:09:35.577 +05:30 [INF] [9b38551e-f957-4f0a-8661-8524ffe4a557] GET /api/homework from 127.0.0.1 by Anonymous
2026-08-11 16:09:35.626 +05:30 [INF] [9b38551e-f957-4f0a-8661-8524ffe4a557] GET /api/homework responded 200 in 48ms
2026-08-11 16:09:35.646 +05:30 [INF] [0c1a2544-ade1-4615-8276-ca4deec89667] GET /api/homework from 127.0.0.1 by Anonymous
2026-08-11 16:09:35.676 +05:30 [INF] [0c1a2544-ade1-4615-8276-ca4deec89667] GET /api/homework responded 200 in 29ms
2026-08-11 16:09:38.065 +05:30 [INF] [0a5029f7-cfe5-46f8-9931-06f80a019e9f] GET /api/homework/08def793-3170-48fb-8cc1-a3f481a03aab from 127.0.0.1 by Anonymous
2026-08-11 16:09:38.096 +05:30 [INF] [0a5029f7-cfe5-46f8-9931-06f80a019e9f] GET /api/homework/08def793-3170-48fb-8cc1-a3f481a03aab responded 200 in 26ms
2026-08-11 16:09:38.111 +05:30 [INF] [5ef35663-8c07-40b9-ab79-c46cd408ff02] GET /api/homework/08def793-3170-48fb-8cc1-a3f481a03aab from 127.0.0.1 by Anonymous
2026-08-11 16:09:38.143 +05:30 [INF] [5ef35663-8c07-40b9-ab79-c46cd408ff02] GET /api/homework/08def793-3170-48fb-8cc1-a3f481a03aab responded 200 in 31ms
2026-08-11 16:09:41.079 +05:30 [INF] [5cb0deab-0aa2-4666-8640-a4f37af151c5] GET /uploads/d2fece2abe5a4deebfdb919f20b5a75f.png from 127.0.0.1 by Anonymous
2026-08-11 16:09:41.083 +05:30 [INF] [5cb0deab-0aa2-4666-8640-a4f37af151c5] GET /uploads/d2fece2abe5a4deebfdb919f20b5a75f.png responded 304 in 2ms
2026-08-11 16:09:56.525 +05:30 [INF] [51d611ac-9118-4b66-a8ad-589146d18465] GET /api/homework from 127.0.0.1 by Anonymous
2026-08-11 16:09:56.569 +05:30 [INF] [51d611ac-9118-4b66-a8ad-589146d18465] GET /api/homework responded 200 in 43ms
2026-08-11 16:09:56.578 +05:30 [INF] [d575f00d-1aee-4414-b5fd-ad8c0f70bbf7] GET /api/homework from 127.0.0.1 by Anonymous
2026-08-11 16:09:56.616 +05:30 [INF] [d575f00d-1aee-4414-b5fd-ad8c0f70bbf7] GET /api/homework responded 200 in 37ms
2026-08-11 16:09:59.388 +05:30 [INF] [aa8394aa-e35c-43d1-8f40-a07f4844036b] GET /api/homework/08def78a-37d4-459a-83e2-1183038fd648 from 127.0.0.1 by Anonymous
2026-08-11 16:09:59.405 +05:30 [INF] [aa8394aa-e35c-43d1-8f40-a07f4844036b] GET /api/homework/08def78a-37d4-459a-83e2-1183038fd648 responded 200 in 16ms
2026-08-11 16:09:59.412 +05:30 [INF] [544290b3-7bc4-4df1-b21e-ba30e702eecc] GET /api/homework/08def78a-37d4-459a-83e2-1183038fd648 from 127.0.0.1 by Anonymous
2026-08-11 16:09:59.440 +05:30 [INF] [544290b3-7bc4-4df1-b21e-ba30e702eecc] GET /api/homework/08def78a-37d4-459a-83e2-1183038fd648 responded 200 in 28ms
2026-08-11 16:10:01.719 +05:30 [INF] [50505122-e0d4-4f0c-91ce-165d64e876b8] GET /api/homework from 127.0.0.1 by Anonymous
2026-08-11 16:10:01.754 +05:30 [INF] [50505122-e0d4-4f0c-91ce-165d64e876b8] GET /api/homework responded 200 in 33ms
2026-08-11 16:10:01.775 +05:30 [INF] [09e21025-0ee6-4c20-9d72-607cc284f432] GET /api/homework from 127.0.0.1 by Anonymous
2026-08-11 16:10:01.818 +05:30 [INF] [09e21025-0ee6-4c20-9d72-607cc284f432] GET /api/homework responded 200 in 42ms
2026-08-11 16:10:15.634 +05:30 [INF] [d60e7bc3-f463-470e-94c0-6e325575bf99] GET /api/homework/08def793-3170-48fb-8cc1-a3f481a03aab from 127.0.0.1 by Anonymous
2026-08-11 16:10:15.664 +05:30 [INF] [d60e7bc3-f463-470e-94c0-6e325575bf99] GET /api/homework/08def793-3170-48fb-8cc1-a3f481a03aab responded 200 in 29ms
2026-08-11 16:10:15.676 +05:30 [INF] [e455c67d-984b-40f8-9adc-790b11f67156] GET /api/homework/08def793-3170-48fb-8cc1-a3f481a03aab from 127.0.0.1 by Anonymous
2026-08-11 16:10:15.705 +05:30 [INF] [e455c67d-984b-40f8-9adc-790b11f67156] GET /api/homework/08def793-3170-48fb-8cc1-a3f481a03aab responded 200 in 28ms
2026-08-11 16:10:23.116 +05:30 [INF] [0c4cd766-6c42-4bdc-b5b1-1859e6105400] POST /api/auth/logout from 127.0.0.1 by Anonymous
2026-08-11 16:10:23.146 +05:30 [INF] [0c4cd766-6c42-4bdc-b5b1-1859e6105400] POST /api/auth/logout responded 415 in 28ms
2026-08-11 16:10:31.692 +05:30 [INF] [2559edac-1f7e-4505-b188-c470d8124ac7] POST /api/auth/login from 127.0.0.1 by Anonymous
2026-08-11 16:10:32.084 +05:30 [INF] [2559edac-1f7e-4505-b188-c470d8124ac7] POST /api/auth/login responded 200 in 392ms
2026-08-11 16:10:32.560 +05:30 [INF] [11dda6ac-4e08-4d61-a730-1ebd8ea315a3] GET /api/dashboard/stats from 127.0.0.1 by Anonymous
2026-08-11 16:10:32.576 +05:30 [INF] [aed45c07-7d66-4057-9331-4173586bf0af] GET /api/dashboard/attendance-chart from 127.0.0.1 by Anonymous
2026-08-11 16:10:32.703 +05:30 [INF] [11dda6ac-4e08-4d61-a730-1ebd8ea315a3] GET /api/dashboard/stats responded 200 in 143ms
2026-08-11 16:10:32.723 +05:30 [INF] [b5f2bad5-a56c-4efa-9ac2-d42e68cc9ed4] GET /api/dashboard/stats from 127.0.0.1 by Anonymous
2026-08-11 16:10:32.843 +05:30 [INF] [b5f2bad5-a56c-4efa-9ac2-d42e68cc9ed4] GET /api/dashboard/stats responded 200 in 119ms
2026-08-11 16:10:33.842 +05:30 [INF] [aed45c07-7d66-4057-9331-4173586bf0af] GET /api/dashboard/attendance-chart responded 200 in 1265ms
2026-08-11 16:10:33.855 +05:30 [INF] [f6f5d732-0cd2-437f-914e-5c43814fb405] GET /api/dashboard/attendance-chart from 127.0.0.1 by Anonymous
2026-08-11 16:10:34.948 +05:30 [INF] [f6f5d732-0cd2-437f-914e-5c43814fb405] GET /api/dashboard/attendance-chart responded 200 in 1092ms
2026-08-11 16:10:35.414 +05:30 [INF] [643c2072-29a7-4661-879a-4e91bbf0240c] GET /api/homework from 127.0.0.1 by Anonymous
2026-08-11 16:10:35.458 +05:30 [INF] [643c2072-29a7-4661-879a-4e91bbf0240c] GET /api/homework responded 200 in 43ms
2026-08-11 16:10:35.473 +05:30 [INF] [dabd5cf7-44f9-4ea4-b049-896ecd271770] GET /api/homework from 127.0.0.1 by Anonymous
2026-08-11 16:10:35.523 +05:30 [INF] [dabd5cf7-44f9-4ea4-b049-896ecd271770] GET /api/homework responded 200 in 47ms
2026-08-11 16:10:40.547 +05:30 [INF] [ded63861-bf6d-4069-8b84-ee0c8587ab0e] GET /api/homework/08def793-3170-48fb-8cc1-a3f481a03aab from 127.0.0.1 by Anonymous
2026-08-11 16:10:40.588 +05:30 [INF] [ded63861-bf6d-4069-8b84-ee0c8587ab0e] GET /api/homework/08def793-3170-48fb-8cc1-a3f481a03aab responded 200 in 39ms
2026-08-11 16:10:40.593 +05:30 [INF] [195c765b-8e57-402e-84ce-80a616eab499] GET /api/homework/08def793-3170-48fb-8cc1-a3f481a03aab from 127.0.0.1 by Anonymous
2026-08-11 16:10:40.623 +05:30 [INF] [195c765b-8e57-402e-84ce-80a616eab499] GET /api/homework/08def793-3170-48fb-8cc1-a3f481a03aab responded 200 in 29ms
2026-08-11 16:10:51.981 +05:30 [INF] [f36fca2a-d780-47eb-ac7c-6a8ec3138b83] GET /api/homework from 127.0.0.1 by Anonymous
2026-08-11 16:10:52.012 +05:30 [INF] [f36fca2a-d780-47eb-ac7c-6a8ec3138b83] GET /api/homework responded 200 in 31ms
2026-08-11 16:10:52.021 +05:30 [INF] [53733de2-d619-43a6-94d7-18253a3cde80] GET /api/homework from 127.0.0.1 by Anonymous
2026-08-11 16:10:52.043 +05:30 [INF] [53733de2-d619-43a6-94d7-18253a3cde80] GET /api/homework responded 200 in 21ms
2026-08-11 16:10:58.834 +05:30 [INF] [60ba5d82-04f8-4bc7-aa57-87863fb523a5] GET /api/schools from 127.0.0.1 by Anonymous
2026-08-11 16:10:58.841 +05:30 [INF] [a063964e-3c60-4ce7-8b55-e309b46a7ae8] GET /api/homework/08def78a-37d4-459a-83e2-1183038fd648 from 127.0.0.1 by Anonymous
2026-08-11 16:10:58.863 +05:30 [INF] [60ba5d82-04f8-4bc7-aa57-87863fb523a5] GET /api/schools responded 200 in 28ms
2026-08-11 16:10:58.881 +05:30 [INF] [c4bd6ece-43ef-4280-a16b-5ec5056d3326] GET /api/schools from 127.0.0.1 by Anonymous
2026-08-11 16:10:58.889 +05:30 [INF] [a063964e-3c60-4ce7-8b55-e309b46a7ae8] GET /api/homework/08def78a-37d4-459a-83e2-1183038fd648 responded 200 in 47ms
2026-08-11 16:10:58.900 +05:30 [INF] [c4bd6ece-43ef-4280-a16b-5ec5056d3326] GET /api/schools responded 200 in 18ms
2026-08-11 16:10:58.909 +05:30 [INF] [fd2d7dec-688e-421d-affc-93ae1e312ed0] GET /api/homework/08def78a-37d4-459a-83e2-1183038fd648 from 127.0.0.1 by Anonymous
2026-08-11 16:10:58.916 +05:30 [INF] [ed64642b-547b-48c0-b7e2-a37911c4add0] GET /api/schools/93cfbeb0-5697-4af4-9f0b-0115e7e2e14a/classes from 127.0.0.1 by Anonymous
2026-08-11 16:10:58.940 +05:30 [INF] [fd2d7dec-688e-421d-affc-93ae1e312ed0] GET /api/homework/08def78a-37d4-459a-83e2-1183038fd648 responded 200 in 31ms
2026-08-11 16:10:58.941 +05:30 [INF] [ed64642b-547b-48c0-b7e2-a37911c4add0] GET /api/schools/93cfbeb0-5697-4af4-9f0b-0115e7e2e14a/classes responded 200 in 23ms
2026-08-11 16:10:59.193 +05:30 [INF] [0e4a4a16-5124-4e41-96d3-b9665c4bf2ba] GET /api/schools/classes/2670db49-93f6-49ed-b41d-c696262c79df/sections from 127.0.0.1 by Anonymous
2026-08-11 16:10:59.203 +05:30 [INF] [4c12d0d4-f1aa-455c-8166-50173494d7a9] GET /api/schools/93cfbeb0-5697-4af4-9f0b-0115e7e2e14a/classes from 127.0.0.1 by Anonymous
2026-08-11 16:10:59.224 +05:30 [INF] [0e4a4a16-5124-4e41-96d3-b9665c4bf2ba] GET /api/schools/classes/2670db49-93f6-49ed-b41d-c696262c79df/sections responded 200 in 30ms
2026-08-11 16:10:59.244 +05:30 [INF] [4c12d0d4-f1aa-455c-8166-50173494d7a9] GET /api/schools/93cfbeb0-5697-4af4-9f0b-0115e7e2e14a/classes responded 200 in 40ms
2026-08-11 16:10:59.562 +05:30 [INF] [59d2e2ae-022e-423e-9575-503faaa67145] GET /api/schools/classes/2670db49-93f6-49ed-b41d-c696262c79df/sections from 127.0.0.1 by Anonymous
2026-08-11 16:10:59.580 +05:30 [INF] [59d2e2ae-022e-423e-9575-503faaa67145] GET /api/schools/classes/2670db49-93f6-49ed-b41d-c696262c79df/sections responded 200 in 18ms
2026-08-11 16:10:59.609 +05:30 [INF] [39d2d8fa-581d-4ed3-855b-88655d4de261] GET /api/schools/93cfbeb0-5697-4af4-9f0b-0115e7e2e14a/subjects from 127.0.0.1 by Anonymous
2026-08-11 16:10:59.634 +05:30 [INF] [39d2d8fa-581d-4ed3-855b-88655d4de261] GET /api/schools/93cfbeb0-5697-4af4-9f0b-0115e7e2e14a/subjects responded 200 in 24ms
2026-08-11 16:10:59.640 +05:30 [INF] [b5d2e1f5-6d7e-49e5-b105-3f9149ea911a] GET /api/schools/93cfbeb0-5697-4af4-9f0b-0115e7e2e14a/subjects from 127.0.0.1 by Anonymous
2026-08-11 16:10:59.657 +05:30 [INF] [b5d2e1f5-6d7e-49e5-b105-3f9149ea911a] GET /api/schools/93cfbeb0-5697-4af4-9f0b-0115e7e2e14a/subjects responded 200 in 16ms
2026-08-11 16:11:03.756 +05:30 [INF] [358f1155-c7ca-4190-bbe0-7b274c9db4cf] GET /api/homework from 127.0.0.1 by Anonymous
2026-08-11 16:11:03.801 +05:30 [INF] [358f1155-c7ca-4190-bbe0-7b274c9db4cf] GET /api/homework responded 200 in 43ms
2026-08-11 16:11:03.809 +05:30 [INF] [951c1d42-e603-4964-af3e-4bf42e16856e] GET /api/homework from 127.0.0.1 by Anonymous
2026-08-11 16:11:03.846 +05:30 [INF] [951c1d42-e603-4964-af3e-4bf42e16856e] GET /api/homework responded 200 in 37ms
2026-08-11 16:11:13.920 +05:30 [INF] [637f749b-4667-452b-9038-4f69b9ff512b] POST /api/homework/08def792-5288-4822-8fa3-8594d2068983/approve from 127.0.0.1 by Anonymous
2026-08-11 16:11:13.960 +05:30 [INF] [637f749b-4667-452b-9038-4f69b9ff512b] POST /api/homework/08def792-5288-4822-8fa3-8594d2068983/approve responded 200 in 39ms
2026-08-11 16:11:14.112 +05:30 [INF] [14f1e914-cc02-46ad-a50c-02e1026f9772] GET /api/homework from 127.0.0.1 by Anonymous
2026-08-11 16:11:14.149 +05:30 [INF] [14f1e914-cc02-46ad-a50c-02e1026f9772] GET /api/homework responded 200 in 36ms
2026-08-11 16:11:18.022 +05:30 [INF] [085326b7-d47c-4bfb-8153-23bbcf03e9aa] POST /api/homework/08def791-2824-4ae3-8ec4-a5929821af85/approve from 127.0.0.1 by Anonymous
2026-08-11 16:11:18.071 +05:30 [INF] [085326b7-d47c-4bfb-8153-23bbcf03e9aa] POST /api/homework/08def791-2824-4ae3-8ec4-a5929821af85/approve responded 200 in 49ms
2026-08-11 16:11:18.235 +05:30 [INF] [2b7b1007-df44-4cf7-bea6-c48f885783d7] GET /api/homework from 127.0.0.1 by Anonymous
2026-08-11 16:11:18.270 +05:30 [INF] [2b7b1007-df44-4cf7-bea6-c48f885783d7] GET /api/homework responded 200 in 33ms
2026-08-11 16:11:24.675 +05:30 [INF] [9b4e09a8-a4af-489b-b7ca-c962d6f75f0a] POST /api/homework/08def453-1fa3-48bc-857f-801f54189bee/approve from 127.0.0.1 by Anonymous
2026-08-11 16:11:24.717 +05:30 [INF] [9b4e09a8-a4af-489b-b7ca-c962d6f75f0a] POST /api/homework/08def453-1fa3-48bc-857f-801f54189bee/approve responded 200 in 40ms
2026-08-11 16:11:24.924 +05:30 [INF] [dca49ac0-1783-4f89-9974-a23f2b1ce703] GET /api/homework from 127.0.0.1 by Anonymous
2026-08-11 16:11:24.957 +05:30 [INF] [dca49ac0-1783-4f89-9974-a23f2b1ce703] GET /api/homework responded 200 in 32ms
2026-08-11 16:11:29.522 +05:30 [INF] [814124a2-a4c8-4d48-b824-1a89d35094db] POST /api/auth/logout from 127.0.0.1 by Anonymous
2026-08-11 16:11:29.546 +05:30 [INF] [814124a2-a4c8-4d48-b824-1a89d35094db] POST /api/auth/logout responded 415 in 23ms
2026-08-11 16:11:44.995 +05:30 [INF] [dad04baa-6ef7-4943-9e07-2d75dadc1318] POST /api/auth/login from 127.0.0.1 by Anonymous
2026-08-11 16:11:45.409 +05:30 [INF] [dad04baa-6ef7-4943-9e07-2d75dadc1318] POST /api/auth/login responded 200 in 412ms
2026-08-11 16:11:45.797 +05:30 [INF] [0a7e0636-3d64-4451-ad69-121c296e4ea9] GET /api/dashboard/stats from 127.0.0.1 by Anonymous
2026-08-11 16:11:45.806 +05:30 [INF] [140a02c1-4e50-41e9-8b45-2f5e35087950] GET /api/dashboard/attendance-chart from 127.0.0.1 by Anonymous
2026-08-11 16:11:45.938 +05:30 [INF] [0a7e0636-3d64-4451-ad69-121c296e4ea9] GET /api/dashboard/stats responded 200 in 140ms
2026-08-11 16:11:45.951 +05:30 [INF] [d31d80a0-fd29-4db6-b1ae-b9cfeb1e7f70] GET /api/dashboard/stats from 127.0.0.1 by Anonymous
2026-08-11 16:11:46.092 +05:30 [INF] [d31d80a0-fd29-4db6-b1ae-b9cfeb1e7f70] GET /api/dashboard/stats responded 200 in 140ms
2026-08-11 16:11:46.948 +05:30 [INF] [140a02c1-4e50-41e9-8b45-2f5e35087950] GET /api/dashboard/attendance-chart responded 200 in 1141ms
2026-08-11 16:11:46.964 +05:30 [INF] [3181b2d1-5c58-4bab-ae3c-c6cf09218e9f] GET /api/dashboard/attendance-chart from 127.0.0.1 by Anonymous
2026-08-11 16:11:48.013 +05:30 [INF] [3181b2d1-5c58-4bab-ae3c-c6cf09218e9f] GET /api/dashboard/attendance-chart responded 200 in 1049ms
2026-08-11 16:11:51.002 +05:30 [INF] [79b0f5ad-0b27-4268-a7b6-209bd46bf521] GET /api/homework from 127.0.0.1 by Anonymous
2026-08-11 16:11:51.046 +05:30 [INF] [79b0f5ad-0b27-4268-a7b6-209bd46bf521] GET /api/homework responded 200 in 44ms
2026-08-11 16:11:51.073 +05:30 [INF] [b73fce7b-8c46-4971-b307-fd12d1657f1d] GET /api/homework from 127.0.0.1 by Anonymous
2026-08-11 16:11:51.135 +05:30 [INF] [b73fce7b-8c46-4971-b307-fd12d1657f1d] GET /api/homework responded 200 in 61ms
2026-08-11 16:11:56.834 +05:30 [INF] [f2a18f90-3307-4b91-b3c0-4c4916fc73b9] GET /api/homework/08def792-5288-4822-8fa3-8594d2068983 from 127.0.0.1 by Anonymous
2026-08-11 16:11:56.837 +05:30 [INF] [f3bcf422-4ad9-43ae-b775-8da099d8a449] GET /api/homework/assignments from 127.0.0.1 by Anonymous
2026-08-11 16:11:56.873 +05:30 [INF] [f2a18f90-3307-4b91-b3c0-4c4916fc73b9] GET /api/homework/08def792-5288-4822-8fa3-8594d2068983 responded 200 in 38ms
2026-08-11 16:11:56.876 +05:30 [INF] [f3bcf422-4ad9-43ae-b775-8da099d8a449] GET /api/homework/assignments responded 200 in 38ms
2026-08-11 16:11:56.889 +05:30 [INF] [88294b00-c549-4b39-ba18-bd76e1913fc6] GET /api/homework/08def792-5288-4822-8fa3-8594d2068983 from 127.0.0.1 by Anonymous
2026-08-11 16:11:56.889 +05:30 [INF] [c7d8cab2-ed09-4a73-be17-cd8081c246a1] GET /api/homework/assignments from 127.0.0.1 by Anonymous
2026-08-11 16:11:56.916 +05:30 [INF] [88294b00-c549-4b39-ba18-bd76e1913fc6] GET /api/homework/08def792-5288-4822-8fa3-8594d2068983 responded 200 in 27ms
2026-08-11 16:11:56.937 +05:30 [INF] [c7d8cab2-ed09-4a73-be17-cd8081c246a1] GET /api/homework/assignments responded 200 in 45ms
2026-08-11 16:12:02.132 +05:30 [INF] [60c207e3-75c9-4ef0-bc66-d7a2a215e40e] POST /api/files/upload from 127.0.0.1 by Anonymous
2026-08-11 16:12:02.161 +05:30 [INF] [60c207e3-75c9-4ef0-bc66-d7a2a215e40e] POST /api/files/upload responded 200 in 28ms
2026-08-11 16:12:04.406 +05:30 [INF] [46b3a438-809e-43ae-862c-a2a621963763] POST /api/homework/08def792-5288-4822-8fa3-8594d2068983/submit from 127.0.0.1 by Anonymous
2026-08-11 16:12:04.472 +05:30 [INF] [46b3a438-809e-43ae-862c-a2a621963763] POST /api/homework/08def792-5288-4822-8fa3-8594d2068983/submit responded 200 in 66ms
2026-08-11 16:12:04.505 +05:30 [INF] [68998de3-2707-4dd1-9883-497e2acb18af] GET /api/homework/assignments from 127.0.0.1 by Anonymous
2026-08-11 16:12:04.540 +05:30 [INF] [68998de3-2707-4dd1-9883-497e2acb18af] GET /api/homework/assignments responded 200 in 35ms
2026-08-11 16:12:12.865 +05:30 [INF] [729483a9-d421-41bc-bc67-04fdde962126] POST /api/auth/logout from 127.0.0.1 by Anonymous
2026-08-11 16:12:12.891 +05:30 [INF] [729483a9-d421-41bc-bc67-04fdde962126] POST /api/auth/logout responded 415 in 25ms
2026-08-11 16:12:19.238 +05:30 [INF] [73421b12-83dd-410b-ac21-0a1468f59e94] POST /api/auth/login from 127.0.0.1 by Anonymous
2026-08-11 16:12:19.639 +05:30 [INF] [73421b12-83dd-410b-ac21-0a1468f59e94] POST /api/auth/login responded 200 in 400ms
2026-08-11 16:12:20.105 +05:30 [INF] [66cbd4cc-d418-45ae-b63d-b06bbfd871ce] GET /api/dashboard/stats from 127.0.0.1 by Anonymous
2026-08-11 16:12:20.108 +05:30 [INF] [c07d3bea-4054-4b27-82e7-d1234540dc37] GET /api/dashboard/attendance-chart from 127.0.0.1 by Anonymous
2026-08-11 16:12:20.255 +05:30 [INF] [66cbd4cc-d418-45ae-b63d-b06bbfd871ce] GET /api/dashboard/stats responded 200 in 150ms
2026-08-11 16:12:20.272 +05:30 [INF] [dac35ae8-5c01-4739-9d94-11301f43746c] GET /api/dashboard/stats from 127.0.0.1 by Anonymous
2026-08-11 16:12:20.392 +05:30 [INF] [dac35ae8-5c01-4739-9d94-11301f43746c] GET /api/dashboard/stats responded 200 in 119ms
2026-08-11 16:12:21.318 +05:30 [INF] [c07d3bea-4054-4b27-82e7-d1234540dc37] GET /api/dashboard/attendance-chart responded 200 in 1209ms
2026-08-11 16:12:21.328 +05:30 [INF] [81910076-c199-409d-b3e2-2d6d91f158a8] GET /api/dashboard/attendance-chart from 127.0.0.1 by Anonymous
2026-08-11 16:12:22.433 +05:30 [INF] [81910076-c199-409d-b3e2-2d6d91f158a8] GET /api/dashboard/attendance-chart responded 200 in 1105ms
2026-08-11 16:12:23.007 +05:30 [INF] [51ea16ee-3a31-41d9-aeab-884e5549b1e5] GET /api/homework from 127.0.0.1 by Anonymous
2026-08-11 16:12:23.044 +05:30 [INF] [51ea16ee-3a31-41d9-aeab-884e5549b1e5] GET /api/homework responded 200 in 37ms
2026-08-11 16:12:23.054 +05:30 [INF] [d994c43d-3e4a-4ab3-8e99-099ef658422b] GET /api/homework from 127.0.0.1 by Anonymous
2026-08-11 16:12:23.086 +05:30 [INF] [d994c43d-3e4a-4ab3-8e99-099ef658422b] GET /api/homework responded 200 in 31ms
2026-08-11 16:12:34.670 +05:30 [INF] [533e2722-d820-48e2-8aed-244d6ba8f7dd] GET /api/homework/08def792-5288-4822-8fa3-8594d2068983 from 127.0.0.1 by Anonymous
2026-08-11 16:12:34.702 +05:30 [INF] [533e2722-d820-48e2-8aed-244d6ba8f7dd] GET /api/homework/08def792-5288-4822-8fa3-8594d2068983 responded 200 in 31ms
2026-08-11 16:12:34.721 +05:30 [INF] [9a2fe6d3-de78-411e-8d82-60b07d177aa0] GET /api/homework/08def792-5288-4822-8fa3-8594d2068983 from 127.0.0.1 by Anonymous
2026-08-11 16:12:34.746 +05:30 [INF] [9a2fe6d3-de78-411e-8d82-60b07d177aa0] GET /api/homework/08def792-5288-4822-8fa3-8594d2068983 responded 200 in 24ms
2026-08-11 16:18:42.228 +05:30 [WRN] Redis unavailable, falling back to in-memory cache and basic SignalR: Redis not connected
2026-08-11 16:18:49.186 +05:30 [WRN] Entity 'ApplicationRole' has a global query filter defined and is the required end of a relationship with the entity 'ApplicationRoleClaim'. This may lead to unexpected results when the required entity is filtered out. Either configure the navigation as optional, or define matching query filters for both entities in the navigation. See https://go.microsoft.com/fwlink/?linkid=2131316 for more information.
2026-08-11 16:18:49.189 +05:30 [WRN] Entity 'ApplicationUser' has a global query filter defined and is the required end of a relationship with the entity 'ApplicationUserClaim'. This may lead to unexpected results when the required entity is filtered out. Either configure the navigation as optional, or define matching query filters for both entities in the navigation. See https://go.microsoft.com/fwlink/?linkid=2131316 for more information.
2026-08-11 16:18:49.190 +05:30 [WRN] Entity 'ApplicationUser' has a global query filter defined and is the required end of a relationship with the entity 'ApplicationUserLogin'. This may lead to unexpected results when the required entity is filtered out. Either configure the navigation as optional, or define matching query filters for both entities in the navigation. See https://go.microsoft.com/fwlink/?linkid=2131316 for more information.
2026-08-11 16:18:49.190 +05:30 [WRN] Entity 'ApplicationRole' has a global query filter defined and is the required end of a relationship with the entity 'ApplicationUserRole'. This may lead to unexpected results when the required entity is filtered out. Either configure the navigation as optional, or define matching query filters for both entities in the navigation. See https://go.microsoft.com/fwlink/?linkid=2131316 for more information.
2026-08-11 16:18:49.190 +05:30 [WRN] Entity 'ApplicationUser' has a global query filter defined and is the required end of a relationship with the entity 'ApplicationUserToken'. This may lead to unexpected results when the required entity is filtered out. Either configure the navigation as optional, or define matching query filters for both entities in the navigation. See https://go.microsoft.com/fwlink/?linkid=2131316 for more information.
2026-08-11 16:18:49.204 +05:30 [WRN] Sensitive data logging is enabled. Log entries and exception messages may include sensitive application data; this mode should only be enabled during development.
2026-08-11 16:18:49.331 +05:30 [WRN] The foreign key property 'HomeworkSubmission.StudentId1' was created in shadow state because a conflicting property with the simple name 'StudentId' exists in the entity type, but is either not mapped, is already used for another relationship, or is incompatible with the associated primary key type. See https://aka.ms/efcore-relationships for information on mapping relationships in EF Core.
2026-08-11 16:18:53.399 +05:30 [WRN] Entity 'ApplicationRole' has a global query filter defined and is the required end of a relationship with the entity 'ApplicationRoleClaim'. This may lead to unexpected results when the required entity is filtered out. Either configure the navigation as optional, or define matching query filters for both entities in the navigation. See https://go.microsoft.com/fwlink/?linkid=2131316 for more information.
2026-08-11 16:18:53.399 +05:30 [WRN] Entity 'ApplicationUser' has a global query filter defined and is the required end of a relationship with the entity 'ApplicationUserClaim'. This may lead to unexpected results when the required entity is filtered out. Either configure the navigation as optional, or define matching query filters for both entities in the navigation. See https://go.microsoft.com/fwlink/?linkid=2131316 for more information.
2026-08-11 16:18:53.399 +05:30 [WRN] Entity 'ApplicationUser' has a global query filter defined and is the required end of a relationship with the entity 'ApplicationUserLogin'. This may lead to unexpected results when the required entity is filtered out. Either configure the navigation as optional, or define matching query filters for both entities in the navigation. See https://go.microsoft.com/fwlink/?linkid=2131316 for more information.
2026-08-11 16:18:53.399 +05:30 [WRN] Entity 'ApplicationRole' has a global query filter defined and is the required end of a relationship with the entity 'ApplicationUserRole'. This may lead to unexpected results when the required entity is filtered out. Either configure the navigation as optional, or define matching query filters for both entities in the navigation. See https://go.microsoft.com/fwlink/?linkid=2131316 for more information.
2026-08-11 16:18:53.400 +05:30 [WRN] Entity 'ApplicationUser' has a global query filter defined and is the required end of a relationship with the entity 'ApplicationUserToken'. This may lead to unexpected results when the required entity is filtered out. Either configure the navigation as optional, or define matching query filters for both entities in the navigation. See https://go.microsoft.com/fwlink/?linkid=2131316 for more information.
2026-08-11 16:18:53.439 +05:30 [WRN] The foreign key property 'HomeworkSubmission.StudentId1' was created in shadow state because a conflicting property with the simple name 'StudentId' exists in the entity type, but is either not mapped, is already used for another relationship, or is incompatible with the associated primary key type. See https://aka.ms/efcore-relationships for information on mapping relationships in EF Core.
2026-08-11 16:20:21.911 +05:30 [WRN] Redis unavailable, falling back to in-memory cache and basic SignalR: Redis not connected
2026-08-11 16:20:27.927 +05:30 [WRN] Entity 'ApplicationRole' has a global query filter defined and is the required end of a relationship with the entity 'ApplicationRoleClaim'. This may lead to unexpected results when the required entity is filtered out. Either configure the navigation as optional, or define matching query filters for both entities in the navigation. See https://go.microsoft.com/fwlink/?linkid=2131316 for more information.
2026-08-11 16:20:27.930 +05:30 [WRN] Entity 'ApplicationUser' has a global query filter defined and is the required end of a relationship with the entity 'ApplicationUserClaim'. This may lead to unexpected results when the required entity is filtered out. Either configure the navigation as optional, or define matching query filters for both entities in the navigation. See https://go.microsoft.com/fwlink/?linkid=2131316 for more information.
2026-08-11 16:20:27.930 +05:30 [WRN] Entity 'ApplicationUser' has a global query filter defined and is the required end of a relationship with the entity 'ApplicationUserLogin'. This may lead to unexpected results when the required entity is filtered out. Either configure the navigation as optional, or define matching query filters for both entities in the navigation. See https://go.microsoft.com/fwlink/?linkid=2131316 for more information.
2026-08-11 16:20:27.930 +05:30 [WRN] Entity 'ApplicationRole' has a global query filter defined and is the required end of a relationship with the entity 'ApplicationUserRole'. This may lead to unexpected results when the required entity is filtered out. Either configure the navigation as optional, or define matching query filters for both entities in the navigation. See https://go.microsoft.com/fwlink/?linkid=2131316 for more information.
2026-08-11 16:20:27.931 +05:30 [WRN] Entity 'ApplicationUser' has a global query filter defined and is the required end of a relationship with the entity 'ApplicationUserToken'. This may lead to unexpected results when the required entity is filtered out. Either configure the navigation as optional, or define matching query filters for both entities in the navigation. See https://go.microsoft.com/fwlink/?linkid=2131316 for more information.
2026-08-11 16:20:27.942 +05:30 [WRN] Sensitive data logging is enabled. Log entries and exception messages may include sensitive application data; this mode should only be enabled during development.
2026-08-11 16:20:28.086 +05:30 [WRN] The foreign key property 'HomeworkSubmission.StudentId1' was created in shadow state because a conflicting property with the simple name 'StudentId' exists in the entity type, but is either not mapped, is already used for another relationship, or is incompatible with the associated primary key type. See https://aka.ms/efcore-relationships for information on mapping relationships in EF Core.
2026-08-11 16:20:29.550 +05:30 [INF] Executed DbCommand (15ms) [Parameters=[], CommandType='"Text"', CommandTimeout='30']
SELECT 1 FROM INFORMATION_SCHEMA.TABLES WHERE TABLE_SCHEMA='schoolcrm_dev' AND TABLE_NAME='__EFMigrationsHistory';
2026-08-11 16:20:29.591 +05:30 [INF] Executed DbCommand (5ms) [Parameters=[], CommandType='"Text"', CommandTimeout='30']
SELECT 1 FROM INFORMATION_SCHEMA.TABLES WHERE TABLE_SCHEMA='schoolcrm_dev' AND TABLE_NAME='__EFMigrationsHistory';
2026-08-11 16:20:29.648 +05:30 [INF] Executed DbCommand (6ms) [Parameters=[], CommandType='"Text"', CommandTimeout='30']
SELECT `MigrationId`, `ProductVersion`
FROM `__EFMigrationsHistory`
ORDER BY `MigrationId`;
2026-08-11 16:20:31.041 +05:30 [INF] Executed DbCommand (376ms) [Parameters=[], CommandType='"Text"', CommandTimeout='30']
ALTER TABLE `Homeworks` ADD `ApprovalStatus` int NOT NULL DEFAULT 0;
2026-08-11 16:20:31.353 +05:30 [INF] Executed DbCommand (312ms) [Parameters=[], CommandType='"Text"', CommandTimeout='30']
ALTER TABLE `Homeworks` ADD `ApprovedAt` datetime(6) NULL;
2026-08-11 16:20:31.657 +05:30 [INF] Executed DbCommand (303ms) [Parameters=[], CommandType='"Text"', CommandTimeout='30']
ALTER TABLE `Homeworks` ADD `ApprovedBy` longtext CHARACTER SET utf8mb4 NULL;
2026-08-11 16:20:31.963 +05:30 [INF] Executed DbCommand (305ms) [Parameters=[], CommandType='"Text"', CommandTimeout='30']
ALTER TABLE `Homeworks` ADD `RejectionReason` longtext CHARACTER SET utf8mb4 NULL;
2026-08-11 16:20:32.294 +05:30 [INF] Executed DbCommand (330ms) [Parameters=[], CommandType='"Text"', CommandTimeout='30']
ALTER TABLE `Exams` ADD `ApprovalStatus` int NOT NULL DEFAULT 0;
2026-08-11 16:20:32.652 +05:30 [INF] Executed DbCommand (357ms) [Parameters=[], CommandType='"Text"', CommandTimeout='30']
ALTER TABLE `Exams` ADD `ApprovedAt` datetime(6) NULL;
2026-08-11 16:20:32.999 +05:30 [INF] Executed DbCommand (346ms) [Parameters=[], CommandType='"Text"', CommandTimeout='30']
ALTER TABLE `Exams` ADD `ApprovedBy` longtext CHARACTER SET utf8mb4 NULL;
2026-08-11 16:20:33.328 +05:30 [INF] Executed DbCommand (328ms) [Parameters=[], CommandType='"Text"', CommandTimeout='30']
ALTER TABLE `Exams` ADD `QuestionPaperFileName` longtext CHARACTER SET utf8mb4 NULL;
2026-08-11 16:20:33.644 +05:30 [INF] Executed DbCommand (315ms) [Parameters=[], CommandType='"Text"', CommandTimeout='30']
ALTER TABLE `Exams` ADD `QuestionPaperUrl` longtext CHARACTER SET utf8mb4 NULL;
2026-08-11 16:20:33.945 +05:30 [INF] Executed DbCommand (301ms) [Parameters=[], CommandType='"Text"', CommandTimeout='30']
ALTER TABLE `Exams` ADD `RejectionReason` longtext CHARACTER SET utf8mb4 NULL;
2026-08-11 16:20:34.251 +05:30 [INF] Executed DbCommand (305ms) [Parameters=[], CommandType='"Text"', CommandTimeout='30']
ALTER TABLE `Exams` ADD `TeacherId` char(36) COLLATE ascii_general_ci NULL;
2026-08-11 16:20:34.434 +05:30 [INF] Executed DbCommand (182ms) [Parameters=[], CommandType='"Text"', CommandTimeout='30']
CREATE TABLE `ExamQuestions` (
    `Id` char(36) COLLATE ascii_general_ci NOT NULL,
    `QuestionText` longtext CHARACTER SET utf8mb4 NOT NULL,
    `QuestionType` int NOT NULL,
    `OptionA` longtext CHARACTER SET utf8mb4 NULL,
    `OptionB` longtext CHARACTER SET utf8mb4 NULL,
    `OptionC` longtext CHARACTER SET utf8mb4 NULL,
    `OptionD` longtext CHARACTER SET utf8mb4 NULL,
    `CorrectAnswer` longtext CHARACTER SET utf8mb4 NULL,
    `Marks` decimal(65,30) NOT NULL,
    `ImageUrl` longtext CHARACTER SET utf8mb4 NULL,
    `ImageFileName` longtext CHARACTER SET utf8mb4 NULL,
    `OrderIndex` int NOT NULL,
    `ExamId` char(36) COLLATE ascii_general_ci NOT NULL,
    `SubjectId` char(36) COLLATE ascii_general_ci NULL,
    `CreatedBy` longtext CHARACTER SET utf8mb4 NULL,
    `UpdatedBy` longtext CHARACTER SET utf8mb4 NULL,
    `DeletedBy` longtext CHARACTER SET utf8mb4 NULL,
    `CreatedAt` datetime(6) NOT NULL,
    `UpdatedAt` datetime(6) NULL,
    `DeletedAt` datetime(6) NULL,
    `IsDeleted` tinyint(1) NOT NULL,
    CONSTRAINT `PK_ExamQuestions` PRIMARY KEY (`Id`),
    CONSTRAINT `FK_ExamQuestions_Exams_ExamId` FOREIGN KEY (`ExamId`) REFERENCES `Exams` (`Id`) ON DELETE CASCADE,
    CONSTRAINT `FK_ExamQuestions_Subjects_SubjectId` FOREIGN KEY (`SubjectId`) REFERENCES `Subjects` (`Id`) ON DELETE SET NULL
) CHARACTER SET=utf8mb4;
2026-08-11 16:20:34.634 +05:30 [INF] Executed DbCommand (200ms) [Parameters=[], CommandType='"Text"', CommandTimeout='30']
CREATE TABLE `ExamSubmissions` (
    `Id` char(36) COLLATE ascii_general_ci NOT NULL,
    `SubmittedAt` datetime(6) NOT NULL,
    `TotalMarksObtained` decimal(65,30) NOT NULL,
    `TotalMaxMarks` decimal(65,30) NOT NULL,
    `IsGraded` tinyint(1) NOT NULL,
    `GradedBy` longtext CHARACTER SET utf8mb4 NULL,
    `GradedAt` datetime(6) NULL,
    `ExamId` char(36) COLLATE ascii_general_ci NOT NULL,
    `StudentId` char(36) COLLATE ascii_general_ci NOT NULL,
    `CreatedBy` longtext CHARACTER SET utf8mb4 NULL,
    `UpdatedBy` longtext CHARACTER SET utf8mb4 NULL,
    `DeletedBy` longtext CHARACTER SET utf8mb4 NULL,
    `CreatedAt` datetime(6) NOT NULL,
    `UpdatedAt` datetime(6) NULL,
    `DeletedAt` datetime(6) NULL,
    `IsDeleted` tinyint(1) NOT NULL,
    CONSTRAINT `PK_ExamSubmissions` PRIMARY KEY (`Id`),
    CONSTRAINT `FK_ExamSubmissions_Exams_ExamId` FOREIGN KEY (`ExamId`) REFERENCES `Exams` (`Id`) ON DELETE CASCADE,
    CONSTRAINT `FK_ExamSubmissions_Students_StudentId` FOREIGN KEY (`StudentId`) REFERENCES `Students` (`Id`) ON DELETE CASCADE
) CHARACTER SET=utf8mb4;
2026-08-11 16:20:34.802 +05:30 [INF] Executed DbCommand (167ms) [Parameters=[], CommandType='"Text"', CommandTimeout='30']
CREATE TABLE `ExamAnswers` (
    `Id` char(36) COLLATE ascii_general_ci NOT NULL,
    `SelectedOption` longtext CHARACTER SET utf8mb4 NULL,
    `AnswerText` longtext CHARACTER SET utf8mb4 NULL,
    `ImageUrl` longtext CHARACTER SET utf8mb4 NULL,
    `IsCorrect` tinyint(1) NOT NULL,
    `MarksObtained` decimal(65,30) NOT NULL,
    `Remarks` longtext CHARACTER SET utf8mb4 NULL,
    `ExamSubmissionId` char(36) COLLATE ascii_general_ci NOT NULL,
    `ExamQuestionId` char(36) COLLATE ascii_general_ci NOT NULL,
    `CreatedBy` longtext CHARACTER SET utf8mb4 NULL,
    `UpdatedBy` longtext CHARACTER SET utf8mb4 NULL,
    `DeletedBy` longtext CHARACTER SET utf8mb4 NULL,
    `CreatedAt` datetime(6) NOT NULL,
    `UpdatedAt` datetime(6) NULL,
    `DeletedAt` datetime(6) NULL,
    `IsDeleted` tinyint(1) NOT NULL,
    CONSTRAINT `PK_ExamAnswers` PRIMARY KEY (`Id`),
    CONSTRAINT `FK_ExamAnswers_ExamQuestions_ExamQuestionId` FOREIGN KEY (`ExamQuestionId`) REFERENCES `ExamQuestions` (`Id`),
    CONSTRAINT `FK_ExamAnswers_ExamSubmissions_ExamSubmissionId` FOREIGN KEY (`ExamSubmissionId`) REFERENCES `ExamSubmissions` (`Id`) ON DELETE CASCADE
) CHARACTER SET=utf8mb4;
2026-08-11 16:20:34.936 +05:30 [INF] Executed DbCommand (133ms) [Parameters=[], CommandType='"Text"', CommandTimeout='30']
CREATE INDEX `IX_Exams_TeacherId` ON `Exams` (`TeacherId`);
2026-08-11 16:20:35.060 +05:30 [INF] Executed DbCommand (123ms) [Parameters=[], CommandType='"Text"', CommandTimeout='30']
CREATE INDEX `IX_ExamAnswers_ExamQuestionId` ON `ExamAnswers` (`ExamQuestionId`);
2026-08-11 16:20:35.159 +05:30 [INF] Executed DbCommand (99ms) [Parameters=[], CommandType='"Text"', CommandTimeout='30']
CREATE INDEX `IX_ExamAnswers_ExamSubmissionId` ON `ExamAnswers` (`ExamSubmissionId`);
2026-08-11 16:20:35.276 +05:30 [INF] Executed DbCommand (116ms) [Parameters=[], CommandType='"Text"', CommandTimeout='30']
CREATE INDEX `IX_ExamQuestions_ExamId` ON `ExamQuestions` (`ExamId`);
2026-08-11 16:20:35.391 +05:30 [INF] Executed DbCommand (115ms) [Parameters=[], CommandType='"Text"', CommandTimeout='30']
CREATE INDEX `IX_ExamQuestions_SubjectId` ON `ExamQuestions` (`SubjectId`);
2026-08-11 16:20:35.504 +05:30 [INF] Executed DbCommand (112ms) [Parameters=[], CommandType='"Text"', CommandTimeout='30']
CREATE UNIQUE INDEX `IX_ExamSubmissions_ExamId_StudentId` ON `ExamSubmissions` (`ExamId`, `StudentId`);
2026-08-11 16:20:35.613 +05:30 [INF] Executed DbCommand (108ms) [Parameters=[], CommandType='"Text"', CommandTimeout='30']
CREATE INDEX `IX_ExamSubmissions_StudentId` ON `ExamSubmissions` (`StudentId`);
2026-08-11 16:20:36.096 +05:30 [INF] Executed DbCommand (483ms) [Parameters=[], CommandType='"Text"', CommandTimeout='30']
ALTER TABLE `Exams` ADD CONSTRAINT `FK_Exams_Teachers_TeacherId` FOREIGN KEY (`TeacherId`) REFERENCES `Teachers` (`Id`) ON DELETE SET NULL;
2026-08-11 16:20:36.131 +05:30 [INF] Executed DbCommand (31ms) [Parameters=[], CommandType='"Text"', CommandTimeout='30']
INSERT INTO `__EFMigrationsHistory` (`MigrationId`, `ProductVersion`)
VALUES ('20260811082919_AddExamQuestionsAndApprovals', '8.0.11');
2026-08-11 16:20:37.311 +05:30 [INF] Executed DbCommand (293ms) [Parameters=[], CommandType='"Text"', CommandTimeout='30']
ALTER TABLE `ExamSubmissions` ADD `GradingApprovedAt` datetime(6) NULL;
2026-08-11 16:20:37.580 +05:30 [INF] Executed DbCommand (269ms) [Parameters=[], CommandType='"Text"', CommandTimeout='30']
ALTER TABLE `ExamSubmissions` ADD `GradingApprovedBy` longtext CHARACTER SET utf8mb4 NULL;
2026-08-11 16:20:37.828 +05:30 [INF] Executed DbCommand (247ms) [Parameters=[], CommandType='"Text"', CommandTimeout='30']
ALTER TABLE `ExamSubmissions` ADD `GradingRejectionReason` longtext CHARACTER SET utf8mb4 NULL;
2026-08-11 16:20:38.108 +05:30 [INF] Executed DbCommand (280ms) [Parameters=[], CommandType='"Text"', CommandTimeout='30']
ALTER TABLE `ExamSubmissions` ADD `GradingStatus` int NOT NULL DEFAULT 0;
2026-08-11 16:20:38.122 +05:30 [INF] Executed DbCommand (13ms) [Parameters=[], CommandType='"Text"', CommandTimeout='30']
INSERT INTO `__EFMigrationsHistory` (`MigrationId`, `ProductVersion`)
VALUES ('20260811104856_AddGradingApproval', '8.0.11');
2026-08-11 16:22:13.026 +05:30 [WRN] Redis unavailable, falling back to in-memory cache and basic SignalR: Redis not connected
2026-08-11 16:22:18.701 +05:30 [WRN] Entity 'ApplicationRole' has a global query filter defined and is the required end of a relationship with the entity 'ApplicationRoleClaim'. This may lead to unexpected results when the required entity is filtered out. Either configure the navigation as optional, or define matching query filters for both entities in the navigation. See https://go.microsoft.com/fwlink/?linkid=2131316 for more information.
2026-08-11 16:22:18.708 +05:30 [WRN] Entity 'ApplicationUser' has a global query filter defined and is the required end of a relationship with the entity 'ApplicationUserClaim'. This may lead to unexpected results when the required entity is filtered out. Either configure the navigation as optional, or define matching query filters for both entities in the navigation. See https://go.microsoft.com/fwlink/?linkid=2131316 for more information.
2026-08-11 16:22:18.708 +05:30 [WRN] Entity 'ApplicationUser' has a global query filter defined and is the required end of a relationship with the entity 'ApplicationUserLogin'. This may lead to unexpected results when the required entity is filtered out. Either configure the navigation as optional, or define matching query filters for both entities in the navigation. See https://go.microsoft.com/fwlink/?linkid=2131316 for more information.
2026-08-11 16:22:18.709 +05:30 [WRN] Entity 'ApplicationRole' has a global query filter defined and is the required end of a relationship with the entity 'ApplicationUserRole'. This may lead to unexpected results when the required entity is filtered out. Either configure the navigation as optional, or define matching query filters for both entities in the navigation. See https://go.microsoft.com/fwlink/?linkid=2131316 for more information.
2026-08-11 16:22:18.709 +05:30 [WRN] Entity 'ApplicationUser' has a global query filter defined and is the required end of a relationship with the entity 'ApplicationUserToken'. This may lead to unexpected results when the required entity is filtered out. Either configure the navigation as optional, or define matching query filters for both entities in the navigation. See https://go.microsoft.com/fwlink/?linkid=2131316 for more information.
2026-08-11 16:22:18.884 +05:30 [WRN] The foreign key property 'HomeworkSubmission.StudentId1' was created in shadow state because a conflicting property with the simple name 'StudentId' exists in the entity type, but is either not mapped, is already used for another relationship, or is incompatible with the associated primary key type. See https://aka.ms/efcore-relationships for information on mapping relationships in EF Core.
2026-08-11 16:22:32.585 +05:30 [WRN] Redis unavailable, falling back to in-memory cache and basic SignalR: Redis not connected
2026-08-11 16:22:38.723 +05:30 [WRN] Entity 'ApplicationRole' has a global query filter defined and is the required end of a relationship with the entity 'ApplicationRoleClaim'. This may lead to unexpected results when the required entity is filtered out. Either configure the navigation as optional, or define matching query filters for both entities in the navigation. See https://go.microsoft.com/fwlink/?linkid=2131316 for more information.
2026-08-11 16:22:38.728 +05:30 [WRN] Entity 'ApplicationUser' has a global query filter defined and is the required end of a relationship with the entity 'ApplicationUserClaim'. This may lead to unexpected results when the required entity is filtered out. Either configure the navigation as optional, or define matching query filters for both entities in the navigation. See https://go.microsoft.com/fwlink/?linkid=2131316 for more information.
2026-08-11 16:22:38.729 +05:30 [WRN] Entity 'ApplicationUser' has a global query filter defined and is the required end of a relationship with the entity 'ApplicationUserLogin'. This may lead to unexpected results when the required entity is filtered out. Either configure the navigation as optional, or define matching query filters for both entities in the navigation. See https://go.microsoft.com/fwlink/?linkid=2131316 for more information.
2026-08-11 16:22:38.729 +05:30 [WRN] Entity 'ApplicationRole' has a global query filter defined and is the required end of a relationship with the entity 'ApplicationUserRole'. This may lead to unexpected results when the required entity is filtered out. Either configure the navigation as optional, or define matching query filters for both entities in the navigation. See https://go.microsoft.com/fwlink/?linkid=2131316 for more information.
2026-08-11 16:22:38.729 +05:30 [WRN] Entity 'ApplicationUser' has a global query filter defined and is the required end of a relationship with the entity 'ApplicationUserToken'. This may lead to unexpected results when the required entity is filtered out. Either configure the navigation as optional, or define matching query filters for both entities in the navigation. See https://go.microsoft.com/fwlink/?linkid=2131316 for more information.
2026-08-11 16:22:38.873 +05:30 [WRN] The foreign key property 'HomeworkSubmission.StudentId1' was created in shadow state because a conflicting property with the simple name 'StudentId' exists in the entity type, but is either not mapped, is already used for another relationship, or is incompatible with the associated primary key type. See https://aka.ms/efcore-relationships for information on mapping relationships in EF Core.
2026-08-11 16:22:40.394 +05:30 [INF] Database migrated successfully
2026-08-11 16:22:41.487 +05:30 [INF] Roles seeded successfully
2026-08-11 16:23:09.299 +05:30 [INF] [449a4135-c534-4b96-a6bb-36a08457dffc] GET /api/exams/submissions/mine from 127.0.0.1 by Anonymous
2026-08-11 16:23:09.345 +05:30 [WRN] Failed to determine the https port for redirect.
2026-08-11 16:23:11.041 +05:30 [INF] [449a4135-c534-4b96-a6bb-36a08457dffc] GET /api/exams/submissions/mine responded 200 in 1739ms
2026-08-11 16:23:31.311 +05:30 [INF] [927b240e-1bc9-4a32-afe1-73f1eff23a0d] GET /api/exams/submissions/mine from 127.0.0.1 by Anonymous
2026-08-11 16:23:31.540 +05:30 [INF] [927b240e-1bc9-4a32-afe1-73f1eff23a0d] GET /api/exams/submissions/mine responded 200 in 228ms
2026-08-11 16:23:40.814 +05:30 [INF] [4de93bf7-bf8d-495d-9abe-92263bf8b9fb] GET /api/exams/submissions/mine from 127.0.0.1 by Anonymous
2026-08-11 16:23:40.874 +05:30 [INF] [4de93bf7-bf8d-495d-9abe-92263bf8b9fb] GET /api/exams/submissions/mine responded 200 in 58ms
2026-08-11 16:24:13.309 +05:30 [INF] [f8995cb7-cbe0-4f43-91d3-e3851e3e7bd9] GET /api/exams/08def789-0ea1-4bac-8b46-115e5ada85e6/submissions from 127.0.0.1 by Anonymous
2026-08-11 16:24:13.537 +05:30 [INF] [f8995cb7-cbe0-4f43-91d3-e3851e3e7bd9] GET /api/exams/08def789-0ea1-4bac-8b46-115e5ada85e6/submissions responded 200 in 226ms
2026-08-11 16:24:33.811 +05:30 [INF] [2fb99f13-8178-4110-bc02-6a6a53f94b48] POST /api/exams/submissions/08def789-0ef3-4bb3-83fb-011b33375f13/grade-approval from 127.0.0.1 by Anonymous
2026-08-11 16:24:34.257 +05:30 [INF] [2fb99f13-8178-4110-bc02-6a6a53f94b48] POST /api/exams/submissions/08def789-0ef3-4bb3-83fb-011b33375f13/grade-approval responded 200 in 445ms
2026-08-11 16:24:34.306 +05:30 [INF] [e00d3488-d5ec-4692-8478-2c4c73588823] GET /api/exams/submissions/mine from 127.0.0.1 by Anonymous
2026-08-11 16:24:34.341 +05:30 [INF] [e00d3488-d5ec-4692-8478-2c4c73588823] GET /api/exams/submissions/mine responded 200 in 34ms
2026-08-11 16:26:10.571 +05:30 [WRN] Redis unavailable, falling back to in-memory cache and basic SignalR: Redis not connected
2026-08-11 16:26:16.574 +05:30 [WRN] Entity 'ApplicationRole' has a global query filter defined and is the required end of a relationship with the entity 'ApplicationRoleClaim'. This may lead to unexpected results when the required entity is filtered out. Either configure the navigation as optional, or define matching query filters for both entities in the navigation. See https://go.microsoft.com/fwlink/?linkid=2131316 for more information.
2026-08-11 16:26:16.577 +05:30 [WRN] Entity 'ApplicationUser' has a global query filter defined and is the required end of a relationship with the entity 'ApplicationUserClaim'. This may lead to unexpected results when the required entity is filtered out. Either configure the navigation as optional, or define matching query filters for both entities in the navigation. See https://go.microsoft.com/fwlink/?linkid=2131316 for more information.
2026-08-11 16:26:16.578 +05:30 [WRN] Entity 'ApplicationUser' has a global query filter defined and is the required end of a relationship with the entity 'ApplicationUserLogin'. This may lead to unexpected results when the required entity is filtered out. Either configure the navigation as optional, or define matching query filters for both entities in the navigation. See https://go.microsoft.com/fwlink/?linkid=2131316 for more information.
2026-08-11 16:26:16.578 +05:30 [WRN] Entity 'ApplicationRole' has a global query filter defined and is the required end of a relationship with the entity 'ApplicationUserRole'. This may lead to unexpected results when the required entity is filtered out. Either configure the navigation as optional, or define matching query filters for both entities in the navigation. See https://go.microsoft.com/fwlink/?linkid=2131316 for more information.
2026-08-11 16:26:16.579 +05:30 [WRN] Entity 'ApplicationUser' has a global query filter defined and is the required end of a relationship with the entity 'ApplicationUserToken'. This may lead to unexpected results when the required entity is filtered out. Either configure the navigation as optional, or define matching query filters for both entities in the navigation. See https://go.microsoft.com/fwlink/?linkid=2131316 for more information.
2026-08-11 16:26:16.818 +05:30 [WRN] The foreign key property 'HomeworkSubmission.StudentId1' was created in shadow state because a conflicting property with the simple name 'StudentId' exists in the entity type, but is either not mapped, is already used for another relationship, or is incompatible with the associated primary key type. See https://aka.ms/efcore-relationships for information on mapping relationships in EF Core.
2026-08-11 16:26:18.216 +05:30 [INF] Database migrated successfully
2026-08-11 16:26:19.287 +05:30 [INF] Roles seeded successfully
2026-08-11 16:26:26.769 +05:30 [INF] [36dcda9a-a93b-4af0-b0c5-65710e7dcda0] GET /api/exams/submissions/mine from 127.0.0.1 by Anonymous
2026-08-11 16:26:26.813 +05:30 [WRN] Failed to determine the https port for redirect.
2026-08-11 16:26:28.377 +05:30 [INF] [36dcda9a-a93b-4af0-b0c5-65710e7dcda0] GET /api/exams/submissions/mine responded 200 in 1603ms
2026-08-11 16:26:49.503 +05:30 [INF] [adc0dc63-a2ec-43fb-b711-07d315bf0c5d] POST /api/exams/submissions/08def78a-bfc7-4a28-8e59-f97a15bd6a9f/grade-approval from 127.0.0.1 by Anonymous
2026-08-11 16:26:49.823 +05:30 [INF] [adc0dc63-a2ec-43fb-b711-07d315bf0c5d] POST /api/exams/submissions/08def78a-bfc7-4a28-8e59-f97a15bd6a9f/grade-approval responded 400 in 319ms
2026-08-11 16:26:49.845 +05:30 [INF] [7beab78e-584d-4619-a2d7-b83241ac81d0] GET /api/exams/08def787-5985-4163-8a50-72b22797a865/submissions from 127.0.0.1 by Anonymous
2026-08-11 16:26:49.990 +05:30 [INF] [7beab78e-584d-4619-a2d7-b83241ac81d0] GET /api/exams/08def787-5985-4163-8a50-72b22797a865/submissions responded 200 in 144ms
2026-08-11 16:27:11.482 +05:30 [INF] [a9f50d9a-be26-40e3-bc9c-d866c31c4cc1] POST /api/exams/submissions/08def788-fce6-4e80-831b-e856e5f30d4e/grade-approval from 127.0.0.1 by Anonymous
2026-08-11 16:27:11.952 +05:30 [INF] [a9f50d9a-be26-40e3-bc9c-d866c31c4cc1] POST /api/exams/submissions/08def788-fce6-4e80-831b-e856e5f30d4e/grade-approval responded 200 in 469ms
2026-08-11 16:27:11.980 +05:30 [INF] [16c56e59-764e-4795-b62a-b0f86ef9dc5d] GET /api/exams/submissions/mine from 127.0.0.1 by Anonymous
2026-08-11 16:27:12.020 +05:30 [INF] [16c56e59-764e-4795-b62a-b0f86ef9dc5d] GET /api/exams/submissions/mine responded 200 in 37ms
2026-08-11 16:27:25.103 +05:30 [INF] [1df34eb1-af32-4af5-8596-2e44fb5d8517] POST /api/exams/submissions/08def788-fce6-4e80-831b-e856e5f30d4e/grade from 127.0.0.1 by Anonymous
2026-08-11 16:27:25.270 +05:30 [INF] [1df34eb1-af32-4af5-8596-2e44fb5d8517] POST /api/exams/submissions/08def788-fce6-4e80-831b-e856e5f30d4e/grade responded 200 in 166ms
2026-08-11 16:27:25.314 +05:30 [INF] [1f742319-31e9-4103-8430-55f5d9d9c07b] POST /api/exams/submissions/08def788-fce6-4e80-831b-e856e5f30d4e/grade-approval from 127.0.0.1 by Anonymous
2026-08-11 16:27:25.377 +05:30 [INF] [1f742319-31e9-4103-8430-55f5d9d9c07b] POST /api/exams/submissions/08def788-fce6-4e80-831b-e856e5f30d4e/grade-approval responded 200 in 63ms
2026-08-11 16:27:25.430 +05:30 [INF] [54d611ae-8f87-4ce0-95cc-db4c6c5a1c3a] GET /api/exams/submissions/mine from 127.0.0.1 by Anonymous
2026-08-11 16:27:25.505 +05:30 [INF] [54d611ae-8f87-4ce0-95cc-db4c6c5a1c3a] GET /api/exams/submissions/mine responded 200 in 73ms
2026-08-11 16:28:36.658 +05:30 [INF] [b5925216-0795-49f4-a73f-899f146774a6] GET /api/exams from 127.0.0.1 by Anonymous
2026-08-11 16:28:37.055 +05:30 [INF] [b5925216-0795-49f4-a73f-899f146774a6] GET /api/exams responded 200 in 395ms
2026-08-11 16:28:37.067 +05:30 [INF] [4d988c60-73ac-4428-b7b9-827993230803] GET /api/exams from 127.0.0.1 by Anonymous
2026-08-11 16:28:37.092 +05:30 [INF] [4d988c60-73ac-4428-b7b9-827993230803] GET /api/exams responded 200 in 24ms
2026-08-11 16:28:50.269 +05:30 [INF] [930d443c-fea0-4b03-abc2-63f5d15dd551] GET /api/teachers from 127.0.0.1 by Anonymous
2026-08-11 16:28:50.670 +05:30 [INF] [930d443c-fea0-4b03-abc2-63f5d15dd551] GET /api/teachers responded 200 in 400ms
2026-08-11 16:28:50.681 +05:30 [INF] [7683316a-11cf-44a6-ae9f-5f43390b06f2] GET /api/teachers from 127.0.0.1 by Anonymous
2026-08-11 16:28:50.722 +05:30 [INF] [7683316a-11cf-44a6-ae9f-5f43390b06f2] GET /api/teachers responded 200 in 41ms
2026-08-11 16:29:10.154 +05:30 [INF] [e1cd089d-c365-4d5e-83d0-ebc7e1647b34] POST /api/auth/logout from 127.0.0.1 by Anonymous
2026-08-11 16:29:10.232 +05:30 [INF] [e1cd089d-c365-4d5e-83d0-ebc7e1647b34] POST /api/auth/logout responded 415 in 77ms
2026-08-11 16:29:19.588 +05:30 [INF] [cc9526d6-1d13-4b7d-b1b0-d029b239ca01] POST /api/auth/login from 127.0.0.1 by Anonymous
2026-08-11 16:29:20.160 +05:30 [INF] [cc9526d6-1d13-4b7d-b1b0-d029b239ca01] POST /api/auth/login responded 200 in 571ms
2026-08-11 16:29:20.674 +05:30 [INF] [43f54869-cfdf-4744-aacc-1b5126039d31] GET /api/dashboard/stats from 127.0.0.1 by Anonymous
2026-08-11 16:29:20.692 +05:30 [INF] [e950f375-2766-4025-96f3-abc60994ed60] GET /api/dashboard/attendance-chart from 127.0.0.1 by Anonymous
2026-08-11 16:29:21.904 +05:30 [WRN] The query uses a row limiting operator ('Skip'/'Take') without an 'OrderBy' operator. This may lead to unpredictable results. If the 'Distinct' operator is used after 'OrderBy', then make sure to use the 'OrderBy' operator after 'Distinct' as the ordering would otherwise get erased.
2026-08-11 16:29:21.905 +05:30 [WRN] The query uses a row limiting operator ('Skip'/'Take') without an 'OrderBy' operator. This may lead to unpredictable results. If the 'Distinct' operator is used after 'OrderBy', then make sure to use the 'OrderBy' operator after 'Distinct' as the ordering would otherwise get erased.
2026-08-11 16:29:21.956 +05:30 [INF] [43f54869-cfdf-4744-aacc-1b5126039d31] GET /api/dashboard/stats responded 200 in 1282ms
2026-08-11 16:29:21.962 +05:30 [INF] [ac400d98-abf5-47c6-9fc6-533de8e87b11] GET /api/dashboard/stats from 127.0.0.1 by Anonymous
2026-08-11 16:29:22.069 +05:30 [INF] [ac400d98-abf5-47c6-9fc6-533de8e87b11] GET /api/dashboard/stats responded 200 in 106ms
2026-08-11 16:29:22.124 +05:30 [INF] [e950f375-2766-4025-96f3-abc60994ed60] GET /api/dashboard/attendance-chart responded 200 in 1430ms
2026-08-11 16:29:22.139 +05:30 [INF] [e28b38e0-d332-4ef2-ae3c-f3642d4f5b5c] GET /api/dashboard/attendance-chart from 127.0.0.1 by Anonymous
2026-08-11 16:29:23.265 +05:30 [INF] [e28b38e0-d332-4ef2-ae3c-f3642d4f5b5c] GET /api/dashboard/attendance-chart responded 200 in 1125ms
2026-08-11 16:29:26.111 +05:30 [INF] [b3ae9194-d665-432a-aa47-694dea816578] GET /api/exams from 127.0.0.1 by Anonymous
2026-08-11 16:29:26.263 +05:30 [INF] [b3ae9194-d665-432a-aa47-694dea816578] GET /api/exams responded 200 in 151ms
2026-08-11 16:29:26.272 +05:30 [INF] [791cc7d0-7185-4f45-974d-788ea28d2df3] GET /api/exams from 127.0.0.1 by Anonymous
2026-08-11 16:29:26.295 +05:30 [INF] [791cc7d0-7185-4f45-974d-788ea28d2df3] GET /api/exams responded 200 in 23ms
2026-08-11 16:29:32.364 +05:30 [INF] [cde71dd2-943a-4225-b498-632193e16bc4] GET /api/exams/08def794-06db-4e59-84fe-5275d35f12be from 127.0.0.1 by Anonymous
2026-08-11 16:29:32.366 +05:30 [INF] [5a9d5e97-df8e-4c52-a18b-5ba2bbf3aec0] GET /api/schools from 127.0.0.1 by Anonymous
2026-08-11 16:29:32.372 +05:30 [INF] [32514758-794d-41bb-9fe0-681fb195c888] GET /api/exams/08def794-06db-4e59-84fe-5275d35f12be/questions from 127.0.0.1 by Anonymous
2026-08-11 16:29:32.411 +05:30 [WRN] The query uses a row limiting operator ('Skip'/'Take') without an 'OrderBy' operator. This may lead to unpredictable results. If the 'Distinct' operator is used after 'OrderBy', then make sure to use the 'OrderBy' operator after 'Distinct' as the ordering would otherwise get erased.
2026-08-11 16:29:32.411 +05:30 [WRN] The query uses a row limiting operator ('Skip'/'Take') without an 'OrderBy' operator. This may lead to unpredictable results. If the 'Distinct' operator is used after 'OrderBy', then make sure to use the 'OrderBy' operator after 'Distinct' as the ordering would otherwise get erased.
2026-08-11 16:29:32.479 +05:30 [INF] [5a9d5e97-df8e-4c52-a18b-5ba2bbf3aec0] GET /api/schools responded 200 in 111ms
2026-08-11 16:29:32.502 +05:30 [INF] [eccb2a30-bd6b-4eab-8f1a-62489fff1785] GET /api/schools from 127.0.0.1 by Anonymous
2026-08-11 16:29:32.534 +05:30 [INF] [4b808995-3ba3-4c4b-945d-52aea0564f9f] GET /api/schools/93cfbeb0-5697-4af4-9f0b-0115e7e2e14a/subjects from 127.0.0.1 by Anonymous
2026-08-11 16:29:32.534 +05:30 [INF] [eccb2a30-bd6b-4eab-8f1a-62489fff1785] GET /api/schools responded 200 in 31ms
2026-08-11 16:29:32.542 +05:30 [INF] [32514758-794d-41bb-9fe0-681fb195c888] GET /api/exams/08def794-06db-4e59-84fe-5275d35f12be/questions responded 200 in 169ms
2026-08-11 16:29:32.565 +05:30 [INF] [e15f2a3d-9177-4a63-9279-f95ab8e7c258] GET /api/exams/08def794-06db-4e59-84fe-5275d35f12be/questions from 127.0.0.1 by Anonymous
2026-08-11 16:29:32.588 +05:30 [INF] [e15f2a3d-9177-4a63-9279-f95ab8e7c258] GET /api/exams/08def794-06db-4e59-84fe-5275d35f12be/questions responded 200 in 22ms
2026-08-11 16:29:32.664 +05:30 [WRN] Compiling a query which loads related collections for more than one collection navigation, either via 'Include' or through projection, but no 'QuerySplittingBehavior' has been configured. By default, Entity Framework will use 'QuerySplittingBehavior.SingleQuery', which can potentially result in slow query performance. See https://go.microsoft.com/fwlink/?linkid=2134277 for more information. To identify the query that's triggering this warning call 'ConfigureWarnings(w => w.Throw(RelationalEventId.MultipleCollectionIncludeWarning))'.
2026-08-11 16:29:32.787 +05:30 [INF] [cde71dd2-943a-4225-b498-632193e16bc4] GET /api/exams/08def794-06db-4e59-84fe-5275d35f12be responded 200 in 421ms
2026-08-11 16:29:32.796 +05:30 [INF] [28cec621-cd80-4334-84cf-7d6598b2eb53] GET /api/exams/08def794-06db-4e59-84fe-5275d35f12be from 127.0.0.1 by Anonymous
2026-08-11 16:29:32.829 +05:30 [INF] [4b808995-3ba3-4c4b-945d-52aea0564f9f] GET /api/schools/93cfbeb0-5697-4af4-9f0b-0115e7e2e14a/subjects responded 200 in 294ms
2026-08-11 16:29:32.843 +05:30 [INF] [28cec621-cd80-4334-84cf-7d6598b2eb53] GET /api/exams/08def794-06db-4e59-84fe-5275d35f12be responded 200 in 46ms
2026-08-11 16:29:32.869 +05:30 [INF] [30d776e5-a324-461b-bfdb-07d85967bc69] GET /api/schools/93cfbeb0-5697-4af4-9f0b-0115e7e2e14a/subjects from 127.0.0.1 by Anonymous
2026-08-11 16:29:32.898 +05:30 [INF] [30d776e5-a324-461b-bfdb-07d85967bc69] GET /api/schools/93cfbeb0-5697-4af4-9f0b-0115e7e2e14a/subjects responded 200 in 28ms
2026-08-11 16:30:02.314 +05:30 [INF] [95e8742d-7fd5-4dda-a574-7a14414b6ae6] GET /api/auth/me from 127.0.0.1 by Anonymous
2026-08-11 16:30:02.402 +05:30 [INF] [95e8742d-7fd5-4dda-a574-7a14414b6ae6] GET /api/auth/me responded 200 in 87ms
2026-08-11 16:30:02.453 +05:30 [INF] [0b9689bd-1efb-4b6e-9acb-8328f00a2b1a] GET /api/auth/me from 127.0.0.1 by Anonymous
2026-08-11 16:30:02.480 +05:30 [INF] [0b9689bd-1efb-4b6e-9acb-8328f00a2b1a] GET /api/auth/me responded 200 in 26ms
2026-08-11 16:30:03.562 +05:30 [INF] [68143672-91a6-4d99-bc28-422d5f88eee8] GET /api/exams/08def794-06db-4e59-84fe-5275d35f12be from 127.0.0.1 by Anonymous
2026-08-11 16:30:03.576 +05:30 [INF] [5ce45405-7f39-4dd8-8476-fc9cd69f819b] GET /api/exams/08def794-06db-4e59-84fe-5275d35f12be/questions from 127.0.0.1 by Anonymous
2026-08-11 16:30:03.577 +05:30 [INF] [d8dfd12c-6fa1-44b3-91c4-943111da86eb] GET /api/schools from 127.0.0.1 by Anonymous
2026-08-11 16:30:03.635 +05:30 [INF] [68143672-91a6-4d99-bc28-422d5f88eee8] GET /api/exams/08def794-06db-4e59-84fe-5275d35f12be responded 200 in 72ms
2026-08-11 16:30:03.645 +05:30 [INF] [5ce45405-7f39-4dd8-8476-fc9cd69f819b] GET /api/exams/08def794-06db-4e59-84fe-5275d35f12be/questions responded 200 in 68ms
2026-08-11 16:30:03.672 +05:30 [INF] [5005810d-d141-4456-9e30-2de2ed02ccd9] GET /api/exams/08def794-06db-4e59-84fe-5275d35f12be from 127.0.0.1 by Anonymous
2026-08-11 16:30:03.689 +05:30 [INF] [c9f9bbfd-70e9-4f87-b8ac-c8199561d774] GET /api/exams/08def794-06db-4e59-84fe-5275d35f12be/questions from 127.0.0.1 by Anonymous
2026-08-11 16:30:03.693 +05:30 [INF] [d8dfd12c-6fa1-44b3-91c4-943111da86eb] GET /api/schools responded 200 in 111ms
2026-08-11 16:30:03.710 +05:30 [INF] [90f6d2cb-9f03-430a-bb59-d336dc51c77a] GET /api/schools from 127.0.0.1 by Anonymous
2026-08-11 16:30:03.736 +05:30 [INF] [c9f9bbfd-70e9-4f87-b8ac-c8199561d774] GET /api/exams/08def794-06db-4e59-84fe-5275d35f12be/questions responded 200 in 47ms
2026-08-11 16:30:03.737 +05:30 [INF] [5005810d-d141-4456-9e30-2de2ed02ccd9] GET /api/exams/08def794-06db-4e59-84fe-5275d35f12be responded 200 in 64ms
2026-08-11 16:30:03.746 +05:30 [INF] [90f6d2cb-9f03-430a-bb59-d336dc51c77a] GET /api/schools responded 200 in 35ms
2026-08-11 16:30:04.768 +05:30 [INF] [c6ef40eb-e7e2-406f-bb98-529f5f0e6e0b] GET /api/schools/93cfbeb0-5697-4af4-9f0b-0115e7e2e14a/subjects from 127.0.0.1 by Anonymous
2026-08-11 16:30:04.797 +05:30 [INF] [c6ef40eb-e7e2-406f-bb98-529f5f0e6e0b] GET /api/schools/93cfbeb0-5697-4af4-9f0b-0115e7e2e14a/subjects responded 200 in 27ms
2026-08-11 16:30:04.902 +05:30 [INF] [456d185a-7007-4fca-9f02-5d4014a35e73] GET /api/schools/93cfbeb0-5697-4af4-9f0b-0115e7e2e14a/subjects from 127.0.0.1 by Anonymous
2026-08-11 16:30:04.927 +05:30 [INF] [456d185a-7007-4fca-9f02-5d4014a35e73] GET /api/schools/93cfbeb0-5697-4af4-9f0b-0115e7e2e14a/subjects responded 200 in 25ms
2026-08-11 16:30:37.698 +05:30 [INF] [c6c9cbf9-70b0-4c1d-86dc-e13a80b65ab3] POST /api/files/upload from 127.0.0.1 by Anonymous
2026-08-11 16:30:37.795 +05:30 [INF] [c6c9cbf9-70b0-4c1d-86dc-e13a80b65ab3] POST /api/files/upload responded 200 in 97ms
2026-08-11 16:30:37.848 +05:30 [INF] [df663a2b-d4b9-4f9c-b95a-c12c238f537c] POST /api/exams/08def794-06db-4e59-84fe-5275d35f12be/question-paper from 127.0.0.1 by Anonymous
2026-08-11 16:30:38.167 +05:30 [INF] [df663a2b-d4b9-4f9c-b95a-c12c238f537c] POST /api/exams/08def794-06db-4e59-84fe-5275d35f12be/question-paper responded 200 in 319ms
2026-08-11 16:30:38.292 +05:30 [INF] [f2eef300-7a4c-4102-ae21-d78bee23fd65] GET /api/exams/08def794-06db-4e59-84fe-5275d35f12be from 127.0.0.1 by Anonymous
2026-08-11 16:30:38.332 +05:30 [INF] [f2eef300-7a4c-4102-ae21-d78bee23fd65] GET /api/exams/08def794-06db-4e59-84fe-5275d35f12be responded 200 in 40ms
2026-08-11 16:30:42.367 +05:30 [INF] [e53f7dc3-c66a-4bf8-a1d0-e1946d4973b8] GET /api/exams/08def794-06db-4e59-84fe-5275d35f12be/submissions from 127.0.0.1 by Anonymous
2026-08-11 16:30:42.368 +05:30 [INF] [40602f93-3782-4189-9d05-48dd88ca71b7] GET /api/exams/08def794-06db-4e59-84fe-5275d35f12be from 127.0.0.1 by Anonymous
2026-08-11 16:30:42.393 +05:30 [INF] [e53f7dc3-c66a-4bf8-a1d0-e1946d4973b8] GET /api/exams/08def794-06db-4e59-84fe-5275d35f12be/submissions responded 200 in 24ms
2026-08-11 16:30:42.410 +05:30 [INF] [9062fc7f-fbe3-46e3-bb99-b0e4c8786df6] GET /api/exams/08def794-06db-4e59-84fe-5275d35f12be/submissions from 127.0.0.1 by Anonymous
2026-08-11 16:30:42.427 +05:30 [INF] [40602f93-3782-4189-9d05-48dd88ca71b7] GET /api/exams/08def794-06db-4e59-84fe-5275d35f12be responded 200 in 58ms
2026-08-11 16:30:42.437 +05:30 [INF] [f8b7647c-cba2-47f2-82d4-6ad59e1908ea] GET /api/exams/08def794-06db-4e59-84fe-5275d35f12be from 127.0.0.1 by Anonymous
2026-08-11 16:30:42.442 +05:30 [INF] [9062fc7f-fbe3-46e3-bb99-b0e4c8786df6] GET /api/exams/08def794-06db-4e59-84fe-5275d35f12be/submissions responded 200 in 30ms
2026-08-11 16:30:42.483 +05:30 [INF] [f8b7647c-cba2-47f2-82d4-6ad59e1908ea] GET /api/exams/08def794-06db-4e59-84fe-5275d35f12be responded 200 in 45ms
2026-08-11 16:30:44.793 +05:30 [INF] [67dd3292-bfa6-43f6-b9ed-d8b41fef9f10] GET /api/exams/08def794-06db-4e59-84fe-5275d35f12be from 127.0.0.1 by Anonymous
2026-08-11 16:30:44.796 +05:30 [INF] [e602eabb-642a-4969-91b2-3a6caeaf3726] GET /api/exams/08def794-06db-4e59-84fe-5275d35f12be/questions from 127.0.0.1 by Anonymous
2026-08-11 16:30:44.799 +05:30 [INF] [ddf1f951-05b7-4396-a8b6-948d367268df] GET /api/schools from 127.0.0.1 by Anonymous
2026-08-11 16:30:44.863 +05:30 [INF] [e602eabb-642a-4969-91b2-3a6caeaf3726] GET /api/exams/08def794-06db-4e59-84fe-5275d35f12be/questions responded 200 in 66ms
2026-08-11 16:30:44.879 +05:30 [INF] [ddf1f951-05b7-4396-a8b6-948d367268df] GET /api/schools responded 200 in 79ms
2026-08-11 16:30:44.897 +05:30 [INF] [67dd3292-bfa6-43f6-b9ed-d8b41fef9f10] GET /api/exams/08def794-06db-4e59-84fe-5275d35f12be responded 200 in 101ms
2026-08-11 16:30:44.932 +05:30 [INF] [c9c172be-70a7-445a-95eb-f65060c784e2] GET /api/schools from 127.0.0.1 by Anonymous
2026-08-11 16:30:44.932 +05:30 [INF] [e0c746eb-3e66-4ba6-8388-59a2b9d2d9aa] GET /api/exams/08def794-06db-4e59-84fe-5275d35f12be/questions from 127.0.0.1 by Anonymous
2026-08-11 16:30:44.932 +05:30 [INF] [0117e1fb-008f-4aeb-b731-f88cda85f83c] GET /api/exams/08def794-06db-4e59-84fe-5275d35f12be from 127.0.0.1 by Anonymous
2026-08-11 16:30:44.947 +05:30 [INF] [c9c172be-70a7-445a-95eb-f65060c784e2] GET /api/schools responded 200 in 15ms
2026-08-11 16:30:44.961 +05:30 [INF] [e0c746eb-3e66-4ba6-8388-59a2b9d2d9aa] GET /api/exams/08def794-06db-4e59-84fe-5275d35f12be/questions responded 200 in 29ms
2026-08-11 16:30:44.976 +05:30 [INF] [ec8ffd9e-012d-427b-a75f-f8bfbb24e6b0] GET /api/schools/93cfbeb0-5697-4af4-9f0b-0115e7e2e14a/subjects from 127.0.0.1 by Anonymous
2026-08-11 16:30:44.995 +05:30 [INF] [0117e1fb-008f-4aeb-b731-f88cda85f83c] GET /api/exams/08def794-06db-4e59-84fe-5275d35f12be responded 200 in 61ms
2026-08-11 16:30:45.003 +05:30 [INF] [ec8ffd9e-012d-427b-a75f-f8bfbb24e6b0] GET /api/schools/93cfbeb0-5697-4af4-9f0b-0115e7e2e14a/subjects responded 200 in 27ms
2026-08-11 16:30:45.099 +05:30 [INF] [f2dbe0dc-c351-4281-b86f-cf69f58b78bc] GET /api/schools/93cfbeb0-5697-4af4-9f0b-0115e7e2e14a/subjects from 127.0.0.1 by Anonymous
2026-08-11 16:30:45.139 +05:30 [INF] [f2dbe0dc-c351-4281-b86f-cf69f58b78bc] GET /api/schools/93cfbeb0-5697-4af4-9f0b-0115e7e2e14a/subjects responded 200 in 40ms
2026-08-11 16:30:48.225 +05:30 [INF] [86ddb61a-424d-4154-9485-7b3d57162f16] GET /uploads/a14eb1df16bc427db64de3018d9de8bf.png from 127.0.0.1 by Anonymous
2026-08-11 16:30:48.272 +05:30 [INF] [86ddb61a-424d-4154-9485-7b3d57162f16] GET /uploads/a14eb1df16bc427db64de3018d9de8bf.png responded 200 in 45ms
2026-08-11 16:31:19.710 +05:30 [INF] [277287e0-2775-42ba-b9d3-d146e6aac21a] GET /api/exams from 127.0.0.1 by Anonymous
2026-08-11 16:31:20.283 +05:30 [INF] [277287e0-2775-42ba-b9d3-d146e6aac21a] GET /api/exams responded 200 in 572ms
2026-08-11 16:31:20.295 +05:30 [INF] [19c23a0a-1c66-4730-9544-cb4ba40b99b0] GET /api/exams from 127.0.0.1 by Anonymous
2026-08-11 16:31:20.333 +05:30 [INF] [19c23a0a-1c66-4730-9544-cb4ba40b99b0] GET /api/exams responded 200 in 37ms
2026-08-11 16:31:22.948 +05:30 [INF] [3be9a658-e999-4771-ab39-8b8c538931f8] GET /api/exams/08def794-06db-4e59-84fe-5275d35f12be from 127.0.0.1 by Anonymous
2026-08-11 16:31:22.968 +05:30 [INF] [9b0c8a60-80e1-4b86-9bfc-7a16a1c1fe1b] GET /api/exams/08def794-06db-4e59-84fe-5275d35f12be/questions from 127.0.0.1 by Anonymous
2026-08-11 16:31:22.969 +05:30 [INF] [e4b3f73d-3fad-4c26-8459-e3557972419d] GET /api/schools from 127.0.0.1 by Anonymous
2026-08-11 16:31:22.977 +05:30 [INF] [3be9a658-e999-4771-ab39-8b8c538931f8] GET /api/exams/08def794-06db-4e59-84fe-5275d35f12be responded 200 in 27ms
2026-08-11 16:31:22.989 +05:30 [INF] [9b0c8a60-80e1-4b86-9bfc-7a16a1c1fe1b] GET /api/exams/08def794-06db-4e59-84fe-5275d35f12be/questions responded 200 in 20ms
2026-08-11 16:31:23.005 +05:30 [INF] [04041470-5ee8-4fa4-bed4-839fcea10271] GET /api/exams/08def794-06db-4e59-84fe-5275d35f12be from 127.0.0.1 by Anonymous
2026-08-11 16:31:23.007 +05:30 [INF] [3f2834ea-b01a-42c2-93be-1de3ba0876e0] GET /api/exams/08def794-06db-4e59-84fe-5275d35f12be/questions from 127.0.0.1 by Anonymous
2026-08-11 16:31:23.011 +05:30 [INF] [e4b3f73d-3fad-4c26-8459-e3557972419d] GET /api/schools responded 200 in 42ms
2026-08-11 16:31:23.022 +05:30 [INF] [3d1cbfcf-0ddb-4c3f-9a64-b7b51eb3dfe0] GET /api/schools from 127.0.0.1 by Anonymous
2026-08-11 16:31:23.053 +05:30 [INF] [3f2834ea-b01a-42c2-93be-1de3ba0876e0] GET /api/exams/08def794-06db-4e59-84fe-5275d35f12be/questions responded 200 in 44ms
2026-08-11 16:31:23.064 +05:30 [INF] [04041470-5ee8-4fa4-bed4-839fcea10271] GET /api/exams/08def794-06db-4e59-84fe-5275d35f12be responded 200 in 58ms
2026-08-11 16:31:23.068 +05:30 [INF] [3d1cbfcf-0ddb-4c3f-9a64-b7b51eb3dfe0] GET /api/schools responded 200 in 45ms
2026-08-11 16:31:23.259 +05:30 [INF] [ab6cc22d-6bb5-4fb0-af13-542b3dd8d217] GET /api/schools/93cfbeb0-5697-4af4-9f0b-0115e7e2e14a/subjects from 127.0.0.1 by Anonymous
2026-08-11 16:31:23.285 +05:30 [INF] [ab6cc22d-6bb5-4fb0-af13-542b3dd8d217] GET /api/schools/93cfbeb0-5697-4af4-9f0b-0115e7e2e14a/subjects responded 200 in 25ms
2026-08-11 16:31:23.450 +05:30 [INF] [f6fe167b-0041-4eac-b341-4e6b82c07b01] GET /api/schools/93cfbeb0-5697-4af4-9f0b-0115e7e2e14a/subjects from 127.0.0.1 by Anonymous
2026-08-11 16:31:23.478 +05:30 [INF] [f6fe167b-0041-4eac-b341-4e6b82c07b01] GET /api/schools/93cfbeb0-5697-4af4-9f0b-0115e7e2e14a/subjects responded 200 in 28ms
2026-08-11 16:31:25.498 +05:30 [INF] [573dd63e-0661-4b03-892a-5e1bb4453f9b] GET /api/exams from 127.0.0.1 by Anonymous
2026-08-11 16:31:25.533 +05:30 [INF] [573dd63e-0661-4b03-892a-5e1bb4453f9b] GET /api/exams responded 200 in 34ms
2026-08-11 16:31:25.548 +05:30 [INF] [378833ce-5049-4ed5-84aa-48d689c14adc] GET /api/exams from 127.0.0.1 by Anonymous
2026-08-11 16:31:25.579 +05:30 [INF] [378833ce-5049-4ed5-84aa-48d689c14adc] GET /api/exams responded 200 in 30ms
2026-08-11 16:31:27.122 +05:30 [INF] [e589f231-9511-43fb-b9da-e30e3c7a30e1] GET /api/exams/08def794-06db-4e59-84fe-5275d35f12be/submissions from 127.0.0.1 by Anonymous
2026-08-11 16:31:27.124 +05:30 [INF] [16ecabf5-2331-45d8-8636-adac39d06484] GET /api/exams/08def794-06db-4e59-84fe-5275d35f12be from 127.0.0.1 by Anonymous
2026-08-11 16:31:27.156 +05:30 [INF] [e589f231-9511-43fb-b9da-e30e3c7a30e1] GET /api/exams/08def794-06db-4e59-84fe-5275d35f12be/submissions responded 200 in 34ms
2026-08-11 16:31:27.165 +05:30 [INF] [16ecabf5-2331-45d8-8636-adac39d06484] GET /api/exams/08def794-06db-4e59-84fe-5275d35f12be responded 200 in 36ms
2026-08-11 16:31:27.186 +05:30 [INF] [a1203425-9684-409f-91a2-2c9e0035b6bd] GET /api/exams/08def794-06db-4e59-84fe-5275d35f12be/submissions from 127.0.0.1 by Anonymous
2026-08-11 16:31:27.189 +05:30 [INF] [c8e66260-66d4-4483-9dfb-f4fe289c797b] GET /api/exams/08def794-06db-4e59-84fe-5275d35f12be from 127.0.0.1 by Anonymous
2026-08-11 16:31:27.236 +05:30 [INF] [a1203425-9684-409f-91a2-2c9e0035b6bd] GET /api/exams/08def794-06db-4e59-84fe-5275d35f12be/submissions responded 200 in 49ms
2026-08-11 16:31:27.242 +05:30 [INF] [c8e66260-66d4-4483-9dfb-f4fe289c797b] GET /api/exams/08def794-06db-4e59-84fe-5275d35f12be responded 200 in 52ms
2026-08-11 16:31:31.450 +05:30 [INF] [c2c657bc-f35e-4ea3-9989-110d150ea575] GET /api/exams/08def794-06db-4e59-84fe-5275d35f12be from 127.0.0.1 by Anonymous
2026-08-11 16:31:31.451 +05:30 [INF] [19c44e5e-1457-4fdd-bb62-0de0eb2e3b14] GET /api/exams/08def794-06db-4e59-84fe-5275d35f12be/questions from 127.0.0.1 by Anonymous
2026-08-11 16:31:31.456 +05:30 [INF] [1fe9970c-567d-4ca1-9c72-f32d1fb617fe] GET /api/schools from 127.0.0.1 by Anonymous
2026-08-11 16:31:31.483 +05:30 [INF] [19c44e5e-1457-4fdd-bb62-0de0eb2e3b14] GET /api/exams/08def794-06db-4e59-84fe-5275d35f12be/questions responded 200 in 31ms
2026-08-11 16:31:31.487 +05:30 [INF] [c2c657bc-f35e-4ea3-9989-110d150ea575] GET /api/exams/08def794-06db-4e59-84fe-5275d35f12be responded 200 in 35ms
2026-08-11 16:31:31.490 +05:30 [INF] [1fe9970c-567d-4ca1-9c72-f32d1fb617fe] GET /api/schools responded 200 in 33ms
2026-08-11 16:31:31.505 +05:30 [INF] [3e2c692d-3983-493b-b91c-9306e436b4a8] GET /api/exams/08def794-06db-4e59-84fe-5275d35f12be/questions from 127.0.0.1 by Anonymous
2026-08-11 16:31:31.510 +05:30 [INF] [6049c235-c6d2-4196-bd96-1aaabcb72c45] GET /api/exams/08def794-06db-4e59-84fe-5275d35f12be from 127.0.0.1 by Anonymous
2026-08-11 16:31:31.516 +05:30 [INF] [7782eb14-1309-41f8-8a5e-249c3dc37fd4] GET /api/schools from 127.0.0.1 by Anonymous
2026-08-11 16:31:31.551 +05:30 [INF] [3e2c692d-3983-493b-b91c-9306e436b4a8] GET /api/exams/08def794-06db-4e59-84fe-5275d35f12be/questions responded 200 in 45ms
2026-08-11 16:31:31.563 +05:30 [INF] [7782eb14-1309-41f8-8a5e-249c3dc37fd4] GET /api/schools responded 200 in 47ms
2026-08-11 16:31:31.565 +05:30 [INF] [6049c235-c6d2-4196-bd96-1aaabcb72c45] GET /api/exams/08def794-06db-4e59-84fe-5275d35f12be responded 200 in 54ms
2026-08-11 16:31:31.677 +05:30 [INF] [e965f431-6a8c-4a08-9ceb-18ff54d36182] GET /api/schools/93cfbeb0-5697-4af4-9f0b-0115e7e2e14a/subjects from 127.0.0.1 by Anonymous
2026-08-11 16:31:31.705 +05:30 [INF] [e965f431-6a8c-4a08-9ceb-18ff54d36182] GET /api/schools/93cfbeb0-5697-4af4-9f0b-0115e7e2e14a/subjects responded 200 in 27ms
2026-08-11 16:31:31.788 +05:30 [INF] [edb1b826-ceaf-4839-9589-47294b91fdb4] GET /api/schools/93cfbeb0-5697-4af4-9f0b-0115e7e2e14a/subjects from 127.0.0.1 by Anonymous
2026-08-11 16:31:31.809 +05:30 [INF] [edb1b826-ceaf-4839-9589-47294b91fdb4] GET /api/schools/93cfbeb0-5697-4af4-9f0b-0115e7e2e14a/subjects responded 200 in 20ms
2026-08-11 16:31:34.978 +05:30 [INF] [7e731a7b-6dcd-4596-aae0-4c06d52e2e2b] GET /api/homework from 127.0.0.1 by Anonymous
2026-08-11 16:31:35.471 +05:30 [INF] [7e731a7b-6dcd-4596-aae0-4c06d52e2e2b] GET /api/homework responded 200 in 492ms
2026-08-11 16:31:35.483 +05:30 [INF] [c4cfff7c-bbef-4dad-b455-c9b3d570d136] GET /api/homework from 127.0.0.1 by Anonymous
2026-08-11 16:31:35.514 +05:30 [INF] [c4cfff7c-bbef-4dad-b455-c9b3d570d136] GET /api/homework responded 200 in 29ms
